Pedal 1 Pressure,Pedal 2 Pressure,Pedal 3 Pressure,Pedal 4 Pressure,Pedal 6 Pressure,Pedal 7 Pressure,Pedal 1 Pressed,Pedal 2 Pressed,Pedal 3 Pressed,Pedal 4 Pressed,Pedal 5 Pressesd,Pedal 6 Pressed,Pedal 7 Pressed,Computer Time
-1,-1,-1,-1,-1,-1,-1,0,0,0,0,0,0,0,1720199364203926800
-1,-1,-1,-1,-1,-1,-1,0,0,0,0,0,0,0,1720199364204925500
-1,-1,-1,-1,-1,-1,-1,0,0,0,0,0,0,0,1720199364204925500
-1,-1,-1,-1,-1,-1,-1,0,0,0,0,0,0,0,1720199364204925500
-1,-1,-1,-1,-1,-1,-1,0,0,0,0,0,0,0,1720199364204925500
-1,-1,-1,-1,-1,-1,-1,0,0,0,0,0,0,0,1720199364205926400
-1,-1,-1,-1,-1,-1,-1,0,0,0,0,0,0,0,1720199364205926400
-1,-1,-1,-1,-1,-1,-1,0,0,0,0,0,0,0,1720199364205926400
-1,-1,-1,-1,-1,-1,-1,0,0,0,0,0,0,0,1720199364205926400
-1,-1,-1,-1,-1,-1,-1,0,0,0,0,0,0,0,1720199364206922400
-1,-1,-1,-1,-1,-1,-1,0,0,0,0,0,0,0,1720199364206922400
-1,-1,-1,-1,-1,-1,-1,0,0,0,0,0,0,0,1720199364206922400
-1,-1,-1,-1,-1,-1,-1,0,0,0,0,0,0,0,1720199364207924600
-1,-1,-1,-1,-1,-1,-1,0,0,0,0,0,0,0,1720199364207924600
-1,-1,-1,-1,-1,-1,-1,0,0,0,0,0,0,0,1720199364207924600
-1,-1,-1,-1,-1,-1,-1,0,0,0,0,0,0,0,1720199364207924600
-1,-1,-1,-1,-1,-1,-1,0,0,0,0,0,0,0,1720199364208925100
-1,-1,-1,-1,-1,-1,-1,0,0,0,0,0,0,0,1720199364208925100
-1,-1,-1,-1,-1,-1,-1,0,0,0,0,0,0,0,1720199364208925100
-1,-1,-1,-1,-1,-1,-1,0,0,0,0,0,0,0,1720199364208925100
-1,-1,-1,-1,-1,-1,-1,0,0,0,0,0,0,0,1720199364209925800
-1,-1,-1,-1,-1,-1,-1,0,0,0,0,0,0,0,1720199364209925800
-1,-1,-1,-1,-1,-1,-1,0,0,0,0,0,0,0,1720199364209925800
-1,-1,-1,-1,-1,-1,-1,0,0,0,0,0,0,0,1720199364209925800
-1,-1,-1,-1,-1,-1,-1,0,0,0,0,0,0,0,1720199364209925800
-1,-1,-1,-1,-1,-1,-1,0,0,0,0,0,0,0,1720199364209925800
-1,-1,-1,-1,-1,-1,-1,0,0,0,0,0,0,0,1720199364210923700
-1,-1,-1,-1,-1,-1,-1,0,0,0,0,0,0,0,1720199364210923700
-1,-1,-1,-1,-1,-1,-1,0,0,0,0,0,0,0,1720199364210923700
-1,-1,-1,-1,-1,-1,-1,0,0,0,0,0,0,0,1720199364210923700
-1,-1,-1,-1,-1,-1,-1,0,0,0,0,0,0,0,1720199364210923700
-1,-1,-1,-1,-1,-1,-1,0,0,0,0,0,0,0,1720199364211924000
-1,-1,-1,-1,-1,-1,-1,0,0,0,0,0,0,0,1720199364211924000
-1,-1,-1,-1,-1,-1,-1,0,0,0,0,0,0,0,1720199364211924000
-1,-1,-1,-1,-1,-1,-1,0,0,0,0,0,0,0,1720199364211924000
-1,-1,-1,-1,-1,-1,-1,0,0,0,0,0,0,0,1720199364211924000
-1,-1,-1,-1,-1,-1,-1,0,0,0,0,0,0,0,1720199364211924000
-1,-1,-1,-1,-1,-1,-1,0,0,0,0,0,0,0,1720199364212924700
-1,-1,-1,-1,-1,-1,-1,0,0,0,0,0,0,0,1720199364212924700
-1,-1,-1,-1,-1,-1,-1,0,0,0,0,0,0,0,1720199364212924700
-1,-1,-1,-1,-1,-1,-1,0,0,0,0,0,0,0,1720199364212924700
-1,-1,-1,-1,-1,-1,-1,0,0,0,0,0,0,0,1720199364212924700
-1,-1,-1,-1,-1,-1,-1,0,0,0,0,0,0,0,1720199364213924700
-1,-1,-1,-1,-1,-1,-1,0,0,0,0,0,0,0,1720199364213924700
-1,-1,-1,-1,-1,-1,-1,0,0,0,0,0,0,0,1720199364213924700
-1,-1,-1,-1,-1,-1,-1,0,0,0,0,0,0,0,1720199364213924700
-1,-1,-1,-1,-1,-1,-1,0,0,0,0,0,0,0,1720199364213924700
-1,-1,-1,-1,-1,-1,-1,0,0,0,0,0,0,0,1720199364213924700
-1,-1,-1,-1,-1,-1,-1,0,0,0,0,0,0,0,1720199364214934500
-1,-1,-1,-1,-1,-1,-1,0,0,0,0,0,0,0,1720199364214934500
-1,-1,-1,-1,-1,-1,-1,0,0,0,0,0,0,0,1720199364214934500
-1,-1,-1,-1,-1,-1,-1,0,0,0,0,0,0,0,1720199364214934500
-1,-1,-1,-1,-1,-1,-1,0,0,0,0,0,0,0,1720199364317062800
-1,-1,-1,-1,-1,-1,-1,0,0,0,0,0,0,0,1720199364425108100
-1,-1,-1,-1,-1,-1,-1,0,0,0,0,0,0,0,1720199364536640300
-1,-1,-1,-1,-1,-1,-1,0,0,0,0,0,0,0,1720199364646164200
-1,-1,-1,-1,-1,-1,-1,0,0,0,0,0,0,0,1720199364755704200
-1,-1,-1,-1,-1,-1,-1,0,0,0,0,0,0,0,1720199364864256500
-1,-1,-1,-1,-1,-1,-1,0,0,0,0,0,0,0,1720199364973806200
-1,-1,-1,-1,-1,-1,-1,0,0,0,0,0,0,0,1720199365085344100
-1,-1,-1,-1,-1,-1,-1,0,0,0,0,0,0,0,1720199365111873900
-1,-1,-1,-1,-1,-1,-1,0,0,0,0,0,0,0,1720199365132867400
-1,-1,-1,-1,-1,-1,-1,0,0,0,0,0,0,0,1720199365152866500
-1,-1,-1,-1,-1,-1,-1,0,0,0,0,0,0,0,1720199365173869100
-1,-1,-1,-1,-1,-1,-1,0,0,0,0,0,0,0,1720199365193906900
-1,-1,-1,-1,-1,-1,-1,0,0,0,0,0,0,0,1720199365214501900
-1,-1,-1,-1,-1,-1,-1,0,0,0,0,0,0,0,1720199365235511800
-1,-1,-1,-1,-1,-1,-1,0,0,0,0,0,0,0,1720199365255531400
-1,-1,-1,-1,-1,-1,-1,0,0,0,0,0,0,0,1720199365276534400
-1,-1,-1,-1,-1,-1,-1,0,0,0,0,0,0,0,1720199365300569600
-1,-1,-1,-1,-1,-1,-1,0,0,0,0,0,0,0,1720199365321123700
-1,-1,-1,-1,-1,-1,-1,0,0,0,0,0,0,0,1720199365342168600
-1,-1,-1,-1,-1,-1,-1,0,0,0,0,0,0,0,1720199365362148600
-1,-1,-1,-1,-1,-1,-1,0,0,0,0,0,0,0,1720199365382150300
-1,-1,-1,-1,-1,-1,-1,0,0,0,0,0,0,0,1720199365402663800
-1,-1,-1,-1,-1,-1,-1,0,0,0,0,0,0,0,1720199365423670400
-1,-1,-1,-1,-1,-1,-1,0,0,0,0,0,0,0,1720199365443665300
-1,-1,-1,-1,-1,-1,-1,0,0,0,0,0,0,0,1720199365468699200
-1,-1,-1,-1,-1,-1,-1,0,0,0,0,0,0,0,1720199365488673500
-1,-1,-1,-1,-1,-1,-1,0,0,0,0,0,0,0,1720199365509268200
-1,-1,-1,-1,-1,-1,-1,0,0,0,0,0,0,0,1720199365530301200
-1,-1,-1,-1,-1,-1,-1,0,0,0,0,0,0,0,1720199365550304000
-1,-1,-1,-1,-1,-1,-1,0,0,0,0,0,0,0,1720199365571268400
-1,-1,-1,-1,-1,-1,-1,0,0,0,0,0,0,0,1720199365591270400
-1,-1,-1,-1,-1,-1,-1,0,0,0,0,0,0,0,1720199365611892200
-1,-1,-1,-1,-1,-1,-1,0,0,0,0,0,0,0,1720199365631891600
-1,-1,-1,-1,-1,-1,-1,0,0,0,0,0,0,0,1720199365656891300
-1,-1,-1,-1,-1,-1,-1,0,0,0,0,0,0,0,1720199365677859400
-1,-1,-1,-1,-1,-1,-1,0,0,0,0,0,0,0,1720199365697862400
-1,-1,-1,-1,-1,-1,-1,0,0,0,0,0,0,0,1720199365718396500
-1,-1,-1,-1,-1,-1,-1,0,0,0,0,0,0,0,1720199365744396000
-1,-1,-1,-1,-1,-1,-1,0,0,0,0,0,0,0,1720199365759396000
-1,-1,-1,-1,-1,-1,-1,0,0,0,0,0,0,0,1720199365779396100
-1,-1,-1,-1,-1,-1,-1,0,0,0,0,0,0,0,1720199365800911500
-1,-1,-1,-1,-1,-1,-1,0,0,0,0,0,0,0,1720199365820922100
-1,-1,-1,-1,-1,-1,-1,0,0,0,0,0,0,0,1720199365844917800
-1,-1,-1,-1,-1,-1,-1,0,0,0,0,0,0,0,1720199365865920000
-1,-1,-1,-1,-1,-1,-1,0,0,0,0,0,0,0,1720199365885919300
-1,-1,-1,-1,-1,-1,-1,0,0,0,0,0,0,0,1720199365906443200
-1,-1,-1,-1,-1,-1,-1,0,0,0,0,0,0,0,1720199365927438700
-1,-1,-1,-1,-1,-1,-1,0,0,0,0,0,0,0,1720199365947474800
-1,-1,-1,-1,-1,-1,-1,0,0,0,0,0,0,0,1720199365968473900
-1,-1,-1,-1,-1,-1,-1,0,0,0,0,0,0,0,1720199365988480500
-1,-1,-1,-1,-1,-1,-1,0,0,0,0,0,0,0,1720199366009036800
-1,-1,-1,-1,-1,-1,-1,0,0,0,0,0,0,0,1720199366034038400
-1,-1,-1,-1,-1,-1,-1,0,0,0,0,0,0,0,1720199366054068000
-1,-1,-1,-1,-1,-1,-1,0,0,0,0,0,0,0,1720199366075033700
-1,-1,-1,-1,-1,-1,-1,0,0,0,0,0,0,0,1720199366095038500
-1,-1,-1,-1,-1,-1,-1,0,0,0,0,0,0,0,1720199366115545400
-1,-1,-1,-1,-1,-1,-1,0,0,0,0,0,0,0,1720199366135579300
-1,-1,-1,-1,-1,-1,-1,0,0,0,0,0,0,0,1720199366156579200
-1,-1,-1,-1,-1,-1,-1,0,0,0,0,0,0,0,1720199366176579800
-1,-1,-1,-1,-1,-1,-1,0,0,0,0,0,0,0,1720199366197617900
-1,-1,-1,-1,-1,-1,-1,0,0,0,0,0,0,0,1720199366222197200
-1,-1,-1,-1,-1,-1,-1,0,0,0,0,0,0,0,1720199366242201400
-1,-1,-1,-1,-1,-1,-1,0,0,0,0,0,0,0,1720199366263197300
-1,-1,-1,-1,-1,-1,-1,0,0,0,0,0,0,0,1720199366283203500
-1,-1,-1,-1,-1,-1,-1,0,0,0,0,0,0,0,1720199366303802400
-1,-1,-1,-1,-1,-1,-1,0,0,0,0,0,0,0,1720199366325095100
-1,-1,-1,-1,-1,-1,-1,0,0,0,0,0,0,0,1720199366344832100
-1,-1,-1,-1,-1,-1,-1,0,0,0,0,0,0,0,1720199366365831900
-1,-1,-1,-1,-1,-1,-1,0,0,0,0,0,0,0,1720199366389876600
-1,-1,-1,-1,-1,-1,-1,0,0,0,0,0,0,0,1720199366410451200
-1,-1,-1,-1,-1,-1,-1,0,0,0,0,0,0,0,1720199366430442500
-1,-1,-1,-1,-1,-1,-1,0,0,0,0,0,0,0,1720199366451454100
-1,-1,-1,-1,-1,-1,-1,0,0,0,0,0,0,0,1720199366472409000
-1,-1,-1,-1,-1,-1,-1,0,0,0,0,0,0,0,1720199366492482900
-1,-1,-1,-1,-1,-1,-1,0,0,0,0,0,0,0,1720199366513079600
-1,-1,-1,-1,-1,-1,-1,0,0,0,0,0,0,0,1720199366533031500
-1,-1,-1,-1,-1,-1,-1,0,0,0,0,0,0,0,1720199366554088100
-1,-1,-1,-1,-1,-1,-1,0,0,0,0,0,0,0,1720199366578036800
-1,-1,-1,-1,-1,-1,-1,0,0,0,0,0,0,0,1720199366599103000
-1,-1,-1,-1,-1,-1,-1,0,0,0,0,0,0,0,1720199366619692600
-1,-1,-1,-1,-1,-1,-1,0,0,0,0,0,0,0,1720199366639689500
-1,-1,-1,-1,-1,-1,-1,0,0,0,0,0,0,0,1720199366660655600
-1,-1,-1,-1,-1,-1,-1,0,0,0,0,0,0,0,1720199366681655600
-1,-1,-1,-1,-1,-1,-1,0,0,0,0,0,0,0,1720199366702180700
-1,-1,-1,-1,-1,-1,-1,0,0,0,0,0,0,0,1720199366722186100
-1,-1,-1,-1,-1,-1,-1,0,0,0,0,0,0,0,1720199366742208500
-1,-1,-1,-1,-1,-1,-1,0,0,0,0,0,0,0,1720199366767184800
-1,-1,-1,-1,-1,-1,-1,0,0,0,0,0,0,0,1720199366787197600
-1,-1,-1,-1,-1,-1,-1,0,0,0,0,0,0,0,1720199366807712300
-1,-1,-1,-1,-1,-1,-1,0,0,0,0,0,0,0,1720199366828713700
-1,-1,-1,-1,-1,-1,-1,0,0,0,0,0,0,0,1720199366848708000
-1,-1,-1,-1,-1,-1,-1,0,0,0,0,0,0,0,1720199366869708200
-1,-1,-1,-1,-1,-1,-1,0,0,0,0,0,0,0,1720199366889747400
-1,-1,-1,-1,-1,-1,-1,0,0,0,0,0,0,0,1720199366910275400
-1,-1,-1,-1,-1,-1,-1,0,0,0,0,0,0,0,1720199366931241800
-1,-1,-1,-1,-1,-1,-1,0,0,0,0,0,0,0,1720199366955298700
-1,-1,-1,-1,-1,-1,-1,0,0,0,0,0,0,0,1720199366975331300
-1,-1,-1,-1,-1,-1,-1,0,0,0,0,0,0,0,1720199366996347100
-1,-1,-1,-1,-1,-1,-1,0,0,0,0,0,0,0,1720199367016856100
-1,-1,-1,-1,-1,-1,-1,0,0,0,0,0,0,0,1720199367036890600
-1,-1,-1,-1,-1,-1,-1,0,0,0,0,0,0,0,1720199367057888600
-1,-1,-1,-1,-1,-1,-1,0,0,0,0,0,0,0,1720199367077888100
-1,-1,-1,-1,-1,-1,-1,0,0,0,0,0,0,0,1720199367098897100
-1,-1,-1,-1,-1,-1,-1,0,0,0,0,0,0,0,1720199367123412600
-1,-1,-1,-1,-1,-1,-1,0,0,0,0,0,0,0,1720199367143452400
-1,-1,-1,-1,-1,-1,-1,0,0,0,0,0,0,0,1720199367164445200
-1,-1,-1,-1,-1,-1,-1,0,0,0,0,0,0,0,1720199367184413800
-1,-1,-1,-1,-1,-1,-1,0,0,0,0,0,0,0,1720199367205007500
-1,-1,-1,-1,-1,-1,-1,0,0,0,0,0,0,0,1720199367225975300
-1,-1,-1,-1,-1,-1,-1,0,0,0,0,0,0,0,1720199367245983500
-1,-1,-1,-1,-1,-1,-1,0,0,0,0,0,0,0,1720199367266977500
-1,-1,-1,-1,-1,-1,-1,0,0,0,0,0,0,0,1720199367286975100
-1,-1,-1,-1,-1,-1,-1,0,0,0,0,0,0,0,1720199367311505700
-1,-1,-1,-1,-1,-1,-1,0,0,0,0,0,0,0,1720199367332506600
-1,-1,-1,-1,-1,-1,-1,0,0,0,0,0,0,0,1720199367352537400
-1,-1,-1,-1,-1,-1,-1,0,0,0,0,0,0,0,1720199367373512300
-1,-1,-1,-1,-1,-1,-1,0,0,0,0,0,0,0,1720199367393544600
-1,-1,-1,-1,-1,-1,-1,0,0,0,0,0,0,0,1720199367414102000
-1,-1,-1,-1,-1,-1,-1,0,0,0,0,0,0,0,1720199367434060400
-1,-1,-1,-1,-1,-1,-1,0,0,0,0,0,0,0,1720199367455059100
-1,-1,-1,-1,-1,-1,-1,0,0,0,0,0,0,0,1720199367475092200
-1,-1,-1,-1,-1,-1,-1,0,0,0,0,0,0,0,1720199367500086800
-1,-1,-1,-1,-1,-1,-1,0,0,0,0,0,0,0,1720199367520639300
-1,-1,-1,-1,-1,-1,-1,0,0,0,0,0,0,0,1720199367540640200
-1,-1,-1,-1,-1,-1,-1,0,0,0,0,0,0,0,1720199367561978200
-1,-1,-1,-1,-1,-1,-1,0,0,0,0,0,0,0,1720199367581677100
-1,-1,-1,-1,-1,-1,-1,0,0,0,0,0,0,0,1720199367602250700
-1,-1,-1,-1,-1,-1,-1,0,0,0,0,0,0,0,1720199367623283700
-1,-1,-1,-1,-1,-1,-1,0,0,0,0,0,0,0,1720199367643282500
-1,-1,-1,-1,-1,-1,-1,0,0,0,0,0,0,0,1720199367664283400
-1,-1,-1,-1,-1,-1,-1,0,0,0,0,0,0,0,1720199367688300300
-1,-1,-1,-1,-1,-1,-1,0,0,0,0,0,0,0,1720199367709002800
-1,-1,-1,-1,-1,-1,-1,0,0,0,0,0,0,0,1720199367729972100
-1,-1,-1,-1,-1,-1,-1,0,0,0,0,0,0,0,1720199367749963400
-1,-1,-1,-1,-1,-1,-1,0,0,0,0,0,0,0,1720199367769962100
-1,-1,-1,-1,-1,-1,-1,0,0,0,0,0,0,0,1720199367790968200
-1,-1,-1,-1,-1,-1,-1,0,0,0,0,0,0,0,1720199367811478100
-1,-1,-1,-1,-1,-1,-1,0,0,0,0,0,0,0,1720199367831477100
-1,-1,-1,-1,-1,-1,-1,0,0,0,0,0,0,0,1720199367856477500
-1,-1,-1,-1,-1,-1,-1,0,0,0,0,0,0,0,1720199367876476700
-1,-1,-1,-1,-1,-1,-1,0,0,0,0,0,0,0,1720199367897481600
-1,-1,-1,-1,-1,-1,-1,0,0,0,0,0,0,0,1720199367917989200
-1,-1,-1,-1,-1,-1,-1,0,0,0,0,0,0,0,1720199367937989500
-1,-1,-1,-1,-1,-1,-1,0,0,0,0,0,0,0,1720199367958992600
-1,-1,-1,-1,-1,-1,-1,0,0,0,0,0,0,0,1720199367979024200
-1,-1,-1,-1,-1,-1,-1,0,0,0,0,0,0,0,1720199368000030700
-1,-1,-1,-1,-1,-1,-1,0,0,0,0,0,0,0,1720199368020547100
-1,-1,-1,-1,-1,-1,-1,0,0,0,0,0,0,0,1720199368044572900
-1,-1,-1,-1,-1,-1,-1,0,0,0,0,0,0,0,1720199368065538100
-1,-1,-1,-1,-1,-1,-1,0,0,0,0,0,0,0,1720199368085579600
-1,-1,-1,-1,-1,-1,-1,0,0,0,0,0,0,0,1720199368106063100
-1,-1,-1,-1,-1,-1,-1,0,0,0,0,0,0,0,1720199368127061100
-1,-1,-1,-1,-1,-1,-1,0,0,0,0,0,0,0,1720199368147088700
-1,-1,-1,-1,-1,-1,-1,0,0,0,0,0,0,0,1720199368168062000
-1,-1,-1,-1,-1,-1,-1,0,0,0,0,0,0,0,1720199368188133900
-1,-1,-1,-1,-1,-1,-1,0,0,0,0,0,0,0,1720199368208608900
-1,-1,-1,-1,-1,-1,-1,0,0,0,0,0,0,0,1720199368232608700
-1,-1,-1,-1,-1,-1,-1,0,0,0,0,0,0,0,1720199368253607000
-1,-1,-1,-1,-1,-1,-1,0,0,0,0,0,0,0,1720199368273609200
-1,-1,-1,-1,-1,-1,-1,0,0,0,0,0,0,0,1720199368294617900
-1,-1,-1,-1,-1,-1,-1,0,0,0,0,0,0,0,1720199368315127100
-1,-1,-1,-1,-1,-1,-1,0,0,0,0,0,0,0,1720199368335126400
-1,-1,-1,-1,-1,-1,-1,0,0,0,0,0,0,0,1720199368356128700
-1,-1,-1,-1,-1,-1,-1,0,0,0,0,0,0,0,1720199368376128900
-1,-1,-1,-1,-1,-1,-1,0,0,0,0,0,0,0,1720199368397140400
-1,-1,-1,-1,-1,-1,-1,0,0,0,0,0,0,0,1720199368421654900
-1,-1,-1,-1,-1,-1,-1,0,0,0,0,0,0,0,1720199368441654600
-1,-1,-1,-1,-1,-1,-1,0,0,0,0,0,0,0,1720199368462654900
-1,-1,-1,-1,-1,-1,-1,0,0,0,0,0,0,0,1720199368482653900
-1,-1,-1,-1,-1,-1,-1,0,0,0,0,0,0,0,1720199368503181100
-1,-1,-1,-1,-1,-1,-1,0,0,0,0,0,0,0,1720199368524187600
-1,-1,-1,-1,-1,-1,-1,0,0,0,0,0,0,0,1720199368544185100
-1,-1,-1,-1,-1,-1,-1,0,0,0,0,0,0,0,1720199368565186700
-1,-1,-1,-1,-1,-1,-1,0,0,0,0,0,0,0,1720199368589192800
-1,-1,-1,-1,-1,-1,-1,0,0,0,0,0,0,0,1720199368609704000
-1,-1,-1,-1,-1,-1,-1,0,0,0,0,0,0,0,1720199368630704200
-1,-1,-1,-1,-1,-1,-1,0,0,0,0,0,0,0,1720199368650704900
-1,-1,-1,-1,-1,-1,-1,0,0,0,0,0,0,0,1720199368672720800
-1,-1,-1,-1,-1,-1,-1,0,0,0,0,0,0,0,1720199368692748800
-1,-1,-1,-1,-1,-1,-1,0,0,0,0,0,0,0,1720199368712248800
-1,-1,-1,-1,-1,-1,-1,0,0,0,0,0,0,0,1720199368733250200
-1,-1,-1,-1,-1,-1,-1,0,0,0,0,0,0,0,1720199368753280300
-1,-1,-1,-1,-1,-1,-1,0,0,0,0,0,0,0,1720199368778249700
-1,-1,-1,-1,-1,-1,-1,0,0,0,0,0,0,0,1720199368798286500
-1,-1,-1,-1,-1,-1,-1,0,0,0,0,0,0,0,1720199368818837900
-1,-1,-1,-1,-1,-1,-1,0,0,0,0,0,0,0,1720199368839804300
-1,-1,-1,-1,-1,-1,-1,0,0,0,0,0,0,0,1720199368859804000
-1,-1,-1,-1,-1,-1,-1,0,0,0,0,0,0,0,1720199368880802700
-1,-1,-1,-1,-1,-1,-1,0,0,0,0,0,0,0,1720199368900815800
-1,-1,-1,-1,-1,-1,-1,0,0,0,0,0,0,0,1720199368921332900
-1,-1,-1,-1,-1,-1,-1,0,0,0,0,0,0,0,1720199368941843600
-1,-1,-1,-1,-1,-1,-1,0,0,0,0,0,0,0,1720199368966485800
-1,-1,-1,-1,-1,-1,-1,0,0,0,0,0,0,0,1720199368986448900
-1,-1,-1,-1,-1,-1,-1,0,0,0,0,0,0,0,1720199369006965600
-1,-1,-1,-1,-1,-1,-1,0,0,0,0,0,0,0,1720199369027968700
-1,-1,-1,-1,-1,-1,-1,0,0,0,0,0,0,0,1720199369047998800
-1,-1,-1,-1,-1,-1,-1,0,0,0,0,0,0,0,1720199369068964900
-1,-1,-1,-1,-1,-1,-1,0,0,0,0,0,0,0,1720199369089065300
-1,-1,-1,-1,-1,-1,-1,0,0,0,0,0,0,0,1720199369109539500
-1,-1,-1,-1,-1,-1,-1,0,0,0,0,0,0,0,1720199369130532200
-1,-1,-1,-1,-1,-1,-1,0,0,0,0,0,0,0,1720199369154531200
-1,-1,-1,-1,-1,-1,-1,0,0,0,0,0,0,0,1720199369175531500
-1,-1,-1,-1,-1,-1,-1,0,0,0,0,0,0,0,1720199369195960000
-1,-1,-1,-1,-1,-1,-1,0,0,0,0,0,0,0,1720199369216508900
-1,-1,-1,-1,-1,-1,-1,0,0,0,0,0,0,0,1720199369236470600
-1,-1,-1,-1,-1,-1,-1,0,0,0,0,0,0,0,1720199369257504300
-1,-1,-1,-1,-1,-1,-1,0,0,0,0,0,0,0,1720199369277470100
-1,-1,-1,-1,-1,-1,-1,0,0,0,0,0,0,0,1720199369297553000
-1,-1,-1,-1,-1,-1,-1,0,0,0,0,0,0,0,1720199369322126300
-1,-1,-1,-1,-1,-1,-1,0,0,0,0,0,0,0,1720199369343095900
-1,-1,-1,-1,-1,-1,-1,0,0,0,0,0,0,0,1720199369363092900
-1,-1,-1,-1,-1,-1,-1,0,0,0,0,0,0,0,1720199369384095200
-1,-1,-1,-1,-1,-1,-1,0,0,0,0,0,0,0,1720199369404740100
-1,-1,-1,-1,-1,-1,-1,0,0,0,0,0,0,0,1720199369424746100
-1,-1,-1,-1,-1,-1,-1,0,0,0,0,0,0,0,1720199369445715600
-1,-1,-1,-1,-1,-1,-1,0,0,0,0,0,0,0,1720199369465745600
-1,-1,-1,-1,-1,-1,-1,0,0,0,0,0,0,0,1720199369486712600
-1,-1,-1,-1,-1,-1,-1,0,0,0,0,0,0,0,1720199369511301800
-1,-1,-1,-1,-1,-1,-1,0,0,0,0,0,0,0,1720199369531335100
-1,-1,-1,-1,-1,-1,-1,0,0,0,0,0,0,0,1720199369552304500
-1,-1,-1,-1,-1,-1,-1,0,0,0,0,0,0,0,1720199369572299800
-1,-1,-1,-1,-1,-1,-1,0,0,0,0,0,0,0,1720199369593309400
-1,-1,-1,-1,-1,-1,-1,0,0,0,0,0,0,0,1720199369613443100
-1,-1,-1,-1,-1,-1,-1,0,0,0,0,0,0,0,1720199369633474100
-1,-1,-1,-1,-1,-1,-1,0,0,0,0,0,0,0,1720199369654440800
-1,-1,-1,-1,-1,-1,-1,0,0,0,0,0,0,0,1720199369675467600
-1,-1,-1,-1,-1,-1,-1,0,0,0,0,0,0,0,1720199369699484300
-1,-1,-1,-1,-1,-1,-1,0,0,0,0,0,0,0,1720199369719996100
-1,-1,-1,-1,-1,-1,-1,0,0,0,0,0,0,0,1720199369739997200
-1,-1,-1,-1,-1,-1,-1,0,0,0,0,0,0,0,1720199369760993800
-1,-1,-1,-1,-1,-1,-1,0,0,0,0,0,0,0,1720199369781030800
-1,-1,-1,-1,-1,-1,-1,0,0,0,0,0,0,0,1720199369802072800
-1,-1,-1,-1,-1,-1,-1,0,0,0,0,0,0,0,1720199369822677400
-1,-1,-1,-1,-1,-1,-1,0,0,0,0,0,0,0,1720199369842646700
-1,-1,-1,-1,-1,-1,-1,0,0,0,0,0,0,0,1720199369863698100
-1,-1,-1,-1,-1,-1,-1,0,0,0,0,0,0,0,1720199369887704700
-1,-1,-1,-1,-1,-1,-1,0,0,0,0,0,0,0,1720199369908274800
-1,-1,-1,-1,-1,-1,-1,0,0,0,0,0,0,0,1720199369928242600
-1,-1,-1,-1,-1,-1,-1,0,0,0,0,0,0,0,1720199369949276700
-1,-1,-1,-1,-1,-1,-1,0,0,0,0,0,0,0,1720199369969239300
-1,-1,-1,-1,-1,-1,-1,0,0,0,0,0,0,0,1720199369990242500
-1,-1,-1,-1,-1,-1,-1,0,0,0,0,0,0,0,1720199370010749600
-1,-1,-1,-1,-1,-1,-1,0,0,0,0,0,0,0,1720199370030750200
-1,-1,-1,-1,-1,-1,-1,0,0,0,0,0,0,0,1720199370051749600
-1,-1,-1,-1,-1,-1,-1,0,0,0,0,0,0,0,1720199370075749800
-1,-1,-1,-1,-1,-1,-1,0,0,0,0,0,0,0,1720199370096766200
-1,-1,-1,-1,-1,-1,-1,0,0,0,0,0,0,0,1720199370117347300
-1,-1,-1,-1,-1,-1,-1,0,0,0,0,0,0,0,1720199370137346600
-1,-1,-1,-1,-1,-1,-1,0,0,0,0,0,0,0,1720199370158345900
-1,-1,-1,-1,-1,-1,-1,0,0,0,0,0,0,0,1720199370178349800
-1,-1,-1,-1,-1,-1,-1,0,0,0,0,0,0,0,1720199370199386900
-1,-1,-1,-1,-1,-1,-1,0,0,0,0,0,0,0,1720199370219994900
-1,-1,-1,-1,-1,-1,-1,0,0,0,0,0,0,0,1720199370244000300
-1,-1,-1,-1,-1,-1,-1,0,0,0,0,0,0,0,1720199370265005500
-1,-1,-1,-1,-1,-1,-1,0,0,0,0,0,0,0,1720199370284997700
-1,-1,-1,-1,-1,-1,-1,0,0,0,0,0,0,0,1720199370305589800
-1,-1,-1,-1,-1,-1,-1,0,0,0,0,0,0,0,1720199370326556600
-1,-1,-1,-1,-1,-1,-1,0,0,0,0,0,0,0,1720199370346589200
-1,-1,-1,-1,-1,-1,-1,0,0,0,0,0,0,0,1720199370366590800
-1,-1,-1,-1,-1,-1,-1,0,0,0,0,0,0,0,1720199370387600000
-1,-1,-1,-1,-1,-1,-1,0,0,0,0,0,0,0,1720199370408184400
-1,-1,-1,-1,-1,-1,-1,0,0,0,0,0,0,0,1720199370432878500
-1,-1,-1,-1,-1,-1,-1,0,0,0,0,0,0,0,1720199370453058500
-1,-1,-1,-1,-1,-1,-1,0,0,0,0,0,0,0,1720199370473057100
-1,-1,-1,-1,-1,-1,-1,0,0,0,0,0,0,0,1720199370494027900
-1,-1,-1,-1,-1,-1,-1,0,0,0,0,0,0,0,1720199370514613500
-1,-1,-1,-1,-1,-1,-1,0,0,0,0,0,0,0,1720199370534644400
-1,-1,-1,-1,-1,-1,-1,0,0,0,0,0,0,0,1720199370555641900
-1,-1,-1,-1,-1,-1,-1,0,0,0,0,0,0,0,1720199370575613300
-1,-1,-1,-1,-1,-1,-1,0,0,0,0,0,0,0,1720199370596640100
-1,-1,-1,-1,-1,-1,-1,0,0,0,0,0,0,0,1720199370621126400
-1,-1,-1,-1,-1,-1,-1,0,0,0,0,0,0,0,1720199370641128900
-1,-1,-1,-1,-1,-1,-1,0,0,0,0,0,0,0,1720199370662161500
-1,-1,-1,-1,-1,-1,-1,0,0,0,0,0,0,0,1720199370682126400
-1,-1,-1,-1,-1,-1,-1,0,0,0,0,0,0,0,1720199370703166500
-1,-1,-1,-1,-1,-1,-1,0,0,0,0,0,0,0,1720199370723711800
-1,-1,-1,-1,-1,-1,-1,0,0,0,0,0,0,0,1720199370743749700
-1,-1,-1,-1,-1,-1,-1,0,0,0,0,0,0,0,1720199370764750300
-1,-1,-1,-1,-1,-1,-1,0,0,0,0,0,0,0,1720199370784748900
-1,-1,-1,-1,-1,-1,-1,0,0,0,0,0,0,0,1720199370809272200
-1,-1,-1,-1,-1,-1,-1,0,0,0,0,0,0,0,1720199370829284700
-1,-1,-1,-1,-1,-1,-1,0,0,0,0,0,0,0,1720199370850284600
-1,-1,-1,-1,-1,-1,-1,0,0,0,0,0,0,0,1720199370871286200
-1,-1,-1,-1,-1,-1,-1,0,0,0,0,0,0,0,1720199370891479400
-1,-1,-1,-1,-1,-1,-1,0,0,0,0,0,0,0,1720199370912035100
-1,-1,-1,-1,-1,-1,-1,0,0,0,0,0,0,0,1720199370932037400
-1,-1,-1,-1,-1,-1,-1,0,0,0,0,0,0,0,1720199370953037400
-1,-1,-1,-1,-1,-1,-1,0,0,0,0,0,0,0,1720199370977067100
-1,-1,-1,-1,-1,-1,-1,0,0,0,0,0,0,0,1720199370998046700
-1,-1,-1,-1,-1,-1,-1,0,0,0,0,0,0,0,1720199371018030300
-1,-1,-1,-1,-1,-1,-1,0,0,0,0,0,0,0,1720199371039035100
-1,-1,-1,-1,-1,-1,-1,0,0,0,0,0,0,0,1720199371059034500
-1,-1,-1,-1,-1,-1,-1,0,0,0,0,0,0,0,1720199371080072500
-1,-1,-1,-1,-1,-1,-1,0,0,0,0,0,0,0,1720199371100077700
-1,-1,-1,-1,-1,-1,-1,0,0,0,0,0,0,0,1720199371120654900
-1,-1,-1,-1,-1,-1,-1,0,0,0,0,0,0,0,1720199371140621600
-1,-1,-1,-1,-1,-1,-1,0,0,0,0,0,0,0,1720199371165959900
-1,-1,-1,-1,-1,-1,-1,0,0,0,0,0,0,0,1720199371185960600
-1,-1,-1,-1,-1,-1,-1,0,0,0,0,0,0,0,1720199371206454900
-1,-1,-1,-1,-1,-1,-1,0,0,0,0,0,0,0,1720199371227453500
-1,-1,-1,-1,-1,-1,-1,0,0,0,0,0,0,0,1720199371247488400
-1,-1,-1,-1,-1,-1,-1,0,0,0,0,0,0,0,1720199371268541000
-1,-1,-1,-1,-1,-1,-1,0,0,0,0,0,0,0,1720199371288572500
-1,-1,-1,-1,-1,-1,-1,0,0,0,0,0,0,0,1720199371309093500
-1,-1,-1,-1,-1,-1,-1,0,0,0,0,0,0,0,1720199371329954000
-1,-1,-1,-1,-1,-1,-1,0,0,0,0,0,0,0,1720199371353608300
-1,-1,-1,-1,-1,-1,-1,0,0,0,0,0,0,0,1720199371374607700
-1,-1,-1,-1,-1,-1,-1,0,0,0,0,0,0,0,1720199371394648100
-1,-1,-1,-1,-1,-1,-1,0,0,0,0,0,0,0,1720199371415227700
-1,-1,-1,-1,-1,-1,-1,0,0,0,0,0,0,0,1720199371436258400
-1,-1,-1,-1,-1,-1,-1,0,0,0,0,0,0,0,1720199371456226400
-1,-1,-1,-1,-1,-1,-1,0,0,0,0,0,0,0,1720199371477228500
-1,-1,-1,-1,-1,-1,-1,0,0,0,0,0,0,0,1720199371497263100
-1,-1,-1,-1,-1,-1,-1,0,0,0,0,0,0,0,1720199371517844300
-1,-1,-1,-1,-1,-1,-1,0,0,0,0,0,0,0,1720199371542844000
-1,-1,-1,-1,-1,-1,-1,0,0,0,0,0,0,0,1720199371562878200
-1,-1,-1,-1,-1,-1,-1,0,0,0,0,0,0,0,1720199371583842000
-1,-1,-1,-1,-1,-1,-1,0,0,0,0,0,0,0,1720199371603916200
-1,-1,-1,-1,-1,-1,-1,0,0,0,0,0,0,0,1720199371624496700
-1,-1,-1,-1,-1,-1,-1,0,0,0,0,0,0,0,1720199371644497000
-1,-1,-1,-1,-1,-1,-1,0,0,0,0,0,0,0,1720199371665511000
-1,-1,-1,-1,-1,-1,-1,0,0,0,0,0,0,0,1720199371685466900
-1,-1,-1,-1,-1,-1,-1,0,0,0,0,0,0,0,1720199371710014600
-1,-1,-1,-1,-1,-1,-1,0,0,0,0,0,0,0,1720199371731044100
-1,-1,-1,-1,-1,-1,-1,0,0,0,0,0,0,0,1720199371751044100
-1,-1,-1,-1,-1,-1,-1,0,0,0,0,0,0,0,1720199371772008900
-1,-1,-1,-1,-1,-1,-1,0,0,0,0,0,0,0,1720199371792065300
-1,-1,-1,-1,-1,-1,-1,0,0,0,0,0,0,0,1720199371812725700
-1,-1,-1,-1,-1,-1,-1,0,0,0,0,0,0,0,1720199371833701100
-1,-1,-1,-1,-1,-1,-1,0,0,0,0,0,0,0,1720199371853701300
-1,-1,-1,-1,-1,-1,-1,0,0,0,0,0,0,0,1720199371874518700
-1,-1,-1,-1,-1,-1,-1,0,0,0,0,0,0,0,1720199371898869900
-1,-1,-1,-1,-1,-1,-1,0,0,0,0,0,0,0,1720199371919386100
-1,-1,-1,-1,-1,-1,-1,0,0,0,0,0,0,0,1720199371939390200
-1,-1,-1,-1,-1,-1,-1,0,0,0,0,0,0,0,1720199371960388300
-1,-1,-1,-1,-1,-1,-1,0,0,0,0,0,0,0,1720199371980387900
-1,-1,-1,-1,-1,-1,-1,0,0,0,0,0,0,0,1720199372000737700
-1,-1,-1,-1,-1,-1,-1,0,0,0,0,0,0,0,1720199372022221100
-1,-1,-1,-1,-1,-1,-1,0,0,0,0,0,0,0,1720199372042216200
-1,-1,-1,-1,-1,-1,-1,0,0,0,0,0,0,0,1720199372062485500
-1,-1,-1,-1,-1,-1,-1,0,0,0,0,0,0,0,1720199372087490800
-1,-1,-1,-1,-1,-1,-1,0,0,0,0,0,0,0,1720199372108031400
-1,-1,-1,-1,-1,-1,-1,0,0,0,0,0,0,0,1720199372128017200
-1,-1,-1,-1,-1,-1,-1,0,0,0,0,0,0,0,1720199372149020400
-1,-1,-1,-1,-1,-1,-1,0,0,0,0,0,0,0,1720199372169020700
-1,-1,-1,-1,-1,-1,-1,0,0,0,0,0,0,0,1720199372190025200
-1,-1,-1,-1,-1,-1,-1,0,0,0,0,0,0,0,1720199372209533600
-1,-1,-1,-1,-1,-1,-1,0,0,0,0,0,0,0,1720199372230536100
-1,-1,-1,-1,-1,-1,-1,0,0,0,0,0,0,0,1720199372250536900
-1,-1,-1,-1,-1,-1,-1,0,0,0,0,0,0,0,1720199372275533800
-1,-1,-1,-1,-1,-1,-1,0,0,0,0,0,0,0,1720199372295544100
-1,-1,-1,-1,-1,-1,-1,0,0,0,0,0,0,0,1720199372316057000
-1,-1,-1,-1,-1,-1,-1,0,0,0,0,0,0,0,1720199372337056700
-1,-1,-1,-1,-1,-1,-1,0,0,0,0,0,0,0,1720199372358061900
-1,-1,-1,-1,-1,-1,-1,0,0,0,0,0,0,0,1720199372378061400
-1,-1,-1,-1,-1,-1,-1,0,0,0,0,0,0,0,1720199372399062500
-1,-1,-1,-1,-1,-1,-1,0,0,0,0,0,0,0,1720199372418603400
-1,-1,-1,-1,-1,-1,-1,0,0,0,0,0,0,0,1720199372443607300
-1,-1,-1,-1,-1,-1,-1,0,0,0,0,0,0,0,1720199372463604700
-1,-1,-1,-1,-1,-1,-1,0,0,0,0,0,0,0,1720199372484605500
-1,-1,-1,-1,-1,-1,-1,0,0,0,0,0,0,0,1720199372504609500
-1,-1,-1,-1,-1,-1,-1,0,0,0,0,0,0,0,1720199372525122000
-1,-1,-1,-1,-1,-1,-1,0,0,0,0,0,0,0,1720199372546120200
-1,-1,-1,-1,-1,-1,-1,0,0,0,0,0,0,0,1720199372566122900
-1,-1,-1,-1,-1,-1,-1,0,0,0,0,0,0,0,1720199372587119100
-1,-1,-1,-1,-1,-1,-1,0,0,0,0,0,0,0,1720199372607647300
-1,-1,-1,-1,-1,-1,-1,0,0,0,0,0,0,0,1720199372631648300
-1,-1,-1,-1,-1,-1,-1,0,0,0,0,0,0,0,1720199372652645500
-1,-1,-1,-1,-1,-1,-1,0,0,0,0,0,0,0,1720199372673648900
-1,-1,-1,-1,-1,-1,-1,0,0,0,0,0,0,0,1720199372693656100
-1,-1,-1,-1,-1,-1,-1,0,0,0,0,0,0,0,1720199372714204300
-1,-1,-1,-1,-1,-1,-1,0,0,0,0,0,0,0,1720199372734205900
-1,-1,-1,-1,-1,-1,-1,0,0,0,0,0,0,0,1720199372755170000
-1,-1,-1,-1,-1,-1,-1,0,0,0,0,0,0,0,1720199372775168700
-1,-1,-1,-1,-1,-1,-1,0,0,0,0,0,0,0,1720199372796171900
-1,-1,-1,-1,-1,-1,-1,0,0,0,0,0,0,0,1720199372820687500
-1,-1,-1,-1,-1,-1,-1,0,0,0,0,0,0,0,1720199372840723000
-1,-1,-1,-1,-1,-1,-1,0,0,0,0,0,0,0,1720199372861690500
-1,-1,-1,-1,-1,-1,-1,0,0,0,0,0,0,0,1720199372881722600
-1,-1,-1,-1,-1,-1,-1,0,0,0,0,0,0,0,1720199372902698600
-1,-1,-1,-1,-1,-1,-1,0,0,0,0,0,0,0,1720199372923221600
-1,-1,-1,-1,-1,-1,-1,0,0,0,0,0,0,0,1720199372943220500
-1,-1,-1,-1,-1,-1,-1,0,0,0,0,0,0,0,1720199372963214400
-1,-1,-1,-1,-1,-1,-1,0,0,0,0,0,0,0,1720199372984217700
-1,-1,-1,-1,-1,-1,-1,0,0,0,0,0,0,0,1720199373008744400
-1,-1,-1,-1,-1,-1,-1,0,0,0,0,0,0,0,1720199373028742200
-1,-1,-1,-1,-1,-1,-1,0,0,0,0,0,0,0,1720199373049740400
-1,-1,-1,-1,-1,-1,-1,0,0,0,0,0,0,0,1720199373069768700
-1,-1,-1,-1,-1,-1,-1,0,0,0,0,0,0,0,1720199373090740200
-1,-1,-1,-1,-1,-1,-1,0,0,0,0,0,0,0,1720199373111265900
-1,-1,-1,-1,-1,-1,-1,0,0,0,0,0,0,0,1720199373131296100
-1,-1,-1,-1,-1,-1,-1,0,0,0,0,0,0,0,1720199373152297800
-1,-1,-1,-1,-1,-1,-1,0,0,0,0,0,0,0,1720199373172647900
-1,-1,-1,-1,-1,-1,-1,0,0,0,0,0,0,0,1720199373196622600
-1,-1,-1,-1,-1,-1,-1,0,0,0,0,0,0,0,1720199373217171400
-1,-1,-1,-1,-1,-1,-1,0,0,0,0,0,0,0,1720199373238170100
-1,-1,-1,-1,-1,-1,-1,0,0,0,0,0,0,0,1720199373258248500
-1,-1,-1,-1,-1,-1,-1,0,0,0,0,0,0,0,1720199373279220400
-1,-1,-1,-1,-1,-1,-1,0,0,0,0,0,0,0,1720199373299262600
-1,-1,-1,-1,-1,-1,-1,0,0,0,0,0,0,0,1720199373319773800
-1,-1,-1,-1,-1,-1,-1,0,0,0,0,0,0,0,1720199373340776600
-1,-1,-1,-1,-1,-1,-1,0,0,0,0,0,0,0,1720199373364775000
-1,-1,-1,-1,-1,-1,-1,0,0,0,0,0,0,0,1720199373385775600
-1,-1,-1,-1,-1,-1,-1,0,0,0,0,0,0,0,1720199373405785700
-1,-1,-1,-1,-1,-1,-1,0,0,0,0,0,0,0,1720199373426344500
-1,-1,-1,-1,-1,-1,-1,0,0,0,0,0,0,0,1720199373447351400
-1,-1,-1,-1,-1,-1,-1,0,0,0,0,0,0,0,1720199373468343400
-1,-1,-1,-1,-1,-1,-1,0,0,0,0,0,0,0,1720199373488343500
-1,-1,-1,-1,-1,-1,-1,0,0,0,0,0,0,0,1720199373507901100
-1,-1,-1,-1,-1,-1,-1,0,0,0,0,0,0,0,1720199373528755100
-1,-1,-1,-1,-1,-1,-1,0,0,0,0,0,0,0,1720199373553724500
-1,-1,-1,-1,-1,-1,-1,0,0,0,0,0,0,0,1720199373573727500
-1,-1,-1,-1,-1,-1,-1,0,0,0,0,0,0,0,1720199373594727200
-1,-1,-1,-1,-1,-1,-1,0,0,0,0,0,0,0,1720199373615249700
-1,-1,-1,-1,-1,-1,-1,0,0,0,0,0,0,0,1720199373635248500
-1,-1,-1,-1,-1,-1,-1,0,0,0,0,0,0,0,1720199373656247200
-1,-1,-1,-1,-1,-1,-1,0,0,0,0,0,0,0,1720199373677255500
-1,-1,-1,-1,-1,-1,-1,0,0,0,0,0,0,0,1720199373697258400
-1,-1,-1,-1,-1,-1,-1,0,0,0,0,0,0,0,1720199373717418600
-1,-1,-1,-1,-1,-1,-1,0,0,0,0,0,0,0,1720199373741418200
-1,-1,-1,-1,-1,-1,-1,0,0,0,0,0,0,0,1720199373762419900
-1,-1,-1,-1,-1,-1,-1,0,0,0,0,0,0,0,1720199373782418700
-1,-1,-1,-1,-1,-1,-1,0,0,0,0,0,0,0,1720199373803424700
-1,-1,-1,-1,-1,-1,-1,0,0,0,0,0,0,0,1720199373823942600
-1,-1,-1,-1,-1,-1,-1,0,0,0,0,0,0,0,1720199373844478400
-1,-1,-1,-1,-1,-1,-1,0,0,0,0,0,0,0,1720199373864478100
-1,-1,-1,-1,-1,-1,-1,0,0,0,0,0,0,0,1720199373885478100
-1,-1,-1,-1,-1,-1,-1,0,0,0,0,0,0,0,1720199373905563600
-1,-1,-1,-1,-1,-1,-1,0,0,0,0,0,0,0,1720199373930155000
-1,-1,-1,-1,-1,-1,-1,0,0,0,0,0,0,0,1720199373951172100
-1,-1,-1,-1,-1,-1,-1,0,0,0,0,0,0,0,1720199373970785600
-1,-1,-1,-1,-1,-1,-1,0,0,0,0,0,0,0,1720199373991796900
-1,-1,-1,-1,-1,-1,-1,0,0,0,0,0,0,0,1720199374012311500
-1,-1,-1,-1,-1,-1,-1,0,0,0,0,0,0,0,1720199374032311200
-1,-1,-1,-1,-1,-1,-1,0,0,0,0,0,0,0,1720199374053311600
-1,-1,-1,-1,-1,-1,-1,0,0,0,0,0,0,0,1720199374073929500
-1,-1,-1,-1,-1,-1,-1,0,0,0,0,0,0,0,1720199374098220000
-1,-1,-1,-1,-1,-1,-1,0,0,0,0,0,0,0,1720199374118736800
-1,-1,-1,-1,-1,-1,-1,0,0,0,0,0,0,0,1720199374139321600
-1,-1,-1,-1,-1,-1,-1,0,0,0,0,0,0,0,1720199374159321500
-1,-1,-1,-1,-1,-1,-1,0,0,0,0,0,0,0,1720199374180321600
-1,-1,-1,-1,-1,-1,-1,0,0,0,0,0,0,0,1720199374200364700
-1,-1,-1,-1,-1,-1,-1,0,0,0,0,0,0,0,1720199374220877100
-1,-1,-1,-1,-1,-1,-1,0,0,0,0,0,0,0,1720199374241906400
-1,-1,-1,-1,-1,-1,-1,0,0,0,0,0,0,0,1720199374261909500
-1,-1,-1,-1,-1,-1,-1,0,0,0,0,0,0,0,1720199374286907500
-1,-1,-1,-1,-1,-1,-1,0,0,0,0,0,0,0,1720199374306946100
-1,-1,-1,-1,-1,-1,-1,0,0,0,0,0,0,0,1720199374327459300
-1,-1,-1,-1,-1,-1,-1,0,0,0,0,0,0,0,1720199374348499900
-1,-1,-1,-1,-1,-1,-1,0,0,0,0,0,0,0,1720199374368294000
-1,-1,-1,-1,-1,-1,-1,0,0,0,0,0,0,0,1720199374389296100
-1,-1,-1,-1,-1,-1,-1,0,0,0,0,0,0,0,1720199374409914600
-1,-1,-1,-1,-1,-1,-1,0,0,0,0,0,0,0,1720199374429912100
-1,-1,-1,-1,-1,-1,-1,0,0,0,0,0,0,0,1720199374449880800
-1,-1,-1,-1,-1,-1,-1,0,0,0,0,0,0,0,1720199374474881300
-1,-1,-1,-1,-1,-1,-1,0,0,0,0,0,0,0,1720199374495120300
-1,-1,-1,-1,-1,-1,-1,0,0,0,0,0,0,0,1720199374516425400
-1,-1,-1,-1,-1,-1,-1,0,0,0,0,0,0,0,1720199374536417200
-1,-1,-1,-1,-1,-1,-1,0,0,0,0,0,0,0,1720199374557417900
-1,-1,-1,-1,-1,-1,-1,0,0,0,0,0,0,0,1720199374577416900
-1,-1,-1,-1,-1,-1,-1,0,0,0,0,0,0,0,1720199374597433800
-1,-1,-1,-1,-1,-1,-1,0,0,0,0,0,0,0,1720199374618043700
-1,-1,-1,-1,-1,-1,-1,0,0,0,0,0,0,0,1720199374639011700
-1,-1,-1,-1,-1,-1,-1,0,0,0,0,0,0,0,1720199374664018700
-1,-1,-1,-1,-1,-1,-1,0,0,0,0,0,0,0,1720199374684049100
-1,-1,-1,-1,-1,-1,-1,0,0,0,0,0,0,0,1720199374704058200
-1,-1,-1,-1,-1,-1,-1,0,0,0,0,0,0,0,1720199374724601200
-1,-1,-1,-1,-1,-1,-1,0,0,0,0,0,0,0,1720199374745633300
-1,-1,-1,-1,-1,-1,-1,0,0,0,0,0,0,0,1720199374765633000
-1,-1,-1,-1,-1,-1,-1,0,0,0,0,0,0,0,1720199374786601000
-1,-1,-1,-1,-1,-1,-1,0,0,0,0,0,0,0,1720199374806667400
-1,-1,-1,-1,-1,-1,-1,0,0,0,0,0,0,0,1720199374831253500
-1,-1,-1,-1,-1,-1,-1,0,0,0,0,0,0,0,1720199374851220400
-1,-1,-1,-1,-1,-1,-1,0,0,0,0,0,0,0,1720199374872251800
-1,-1,-1,-1,-1,-1,-1,0,0,0,0,0,0,0,1720199374892250700
-1,-1,-1,-1,-1,-1,-1,0,0,0,0,0,0,0,1720199374912834300
-1,-1,-1,-1,-1,-1,-1,0,0,0,0,0,0,0,1720199374933867000
-1,-1,-1,-1,-1,-1,-1,0,0,0,0,0,0,0,1720199374953867800
-1,-1,-1,-1,-1,-1,-1,0,0,0,0,0,0,0,1720199374974869100
-1,-1,-1,-1,-1,-1,-1,0,0,0,0,0,0,0,1720199374994913400
-1,-1,-1,-1,-1,-1,-1,0,0,0,0,0,0,0,1720199375019462000
-1,-1,-1,-1,-1,-1,-1,0,0,0,0,0,0,0,1720199375040462100
-1,-1,-1,-1,-1,-1,-1,0,0,0,0,0,0,0,1720199375060430500
-1,-1,-1,-1,-1,-1,-1,0,0,0,0,0,0,0,1720199375081462100
-1,-1,-1,-1,-1,-1,-1,0,0,0,0,0,0,0,1720199375101438300
-1,-1,-1,-1,-1,-1,-1,0,0,0,0,0,0,0,1720199375122024800
-1,-1,-1,-1,-1,-1,-1,0,0,0,0,0,0,0,1720199375142032100
-1,-1,-1,-1,-1,-1,-1,0,0,0,0,0,0,0,1720199375163059400
-1,-1,-1,-1,-1,-1,-1,0,0,0,0,0,0,0,1720199375184023200
-1,-1,-1,-1,-1,-1,-1,0,0,0,0,0,0,0,1720199375208091900
-1,-1,-1,-1,-1,-1,-1,0,0,0,0,0,0,0,1720199375228156400
-1,-1,-1,-1,-1,-1,-1,0,0,0,0,0,0,0,1720199375249155700
-1,-1,-1,-1,-1,-1,-1,0,0,0,0,0,0,0,1720199375269186100
-1,-1,-1,-1,-1,-1,-1,0,0,0,0,0,0,0,1720199375289525000
-1,-1,-1,-1,-1,-1,-1,0,0,0,0,0,0,0,1720199375310078100
-1,-1,-1,-1,-1,-1,-1,0,0,0,0,0,0,0,1720199375331079600
-1,-1,-1,-1,-1,-1,-1,0,0,0,0,0,0,0,1720199375351078400
-1,-1,-1,-1,-1,-1,-1,0,0,0,0,0,0,0,1720199375372079200
-1,-1,-1,-1,-1,-1,-1,0,0,0,0,0,0,0,1720199375396082400
-1,-1,-1,-1,-1,-1,-1,0,0,0,0,0,0,0,1720199375416592200
-1,-1,-1,-1,-1,-1,-1,0,0,0,0,0,0,0,1720199375437625200
-1,-1,-1,-1,-1,-1,-1,0,0,0,0,0,0,0,1720199375457627400
-1,-1,-1,-1,-1,-1,-1,0,0,0,0,0,0,0,1720199375478594200
-1,-1,-1,-1,-1,-1,-1,0,0,0,0,0,0,0,1720199375498601300
-1,-1,-1,-1,-1,-1,-1,0,0,0,0,0,0,0,1720199375519152300
-1,-1,-1,-1,-1,-1,-1,0,0,0,0,0,0,0,1720199375540153500
-1,-1,-1,-1,-1,-1,-1,0,0,0,0,0,0,0,1720199375564181200
-1,-1,-1,-1,-1,-1,-1,0,0,0,0,0,0,0,1720199375585188500
-1,-1,-1,-1,-1,-1,-1,0,0,0,0,0,0,0,1720199375605195900
-1,-1,-1,-1,-1,-1,-1,0,0,0,0,0,0,0,1720199375625805500
-1,-1,-1,-1,-1,-1,-1,0,0,0,0,0,0,0,1720199375646772400
-1,-1,-1,-1,-1,-1,-1,0,0,0,0,0,0,0,1720199375667776200
-1,-1,-1,-1,-1,-1,-1,0,0,0,0,0,0,0,1720199375687771800
-1,-1,-1,-1,-1,-1,-1,0,0,0,0,0,0,0,1720199375707842800
-1,-1,-1,-1,-1,-1,-1,0,0,0,0,0,0,0,1720199375728386800
-1,-1,-1,-1,-1,-1,-1,0,0,0,0,0,0,0,1720199375752389800
-1,-1,-1,-1,-1,-1,-1,0,0,0,0,0,0,0,1720199375773391500
-1,-1,-1,-1,-1,-1,-1,0,0,0,0,0,0,0,1720199375794389600
-1,-1,-1,-1,-1,-1,-1,0,0,0,0,0,0,0,1720199375813980800
-1,-1,-1,-1,-1,-1,-1,0,0,0,0,0,0,0,1720199375835015000
-1,-1,-1,-1,-1,-1,-1,0,0,0,0,0,0,0,1720199375854980700
-1,-1,-1,-1,-1,-1,-1,0,0,0,0,0,0,0,1720199375875981400
-1,-1,-1,-1,-1,-1,-1,0,0,0,0,0,0,0,1720199375896235200
-1,-1,-1,-1,-1,-1,-1,0,0,0,0,0,0,0,1720199375916748100
-1,-1,-1,-1,-1,-1,-1,0,0,0,0,0,0,0,1720199375940749300
-1,-1,-1,-1,-1,-1,-1,0,0,0,0,0,0,0,1720199375961747100
-1,-1,-1,-1,-1,-1,-1,0,0,0,0,0,0,0,1720199375981747100
-1,-1,-1,-1,-1,-1,-1,0,0,0,0,0,0,0,1720199376002439800
-1,-1,-1,-1,-1,-1,-1,0,0,0,0,0,0,0,1720199376023947400
-1,-1,-1,-1,-1,-1,-1,0,0,0,0,0,0,0,1720199376043961400
-1,-1,-1,-1,-1,-1,-1,0,0,0,0,0,0,0,1720199376063945900
-1,-1,-1,-1,-1,-1,-1,0,0,0,0,0,0,0,1720199376084947300
-1,-1,-1,-1,-1,-1,-1,0,0,0,0,0,0,0,1720199376104983200
-1,-1,-1,-1,-1,-1,-1,0,0,0,0,0,0,0,1720199376129569600
-1,-1,-1,-1,-1,-1,-1,0,0,0,0,0,0,0,1720199376149539400
-1,-1,-1,-1,-1,-1,-1,0,0,0,0,0,0,0,1720199376170541300
-1,-1,-1,-1,-1,-1,-1,0,0,0,0,0,0,0,1720199376191550200
-1,-1,-1,-1,-1,-1,-1,0,0,0,0,0,0,0,1720199376212094700
-1,-1,-1,-1,-1,-1,-1,0,0,0,0,0,0,0,1720199376232095500
-1,-1,-1,-1,-1,-1,-1,0,0,0,0,0,0,0,1720199376252141000
-1,-1,-1,-1,-1,-1,-1,0,0,0,0,0,0,0,1720199376273098900
-1,-1,-1,-1,-1,-1,-1,0,0,0,0,0,0,0,1720199376297142600
-1,-1,-1,-1,-1,-1,-1,0,0,0,0,0,0,0,1720199376317651800
-1,-1,-1,-1,-1,-1,-1,0,0,0,0,0,0,0,1720199376338653100
-1,-1,-1,-1,-1,-1,-1,0,0,0,0,0,0,0,1720199376358650900
-1,-1,-1,-1,-1,-1,-1,0,0,0,0,0,0,0,1720199376379684800
-1,-1,-1,-1,-1,-1,-1,0,0,0,0,0,0,0,1720199376399654300
-1,-1,-1,-1,-1,-1,-1,0,0,0,0,0,0,0,1720199376420160300
-1,-1,-1,-1,-1,-1,-1,0,0,0,0,0,0,0,1720199376441194900
-1,-1,-1,-1,-1,-1,-1,0,0,0,0,0,0,0,1720199376461195100
-1,-1,-1,-1,-1,-1,-1,0,0,0,0,0,0,0,1720199376486159900
-1,-1,-1,-1,-1,-1,-1,0,0,0,0,0,0,0,1720199376506164100
-1,-1,-1,-1,-1,-1,-1,0,0,0,0,0,0,0,1720199376526591700
-1,-1,-1,-1,-1,-1,-1,0,0,0,0,0,0,0,1720199376547592000
-1,-1,-1,-1,-1,-1,-1,0,0,0,0,0,0,0,1720199376567592100
-1,-1,-1,-1,-1,-1,-1,0,0,0,0,0,0,0,1720199376588627200
-1,-1,-1,-1,-1,-1,-1,0,0,0,0,0,0,0,1720199376608634000
-1,-1,-1,-1,-1,-1,-1,0,0,0,0,0,0,0,1720199376629215800
-1,-1,-1,-1,-1,-1,-1,0,0,0,0,0,0,0,1720199376650179300
-1,-1,-1,-1,-1,-1,-1,0,0,0,0,0,0,0,1720199376674186500
-1,-1,-1,-1,-1,-1,-1,0,0,0,0,0,0,0,1720199376695182600
-1,-1,-1,-1,-1,-1,-1,0,0,0,0,0,0,0,1720199376715694800
-1,-1,-1,-1,-1,-1,-1,0,0,0,0,0,0,0,1720199376735697100
-1,-1,-1,-1,-1,-1,-1,0,0,0,0,0,0,0,1720199376756697400
-1,-1,-1,-1,-1,-1,-1,0,0,0,0,0,0,0,1720199376776695600
-1,-1,-1,-1,-1,-1,-1,0,0,0,0,0,0,0,1720199376797702500
-1,-1,-1,-1,-1,-1,-1,0,0,0,0,0,0,0,1720199376817216200
-1,-1,-1,-1,-1,-1,-1,0,0,0,0,0,0,0,1720199376838215100
-1,-1,-1,-1,-1,-1,-1,0,0,0,0,0,0,0,1720199376862215700
-1,-1,-1,-1,-1,-1,-1,0,0,0,0,0,0,0,1720199376883252300
-1,-1,-1,-1,-1,-1,-1,0,0,0,0,0,0,0,1720199376903295500
-1,-1,-1,-1,-1,-1,-1,0,0,0,0,0,0,0,1720199376924838700
-1,-1,-1,-1,-1,-1,-1,0,0,0,0,0,0,0,1720199376944833700
-1,-1,-1,-1,-1,-1,-1,0,0,0,0,0,0,0,1720199376964832500
-1,-1,-1,-1,-1,-1,-1,0,0,0,0,0,0,0,1720199376985834700
-1,-1,-1,-1,-1,-1,-1,0,0,0,0,0,0,0,1720199377005853500
-1,-1,-1,-1,-1,-1,-1,0,0,0,0,0,0,0,1720199377030357600
-1,-1,-1,-1,-1,-1,-1,0,0,0,0,0,0,0,1720199377051350100
-1,-1,-1,-1,-1,-1,-1,0,0,0,0,0,0,0,1720199377071352000
-1,-1,-1,-1,-1,-1,-1,0,0,0,0,0,0,0,1720199377092354700
-1,-1,-1,-1,-1,-1,-1,0,0,0,0,0,0,0,1720199377112869800
-1,-1,-1,-1,-1,-1,-1,0,0,0,0,0,0,0,1720199377132869500
-1,-1,-1,-1,-1,-1,-1,0,0,0,0,0,0,0,1720199377153873000
-1,-1,-1,-1,-1,-1,-1,0,0,0,0,0,0,0,1720199377173869600
-1,-1,-1,-1,-1,-1,-1,0,0,0,0,0,0,0,1720199377194904000
-1,-1,-1,-1,-1,-1,-1,0,0,0,0,0,0,0,1720199377220239900
-1,-1,-1,-1,-1,-1,-1,0,0,0,0,0,0,0,1720199377239942700
-1,-1,-1,-1,-1,-1,-1,0,0,0,0,0,0,0,1720199377260458000
-1,-1,-1,-1,-1,-1,-1,0,0,0,0,0,0,0,1720199377280456000
-1,-1,-1,-1,-1,-1,-1,0,0,0,0,0,0,0,1720199377301458800
-1,-1,-1,-1,-1,-1,-1,0,0,0,0,0,0,0,1720199377322009400
-1,-1,-1,-1,-1,-1,-1,0,0,0,0,0,0,0,1720199377342007500
-1,-1,-1,-1,-1,-1,-1,0,0,0,0,0,0,0,1720199377363007700
-1,-1,-1,-1,-1,-1,-1,0,0,0,0,0,0,0,1720199377383376900
-1,-1,-1,-1,-1,-1,-1,0,0,0,0,0,0,0,1720199377407381300
-1,-1,-1,-1,-1,-1,-1,0,0,0,0,0,0,0,1720199377427638900
-1,-1,-1,-1,-1,-1,-1,0,0,0,0,0,0,0,1720199377448642300
-1,-1,-1,-1,-1,-1,-1,0,0,0,0,0,0,0,1720199377468640800
-1,-1,-1,-1,-1,-1,-1,0,0,0,0,0,0,0,1720199377489641800
-1,-1,-1,-1,-1,-1,-1,0,0,0,0,0,0,0,1720199377509647100
-1,-1,-1,-1,-1,-1,-1,0,0,0,0,0,0,0,1720199377530787700
-1,-1,-1,-1,-1,-1,-1,0,0,0,0,0,0,0,1720199377550787700
-1,-1,-1,-1,-1,-1,-1,0,0,0,0,0,0,0,1720199377571788700
-1,-1,-1,-1,-1,-1,-1,0,0,0,0,0,0,0,1720199377595787100
-1,-1,-1,-1,-1,-1,-1,0,0,0,0,0,0,0,1720199377616970200
-1,-1,-1,-1,-1,-1,-1,0,0,0,0,0,0,0,1720199377636970300
-1,-1,-1,-1,-1,-1,-1,0,0,0,0,0,0,0,1720199377656971300
-1,-1,-1,-1,-1,-1,-1,0,0,0,0,0,0,0,1720199377678987600
-1,-1,-1,-1,-1,-1,-1,0,0,0,0,0,0,0,1720199377698014000
-1,-1,-1,-1,-1,-1,-1,0,0,0,0,0,0,0,1720199377718615700
-1,-1,-1,-1,-1,-1,-1,0,0,0,0,0,0,0,1720199377739651000
-1,-1,-1,-1,-1,-1,-1,0,0,0,0,0,0,0,1720199377759646600
-1,-1,-1,-1,-1,-1,-1,0,0,0,0,0,0,0,1720199377784616000
-1,-1,-1,-1,-1,-1,-1,0,0,0,0,0,0,0,1720199377804619400
-1,-1,-1,-1,-1,-1,-1,0,0,0,0,0,0,0,1720199377825163600
-1,-1,-1,-1,-1,-1,-1,0,0,0,0,0,0,0,1720199377846027300
-1,-1,-1,-1,-1,-1,-1,0,0,0,0,0,0,0,1720199377865717400
-1,-1,-1,-1,-1,-1,-1,0,0,0,0,0,0,0,1720199377886717000
-1,-1,-1,-1,-1,-1,-1,0,0,0,0,0,0,0,1720199377906745800
-1,-1,-1,-1,-1,-1,-1,0,0,0,0,0,0,0,1720199377927260000
-1,-1,-1,-1,-1,-1,-1,0,0,0,0,0,0,0,1720199377952267000
-1,-1,-1,-1,-1,-1,-1,0,0,0,0,0,0,0,1720199377972262900
-1,-1,-1,-1,-1,-1,-1,0,0,0,0,0,0,0,1720199377993260600
-1,-1,-1,-1,-1,-1,-1,0,0,0,0,0,0,0,1720199378013784600
-1,-1,-1,-1,-1,-1,-1,0,0,0,0,0,0,0,1720199378033865000
-1,-1,-1,-1,-1,-1,-1,0,0,0,0,0,0,0,1720199378054868200
-1,-1,-1,-1,-1,-1,-1,0,0,0,0,0,0,0,1720199378074903200
-1,-1,-1,-1,-1,-1,-1,0,0,0,0,0,0,0,1720199378095901400
-1,-1,-1,-1,-1,-1,-1,0,0,0,0,0,0,0,1720199378116521600
-1,-1,-1,-1,-1,-1,-1,0,0,0,0,0,0,0,1720199378140466500
-1,-1,-1,-1,-1,-1,-1,0,0,0,0,0,0,0,1720199378161469300
-1,-1,-1,-1,-1,-1,-1,0,0,0,0,0,0,0,1720199378181505700
-1,-1,-1,-1,-1,-1,-1,0,0,0,0,0,0,0,1720199378202544100
-1,-1,-1,-1,-1,-1,-1,0,0,0,0,0,0,0,1720199378223077700
-1,-1,-1,-1,-1,-1,-1,0,0,0,0,0,0,0,1720199378243043100
-1,-1,-1,-1,-1,-1,-1,0,0,0,0,0,0,0,1720199378264050700
-1,-1,-1,-1,-1,-1,-1,0,0,0,0,0,0,0,1720199378284079400
-1,-1,-1,-1,-1,-1,-1,0,0,0,0,0,0,0,1720199378304023100
-1,-1,-1,-1,-1,-1,-1,0,0,0,0,0,0,0,1720199378328565000
-1,-1,-1,-1,-1,-1,-1,0,0,0,0,0,0,0,1720199378349531700
-1,-1,-1,-1,-1,-1,-1,0,0,0,0,0,0,0,1720199378369532800
-1,-1,-1,-1,-1,-1,-1,0,0,0,0,0,0,0,1720199378390534800
-1,-1,-1,-1,-1,-1,-1,0,0,0,0,0,0,0,1720199378411542000
-1,-1,-1,-1,-1,-1,-1,0,0,0,0,0,0,0,1720199378431746900
-1,-1,-1,-1,-1,-1,-1,0,0,0,0,0,0,0,1720199378451744000
-1,-1,-1,-1,-1,-1,-1,0,0,0,0,0,0,0,1720199378472744300
-1,-1,-1,-1,-1,-1,-1,0,0,0,0,0,0,0,1720199378492744100
-1,-1,-1,-1,-1,-1,-1,0,0,0,0,0,0,0,1720199378517258700
-1,-1,-1,-1,-1,-1,-1,0,0,0,0,0,0,0,1720199378538258300
-1,-1,-1,-1,-1,-1,-1,0,0,0,0,0,0,0,1720199378558258800
-1,-1,-1,-1,-1,-1,-1,0,0,0,0,0,0,0,1720199378579259100
-1,-1,-1,-1,-1,-1,-1,0,0,0,0,0,0,0,1720199378599825200
-1,-1,-1,-1,-1,-1,-1,0,0,0,0,0,0,0,1720199378619822000
-1,-1,-1,-1,-1,-1,-1,0,0,0,0,0,0,0,1720199378640049800
-1,-1,-1,-1,-1,-1,-1,0,0,0,0,0,0,0,1720199378661047900
-1,-1,-1,-1,-1,-1,-1,0,0,0,0,0,0,0,1720199378685092200
-1,-1,-1,-1,-1,-1,-1,0,0,0,0,0,0,0,1720199378706093000
-1,-1,-1,-1,-1,-1,-1,0,0,0,0,0,0,0,1720199378726117200
-1,-1,-1,-1,-1,-1,-1,0,0,0,0,0,0,0,1720199378747119000
-1,-1,-1,-1,-1,-1,-1,0,0,0,0,0,0,0,1720199378767122100
-1,-1,-1,-1,-1,-1,-1,0,0,0,0,0,0,0,1720199378788123300
-1,-1,-1,-1,-1,-1,-1,0,0,0,0,0,0,0,1720199378808130200
-1,-1,-1,-1,-1,-1,-1,0,0,0,0,0,0,0,1720199378828636000
-1,-1,-1,-1,-1,-1,-1,0,0,0,0,0,0,0,1720199378849636900
-1,-1,-1,-1,-1,-1,-1,0,0,0,0,0,0,0,1720199378873643300
-1,-1,-1,-1,-1,-1,-1,0,0,0,0,0,0,0,1720199378894636000
-1,-1,-1,-1,-1,-1,-1,0,0,0,0,0,0,0,1720199378914190000
-1,-1,-1,-1,-1,-1,-1,0,0,0,0,0,0,0,1720199378935190700
-1,-1,-1,-1,-1,-1,-1,0,0,0,0,0,0,0,1720199378955831500
-1,-1,-1,-1,-1,-1,-1,0,0,0,0,0,0,0,1720199378975831600
-1,-1,-1,-1,-1,-1,-1,0,0,0,0,0,0,0,1720199378997073500
-1,-1,-1,-1,-1,-1,-1,0,0,0,0,0,0,0,1720199379017581500
-1,-1,-1,-1,-1,-1,-1,0,0,0,0,0,0,0,1720199379037580200
-1,-1,-1,-1,-1,-1,-1,0,0,0,0,0,0,0,1720199379062579700
-1,-1,-1,-1,-1,-1,-1,0,0,0,0,0,0,0,1720199379082579700
-1,-1,-1,-1,-1,-1,-1,0,0,0,0,0,0,0,1720199379102582900
-1,-1,-1,-1,-1,-1,-1,0,0,0,0,0,0,0,1720199379123140800
-1,-1,-1,-1,-1,-1,-1,0,0,0,0,0,0,0,1720199379144138500
-1,-1,-1,-1,-1,-1,-1,0,0,0,0,0,0,0,1720199379164136700
-1,-1,-1,-1,-1,-1,-1,0,0,0,0,0,0,0,1720199379185137100
-1,-1,-1,-1,-1,-1,-1,0,0,0,0,0,0,0,1720199379206149300
-1,-1,-1,-1,-1,-1,-1,0,0,0,0,0,0,0,1720199379225449400
-1,-1,-1,-1,-1,-1,-1,0,0,0,0,0,0,0,1720199379250354600
-1,-1,-1,-1,-1,-1,-1,0,0,0,0,0,0,0,1720199379271351900
-1,-1,-1,-1,-1,-1,-1,0,0,0,0,0,0,0,1720199379291352300
-1,-1,-1,-1,-1,-1,-1,0,0,0,0,0,0,0,1720199379312356600
-1,-1,-1,-1,-1,-1,-1,0,0,0,0,0,0,0,1720199379332888200
-1,-1,-1,-1,-1,-1,-1,0,0,0,0,0,0,0,1720199379352890800
-1,-1,-1,-1,-1,-1,-1,0,0,0,0,0,0,0,1720199379373869000
-1,-1,-1,-1,-1,-1,-1,0,0,0,0,0,0,0,1720199379393870200
-1,-1,-1,-1,-1,-1,-1,0,0,0,0,0,0,0,1720199379418385200
-1,-1,-1,-1,-1,-1,-1,0,0,0,0,0,0,0,1720199379439384300
-1,-1,-1,-1,-1,-1,-1,0,0,0,0,0,0,0,1720199379459383600
-1,-1,-1,-1,-1,-1,-1,0,0,0,0,0,0,0,1720199379480383700
-1,-1,-1,-1,-1,-1,-1,0,0,0,0,0,0,0,1720199379500387100
-1,-1,-1,-1,-1,-1,-1,0,0,0,0,0,0,0,1720199379520629900
-1,-1,-1,-1,-1,-1,-1,0,0,0,0,0,0,0,1720199379541629300
-1,-1,-1,-1,-1,-1,-1,0,0,0,0,0,0,0,1720199379561629900
-1,-1,-1,-1,-1,-1,-1,0,0,0,0,0,0,0,1720199379582634400
-1,-1,-1,-1,-1,-1,-1,0,0,0,0,0,0,0,1720199379606660800
-1,-1,-1,-1,-1,-1,-1,0,0,0,0,0,0,0,1720199379627178200
-1,-1,-1,-1,-1,-1,-1,0,0,0,0,0,0,0,1720199379648178600
-1,-1,-1,-1,-1,-1,-1,0,0,0,0,0,0,0,1720199379669185600
-1,-1,-1,-1,-1,-1,-1,0,0,0,0,0,0,0,1720199379689184800
-1,-1,-1,-1,-1,-1,-1,0,0,0,0,0,0,0,1720199379709181100
-1,-1,-1,-1,-1,-1,-1,0,0,0,0,0,0,0,1720199379729687200
-1,-1,-1,-1,-1,-1,-1,0,0,0,0,0,0,0,1720199379750688600
-1,-1,-1,-1,-1,-1,-1,0,0,0,0,0,0,0,1720199379770722000
-1,-1,-1,-1,-1,-1,-1,0,0,0,0,0,0,0,1720199379794687600
-1,-1,-1,-1,-1,-1,-1,0,0,0,0,0,0,0,1720199379816240600
-1,-1,-1,-1,-1,-1,-1,0,0,0,0,0,0,0,1720199379836234300
-1,-1,-1,-1,-1,-1,-1,0,0,0,0,0,0,0,1720199379856236600
-1,-1,-1,-1,-1,-1,-1,0,0,0,0,0,0,0,1720199379877267400
-1,-1,-1,-1,-1,-1,-1,0,0,0,0,0,0,0,1720199379897231900
-1,-1,-1,-1,-1,-1,-1,0,0,0,0,0,0,0,1720199379917741300
-1,-1,-1,-1,-1,-1,-1,0,0,0,0,0,0,0,1720199379938743700
-1,-1,-1,-1,-1,-1,-1,0,0,0,0,0,0,0,1720199379959205100
-1,-1,-1,-1,-1,-1,-1,0,0,0,0,0,0,0,1720199379984063800
-1,-1,-1,-1,-1,-1,-1,0,0,0,0,0,0,0,1720199380004098500
-1,-1,-1,-1,-1,-1,-1,0,0,0,0,0,0,0,1720199380024718600
-1,-1,-1,-1,-1,-1,-1,0,0,0,0,0,0,0,1720199380044718300
-1,-1,-1,-1,-1,-1,-1,0,0,0,0,0,0,0,1720199380065718700
-1,-1,-1,-1,-1,-1,-1,0,0,0,0,0,0,0,1720199380085686000
-1,-1,-1,-1,-1,-1,-1,0,0,0,0,0,0,0,1720199380106687800
-1,-1,-1,-1,-1,-1,-1,0,0,0,0,0,0,0,1720199380126957600
-1,-1,-1,-1,-1,-1,-1,0,0,0,0,0,0,0,1720199380151936200
-1,-1,-1,-1,-1,-1,-1,0,0,0,0,0,0,0,1720199380171934300
-1,-1,-1,-1,-1,-1,-1,0,0,0,0,0,0,0,1720199380192970900
-1,-1,-1,-1,-1,-1,-1,0,0,0,0,0,0,0,1720199380213490300
-1,-1,-1,-1,-1,-1,-1,0,0,0,0,0,0,0,1720199380233531000
-1,-1,-1,-1,-1,-1,-1,0,0,0,0,0,0,0,1720199380254494700
-1,-1,-1,-1,-1,-1,-1,0,0,0,0,0,0,0,1720199380274533300
-1,-1,-1,-1,-1,-1,-1,0,0,0,0,0,0,0,1720199380294496500
-1,-1,-1,-1,-1,-1,-1,0,0,0,0,0,0,0,1720199380315002800
-1,-1,-1,-1,-1,-1,-1,0,0,0,0,0,0,0,1720199380340006600
-1,-1,-1,-1,-1,-1,-1,0,0,0,0,0,0,0,1720199380360036900
-1,-1,-1,-1,-1,-1,-1,0,0,0,0,0,0,0,1720199380381037200
-1,-1,-1,-1,-1,-1,-1,0,0,0,0,0,0,0,1720199380402016700
-1,-1,-1,-1,-1,-1,-1,0,0,0,0,0,0,0,1720199380421640400
-1,-1,-1,-1,-1,-1,-1,0,0,0,0,0,0,0,1720199380442607800
-1,-1,-1,-1,-1,-1,-1,0,0,0,0,0,0,0,1720199380462606100
-1,-1,-1,-1,-1,-1,-1,0,0,0,0,0,0,0,1720199380483608600
-1,-1,-1,-1,-1,-1,-1,0,0,0,0,0,0,0,1720199380503583800
-1,-1,-1,-1,-1,-1,-1,0,0,0,0,0,0,0,1720199380528090600
-1,-1,-1,-1,-1,-1,-1,0,0,0,0,0,0,0,1720199380548818800
-1,-1,-1,-1,-1,-1,-1,0,0,0,0,0,0,0,1720199380569998400
-1,-1,-1,-1,-1,-1,-1,0,0,0,0,0,0,0,1720199380589998400
-1,-1,-1,-1,-1,-1,-1,0,0,0,0,0,0,0,1720199380610000700
-1,-1,-1,-1,-1,-1,-1,0,0,0,0,0,0,0,1720199380630512000
-1,-1,-1,-1,-1,-1,-1,0,0,0,0,0,0,0,1720199380651510500
-1,-1,-1,-1,-1,-1,-1,0,0,0,0,0,0,0,1720199380671509300
-1,-1,-1,-1,-1,-1,-1,0,0,0,0,0,0,0,1720199380692509700
-1,-1,-1,-1,-1,-1,-1,0,0,0,0,0,0,0,1720199380717050700
-1,-1,-1,-1,-1,-1,-1,0,0,0,0,0,0,0,1720199380737045000
-1,-1,-1,-1,-1,-1,-1,0,0,0,0,0,0,0,1720199380758044300
-1,-1,-1,-1,-1,-1,-1,0,0,0,0,0,0,0,1720199380777986500
-1,-1,-1,-1,-1,-1,-1,0,0,0,0,0,0,0,1720199380799030900
-1,-1,-1,-1,-1,-1,-1,0,0,0,0,0,0,0,1720199380819451800
-1,-1,-1,-1,-1,-1,-1,0,0,0,0,0,0,0,1720199380839453800
-1,-1,-1,-1,-1,-1,-1,0,0,0,0,0,0,0,1720199380860455700
-1,-1,-1,-1,-1,-1,-1,0,0,0,0,0,0,0,1720199380884457000
-1,-1,-1,-1,-1,-1,-1,0,0,0,0,0,0,0,1720199380905521700
-1,-1,-1,-1,-1,-1,-1,0,0,0,0,0,0,0,1720199380926101800
-1,-1,-1,-1,-1,-1,-1,0,0,0,0,0,0,0,1720199380947189400
-1,-1,-1,-1,-1,-1,-1,0,0,0,0,0,0,0,1720199380967175000
-1,-1,-1,-1,-1,-1,-1,0,0,0,0,0,0,0,1720199380987210400
-1,-1,-1,-1,-1,-1,-1,0,0,0,0,0,0,0,1720199381007228800
-1,-1,-1,-1,-1,-1,-1,0,0,0,0,0,0,0,1720199381027776400
-1,-1,-1,-1,-1,-1,-1,0,0,0,0,0,0,0,1720199381048877600
-1,-1,-1,-1,-1,-1,-1,0,0,0,0,0,0,0,1720199381072915400
-1,-1,-1,-1,-1,-1,-1,0,0,0,0,0,0,0,1720199381093877900
-1,-1,-1,-1,-1,-1,-1,0,0,0,0,0,0,0,1720199381114394700
-1,-1,-1,-1,-1,-1,-1,0,0,0,0,0,0,0,1720199381134399700
-1,-1,-1,-1,-1,-1,-1,0,0,0,0,0,0,0,1720199381155400500
-1,-1,-1,-1,-1,-1,-1,0,0,0,0,0,0,0,1720199381175393700
-1,-1,-1,-1,-1,-1,-1,0,0,0,0,0,0,0,1720199381196397200
-1,-1,-1,-1,-1,-1,-1,0,0,0,0,0,0,0,1720199381216903700
-1,-1,-1,-1,-1,-1,-1,0,0,0,0,0,0,0,1720199381236902700
-1,-1,-1,-1,-1,-1,-1,0,0,0,0,0,0,0,1720199381261902800
-1,-1,-1,-1,-1,-1,-1,0,0,0,0,0,0,0,1720199381281903600
-1,-1,-1,-1,-1,-1,-1,0,0,0,0,0,0,0,1720199381302907000
-1,-1,-1,-1,-1,-1,-1,0,0,0,0,0,0,0,1720199381322936400
-1,-1,-1,-1,-1,-1,-1,0,0,0,0,0,0,0,1720199381343822200
-1,-1,-1,-1,-1,-1,-1,0,0,0,0,0,0,0,1720199381363822700
-1,-1,-1,-1,-1,-1,-1,0,0,0,0,0,0,0,1720199381384845500
-1,-1,-1,-1,-1,-1,-1,0,0,0,0,0,0,0,1720199381404899900
-1,-1,-1,-1,-1,-1,-1,0,0,0,0,0,0,0,1720199381425474100
-1,-1,-1,-1,-1,-1,-1,0,0,0,0,0,0,0,1720199381449440700
-1,-1,-1,-1,-1,-1,-1,0,0,0,0,0,0,0,1720199381470478400
-1,-1,-1,-1,-1,-1,-1,0,0,0,0,0,0,0,1720199381490473800
-1,-1,-1,-1,-1,-1,-1,0,0,0,0,0,0,0,1720199381511469700
-1,-1,-1,-1,-1,-1,-1,0,0,0,0,0,0,0,1720199381532015500
-1,-1,-1,-1,-1,-1,-1,0,0,0,0,0,0,0,1720199381551981200
-1,-1,-1,-1,-1,-1,-1,0,0,0,0,0,0,0,1720199381572981300
-1,-1,-1,-1,-1,-1,-1,0,0,0,0,0,0,0,1720199381592981000
-1,-1,-1,-1,-1,-1,-1,0,0,0,0,0,0,0,1720199381613561000
-1,-1,-1,-1,-1,-1,-1,0,0,0,0,0,0,0,1720199381638602300
-1,-1,-1,-1,-1,-1,-1,0,0,0,0,0,0,0,1720199381658602900
-1,-1,-1,-1,-1,-1,-1,0,0,0,0,0,0,0,1720199381679566000
-1,-1,-1,-1,-1,-1,-1,0,0,0,0,0,0,0,1720199381700611300
-1,-1,-1,-1,-1,-1,-1,0,0,0,0,0,0,0,1720199381720130700
-1,-1,-1,-1,-1,-1,-1,0,0,0,0,0,0,0,1720199381741179200
-1,-1,-1,-1,-1,-1,-1,0,0,0,0,0,0,0,1720199381761165100
-1,-1,-1,-1,-1,-1,-1,0,0,0,0,0,0,0,1720199381782130200
-1,-1,-1,-1,-1,-1,-1,0,0,0,0,0,0,0,1720199381806130300
-1,-1,-1,-1,-1,-1,-1,0,0,0,0,0,0,0,1720199381826637600
-1,-1,-1,-1,-1,-1,-1,0,0,0,0,0,0,0,1720199381847638000
-1,-1,-1,-1,-1,-1,-1,0,0,0,0,0,0,0,1720199381867637700
-1,-1,-1,-1,-1,-1,-1,0,0,0,0,0,0,0,1720199381888653300
-1,-1,-1,-1,-1,-1,-1,0,0,0,0,0,0,0,1720199381908688500
-1,-1,-1,-1,-1,-1,-1,0,0,0,0,0,0,0,1720199381929279300
-1,-1,-1,-1,-1,-1,-1,0,0,0,0,0,0,0,1720199381949281200
-1,-1,-1,-1,-1,-1,-1,0,0,0,0,0,0,0,1720199381970242900
-1,-1,-1,-1,-1,-1,-1,0,0,0,0,0,0,0,1720199381994242700
-1,-1,-1,-1,-1,-1,-1,0,0,0,0,0,0,0,1720199382014754700
-1,-1,-1,-1,-1,-1,-1,0,0,0,0,0,0,0,1720199382035756100
-1,-1,-1,-1,-1,-1,-1,0,0,0,0,0,0,0,1720199382056764300
-1,-1,-1,-1,-1,-1,-1,0,0,0,0,0,0,0,1720199382076793300
-1,-1,-1,-1,-1,-1,-1,0,0,0,0,0,0,0,1720199382096802000
-1,-1,-1,-1,-1,-1,-1,0,0,0,0,0,0,0,1720199382117417400
-1,-1,-1,-1,-1,-1,-1,0,0,0,0,0,0,0,1720199382138385400
-1,-1,-1,-1,-1,-1,-1,0,0,0,0,0,0,0,1720199382158383800
-1,-1,-1,-1,-1,-1,-1,0,0,0,0,0,0,0,1720199382183416400
-1,-1,-1,-1,-1,-1,-1,0,0,0,0,0,0,0,1720199382203453300
-1,-1,-1,-1,-1,-1,-1,0,0,0,0,0,0,0,1720199382223994800
-1,-1,-1,-1,-1,-1,-1,0,0,0,0,0,0,0,1720199382244996500
-1,-1,-1,-1,-1,-1,-1,0,0,0,0,0,0,0,1720199382264994800
-1,-1,-1,-1,-1,-1,-1,0,0,0,0,0,0,0,1720199382286007400
-1,-1,-1,-1,-1,-1,-1,0,0,0,0,0,0,0,1720199382306534900
-1,-1,-1,-1,-1,-1,-1,0,0,0,0,0,0,0,1720199382327118000
-1,-1,-1,-1,-1,-1,-1,0,0,0,0,0,0,0,1720199382347155400
-1,-1,-1,-1,-1,-1,-1,0,0,0,0,0,0,0,1720199382371118700
-1,-1,-1,-1,-1,-1,-1,0,0,0,0,0,0,0,1720199382392116400
-1,-1,-1,-1,-1,-1,-1,0,0,0,0,0,0,0,1720199382412157300
-1,-1,-1,-1,-1,-1,-1,0,0,0,0,0,0,0,1720199382433283600
-1,-1,-1,-1,-1,-1,-1,0,0,0,0,0,0,0,1720199382453247200
-1,-1,-1,-1,-1,-1,-1,0,0,0,0,0,0,0,1720199382474289500
-1,-1,-1,-1,-1,-1,-1,0,0,0,0,0,0,0,1720199382494284000
-1,-1,-1,-1,-1,-1,-1,0,0,0,0,0,0,0,1720199382514831700
-1,-1,-1,-1,-1,-1,-1,0,0,0,0,0,0,0,1720199382539839700
-1,-1,-1,-1,-1,-1,-1,0,0,0,0,0,0,0,1720199382559870300
-1,-1,-1,-1,-1,-1,-1,0,0,0,0,0,0,0,1720199382579860500
-1,-1,-1,-1,-1,-1,-1,0,0,0,0,0,0,0,1720199382600938700
-1,-1,-1,-1,-1,-1,-1,0,0,0,0,0,0,0,1720199382621468200
-1,-1,-1,-1,-1,-1,-1,0,0,0,0,0,0,0,1720199382641511900
-1,-1,-1,-1,-1,-1,-1,0,0,0,0,0,0,0,1720199382662480700
-1,-1,-1,-1,-1,-1,-1,0,0,0,0,0,0,0,1720199382682810100
-1,-1,-1,-1,-1,-1,-1,0,0,0,0,0,0,0,1720199382704463400
-1,-1,-1,-1,-1,-1,-1,0,0,0,0,0,0,0,1720199382727858000
-1,-1,-1,-1,-1,-1,-1,0,0,0,0,0,0,0,1720199382747857600
-1,-1,-1,-1,-1,-1,-1,0,0,0,0,0,0,0,1720199382768858300
-1,-1,-1,-1,-1,-1,-1,0,0,0,0,0,0,0,1720199382788864700
-1,-1,-1,-1,-1,-1,-1,0,0,0,0,0,0,0,1720199382809905100
-1,-1,-1,-1,-1,-1,-1,0,0,0,0,0,0,0,1720199382830491800
-1,-1,-1,-1,-1,-1,-1,0,0,0,0,0,0,0,1720199382850482800
-1,-1,-1,-1,-1,-1,-1,0,0,0,0,0,0,0,1720199382871483500
-1,-1,-1,-1,-1,-1,-1,0,0,0,0,0,0,0,1720199382891447300
-1,-1,-1,-1,-1,-1,-1,0,0,0,0,0,0,0,1720199382916020300
-1,-1,-1,-1,-1,-1,-1,0,0,0,0,0,0,0,1720199382937053800
-1,-1,-1,-1,-1,-1,-1,0,0,0,0,0,0,0,1720199382957055400
-1,-1,-1,-1,-1,-1,-1,0,0,0,0,0,0,0,1720199382978021300
-1,-1,-1,-1,-1,-1,-1,0,0,0,0,0,0,0,1720199382998055300
-1,-1,-1,-1,-1,-1,-1,0,0,0,0,0,0,0,1720199383018566100
-1,-1,-1,-1,-1,-1,-1,0,0,0,0,0,0,0,1720199383039590300
-1,-1,-1,-1,-1,-1,-1,0,0,0,0,0,0,0,1720199383059600900
-1,-1,-1,-1,-1,-1,-1,0,0,0,0,0,0,0,1720199383080605600
-1,-1,-1,-1,-1,-1,-1,0,0,0,0,0,0,0,1720199383104610900
-1,-1,-1,-1,-1,-1,-1,0,0,0,0,0,0,0,1720199383125191900
-1,-1,-1,-1,-1,-1,-1,0,0,0,0,0,0,0,1720199383145190800
-1,-1,-1,-1,-1,-1,-1,0,0,0,0,0,0,0,1720199383166196400
-1,-1,-1,-1,-1,-1,-1,0,0,0,0,0,0,0,1720199383186189800
-1,-1,-1,-1,-1,-1,-1,0,0,0,0,0,0,0,1720199383207229600
-1,-1,-1,-1,-1,-1,-1,0,0,0,0,0,0,0,1720199383227702700
-1,-1,-1,-1,-1,-1,-1,0,0,0,0,0,0,0,1720199383247701000
-1,-1,-1,-1,-1,-1,-1,0,0,0,0,0,0,0,1720199383272703700
-1,-1,-1,-1,-1,-1,-1,0,0,0,0,0,0,0,1720199383292738300
-1,-1,-1,-1,-1,-1,-1,0,0,0,0,0,0,0,1720199383313785900
-1,-1,-1,-1,-1,-1,-1,0,0,0,0,0,0,0,1720199383334364400
-1,-1,-1,-1,-1,-1,-1,0,0,0,0,0,0,0,1720199383354335800
-1,-1,-1,-1,-1,-1,-1,0,0,0,0,0,0,0,1720199383375344300
-1,-1,-1,-1,-1,-1,-1,0,0,0,0,0,0,0,1720199383395366700
-1,-1,-1,-1,-1,-1,-1,0,0,0,0,0,0,0,1720199383415923500
-1,-1,-1,-1,-1,-1,-1,0,0,0,0,0,0,0,1720199383435929200
-1,-1,-1,-1,-1,-1,-1,0,0,0,0,0,0,0,1720199383460928600
-1,-1,-1,-1,-1,-1,-1,0,0,0,0,0,0,0,1720199383480928100
-1,-1,-1,-1,-1,-1,-1,0,0,0,0,0,0,0,1720199383501969200
-1,-1,-1,-1,-1,-1,-1,0,0,0,0,0,0,0,1720199383522590100
-1,-1,-1,-1,-1,-1,-1,0,0,0,0,0,0,0,1720199383542588000
-1,-1,-1,-1,-1,-1,-1,0,0,0,0,0,0,0,1720199383563591500
-1,-1,-1,-1,-1,-1,-1,0,0,0,0,0,0,0,1720199383583589900
-1,-1,-1,-1,-1,-1,-1,0,0,0,0,0,0,0,1720199383604643100
-1,-1,-1,-1,-1,-1,-1,0,0,0,0,0,0,0,1720199383625135900
-1,-1,-1,-1,-1,-1,-1,0,0,0,0,0,0,0,1720199383649171300
-1,-1,-1,-1,-1,-1,-1,0,0,0,0,0,0,0,1720199383670144400
-1,-1,-1,-1,-1,-1,-1,0,0,0,0,0,0,0,1720199383690138200
-1,-1,-1,-1,-1,-1,-1,0,0,0,0,0,0,0,1720199383711183300
-1,-1,-1,-1,-1,-1,-1,0,0,0,0,0,0,0,1720199383731312300
-1,-1,-1,-1,-1,-1,-1,0,0,0,0,0,0,0,1720199383752274900
-1,-1,-1,-1,-1,-1,-1,0,0,0,0,0,0,0,1720199383772325700
-1,-1,-1,-1,-1,-1,-1,0,0,0,0,0,0,0,1720199383792309600
-1,-1,-1,-1,-1,-1,-1,0,0,0,0,0,0,0,1720199383813317300
-1,-1,-1,-1,-1,-1,-1,0,0,0,0,0,0,0,1720199383837856200
-1,-1,-1,-1,-1,-1,-1,0,0,0,0,0,0,0,1720199383857856800
-1,-1,-1,-1,-1,-1,-1,0,0,0,0,0,0,0,1720199383878856300
-1,-1,-1,-1,-1,-1,-1,0,0,0,0,0,0,0,1720199383898703100
-1,-1,-1,-1,-1,-1,-1,0,0,0,0,0,0,0,1720199383919216700
-1,-1,-1,-1,-1,-1,-1,0,0,0,0,0,0,0,1720199383940217400
-1,-1,-1,-1,-1,-1,-1,0,0,0,0,0,0,0,1720199383960217000
-1,-1,-1,-1,-1,-1,-1,0,0,0,0,0,0,0,1720199383981217100
-1,-1,-1,-1,-1,-1,-1,0,0,0,0,0,0,0,1720199384006438500
-1,-1,-1,-1,-1,-1,-1,0,0,0,0,0,0,0,1720199384025771500
-1,-1,-1,-1,-1,-1,-1,0,0,0,0,0,0,0,1720199384046770300
-1,-1,-1,-1,-1,-1,-1,0,0,0,0,0,0,0,1720199384066771200
-1,-1,-1,-1,-1,-1,-1,0,0,0,0,0,0,0,1720199384087774400
-1,-1,-1,-1,-1,-1,-1,0,0,0,0,0,0,0,1720199384107781700
-1,-1,-1,-1,-1,-1,-1,0,0,0,0,0,0,0,1720199384128357600
-1,-1,-1,-1,-1,-1,-1,0,0,0,0,0,0,0,1720199384149418100
-1,-1,-1,-1,-1,-1,-1,0,0,0,0,0,0,0,1720199384169391400
-1,-1,-1,-1,-1,-1,-1,0,0,0,0,0,0,0,1720199384194358700
-1,-1,-1,-1,-1,-1,-1,0,0,0,0,0,0,0,1720199384214396600
-1,-1,-1,-1,-1,-1,-1,0,0,0,0,0,0,0,1720199384234909700
-1,-1,-1,-1,-1,-1,-1,0,0,0,0,0,0,0,1720199384255904500
-1,-1,-1,-1,-1,-1,-1,0,0,0,0,0,0,0,1720199384276379500
-1,-1,-1,-1,-1,-1,-1,0,0,0,0,0,0,0,1720199384296062900
-1,-1,-1,-1,-1,-1,-1,0,0,0,0,0,0,0,1720199384316589800
-1,-1,-1,-1,-1,-1,-1,0,0,0,0,0,0,0,1720199384337595500
-1,-1,-1,-1,-1,-1,-1,0,0,0,0,0,0,0,1720199384357593900
-1,-1,-1,-1,-1,-1,-1,0,0,0,0,0,0,0,1720199384382629800
-1,-1,-1,-1,-1,-1,-1,0,0,0,0,0,0,0,1720199384402670200
-1,-1,-1,-1,-1,-1,-1,0,0,0,0,0,0,0,1720199384423268000
-1,-1,-1,-1,-1,-1,-1,0,0,0,0,0,0,0,1720199384444254900
-1,-1,-1,-1,-1,-1,-1,0,0,0,0,0,0,0,1720199384464218900
-1,-1,-1,-1,-1,-1,-1,0,0,0,0,0,0,0,1720199384485219700
-1,-1,-1,-1,-1,-1,-1,0,0,0,0,0,0,0,1720199384505223400
-1,-1,-1,-1,-1,-1,-1,0,0,0,0,0,0,0,1720199384525732900
-1,-1,-1,-1,-1,-1,-1,0,0,0,0,0,0,0,1720199384546732700
-1,-1,-1,-1,-1,-1,-1,0,0,0,0,0,0,0,1720199384570590000
-1,-1,-1,-1,-1,-1,-1,0,0,0,0,0,0,0,1720199384591588400
-1,-1,-1,-1,-1,-1,-1,0,0,0,0,0,0,0,1720199384611595400
-1,-1,-1,-1,-1,-1,-1,0,0,0,0,0,0,0,1720199384632307900
-1,-1,-1,-1,-1,-1,-1,0,0,0,0,0,0,0,1720199384652338900
-1,-1,-1,-1,-1,-1,-1,0,0,0,0,0,0,0,1720199384673306800
-1,-1,-1,-1,-1,-1,-1,0,0,0,0,0,0,0,1720199384693306500
-1,-1,-1,-1,-1,-1,-1,0,0,0,0,0,0,0,1720199384714326300
-1,-1,-1,-1,-1,-1,-1,0,0,0,0,0,0,0,1720199384738390700
-1,-1,-1,-1,-1,-1,-1,0,0,0,0,0,0,0,1720199384759356400
-1,-1,-1,-1,-1,-1,-1,0,0,0,0,0,0,0,1720199384779356300
-1,-1,-1,-1,-1,-1,-1,0,0,0,0,0,0,0,1720199384800357300
-1,-1,-1,-1,-1,-1,-1,0,0,0,0,0,0,0,1720199384820873100
-1,-1,-1,-1,-1,-1,-1,0,0,0,0,0,0,0,1720199384840880200
-1,-1,-1,-1,-1,-1,-1,0,0,0,0,0,0,0,1720199384861878600
-1,-1,-1,-1,-1,-1,-1,0,0,0,0,0,0,0,1720199384881913800
-1,-1,-1,-1,-1,-1,-1,0,0,0,0,0,0,0,1720199384902886400
-1,-1,-1,-1,-1,-1,-1,0,0,0,0,0,0,0,1720199384927396300
-1,-1,-1,-1,-1,-1,-1,0,0,0,0,0,0,0,1720199384947432400
-1,-1,-1,-1,-1,-1,-1,0,0,0,0,0,0,0,1720199384968396100
-1,-1,-1,-1,-1,-1,-1,0,0,0,0,0,0,0,1720199384988396900
-1,-1,-1,-1,-1,-1,-1,0,0,0,0,0,0,0,1720199385009471500
-1,-1,-1,-1,-1,-1,-1,0,0,0,0,0,0,0,1720199385030062200
-1,-1,-1,-1,-1,-1,-1,0,0,0,0,0,0,0,1720199385050067900
-1,-1,-1,-1,-1,-1,-1,0,0,0,0,0,0,0,1720199385070066800
-1,-1,-1,-1,-1,-1,-1,0,0,0,0,0,0,0,1720199385091066300
-1,-1,-1,-1,-1,-1,-1,0,0,0,0,0,0,0,1720199385116073900
-1,-1,-1,-1,-1,-1,-1,0,0,0,0,0,0,0,1720199385136129300
-1,-1,-1,-1,-1,-1,-1,0,0,0,0,0,0,0,1720199385157135800
-1,-1,-1,-1,-1,-1,-1,0,0,0,0,0,0,0,1720199385177135400
-1,-1,-1,-1,-1,-1,-1,0,0,0,0,0,0,0,1720199385197747000
-1,-1,-1,-1,-1,-1,-1,0,0,0,0,0,0,0,1720199385218338900
-1,-1,-1,-1,-1,-1,-1,0,0,0,0,0,0,0,1720199385238351700
-1,-1,-1,-1,-1,-1,-1,0,0,0,0,0,0,0,1720199385272337200
-1,-1,-1,-1,-1,-1,-1,0,0,0,0,0,0,0,1720199385279368200
-1,-1,-1,-1,-1,-1,-1,0,0,0,0,0,0,0,1720199385304374700
-1,-1,-1,-1,-1,-1,-1,0,0,0,0,0,0,0,1720199385324852900
-1,-1,-1,-1,-1,-1,-1,0,0,0,0,0,0,0,1720199385344853800
-1,-1,-1,-1,-1,-1,-1,0,0,0,0,0,0,0,1720199385365852500
-1,-1,-1,-1,-1,-1,-1,0,0,0,0,0,0,0,1720199385385856000
-1,-1,-1,-1,-1,-1,-1,0,0,0,0,0,0,0,1720199385405894800
-1,-1,-1,-1,-1,-1,-1,0,0,0,0,0,0,0,1720199385426503900
-1,-1,-1,-1,-1,-1,-1,0,0,0,0,0,0,0,1720199385447502000
-1,-1,-1,-1,-1,-1,-1,0,0,0,0,0,0,0,1720199385467500800
-1,-1,-1,-1,-1,-1,-1,0,0,0,0,0,0,0,1720199385492503200
-1,-1,-1,-1,-1,-1,-1,0,0,0,0,0,0,0,1720199385512511900
-1,-1,-1,-1,-1,-1,-1,0,0,0,0,0,0,0,1720199385534055300
-1,-1,-1,-1,-1,-1,-1,0,0,0,0,0,0,0,1720199385554066400
-1,-1,-1,-1,-1,-1,-1,0,0,0,0,0,0,0,1720199385574088700
-1,-1,-1,-1,-1,-1,-1,0,0,0,0,0,0,0,1720199385595066600
-1,-1,-1,-1,-1,-1,-1,0,0,0,0,0,0,0,1720199385615131400
-1,-1,-1,-1,-1,-1,-1,0,0,0,0,0,0,0,1720199385635706900
-1,-1,-1,-1,-1,-1,-1,0,0,0,0,0,0,0,1720199385660688000
-1,-1,-1,-1,-1,-1,-1,0,0,0,0,0,0,0,1720199385680742700
-1,-1,-1,-1,-1,-1,-1,0,0,0,0,0,0,0,1720199385701692300
-1,-1,-1,-1,-1,-1,-1,0,0,0,0,0,0,0,1720199385722301100
-1,-1,-1,-1,-1,-1,-1,0,0,0,0,0,0,0,1720199385742299200
-1,-1,-1,-1,-1,-1,-1,0,0,0,0,0,0,0,1720199385762866700
-1,-1,-1,-1,-1,-1,-1,0,0,0,0,0,0,0,1720199385782832300
-1,-1,-1,-1,-1,-1,-1,0,0,0,0,0,0,0,1720199385803905100
-1,-1,-1,-1,-1,-1,-1,0,0,0,0,0,0,0,1720199385824458600
-1,-1,-1,-1,-1,-1,-1,0,0,0,0,0,0,0,1720199385848911900
-1,-1,-1,-1,-1,-1,-1,0,0,0,0,0,0,0,1720199385868949500
-1,-1,-1,-1,-1,-1,-1,0,0,0,0,0,0,0,1720199385889919800
-1,-1,-1,-1,-1,-1,-1,0,0,0,0,0,0,0,1720199385909919500
-1,-1,-1,-1,-1,-1,-1,0,0,0,0,0,0,0,1720199385930561600
-1,-1,-1,-1,-1,-1,-1,0,0,0,0,0,0,0,1720199385951561600
-1,-1,-1,-1,-1,-1,-1,0,0,0,0,0,0,0,1720199385971561200
-1,-1,-1,-1,-1,-1,-1,0,0,0,0,0,0,0,1720199385992561200
-1,-1,-1,-1,-1,-1,-1,0,0,0,0,0,0,0,1720199386012582700
-1,-1,-1,-1,-1,-1,-1,0,0,0,0,0,0,0,1720199386037095300
-1,-1,-1,-1,-1,-1,-1,0,0,0,0,0,0,0,1720199386057095600
-1,-1,-1,-1,-1,-1,-1,0,0,0,0,0,0,0,1720199386078094800
-1,-1,-1,-1,-1,-1,-1,0,0,0,0,0,0,0,1720199386099097000
-1,-1,-1,-1,-1,-1,-1,0,0,0,0,0,0,0,1720199386118617800
-1,-1,-1,-1,-1,-1,-1,0,0,0,0,0,0,0,1720199386139623600
-1,-1,-1,-1,-1,-1,-1,0,0,0,0,0,0,0,1720199386159657400
-1,-1,-1,-1,-1,-1,-1,0,0,0,0,0,0,0,1720199386180624800
-1,-1,-1,-1,-1,-1,-1,0,0,0,0,0,0,0,1720199386200622000
-1,-1,-1,-1,-1,-1,-1,0,0,0,0,0,0,0,1720199386225135600
-1,-1,-1,-1,-1,-1,-1,0,0,0,0,0,0,0,1720199386246169700
-1,-1,-1,-1,-1,-1,-1,0,0,0,0,0,0,0,1720199386266134600
-1,-1,-1,-1,-1,-1,-1,0,0,0,0,0,0,0,1720199386287134600
-1,-1,-1,-1,-1,-1,-1,0,0,0,0,0,0,0,1720199386307143100
-1,-1,-1,-1,-1,-1,-1,0,0,0,0,0,0,0,1720199386327723900
-1,-1,-1,-1,-1,-1,-1,0,0,0,0,0,0,0,1720199386348720600
-1,-1,-1,-1,-1,-1,-1,0,0,0,0,0,0,0,1720199386368720800
-1,-1,-1,-1,-1,-1,-1,0,0,0,0,0,0,0,1720199386393722000
-1,-1,-1,-1,-1,-1,-1,0,0,0,0,0,0,0,1720199386413694500
-1,-1,-1,-1,-1,-1,-1,0,0,0,0,0,0,0,1720199386434274400
-1,-1,-1,-1,-1,-1,-1,0,0,0,0,0,0,0,1720199386455273900
-1,-1,-1,-1,-1,-1,-1,0,0,0,0,0,0,0,1720199386475273900
-1,-1,-1,-1,-1,-1,-1,0,0,0,0,0,0,0,1720199386496274500
-1,-1,-1,-1,-1,-1,-1,0,0,0,0,0,0,0,1720199386516292100
-1,-1,-1,-1,-1,-1,-1,0,0,0,0,0,0,0,1720199386537022500
-1,-1,-1,-1,-1,-1,-1,0,0,0,0,0,0,0,1720199386557025100
-1,-1,-1,-1,-1,-1,-1,0,0,0,0,0,0,0,1720199386582021700
-1,-1,-1,-1,-1,-1,-1,0,0,0,0,0,0,0,1720199386602023200
-1,-1,-1,-1,-1,-1,-1,0,0,0,0,0,0,0,1720199386622542200
-1,-1,-1,-1,-1,-1,-1,0,0,0,0,0,0,0,1720199386643541300
-1,-1,-1,-1,-1,-1,-1,0,0,0,0,0,0,0,1720199386663543500
-1,-1,-1,-1,-1,-1,-1,0,0,0,0,0,0,0,1720199386684550100
-1,-1,-1,-1,-1,-1,-1,0,0,0,0,0,0,0,1720199386705612100
-1,-1,-1,-1,-1,-1,-1,0,0,0,0,0,0,0,1720199386725096800
-1,-1,-1,-1,-1,-1,-1,0,0,0,0,0,0,0,1720199386746098200
-1,-1,-1,-1,-1,-1,-1,0,0,0,0,0,0,0,1720199386770096100
-1,-1,-1,-1,-1,-1,-1,0,0,0,0,0,0,0,1720199386790643700
-1,-1,-1,-1,-1,-1,-1,0,0,0,0,0,0,0,1720199386811668900
-1,-1,-1,-1,-1,-1,-1,0,0,0,0,0,0,0,1720199386832170400
-1,-1,-1,-1,-1,-1,-1,0,0,0,0,0,0,0,1720199386852166300
-1,-1,-1,-1,-1,-1,-1,0,0,0,0,0,0,0,1720199386873188100
-1,-1,-1,-1,-1,-1,-1,0,0,0,0,0,0,0,1720199386893202700
-1,-1,-1,-1,-1,-1,-1,0,0,0,0,0,0,0,1720199386913173700
-1,-1,-1,-1,-1,-1,-1,0,0,0,0,0,0,0,1720199386933722700
-1,-1,-1,-1,-1,-1,-1,0,0,0,0,0,0,0,1720199386958739200
-1,-1,-1,-1,-1,-1,-1,0,0,0,0,0,0,0,1720199386978721300
-1,-1,-1,-1,-1,-1,-1,0,0,0,0,0,0,0,1720199386999754500
-1,-1,-1,-1,-1,-1,-1,0,0,0,0,0,0,0,1720199387020373200
-1,-1,-1,-1,-1,-1,-1,0,0,0,0,0,0,0,1720199387040373200
-1,-1,-1,-1,-1,-1,-1,0,0,0,0,0,0,0,1720199387061338400
-1,-1,-1,-1,-1,-1,-1,0,0,0,0,0,0,0,1720199387081373500
-1,-1,-1,-1,-1,-1,-1,0,0,0,0,0,0,0,1720199387102341000
-1,-1,-1,-1,-1,-1,-1,0,0,0,0,0,0,0,1720199387126894700
-1,-1,-1,-1,-1,-1,-1,0,0,0,0,0,0,0,1720199387146894400
-1,-1,-1,-1,-1,-1,-1,0,0,0,0,0,0,0,1720199387167894000
-1,-1,-1,-1,-1,-1,-1,0,0,0,0,0,0,0,1720199387187923400
-1,-1,-1,-1,-1,-1,-1,0,0,0,0,0,0,0,1720199387208898100
-1,-1,-1,-1,-1,-1,-1,0,0,0,0,0,0,0,1720199387229408000
-1,-1,-1,-1,-1,-1,-1,0,0,0,0,0,0,0,1720199387249408400
-1,-1,-1,-1,-1,-1,-1,0,0,0,0,0,0,0,1720199387270409300
-1,-1,-1,-1,-1,-1,-1,0,0,0,0,0,0,0,1720199387290407700
-1,-1,-1,-1,-1,-1,-1,0,0,0,0,0,0,0,1720199387315418600
-1,-1,-1,-1,-1,-1,-1,0,0,0,0,0,0,0,1720199387335923400
-1,-1,-1,-1,-1,-1,-1,0,0,0,0,0,0,0,1720199387355921800
-1,-1,-1,-1,-1,-1,-1,0,0,0,0,0,0,0,1720199387375954900
-1,-1,-1,-1,-1,-1,-1,0,0,0,0,0,0,0,1720199387396958500
-1,-1,-1,-1,-1,-1,-1,0,0,0,0,0,0,0,1720199387416962100
-1,-1,-1,-1,-1,-1,-1,0,0,0,0,0,0,0,1720199387437472800
-1,-1,-1,-1,-1,-1,-1,0,0,0,0,0,0,0,1720199387458471600
-1,-1,-1,-1,-1,-1,-1,0,0,0,0,0,0,0,1720199387478470700
-1,-1,-1,-1,-1,-1,-1,0,0,0,0,0,0,0,1720199387503504300
-1,-1,-1,-1,-1,-1,-1,0,0,0,0,0,0,0,1720199387524054100
-1,-1,-1,-1,-1,-1,-1,0,0,0,0,0,0,0,1720199387544017500
-1,-1,-1,-1,-1,-1,-1,0,0,0,0,0,0,0,1720199387565019200
-1,-1,-1,-1,-1,-1,-1,0,0,0,0,0,0,0,1720199387585021500
-1,-1,-1,-1,-1,-1,-1,0,0,0,0,0,0,0,1720199387606026000
-1,-1,-1,-1,-1,-1,-1,0,0,0,0,0,0,0,1720199387626602200
-1,-1,-1,-1,-1,-1,-1,0,0,0,0,0,0,0,1720199387646636700
-1,-1,-1,-1,-1,-1,-1,0,0,0,0,0,0,0,1720199387667605600
-1,-1,-1,-1,-1,-1,-1,0,0,0,0,0,0,0,1720199387691621400
-1,-1,-1,-1,-1,-1,-1,0,0,0,0,0,0,0,1720199387712664200
-1,-1,-1,-1,-1,-1,-1,0,0,0,0,0,0,0,1720199387733206300
-1,-1,-1,-1,-1,-1,-1,0,0,0,0,0,0,0,1720199387753207000
-1,-1,-1,-1,-1,-1,-1,0,0,0,0,0,0,0,1720199387773210700
-1,-1,-1,-1,-1,-1,-1,0,0,0,0,0,0,0,1720199387794207800
-1,-1,-1,-1,-1,-1,-1,0,0,0,0,0,0,0,1720199387814244400
-1,-1,-1,-1,-1,-1,-1,0,0,0,0,0,0,0,1720199387834822100
-1,-1,-1,-1,-1,-1,-1,0,0,0,0,0,0,0,1720199387859823300
-1,-1,-1,-1,-1,-1,-1,0,0,0,0,0,0,0,1720199387879823600
-1,-1,-1,-1,-1,-1,-1,0,0,0,0,0,0,0,1720199387900857400
-1,-1,-1,-1,-1,-1,-1,0,0,0,0,0,0,0,1720199387921436900
-1,-1,-1,-1,-1,-1,-1,0,0,0,0,0,0,0,1720199387941396900
-1,-1,-1,-1,-1,-1,-1,0,0,0,0,0,0,0,1720199387962430500
-1,-1,-1,-1,-1,-1,-1,0,0,0,0,0,0,0,1720199387982395600
-1,-1,-1,-1,-1,-1,-1,0,0,0,0,0,0,0,1720199388003433900
-1,-1,-1,-1,-1,-1,-1,0,0,0,0,0,0,0,1720199388023945500
-1,-1,-1,-1,-1,-1,-1,0,0,0,0,0,0,0,1720199388047943100
-1,-1,-1,-1,-1,-1,-1,0,0,0,0,0,0,0,1720199388068944700
-1,-1,-1,-1,-1,-1,-1,0,0,0,0,0,0,0,1720199388088945400
-1,-1,-1,-1,-1,-1,-1,0,0,0,0,0,0,0,1720199388109953600
-1,-1,-1,-1,-1,-1,-1,0,0,0,0,0,0,0,1720199388129909500
-1,-1,-1,-1,-1,-1,-1,0,0,0,0,0,0,0,1720199388150914500
-1,-1,-1,-1,-1,-1,-1,0,0,0,0,0,0,0,1720199388170949300
-1,-1,-1,-1,-1,-1,-1,0,0,0,0,0,0,0,1720199388191950400
-1,-1,-1,-1,-1,-1,-1,0,0,0,0,0,0,0,1720199388211774200
-1,-1,-1,-1,-1,-1,-1,0,0,0,0,0,0,0,1720199388236053300
-1,-1,-1,-1,-1,-1,-1,0,0,0,0,0,0,0,1720199388257023800
-1,-1,-1,-1,-1,-1,-1,0,0,0,0,0,0,0,1720199388277021000
-1,-1,-1,-1,-1,-1,-1,0,0,0,0,0,0,0,1720199388298054500
-1,-1,-1,-1,-1,-1,-1,0,0,0,0,0,0,0,1720199388318093300
-1,-1,-1,-1,-1,-1,-1,0,0,0,0,0,0,0,1720199388338573200
-1,-1,-1,-1,-1,-1,-1,0,0,0,0,0,0,0,1720199388359544800
-1,-1,-1,-1,-1,-1,-1,0,0,0,0,0,0,0,1720199388380551300
-1,-1,-1,-1,-1,-1,-1,0,0,0,0,0,0,0,1720199388400537300
-1,-1,-1,-1,-1,-1,-1,0,0,0,0,0,0,0,1720199388425066100
-1,-1,-1,-1,-1,-1,-1,0,0,0,0,0,0,0,1720199388445055800
-1,-1,-1,-1,-1,-1,-1,0,0,0,0,0,0,0,1720199388466053100
-1,-1,-1,-1,-1,-1,-1,0,0,0,0,0,0,0,1720199388486053700
-1,-1,-1,-1,-1,-1,-1,0,0,0,0,0,0,0,1720199388506747800
-1,-1,-1,-1,-1,-1,-1,0,0,0,0,0,0,0,1720199388527631200
-1,-1,-1,-1,-1,-1,-1,0,0,0,0,0,0,0,1720199388547630700
-1,-1,-1,-1,-1,-1,-1,0,0,0,0,0,0,0,1720199388568631000
-1,-1,-1,-1,-1,-1,-1,0,0,0,0,0,0,0,1720199388592632200
-1,-1,-1,-1,-1,-1,-1,0,0,0,0,0,0,0,1720199388613638000
-1,-1,-1,-1,-1,-1,-1,0,0,0,0,0,0,0,1720199388634147000
-1,-1,-1,-1,-1,-1,-1,0,0,0,0,0,0,0,1720199388654154200
-1,-1,-1,-1,-1,-1,-1,0,0,0,0,0,0,0,1720199388675147400
-1,-1,-1,-1,-1,-1,-1,0,0,0,0,0,0,0,1720199388696152100
-1,-1,-1,-1,-1,-1,-1,0,0,0,0,0,0,0,1720199388716151800
-1,-1,-1,-1,-1,-1,-1,0,0,0,0,0,0,0,1720199388736419600
-1,-1,-1,-1,-1,-1,-1,0,0,0,0,0,0,0,1720199388756387600
-1,-1,-1,-1,-1,-1,-1,0,0,0,0,0,0,0,1720199388781415100
-1,-1,-1,-1,-1,-1,-1,0,0,0,0,0,0,0,1720199388801386200
-1,-1,-1,-1,-1,-1,-1,0,0,0,0,0,0,0,1720199388822556400
-1,-1,-1,-1,-1,-1,-1,0,0,0,0,0,0,0,1720199388842576900
-1,-1,-1,-1,-1,-1,-1,0,0,0,0,0,0,0,1720199388863556700
-1,-1,-1,-1,-1,-1,-1,0,0,0,0,0,0,0,1720199388883556300
-1,-1,-1,-1,-1,-1,-1,0,0,0,0,0,0,0,1720199388904559000
-1,-1,-1,-1,-1,-1,-1,0,0,0,0,0,0,0,1720199388924724500
-1,-1,-1,-1,-1,-1,-1,0,0,0,0,0,0,0,1720199388944728000
-1,-1,-1,-1,-1,-1,-1,0,0,0,0,0,0,0,1720199388969723700
-1,-1,-1,-1,-1,-1,-1,0,0,0,0,0,0,0,1720199388989734600
-1,-1,-1,-1,-1,-1,-1,0,0,0,0,0,0,0,1720199389010728900
-1,-1,-1,-1,-1,-1,-1,0,0,0,0,0,0,0,1720199389031320000
-1,-1,-1,-1,-1,-1,-1,0,0,0,0,0,0,0,1720199389051286500
-1,-1,-1,-1,-1,-1,-1,0,0,0,0,0,0,0,1720199389072286600
-1,-1,-1,-1,-1,-1,-1,0,0,0,0,0,0,0,1720199389092287600
-1,-1,-1,-1,-1,-1,-1,0,0,0,0,0,0,0,1720199389113300800
-1,-1,-1,-1,-1,-1,-1,0,0,0,0,0,0,0,1720199389133842600
-1,-1,-1,-1,-1,-1,-1,0,0,0,0,0,0,0,1720199389157876200
-1,-1,-1,-1,-1,-1,-1,0,0,0,0,0,0,0,1720199389178861400
-1,-1,-1,-1,-1,-1,-1,0,0,0,0,0,0,0,1720199389198846400
-1,-1,-1,-1,-1,-1,-1,0,0,0,0,0,0,0,1720199389219850000
-1,-1,-1,-1,-1,-1,-1,0,0,0,0,0,0,0,1720199389240397000
-1,-1,-1,-1,-1,-1,-1,0,0,0,0,0,0,0,1720199389260431100
-1,-1,-1,-1,-1,-1,-1,0,0,0,0,0,0,0,1720199389281399800
-1,-1,-1,-1,-1,-1,-1,0,0,0,0,0,0,0,1720199389301433600
-1,-1,-1,-1,-1,-1,-1,0,0,0,0,0,0,0,1720199389326020700
-1,-1,-1,-1,-1,-1,-1,0,0,0,0,0,0,0,1720199389345986800
-1,-1,-1,-1,-1,-1,-1,0,0,0,0,0,0,0,1720199389366987900
-1,-1,-1,-1,-1,-1,-1,0,0,0,0,0,0,0,1720199389387989700
-1,-1,-1,-1,-1,-1,-1,0,0,0,0,0,0,0,1720199389408023500
-1,-1,-1,-1,-1,-1,-1,0,0,0,0,0,0,0,1720199389428546300
-1,-1,-1,-1,-1,-1,-1,0,0,0,0,0,0,0,1720199389448512900
-1,-1,-1,-1,-1,-1,-1,0,0,0,0,0,0,0,1720199389469512100
-1,-1,-1,-1,-1,-1,-1,0,0,0,0,0,0,0,1720199389489517900
-1,-1,-1,-1,-1,-1,-1,0,0,0,0,0,0,0,1720199389514515900
-1,-1,-1,-1,-1,-1,-1,0,0,0,0,0,0,0,1720199389534424500
-1,-1,-1,-1,-1,-1,-1,0,0,0,0,0,0,0,1720199389555424900
-1,-1,-1,-1,-1,-1,-1,0,0,0,0,0,0,0,1720199389575424100
-1,-1,-1,-1,-1,-1,-1,0,0,0,0,0,0,0,1720199389596425800
-1,-1,-1,-1,-1,-1,-1,0,0,0,0,0,0,0,1720199389616436400
-1,-1,-1,-1,-1,-1,-1,0,0,0,0,0,0,0,1720199389637023400
-1,-1,-1,-1,-1,-1,-1,0,0,0,0,0,0,0,1720199389658052900
-1,-1,-1,-1,-1,-1,-1,0,0,0,0,0,0,0,1720199389678053000
-1,-1,-1,-1,-1,-1,-1,0,0,0,0,0,0,0,1720199389703019000
-1,-1,-1,-1,-1,-1,-1,0,0,0,0,0,0,0,1720199389723119000
-1,-1,-1,-1,-1,-1,-1,0,0,0,0,0,0,0,1720199389744118200
-1,-1,-1,-1,-1,-1,-1,0,0,0,0,0,0,0,1720199389764120100
-1,-1,-1,-1,-1,-1,-1,0,0,0,0,0,0,0,1720199389785117400
-1,-1,-1,-1,-1,-1,-1,0,0,0,0,0,0,0,1720199389805118100
-1,-1,-1,-1,-1,-1,-1,0,0,0,0,0,0,0,1720199389825546200
-1,-1,-1,-1,-1,-1,-1,0,0,0,0,0,0,0,1720199389846546800
-1,-1,-1,-1,-1,-1,-1,0,0,0,0,0,0,0,1720199389866546400
-1,-1,-1,-1,-1,-1,-1,0,0,0,0,0,0,0,1720199389891546700
-1,-1,-1,-1,-1,-1,-1,0,0,0,0,0,0,0,1720199389911551400
-1,-1,-1,-1,-1,-1,-1,0,0,0,0,0,0,0,1720199389932097700
-1,-1,-1,-1,-1,-1,-1,0,0,0,0,0,0,0,1720199389953066000
-1,-1,-1,-1,-1,-1,-1,0,0,0,0,0,0,0,1720199389973061500
-1,-1,-1,-1,-1,-1,-1,0,0,0,0,0,0,0,1720199389993062400
-1,-1,-1,-1,-1,-1,-1,0,0,0,0,0,0,0,1720199390014069500
-1,-1,-1,-1,-1,-1,-1,0,0,0,0,0,0,0,1720199390034192400
-1,-1,-1,-1,-1,-1,-1,0,0,0,0,0,0,0,1720199390055224300
-1,-1,-1,-1,-1,-1,-1,0,0,0,0,0,0,0,1720199390079193700
-1,-1,-1,-1,-1,-1,-1,0,0,0,0,0,0,0,1720199390100200700
-1,-1,-1,-1,-1,-1,-1,0,0,0,0,0,0,0,1720199390120209200
-1,-1,-1,-1,-1,-1,-1,0,0,0,0,0,0,0,1720199390140747800
-1,-1,-1,-1,-1,-1,-1,0,0,0,0,0,0,0,1720199390161744800
-1,-1,-1,-1,-1,-1,-1,0,0,0,0,0,0,0,1720199390181744500
-1,-1,-1,-1,-1,-1,-1,0,0,0,0,0,0,0,1720199390202744300
-1,-1,-1,-1,-1,-1,-1,0,0,0,0,0,0,0,1720199390223263400
-1,-1,-1,-1,-1,-1,-1,0,0,0,0,0,0,0,1720199390247259400
-1,-1,-1,-1,-1,-1,-1,0,0,0,0,0,0,0,1720199390268295600
-1,-1,-1,-1,-1,-1,-1,0,0,0,0,0,0,0,1720199390288292900
-1,-1,-1,-1,-1,-1,-1,0,0,0,0,0,0,0,1720199390309302300
-1,-1,-1,-1,-1,-1,-1,0,0,0,0,0,0,0,1720199390329574400
-1,-1,-1,-1,-1,-1,-1,0,0,0,0,0,0,0,1720199390349573600
-1,-1,-1,-1,-1,-1,-1,0,0,0,0,0,0,0,1720199390369952500
-1,-1,-1,-1,-1,-1,-1,0,0,0,0,0,0,0,1720199390390952200
-1,-1,-1,-1,-1,-1,-1,0,0,0,0,0,0,0,1720199390411985900
-1,-1,-1,-1,-1,-1,-1,0,0,0,0,0,0,0,1720199390436487200
-1,-1,-1,-1,-1,-1,-1,0,0,0,0,0,0,0,1720199390456488500
-1,-1,-1,-1,-1,-1,-1,0,0,0,0,0,0,0,1720199390476495000
-1,-1,-1,-1,-1,-1,-1,0,0,0,0,0,0,0,1720199390497483900
-1,-1,-1,-1,-1,-1,-1,0,0,0,0,0,0,0,1720199390518498900
-1,-1,-1,-1,-1,-1,-1,0,0,0,0,0,0,0,1720199390538967500
-1,-1,-1,-1,-1,-1,-1,0,0,0,0,0,0,0,1720199390558964400
-1,-1,-1,-1,-1,-1,-1,0,0,0,0,0,0,0,1720199390579987700
-1,-1,-1,-1,-1,-1,-1,0,0,0,0,0,0,0,1720199390599961400
-1,-1,-1,-1,-1,-1,-1,0,0,0,0,0,0,0,1720199390624077300
-1,-1,-1,-1,-1,-1,-1,0,0,0,0,0,0,0,1720199390645077800
-1,-1,-1,-1,-1,-1,-1,0,0,0,0,0,0,0,1720199390665040400
-1,-1,-1,-1,-1,-1,-1,0,0,0,0,0,0,0,1720199390686043200
-1,-1,-1,-1,-1,-1,-1,0,0,0,0,0,0,0,1720199390706042300
-1,-1,-1,-1,-1,-1,-1,0,0,0,0,0,0,0,1720199390726567700
-1,-1,-1,-1,-1,-1,-1,0,0,0,0,0,0,0,1720199390755598700
-1,-1,-1,-1,-1,-1,-1,0,0,0,0,0,0,0,1720199390767596600
-1,-1,-1,-1,-1,-1,-1,0,0,0,0,0,0,0,1720199390788598200
-1,-1,-1,-1,-1,-1,-1,0,0,0,0,0,0,0,1720199390812604600
-1,-1,-1,-1,-1,-1,-1,0,0,0,0,0,0,0,1720199390832726300
-1,-1,-1,-1,-1,-1,-1,0,0,0,0,0,0,0,1720199390854772400
-1,-1,-1,-1,-1,-1,-1,0,0,0,0,0,0,0,1720199390874117200
-1,-1,-1,-1,-1,-1,-1,0,0,0,0,0,0,0,1720199390894291400
-1,-1,-1,-1,-1,-1,-1,0,0,0,0,0,0,0,1720199390915299400
-1,-1,-1,-1,-1,-1,-1,0,0,0,0,0,0,0,1720199390935847400
-1,-1,-1,-1,-1,-1,-1,0,0,0,0,0,0,0,1720199390955901900
-1,-1,-1,-1,-1,-1,-1,0,0,0,0,0,0,0,1720199390980880100
-1,-1,-1,-1,-1,-1,-1,0,0,0,0,0,0,0,1720199391000850300
-1,-1,-1,-1,-1,-1,-1,0,0,0,0,0,0,0,1720199391021853600
-1,-1,-1,-1,-1,-1,-1,0,0,0,0,0,0,0,1720199391042026900
-1,-1,-1,-1,-1,-1,-1,0,0,0,0,0,0,0,1720199391063029800
-1,-1,-1,-1,-1,-1,-1,0,0,0,0,0,0,0,1720199391083060700
-1,-1,-1,-1,-1,-1,-1,0,0,0,0,0,0,0,1720199391103029900
-1,-1,-1,-1,-1,-1,-1,0,0,0,0,0,0,0,1720199391124142400
-1,-1,-1,-1,-1,-1,-1,0,0,0,0,0,0,0,1720199391144150100
-1,-1,-1,-1,-1,-1,-1,0,0,0,0,0,0,0,1720199391169113000
-1,-1,-1,-1,-1,-1,-1,0,0,0,0,0,0,0,1720199391189827200
-1,-1,-1,-1,-1,-1,-1,0,0,0,0,0,0,0,1720199391209848800
-1,-1,-1,-1,-1,-1,-1,0,0,0,0,0,0,0,1720199391230329800
-1,-1,-1,-1,-1,-1,-1,0,0,0,0,0,0,0,1720199391251363300
-1,-1,-1,-1,-1,-1,-1,0,0,0,0,0,0,0,1720199391271370900
-1,-1,-1,-1,-1,-1,-1,0,0,0,0,0,0,0,1720199391292327400
-1,-1,-1,-1,-1,-1,-1,0,0,0,0,0,0,0,1720199391312335100
-1,-1,-1,-1,-1,-1,-1,0,0,0,0,0,0,0,1720199391332771700
-1,-1,-1,-1,-1,-1,-1,0,0,0,0,0,0,0,1720199391357786000
-1,-1,-1,-1,-1,-1,-1,0,0,0,0,0,0,0,1720199391377811200
-1,-1,-1,-1,-1,-1,-1,0,0,0,0,0,0,0,1720199391398774500
-1,-1,-1,-1,-1,-1,-1,0,0,0,0,0,0,0,1720199391418780100
-1,-1,-1,-1,-1,-1,-1,0,0,0,0,0,0,0,1720199391439304700
-1,-1,-1,-1,-1,-1,-1,0,0,0,0,0,0,0,1720199391460309300
-1,-1,-1,-1,-1,-1,-1,0,0,0,0,0,0,0,1720199391480340500
-1,-1,-1,-1,-1,-1,-1,0,0,0,0,0,0,0,1720199391501342200
-1,-1,-1,-1,-1,-1,-1,0,0,0,0,0,0,0,1720199391521349600
-1,-1,-1,-1,-1,-1,-1,0,0,0,0,0,0,0,1720199391545857800
-1,-1,-1,-1,-1,-1,-1,0,0,0,0,0,0,0,1720199391565860200
-1,-1,-1,-1,-1,-1,-1,0,0,0,0,0,0,0,1720199391586858200
-1,-1,-1,-1,-1,-1,-1,0,0,0,0,0,0,0,1720199391606860100
-1,-1,-1,-1,-1,-1,-1,0,0,0,0,0,0,0,1720199391627373000
-1,-1,-1,-1,-1,-1,-1,0,0,0,0,0,0,0,1720199391648373600
-1,-1,-1,-1,-1,-1,-1,0,0,0,0,0,0,0,1720199391668409800
-1,-1,-1,-1,-1,-1,-1,0,0,0,0,0,0,0,1720199391689382000
-1,-1,-1,-1,-1,-1,-1,0,0,0,0,0,0,0,1720199391713435700
-1,-1,-1,-1,-1,-1,-1,0,0,0,0,0,0,0,1720199391733963900
-1,-1,-1,-1,-1,-1,-1,0,0,0,0,0,0,0,1720199391754967700
-1,-1,-1,-1,-1,-1,-1,0,0,0,0,0,0,0,1720199391775002900
-1,-1,-1,-1,-1,-1,-1,0,0,0,0,0,0,0,1720199391795998900
-1,-1,-1,-1,-1,-1,-1,0,0,0,0,0,0,0,1720199391816039000
-1,-1,-1,-1,-1,-1,-1,0,0,0,0,0,0,0,1720199391836560900
-1,-1,-1,-1,-1,-1,-1,0,0,0,0,0,0,0,1720199391857565400
-1,-1,-1,-1,-1,-1,-1,0,0,0,0,0,0,0,1720199391877561500
-1,-1,-1,-1,-1,-1,-1,0,0,0,0,0,0,0,1720199391902526900
-1,-1,-1,-1,-1,-1,-1,0,0,0,0,0,0,0,1720199391922571800
-1,-1,-1,-1,-1,-1,-1,0,0,0,0,0,0,0,1720199391943004700
-1,-1,-1,-1,-1,-1,-1,0,0,0,0,0,0,0,1720199391963969100
-1,-1,-1,-1,-1,-1,-1,0,0,0,0,0,0,0,1720199391983970000
-1,-1,-1,-1,-1,-1,-1,0,0,0,0,0,0,0,1720199392004971600
-1,-1,-1,-1,-1,-1,-1,0,0,0,0,0,0,0,1720199392025566800
-1,-1,-1,-1,-1,-1,-1,0,0,0,0,0,0,0,1720199392045563300
-1,-1,-1,-1,-1,-1,-1,0,0,0,0,0,0,0,1720199392065562800
-1,-1,-1,-1,-1,-1,-1,0,0,0,0,0,0,0,1720199392090563500
-1,-1,-1,-1,-1,-1,-1,0,0,0,0,0,0,0,1720199392110614800
-1,-1,-1,-1,-1,-1,-1,0,0,0,0,0,0,0,1720199392132064800
-1,-1,-1,-1,-1,-1,-1,0,0,0,0,0,0,0,1720199392152107300
-1,-1,-1,-1,-1,-1,-1,0,0,0,0,0,0,0,1720199392172066200
-1,-1,-1,-1,-1,-1,-1,0,0,0,0,0,0,0,1720199392193066200
-1,-1,-1,-1,-1,-1,-1,0,0,0,0,0,0,0,1720199392213070400
-1,-1,-1,-1,-1,-1,-1,0,0,0,0,0,0,0,1720199392233602200
-1,-1,-1,-1,-1,-1,-1,0,0,0,0,0,0,0,1720199392254132400
-1,-1,-1,-1,-1,-1,-1,0,0,0,0,0,0,0,1720199392279129500
-1,-1,-1,-1,-1,-1,-1,0,0,0,0,0,0,0,1720199392299801000
-1,-1,-1,-1,-1,-1,-1,0,0,0,0,0,0,0,1720199392319839500
-1,-1,-1,-1,-1,-1,-1,0,0,0,0,0,0,0,1720199392340315400
-1,-1,-1,-1,-1,-1,-1,0,0,0,0,0,0,0,1720199392361350400
-1,-1,-1,-1,-1,-1,-1,0,0,0,0,0,0,0,1720199392381308800
-1,-1,-1,-1,-1,-1,-1,0,0,0,0,0,0,0,1720199392402309200
-1,-1,-1,-1,-1,-1,-1,0,0,0,0,0,0,0,1720199392422856800
-1,-1,-1,-1,-1,-1,-1,0,0,0,0,0,0,0,1720199392446865700
-1,-1,-1,-1,-1,-1,-1,0,0,0,0,0,0,0,1720199392466924400
-1,-1,-1,-1,-1,-1,-1,0,0,0,0,0,0,0,1720199392487863300
-1,-1,-1,-1,-1,-1,-1,0,0,0,0,0,0,0,1720199392508871900
-1,-1,-1,-1,-1,-1,-1,0,0,0,0,0,0,0,1720199392528417800
-1,-1,-1,-1,-1,-1,-1,0,0,0,0,0,0,0,1720199392549417800
-1,-1,-1,-1,-1,-1,-1,0,0,0,0,0,0,0,1720199392569419400
-1,-1,-1,-1,-1,-1,-1,0,0,0,0,0,0,0,1720199392590424200
-1,-1,-1,-1,-1,-1,-1,0,0,0,0,0,0,0,1720199392610464300
-1,-1,-1,-1,-1,-1,-1,0,0,0,0,0,0,0,1720199392635562700
-1,-1,-1,-1,-1,-1,-1,0,0,0,0,0,0,0,1720199392655565400
-1,-1,-1,-1,-1,-1,-1,0,0,0,0,0,0,0,1720199392676600700
-1,-1,-1,-1,-1,-1,-1,0,0,0,0,0,0,0,1720199392697573600
-1,-1,-1,-1,-1,-1,-1,0,0,0,0,0,0,0,1720199392717579600
-1,-1,-1,-1,-1,-1,-1,0,0,0,0,0,0,0,1720199392738096100
-1,-1,-1,-1,-1,-1,-1,0,0,0,0,0,0,0,1720199392758129000
-1,-1,-1,-1,-1,-1,-1,0,0,0,0,0,0,0,1720199392779123400
-1,-1,-1,-1,-1,-1,-1,0,0,0,0,0,0,0,1720199392799093900
-1,-1,-1,-1,-1,-1,-1,0,0,0,0,0,0,0,1720199392823101500
-1,-1,-1,-1,-1,-1,-1,0,0,0,0,0,0,0,1720199392844573100
-1,-1,-1,-1,-1,-1,-1,0,0,0,0,0,0,0,1720199392864620400
-1,-1,-1,-1,-1,-1,-1,0,0,0,0,0,0,0,1720199392884606000
-1,-1,-1,-1,-1,-1,-1,0,0,0,0,0,0,0,1720199392905607300
-1,-1,-1,-1,-1,-1,-1,0,0,0,0,0,0,0,1720199392926198200
-1,-1,-1,-1,-1,-1,-1,0,0,0,0,0,0,0,1720199392946195900
-1,-1,-1,-1,-1,-1,-1,0,0,0,0,0,0,0,1720199392967163200
-1,-1,-1,-1,-1,-1,-1,0,0,0,0,0,0,0,1720199392987192100
-1,-1,-1,-1,-1,-1,-1,0,0,0,0,0,0,0,1720199393012226900
-1,-1,-1,-1,-1,-1,-1,0,0,0,0,0,0,0,1720199393032774500
-1,-1,-1,-1,-1,-1,-1,0,0,0,0,0,0,0,1720199393052775500
-1,-1,-1,-1,-1,-1,-1,0,0,0,0,0,0,0,1720199393073807700
-1,-1,-1,-1,-1,-1,-1,0,0,0,0,0,0,0,1720199393093807900
-1,-1,-1,-1,-1,-1,-1,0,0,0,0,0,0,0,1720199393114840200
-1,-1,-1,-1,-1,-1,-1,0,0,0,0,0,0,0,1720199393134960300
-1,-1,-1,-1,-1,-1,-1,0,0,0,0,0,0,0,1720199393155930200
-1,-1,-1,-1,-1,-1,-1,0,0,0,0,0,0,0,1720199393175962700
-1,-1,-1,-1,-1,-1,-1,0,0,0,0,0,0,0,1720199393200925700
-1,-1,-1,-1,-1,-1,-1,0,0,0,0,0,0,0,1720199393220969900
-1,-1,-1,-1,-1,-1,-1,0,0,0,0,0,0,0,1720199393241553900
-1,-1,-1,-1,-1,-1,-1,0,0,0,0,0,0,0,1720199393262517200
-1,-1,-1,-1,-1,-1,-1,0,0,0,0,0,0,0,1720199393282517000
-1,-1,-1,-1,-1,-1,-1,0,0,0,0,0,0,0,1720199393302516400
-1,-1,-1,-1,-1,-1,-1,0,0,0,0,0,0,0,1720199393323594400
-1,-1,-1,-1,-1,-1,-1,0,0,0,0,0,0,0,1720199393344025700
-1,-1,-1,-1,-1,-1,-1,0,0,0,0,0,0,0,1720199393368025000
-1,-1,-1,-1,-1,-1,-1,0,0,0,0,0,0,0,1720199393388989600
-1,-1,-1,-1,-1,-1,-1,0,0,0,0,0,0,0,1720199393409071000
-1,-1,-1,-1,-1,-1,-1,0,0,0,0,0,0,0,1720199393429655000
-1,-1,-1,-1,-1,-1,-1,0,0,0,0,0,0,0,1720199393450619900
-1,-1,-1,-1,-1,-1,-1,0,0,0,0,0,0,0,1720199393470656600
-1,-1,-1,-1,-1,-1,-1,0,0,0,0,0,0,0,1720199393491618600
-1,-1,-1,-1,-1,-1,-1,0,0,0,0,0,0,0,1720199393511621000
-1,-1,-1,-1,-1,-1,-1,0,0,0,0,0,0,0,1720199393532127000
-1,-1,-1,-1,-1,-1,-1,0,0,0,0,0,0,0,1720199393557126400
-1,-1,-1,-1,-1,-1,-1,0,0,0,0,0,0,0,1720199393577128200
-1,-1,-1,-1,-1,-1,-1,0,0,0,0,0,0,0,1720199393598127000
-1,-1,-1,-1,-1,-1,-1,0,0,0,0,0,0,0,1720199393618243500
-1,-1,-1,-1,-1,-1,-1,0,0,0,0,0,0,0,1720199393638829400
-1,-1,-1,-1,-1,-1,-1,0,0,0,0,0,0,0,1720199393658786700
-1,-1,-1,-1,-1,-1,-1,0,0,0,0,0,0,0,1720199393679829400
-1,-1,-1,-1,-1,-1,-1,0,0,0,0,0,0,0,1720199393699788300
-1,-1,-1,-1,-1,-1,-1,0,0,0,0,0,0,0,1720199393720796000
-1,-1,-1,-1,-1,-1,-1,0,0,0,0,0,0,0,1720199393745310500
-1,-1,-1,-1,-1,-1,-1,0,0,0,0,0,0,0,1720199393765309800
-1,-1,-1,-1,-1,-1,-1,0,0,0,0,0,0,0,1720199393786311300
-1,-1,-1,-1,-1,-1,-1,0,0,0,0,0,0,0,1720199393806344000
-1,-1,-1,-1,-1,-1,-1,0,0,0,0,0,0,0,1720199393826845500
-1,-1,-1,-1,-1,-1,-1,0,0,0,0,0,0,0,1720199393848000800
-1,-1,-1,-1,-1,-1,-1,0,0,0,0,0,0,0,1720199393867698000
-1,-1,-1,-1,-1,-1,-1,0,0,0,0,0,0,0,1720199393888700700
-1,-1,-1,-1,-1,-1,-1,0,0,0,0,0,0,0,1720199393908698200
-1,-1,-1,-1,-1,-1,-1,0,0,0,0,0,0,0,1720199393933287700
-1,-1,-1,-1,-1,-1,-1,0,0,0,0,0,0,0,1720199393954286500
-1,-1,-1,-1,-1,-1,-1,0,0,0,0,0,0,0,1720199393974287900
-1,-1,-1,-1,-1,-1,-1,0,0,0,0,0,0,0,1720199393995322500
-1,-1,-1,-1,-1,-1,-1,0,0,0,0,0,0,0,1720199394015362500
-1,-1,-1,-1,-1,-1,-1,0,0,0,0,0,0,0,1720199394035978500
-1,-1,-1,-1,-1,-1,-1,0,0,0,0,0,0,0,1720199394056562600
-1,-1,-1,-1,-1,-1,-1,0,0,0,0,0,0,0,1720199394076603000
-1,-1,-1,-1,-1,-1,-1,0,0,0,0,0,0,0,1720199394101603700
-1,-1,-1,-1,-1,-1,-1,0,0,0,0,0,0,0,1720199394121642100
-1,-1,-1,-1,-1,-1,-1,0,0,0,0,0,0,0,1720199394142189700
-1,-1,-1,-1,-1,-1,-1,0,0,0,0,0,0,0,1720199394163153500
-1,-1,-1,-1,-1,-1,-1,0,0,0,0,0,0,0,1720199394183187900
-1,-1,-1,-1,-1,-1,-1,0,0,0,0,0,0,0,1720199394204154500
-1,-1,-1,-1,-1,-1,-1,0,0,0,0,0,0,0,1720199394224699800
-1,-1,-1,-1,-1,-1,-1,0,0,0,0,0,0,0,1720199394244740100
-1,-1,-1,-1,-1,-1,-1,0,0,0,0,0,0,0,1720199394265703800
-1,-1,-1,-1,-1,-1,-1,0,0,0,0,0,0,0,1720199394289703800
-1,-1,-1,-1,-1,-1,-1,0,0,0,0,0,0,0,1720199394310705200
-1,-1,-1,-1,-1,-1,-1,0,0,0,0,0,0,0,1720199394331715700
-1,-1,-1,-1,-1,-1,-1,0,0,0,0,0,0,0,1720199394351712700
-1,-1,-1,-1,-1,-1,-1,0,0,0,0,0,0,0,1720199394371714100
-1,-1,-1,-1,-1,-1,-1,0,0,0,0,0,0,0,1720199394392204500
-1,-1,-1,-1,-1,-1,-1,0,0,0,0,0,0,0,1720199394413210200
-1,-1,-1,-1,-1,-1,-1,0,0,0,0,0,0,0,1720199394433354100
-1,-1,-1,-1,-1,-1,-1,0,0,0,0,0,0,0,1720199394454377100
-1,-1,-1,-1,-1,-1,-1,0,0,0,0,0,0,0,1720199394478356000
-1,-1,-1,-1,-1,-1,-1,0,0,0,0,0,0,0,1720199394498385100
-1,-1,-1,-1,-1,-1,-1,0,0,0,0,0,0,0,1720199394519395100
-1,-1,-1,-1,-1,-1,-1,0,0,0,0,0,0,0,1720199394539908000
-1,-1,-1,-1,-1,-1,-1,0,0,0,0,0,0,0,1720199394559902900
-1,-1,-1,-1,-1,-1,-1,0,0,0,0,0,0,0,1720199394580946600
-1,-1,-1,-1,-1,-1,-1,0,0,0,0,0,0,0,1720199394601133600
-1,-1,-1,-1,-1,-1,-1,0,0,0,0,0,0,0,1720199394622137100
-1,-1,-1,-1,-1,-1,-1,0,0,0,0,0,0,0,1720199394642647500
-1,-1,-1,-1,-1,-1,-1,0,0,0,0,0,0,0,1720199394666648800
-1,-1,-1,-1,-1,-1,-1,0,0,0,0,0,0,0,1720199394687673800
-1,-1,-1,-1,-1,-1,-1,0,0,0,0,0,0,0,1720199394707668100
-1,-1,-1,-1,-1,-1,-1,0,0,0,0,0,0,0,1720199394728783500
-1,-1,-1,-1,-1,-1,-1,0,0,0,0,0,0,0,1720199394748290000
-1,-1,-1,-1,-1,-1,-1,0,0,0,0,0,0,0,1720199394769258300
-1,-1,-1,-1,-1,-1,-1,0,0,0,0,0,0,0,1720199394789259300
-1,-1,-1,-1,-1,-1,-1,0,0,0,0,0,0,0,1720199394809640000
-1,-1,-1,-1,-1,-1,-1,0,0,0,0,0,0,0,1720199394834359600
-1,-1,-1,-1,-1,-1,-1,0,0,0,0,0,0,0,1720199394855359000
-1,-1,-1,-1,-1,-1,-1,0,0,0,0,0,0,0,1720199394875360100
-1,-1,-1,-1,-1,-1,-1,0,0,0,0,0,0,0,1720199394896394900
-1,-1,-1,-1,-1,-1,-1,0,0,0,0,0,0,0,1720199394916369800
-1,-1,-1,-1,-1,-1,-1,0,0,0,0,0,0,0,1720199394936876300
-1,-1,-1,-1,-1,-1,-1,0,0,0,0,0,0,0,1720199394957578900
-1,-1,-1,-1,-1,-1,-1,0,0,0,0,0,0,0,1720199394978101500
-1,-1,-1,-1,-1,-1,-1,0,0,0,0,0,0,0,1720199394998104300
-1,-1,-1,-1,-1,-1,-1,0,0,0,0,0,0,0,1720199395023147500
-1,-1,-1,-1,-1,-1,-1,0,0,0,0,0,0,0,1720199395043657300
-1,-1,-1,-1,-1,-1,-1,0,0,0,0,0,0,0,1720199395063658200
-1,-1,-1,-1,-1,-1,-1,0,0,0,0,0,0,0,1720199395084662000
-1,-1,-1,-1,-1,-1,-1,0,0,0,0,0,0,0,1720199395104691600
-1,-1,-1,-1,-1,-1,-1,0,0,0,0,0,0,0,1720199395125250600
-1,-1,-1,-1,-1,-1,-1,0,0,0,0,0,0,0,1720199395146258800
-1,-1,-1,-1,-1,-1,-1,0,0,0,0,0,0,0,1720199395166255400
-1,-1,-1,-1,-1,-1,-1,0,0,0,0,0,0,0,1720199395187312700
-1,-1,-1,-1,-1,-1,-1,0,0,0,0,0,0,0,1720199395211256400
-1,-1,-1,-1,-1,-1,-1,0,0,0,0,0,0,0,1720199395232048600
-1,-1,-1,-1,-1,-1,-1,0,0,0,0,0,0,0,1720199395252054700
-1,-1,-1,-1,-1,-1,-1,0,0,0,0,0,0,0,1720199395273054900
-1,-1,-1,-1,-1,-1,-1,0,0,0,0,0,0,0,1720199395293088400
-1,-1,-1,-1,-1,-1,-1,0,0,0,0,0,0,0,1720199395314127900
-1,-1,-1,-1,-1,-1,-1,0,0,0,0,0,0,0,1720199395334274300
-1,-1,-1,-1,-1,-1,-1,0,0,0,0,0,0,0,1720199395355242600
-1,-1,-1,-1,-1,-1,-1,0,0,0,0,0,0,0,1720199395375241700
-1,-1,-1,-1,-1,-1,-1,0,0,0,0,0,0,0,1720199395400252800
-1,-1,-1,-1,-1,-1,-1,0,0,0,0,0,0,0,1720199395420317900
-1,-1,-1,-1,-1,-1,-1,0,0,0,0,0,0,0,1720199395440857200
-1,-1,-1,-1,-1,-1,-1,0,0,0,0,0,0,0,1720199395461859500
-1,-1,-1,-1,-1,-1,-1,0,0,0,0,0,0,0,1720199395481855300
-1,-1,-1,-1,-1,-1,-1,0,0,0,0,0,0,0,1720199395501855000
-1,-1,-1,-1,-1,-1,-1,0,0,0,0,0,0,0,1720199395522897900
-1,-1,-1,-1,-1,-1,-1,0,0,0,0,0,0,0,1720199395543510400
-1,-1,-1,-1,-1,-1,-1,0,0,0,0,0,0,0,1720199395567476100
-1,-1,-1,-1,-1,-1,-1,0,0,0,0,0,0,0,1720199395588506300
-1,-1,-1,-1,-1,-1,-1,0,0,0,0,0,0,0,1720199395608474200
-1,-1,-1,-1,-1,-1,-1,0,0,0,0,0,0,0,1720199395629091900
-1,-1,-1,-1,-1,-1,-1,0,0,0,0,0,0,0,1720199395650089400
-1,-1,-1,-1,-1,-1,-1,0,0,0,0,0,0,0,1720199395670085700
-1,-1,-1,-1,-1,-1,-1,0,0,0,0,0,0,0,1720199395691066500
-1,-1,-1,-1,-1,-1,-1,0,0,0,0,0,0,0,1720199395711121600
-1,-1,-1,-1,-1,-1,-1,0,0,0,0,0,0,0,1720199395731696800
-1,-1,-1,-1,-1,-1,-1,0,0,0,0,0,0,0,1720199395756662000
-1,-1,-1,-1,-1,-1,-1,0,0,0,0,0,0,0,1720199395776696700
-1,-1,-1,-1,-1,-1,-1,0,0,0,0,0,0,0,1720199395796694700
-1,-1,-1,-1,-1,-1,-1,0,0,0,0,0,0,0,1720199395817663600
-1,-1,-1,-1,-1,-1,-1,0,0,0,0,0,0,0,1720199395838172500
-1,-1,-1,-1,-1,-1,-1,0,0,0,0,0,0,0,1720199395858170600
-1,-1,-1,-1,-1,-1,-1,0,0,0,0,0,0,0,1720199395879206600
-1,-1,-1,-1,-1,-1,-1,0,0,0,0,0,0,0,1720199395899174800
-1,-1,-1,-1,-1,-1,-1,0,0,0,0,0,0,0,1720199395920208800
-1,-1,-1,-1,-1,-1,-1,0,0,0,0,0,0,0,1720199395944749500
-1,-1,-1,-1,-1,-1,-1,0,0,0,0,0,0,0,1720199395964749900
-1,-1,-1,-1,-1,-1,-1,0,0,0,0,0,0,0,1720199395985752300
-1,-1,-1,-1,-1,-1,-1,0,0,0,0,0,0,0,1720199396005716400
-1,-1,-1,-1,-1,-1,-1,0,0,0,0,0,0,0,1720199396026328500
-1,-1,-1,-1,-1,-1,-1,0,0,0,0,0,0,0,1720199396047375000
-1,-1,-1,-1,-1,-1,-1,0,0,0,0,0,0,0,1720199396067367700
-1,-1,-1,-1,-1,-1,-1,0,0,0,0,0,0,0,1720199396088366500
-1,-1,-1,-1,-1,-1,-1,0,0,0,0,0,0,0,1720199396108366200
-1,-1,-1,-1,-1,-1,-1,0,0,0,0,0,0,0,1720199396133174400
-1,-1,-1,-1,-1,-1,-1,0,0,0,0,0,0,0,1720199396153170800
-1,-1,-1,-1,-1,-1,-1,0,0,0,0,0,0,0,1720199396174170900
-1,-1,-1,-1,-1,-1,-1,0,0,0,0,0,0,0,1720199396194369500
-1,-1,-1,-1,-1,-1,-1,0,0,0,0,0,0,0,1720199396215371700
-1,-1,-1,-1,-1,-1,-1,0,0,0,0,0,0,0,1720199396235884700
-1,-1,-1,-1,-1,-1,-1,0,0,0,0,0,0,0,1720199396255881000
-1,-1,-1,-1,-1,-1,-1,0,0,0,0,0,0,0,1720199396275885400
-1,-1,-1,-1,-1,-1,-1,0,0,0,0,0,0,0,1720199396300880400
-1,-1,-1,-1,-1,-1,-1,0,0,0,0,0,0,0,1720199396320890500
-1,-1,-1,-1,-1,-1,-1,0,0,0,0,0,0,0,1720199396341816900
-1,-1,-1,-1,-1,-1,-1,0,0,0,0,0,0,0,1720199396362811100
-1,-1,-1,-1,-1,-1,-1,0,0,0,0,0,0,0,1720199396382844600
-1,-1,-1,-1,-1,-1,-1,0,0,0,0,0,0,0,1720199396403810700
-1,-1,-1,-1,-1,-1,-1,0,0,0,0,0,0,0,1720199396423812200
-1,-1,-1,-1,-1,-1,-1,0,0,0,0,0,0,0,1720199396444327600
-1,-1,-1,-1,-1,-1,-1,0,0,0,0,0,0,0,1720199396464328800
-1,-1,-1,-1,-1,-1,-1,0,0,0,0,0,0,0,1720199396489329400
-1,-1,-1,-1,-1,-1,-1,0,0,0,0,0,0,0,1720199396509328600
-1,-1,-1,-1,-1,-1,-1,0,0,0,0,0,0,0,1720199396530206000
-1,-1,-1,-1,-1,-1,-1,0,0,0,0,0,0,0,1720199396551207600
-1,-1,-1,-1,-1,-1,-1,0,0,0,0,0,0,0,1720199396571238600
-1,-1,-1,-1,-1,-1,-1,0,0,0,0,0,0,0,1720199396592209400
-1,-1,-1,-1,-1,-1,-1,0,0,0,0,0,0,0,1720199396612282000
-1,-1,-1,-1,-1,-1,-1,0,0,0,0,0,0,0,1720199396632859400
-1,-1,-1,-1,-1,-1,-1,0,0,0,0,0,0,0,1720199396652859500
-1,-1,-1,-1,-1,-1,-1,0,0,0,0,0,0,0,1720199396677858300
-1,-1,-1,-1,-1,-1,-1,0,0,0,0,0,0,0,1720199396699842900
-1,-1,-1,-1,-1,-1,-1,0,0,0,0,0,0,0,1720199396718826500
-1,-1,-1,-1,-1,-1,-1,0,0,0,0,0,0,0,1720199396739373700
-1,-1,-1,-1,-1,-1,-1,0,0,0,0,0,0,0,1720199396760341800
-1,-1,-1,-1,-1,-1,-1,0,0,0,0,0,0,0,1720199396780339200
-1,-1,-1,-1,-1,-1,-1,0,0,0,0,0,0,0,1720199396800339000
-1,-1,-1,-1,-1,-1,-1,0,0,0,0,0,0,0,1720199396821417000
-1,-1,-1,-1,-1,-1,-1,0,0,0,0,0,0,0,1720199396841930600
-1,-1,-1,-1,-1,-1,-1,0,0,0,0,0,0,0,1720199396865928100
-1,-1,-1,-1,-1,-1,-1,0,0,0,0,0,0,0,1720199396886927200
-1,-1,-1,-1,-1,-1,-1,0,0,0,0,0,0,0,1720199396906927700
-1,-1,-1,-1,-1,-1,-1,0,0,0,0,0,0,0,1720199396927476000
-1,-1,-1,-1,-1,-1,-1,0,0,0,0,0,0,0,1720199396948504500
-1,-1,-1,-1,-1,-1,-1,0,0,0,0,0,0,0,1720199396968476400
-1,-1,-1,-1,-1,-1,-1,0,0,0,0,0,0,0,1720199396989476200
-1,-1,-1,-1,-1,-1,-1,0,0,0,0,0,0,0,1720199397009509200
-1,-1,-1,-1,-1,-1,-1,0,0,0,0,0,0,0,1720199397030051200
-1,-1,-1,-1,-1,-1,-1,0,0,0,0,0,0,0,1720199397054032500
-1,-1,-1,-1,-1,-1,-1,0,0,0,0,0,0,0,1720199397075033100
-1,-1,-1,-1,-1,-1,-1,0,0,0,0,0,0,0,1720199397095029300
-1,-1,-1,-1,-1,-1,-1,0,0,0,0,0,0,0,1720199397116099200
-1,-1,-1,-1,-1,-1,-1,0,0,0,0,0,0,0,1720199397136666100
-1,-1,-1,-1,-1,-1,-1,0,0,0,0,0,0,0,1720199397156676300
-1,-1,-1,-1,-1,-1,-1,0,0,0,0,0,0,0,1720199397177662100
-1,-1,-1,-1,-1,-1,-1,0,0,0,0,0,0,0,1720199397197634000
-1,-1,-1,-1,-1,-1,-1,0,0,0,0,0,0,0,1720199397222677800
-1,-1,-1,-1,-1,-1,-1,0,0,0,0,0,0,0,1720199397243218600
-1,-1,-1,-1,-1,-1,-1,0,0,0,0,0,0,0,1720199397263186500
-1,-1,-1,-1,-1,-1,-1,0,0,0,0,0,0,0,1720199397284219600
-1,-1,-1,-1,-1,-1,-1,0,0,0,0,0,0,0,1720199397304222300
-1,-1,-1,-1,-1,-1,-1,0,0,0,0,0,0,0,1720199397325264100
-1,-1,-1,-1,-1,-1,-1,0,0,0,0,0,0,0,1720199397345778100
-1,-1,-1,-1,-1,-1,-1,0,0,0,0,0,0,0,1720199397365778000
-1,-1,-1,-1,-1,-1,-1,0,0,0,0,0,0,0,1720199397386807900
-1,-1,-1,-1,-1,-1,-1,0,0,0,0,0,0,0,1720199397410811900
-1,-1,-1,-1,-1,-1,-1,0,0,0,0,0,0,0,1720199397431364100
-1,-1,-1,-1,-1,-1,-1,0,0,0,0,0,0,0,1720199397451328600
-1,-1,-1,-1,-1,-1,-1,0,0,0,0,0,0,0,1720199397472368000
-1,-1,-1,-1,-1,-1,-1,0,0,0,0,0,0,0,1720199397493329400
-1,-1,-1,-1,-1,-1,-1,0,0,0,0,0,0,0,1720199397513390400
-1,-1,-1,-1,-1,-1,-1,0,0,0,0,0,0,0,1720199397533873000
-1,-1,-1,-1,-1,-1,-1,0,0,0,0,0,0,0,1720199397553906700
-1,-1,-1,-1,-1,-1,-1,0,0,0,0,0,0,0,1720199397574902300
-1,-1,-1,-1,-1,-1,-1,0,0,0,0,0,0,0,1720199397598902600
-1,-1,-1,-1,-1,-1,-1,0,0,0,0,0,0,0,1720199397619943400
-1,-1,-1,-1,-1,-1,-1,0,0,0,0,0,0,0,1720199397640425700
-1,-1,-1,-1,-1,-1,-1,0,0,0,0,0,0,0,1720199397660422500
-1,-1,-1,-1,-1,-1,-1,0,0,0,0,0,0,0,1720199397682012300
-1,-1,-1,-1,-1,-1,-1,0,0,0,0,0,0,0,1720199397706249200
-1,-1,-1,-1,-1,-1,-1,0,0,0,0,0,0,0,1720199397722251900
-1,-1,-1,-1,-1,-1,-1,0,0,0,0,0,0,0,1720199397742764100
-1,-1,-1,-1,-1,-1,-1,0,0,0,0,0,0,0,1720199397762763600
-1,-1,-1,-1,-1,-1,-1,0,0,0,0,0,0,0,1720199397787764600
-1,-1,-1,-1,-1,-1,-1,0,0,0,0,0,0,0,1720199397807798500
-1,-1,-1,-1,-1,-1,-1,0,0,0,0,0,0,0,1720199397828205700
-1,-1,-1,-1,-1,-1,-1,0,0,0,0,0,0,0,1720199397849203000
-1,-1,-1,-1,-1,-1,-1,0,0,0,0,0,0,0,1720199397869205600
-1,-1,-1,-1,-1,-1,-1,0,0,0,0,0,0,0,1720199397890208100
-1,-1,-1,-1,-1,-1,-1,0,0,0,0,0,0,0,1720199397910168800
-1,-1,-1,-1,-1,-1,-1,0,0,0,0,0,0,0,1720199397930771300
-1,-1,-1,-1,-1,-1,-1,0,0,0,0,0,0,0,1720199397955729000
-1,-1,-1,-1,-1,-1,-1,0,0,0,0,0,0,0,1720199397975762700
-1,-1,-1,-1,-1,-1,-1,0,0,0,0,0,0,0,1720199397996731300
-1,-1,-1,-1,-1,-1,-1,0,0,0,0,0,0,0,1720199398016768200
-1,-1,-1,-1,-1,-1,-1,0,0,0,0,0,0,0,1720199398037248900
-1,-1,-1,-1,-1,-1,-1,0,0,0,0,0,0,0,1720199398058316400
-1,-1,-1,-1,-1,-1,-1,0,0,0,0,0,0,0,1720199398078354000
-1,-1,-1,-1,-1,-1,-1,0,0,0,0,0,0,0,1720199398099378500
-1,-1,-1,-1,-1,-1,-1,0,0,0,0,0,0,0,1720199398119396700
-1,-1,-1,-1,-1,-1,-1,0,0,0,0,0,0,0,1720199398143944200
-1,-1,-1,-1,-1,-1,-1,0,0,0,0,0,0,0,1720199398163944000
-1,-1,-1,-1,-1,-1,-1,0,0,0,0,0,0,0,1720199398184919000
-1,-1,-1,-1,-1,-1,-1,0,0,0,0,0,0,0,1720199398205948600
-1,-1,-1,-1,-1,-1,-1,0,0,0,0,0,0,0,1720199398225982900
-1,-1,-1,-1,-1,-1,-1,0,0,0,0,0,0,0,1720199398246459700
-1,-1,-1,-1,-1,-1,-1,0,0,0,0,0,0,0,1720199398266494700
-1,-1,-1,-1,-1,-1,-1,0,0,0,0,0,0,0,1720199398286957900
-1,-1,-1,-1,-1,-1,-1,0,0,0,0,0,0,0,1720199398307958000
-1,-1,-1,-1,-1,-1,-1,0,0,0,0,0,0,0,1720199398332507000
-1,-1,-1,-1,-1,-1,-1,0,0,0,0,0,0,0,1720199398352510000
-1,-1,-1,-1,-1,-1,-1,0,0,0,0,0,0,0,1720199398373474100
-1,-1,-1,-1,-1,-1,-1,0,0,0,0,0,0,0,1720199398394491800
-1,-1,-1,-1,-1,-1,-1,0,0,0,0,0,0,0,1720199398414494400
-1,-1,-1,-1,-1,-1,-1,0,0,0,0,0,0,0,1720199398435078100
-1,-1,-1,-1,-1,-1,-1,0,0,0,0,0,0,0,1720199398455054500
-1,-1,-1,-1,-1,-1,-1,0,0,0,0,0,0,0,1720199398476041800
-1,-1,-1,-1,-1,-1,-1,0,0,0,0,0,0,0,1720199398496648000
-1,-1,-1,-1,-1,-1,-1,0,0,0,0,0,0,0,1720199398520692500
-1,-1,-1,-1,-1,-1,-1,0,0,0,0,0,0,0,1720199398541263400
-1,-1,-1,-1,-1,-1,-1,0,0,0,0,0,0,0,1720199398561313400
-1,-1,-1,-1,-1,-1,-1,0,0,0,0,0,0,0,1720199398582313100
-1,-1,-1,-1,-1,-1,-1,0,0,0,0,0,0,0,1720199398602312400
-1,-1,-1,-1,-1,-1,-1,0,0,0,0,0,0,0,1720199398623351500
-1,-1,-1,-1,-1,-1,-1,0,0,0,0,0,0,0,1720199398643828200
-1,-1,-1,-1,-1,-1,-1,0,0,0,0,0,0,0,1720199398663828000
-1,-1,-1,-1,-1,-1,-1,0,0,0,0,0,0,0,1720199398688832900
-1,-1,-1,-1,-1,-1,-1,0,0,0,0,0,0,0,1720199398708860800
-1,-1,-1,-1,-1,-1,-1,0,0,0,0,0,0,0,1720199398729376600
-1,-1,-1,-1,-1,-1,-1,0,0,0,0,0,0,0,1720199398750409500
-1,-1,-1,-1,-1,-1,-1,0,0,0,0,0,0,0,1720199398770376800
-1,-1,-1,-1,-1,-1,-1,0,0,0,0,0,0,0,1720199398791404400
-1,-1,-1,-1,-1,-1,-1,0,0,0,0,0,0,0,1720199398811375900
-1,-1,-1,-1,-1,-1,-1,0,0,0,0,0,0,0,1720199398831922400
-1,-1,-1,-1,-1,-1,-1,0,0,0,0,0,0,0,1720199398852919100
-1,-1,-1,-1,-1,-1,-1,0,0,0,0,0,0,0,1720199398876920300
-1,-1,-1,-1,-1,-1,-1,0,0,0,0,0,0,0,1720199398897918400
-1,-1,-1,-1,-1,-1,-1,0,0,0,0,0,0,0,1720199398917958500
-1,-1,-1,-1,-1,-1,-1,0,0,0,0,0,0,0,1720199398938553400
-1,-1,-1,-1,-1,-1,-1,0,0,0,0,0,0,0,1720199398959518600
-1,-1,-1,-1,-1,-1,-1,0,0,0,0,0,0,0,1720199398979516900
-1,-1,-1,-1,-1,-1,-1,0,0,0,0,0,0,0,1720199399000516400
-1,-1,-1,-1,-1,-1,-1,0,0,0,0,0,0,0,1720199399020519000
-1,-1,-1,-1,-1,-1,-1,0,0,0,0,0,0,0,1720199399040642000
-1,-1,-1,-1,-1,-1,-1,0,0,0,0,0,0,0,1720199399065820600
-1,-1,-1,-1,-1,-1,-1,0,0,0,0,0,0,0,1720199399085807700
-1,-1,-1,-1,-1,-1,-1,0,0,0,0,0,0,0,1720199399106806100
-1,-1,-1,-1,-1,-1,-1,0,0,0,0,0,0,0,1720199399126811400
-1,-1,-1,-1,-1,-1,-1,0,0,0,0,0,0,0,1720199399147020000
-1,-1,-1,-1,-1,-1,-1,0,0,0,0,0,0,0,1720199399168020000
-1,-1,-1,-1,-1,-1,-1,0,0,0,0,0,0,0,1720199399189021700
-1,-1,-1,-1,-1,-1,-1,0,0,0,0,0,0,0,1720199399209022100
-1,-1,-1,-1,-1,-1,-1,0,0,0,0,0,0,0,1720199399229537500
-1,-1,-1,-1,-1,-1,-1,0,0,0,0,0,0,0,1720199399253536300
-1,-1,-1,-1,-1,-1,-1,0,0,0,0,0,0,0,1720199399274534500
-1,-1,-1,-1,-1,-1,-1,0,0,0,0,0,0,0,1720199399294535500
-1,-1,-1,-1,-1,-1,-1,0,0,0,0,0,0,0,1720199399315545700
-1,-1,-1,-1,-1,-1,-1,0,0,0,0,0,0,0,1720199399336060100
-1,-1,-1,-1,-1,-1,-1,0,0,0,0,0,0,0,1720199399356058600
-1,-1,-1,-1,-1,-1,-1,0,0,0,0,0,0,0,1720199399377055900
-1,-1,-1,-1,-1,-1,-1,0,0,0,0,0,0,0,1720199399397055400
-1,-1,-1,-1,-1,-1,-1,0,0,0,0,0,0,0,1720199399422080900
-1,-1,-1,-1,-1,-1,-1,0,0,0,0,0,0,0,1720199399442095100
-1,-1,-1,-1,-1,-1,-1,0,0,0,0,0,0,0,1720199399462777100
-1,-1,-1,-1,-1,-1,-1,0,0,0,0,0,0,0,1720199399483769400
-1,-1,-1,-1,-1,-1,-1,0,0,0,0,0,0,0,1720199399503770900
-1,-1,-1,-1,-1,-1,-1,0,0,0,0,0,0,0,1720199399524817100
-1,-1,-1,-1,-1,-1,-1,0,0,0,0,0,0,0,1720199399545328800
-1,-1,-1,-1,-1,-1,-1,0,0,0,0,0,0,0,1720199399565344000
-1,-1,-1,-1,-1,-1,-1,0,0,0,0,0,0,0,1720199399586329400
-1,-1,-1,-1,-1,-1,-1,0,0,0,0,0,0,0,1720199399610330500
-1,-1,-1,-1,-1,-1,-1,0,0,0,0,0,0,0,1720199399630528300
-1,-1,-1,-1,-1,-1,-1,0,0,0,0,0,0,0,1720199399651524000
-1,-1,-1,-1,-1,-1,-1,0,0,0,0,0,0,0,1720199399671525100
-1,-1,-1,-1,-1,-1,-1,0,0,0,0,0,0,0,1720199399692533800
-1,-1,-1,-1,-1,-1,-1,0,0,0,0,0,0,0,1720199399712525100
-1,-1,-1,-1,-1,-1,-1,0,0,0,0,0,0,0,1720199399733048500
-1,-1,-1,-1,-1,-1,-1,0,0,0,0,0,0,0,1720199399754046300
-1,-1,-1,-1,-1,-1,-1,0,0,0,0,0,0,0,1720199399774047000
-1,-1,-1,-1,-1,-1,-1,0,0,0,0,0,0,0,1720199399799055800
-1,-1,-1,-1,-1,-1,-1,0,0,0,0,0,0,0,1720199399819047100
-1,-1,-1,-1,-1,-1,-1,0,0,0,0,0,0,0,1720199399839558700
-1,-1,-1,-1,-1,-1,-1,0,0,0,0,0,0,0,1720199399860563700
-1,-1,-1,-1,-1,-1,-1,0,0,0,0,0,0,0,1720199399880556400
-1,-1,-1,-1,-1,-1,-1,0,0,0,0,0,0,0,1720199399901557600
-1,-1,-1,-1,-1,-1,-1,0,0,0,0,0,0,0,1720199399921562400
-1,-1,-1,-1,-1,-1,-1,0,0,0,0,0,0,0,1720199399942077000
-1,-1,-1,-1,-1,-1,-1,0,0,0,0,0,0,0,1720199399962075700
-1,-1,-1,-1,-1,-1,-1,0,0,0,0,0,0,0,1720199399987075700
-1,-1,-1,-1,-1,-1,-1,0,0,0,0,0,0,0,1720199400007074600
-1,-1,-1,-1,-1,-1,-1,0,0,0,0,0,0,0,1720199400027079000
-1,-1,-1,-1,-1,-1,-1,0,0,0,0,0,0,0,1720199400048588900
-1,-1,-1,-1,-1,-1,-1,0,0,0,0,0,0,0,1720199400068588400
-1,-1,-1,-1,-1,-1,-1,0,0,0,0,0,0,0,1720199400089588600
-1,-1,-1,-1,-1,-1,-1,0,0,0,0,0,0,0,1720199400109587900
-1,-1,-1,-1,-1,-1,-1,0,0,0,0,0,0,0,1720199400130097400
-1,-1,-1,-1,-1,-1,-1,0,0,0,0,0,0,0,1720199400155097200
-1,-1,-1,-1,-1,-1,-1,0,0,0,0,0,0,0,1720199400175098000
-1,-1,-1,-1,-1,-1,-1,0,0,0,0,0,0,0,1720199400196102100
-1,-1,-1,-1,-1,-1,-1,0,0,0,0,0,0,0,1720199400216116000
-1,-1,-1,-1,-1,-1,-1,0,0,0,0,0,0,0,1720199400236627500
-1,-1,-1,-1,-1,-1,-1,0,0,0,0,0,0,0,1720199400257630100
-1,-1,-1,-1,-1,-1,-1,0,0,0,0,0,0,0,1720199400277625800
-1,-1,-1,-1,-1,-1,-1,0,0,0,0,0,0,0,1720199400298628900
-1,-1,-1,-1,-1,-1,-1,0,0,0,0,0,0,0,1720199400318702800
-1,-1,-1,-1,-1,-1,-1,0,0,0,0,0,0,0,1720199400343180200
-1,-1,-1,-1,-1,-1,-1,0,0,0,0,0,0,0,1720199400364178900
-1,-1,-1,-1,-1,-1,-1,0,0,0,0,0,0,0,1720199400384207900
-1,-1,-1,-1,-1,-1,-1,0,0,0,0,0,0,0,1720199400404787900
-1,-1,-1,-1,-1,-1,-1,0,0,0,0,0,0,0,1720199400424878400
-1,-1,-1,-1,-1,-1,-1,0,0,0,0,0,0,0,1720199400445392300
-1,-1,-1,-1,-1,-1,-1,0,0,0,0,0,0,0,1720199400466392500
-1,-1,-1,-1,-1,-1,-1,0,0,0,0,0,0,0,1720199400486394200
-1,-1,-1,-1,-1,-1,-1,0,0,0,0,0,0,0,1720199400507394400
-1,-1,-1,-1,-1,-1,-1,0,0,0,0,0,0,0,1720199400531906200
-1,-1,-1,-1,-1,-1,-1,0,0,0,0,0,0,0,1720199400551908100
-1,-1,-1,-1,-1,-1,-1,0,0,0,0,0,0,0,1720199400572918600
-1,-1,-1,-1,-1,-1,-1,0,0,0,0,0,0,0,1720199400592906000
-1,-1,-1,-1,-1,-1,-1,0,0,0,0,0,0,0,1720199400613905400
-1,-1,-1,-1,-1,-1,-1,0,0,0,0,0,0,0,1720199400633962300
-1,-1,-1,-1,-1,-1,-1,0,0,0,0,0,0,0,1720199400654968200
-1,-1,-1,-1,-1,-1,-1,0,0,0,0,0,0,0,1720199400674945300
-1,-1,-1,-1,-1,-1,-1,0,0,0,0,0,0,0,1720199400695955400
-1,-1,-1,-1,-1,-1,-1,0,0,0,0,0,0,0,1720199400719958400
-1,-1,-1,-1,-1,-1,-1,0,0,0,0,0,0,0,1720199400740506300
-1,-1,-1,-1,-1,-1,-1,0,0,0,0,0,0,0,1720199400761505600
-1,-1,-1,-1,-1,-1,-1,0,0,0,0,0,0,0,1720199400781505100
-1,-1,-1,-1,-1,-1,-1,0,0,0,0,0,0,0,1720199400802517400
-1,-1,-1,-1,-1,-1,-1,0,0,0,0,0,0,0,1720199400822512100
-1,-1,-1,-1,-1,-1,-1,0,0,0,0,0,0,0,1720199400843030500
-1,-1,-1,-1,-1,-1,-1,0,0,0,0,0,0,0,1720199400864030500
-1,-1,-1,-1,-1,-1,-1,0,0,0,0,0,0,0,1720199400888029000
-1,-1,-1,-1,-1,-1,-1,0,0,0,0,0,0,0,1720199400908029500
-1,-1,-1,-1,-1,-1,-1,0,0,0,0,0,0,0,1720199400929035100
-1,-1,-1,-1,-1,-1,-1,0,0,0,0,0,0,0,1720199400949500600
-1,-1,-1,-1,-1,-1,-1,0,0,0,0,0,0,0,1720199400969501100
-1,-1,-1,-1,-1,-1,-1,0,0,0,0,0,0,0,1720199400990468600
-1,-1,-1,-1,-1,-1,-1,0,0,0,0,0,0,0,1720199401011467200
-1,-1,-1,-1,-1,-1,-1,0,0,0,0,0,0,0,1720199401031087900
-1,-1,-1,-1,-1,-1,-1,0,0,0,0,0,0,0,1720199401052053800
-1,-1,-1,-1,-1,-1,-1,0,0,0,0,0,0,0,1720199401076090100
-1,-1,-1,-1,-1,-1,-1,0,0,0,0,0,0,0,1720199401097051200
-1,-1,-1,-1,-1,-1,-1,0,0,0,0,0,0,0,1720199401118063400
-1,-1,-1,-1,-1,-1,-1,0,0,0,0,0,0,0,1720199401137570000
-1,-1,-1,-1,-1,-1,-1,0,0,0,0,0,0,0,1720199401158571700
-1,-1,-1,-1,-1,-1,-1,0,0,0,0,0,0,0,1720199401178571700
-1,-1,-1,-1,-1,-1,-1,0,0,0,0,0,0,0,1720199401199570800
-1,-1,-1,-1,-1,-1,-1,0,0,0,0,0,0,0,1720199401219577500
-1,-1,-1,-1,-1,-1,-1,0,0,0,0,0,0,0,1720199401240090400
-1,-1,-1,-1,-1,-1,-1,0,0,0,0,0,0,0,1720199401265090400
-1,-1,-1,-1,-1,-1,-1,0,0,0,0,0,0,0,1720199401285088400
-1,-1,-1,-1,-1,-1,-1,0,0,0,0,0,0,0,1720199401306090200
-1,-1,-1,-1,-1,-1,-1,0,0,0,0,0,0,0,1720199401326101600
-1,-1,-1,-1,-1,-1,-1,0,0,0,0,0,0,0,1720199401346438900
-1,-1,-1,-1,-1,-1,-1,0,0,0,0,0,0,0,1720199401367442200
-1,-1,-1,-1,-1,-1,-1,0,0,0,0,0,0,0,1720199401387452500
-1,-1,-1,-1,-1,-1,-1,0,0,0,0,0,0,0,1720199401408438100
-1,-1,-1,-1,-1,-1,-1,0,0,0,0,0,0,0,1720199401428945200
-1,-1,-1,-1,-1,-1,-1,0,0,0,0,0,0,0,1720199401452986900
-1,-1,-1,-1,-1,-1,-1,0,0,0,0,0,0,0,1720199401473986100
-1,-1,-1,-1,-1,-1,-1,0,0,0,0,0,0,0,1720199401493949200
-1,-1,-1,-1,-1,-1,-1,0,0,0,0,0,0,0,1720199401515024100
-1,-1,-1,-1,-1,-1,-1,0,0,0,0,0,0,0,1720199401535604900
-1,-1,-1,-1,-1,-1,-1,0,0,0,0,0,0,0,1720199401555572800
-1,-1,-1,-1,-1,-1,-1,0,0,0,0,0,0,0,1720199401576605800
-1,-1,-1,-1,-1,-1,-1,0,0,0,0,0,0,0,1720199401596605500
-1,-1,-1,-1,-1,-1,-1,0,0,0,0,0,0,0,1720199401617645300
-1,-1,-1,-1,-1,-1,-1,0,0,0,0,0,0,0,1720199401641155900
-1,-1,-1,-1,-1,-1,-1,0,0,0,0,0,0,0,1720199401662123400
-1,-1,-1,-1,-1,-1,-1,0,0,0,0,0,0,0,1720199401684133300
-1,-1,-1,-1,-1,-1,-1,0,0,0,0,0,0,0,1720199401706137000
-1,-1,-1,-1,-1,-1,-1,0,0,0,0,0,0,0,1720199401726125400
-1,-1,-1,-1,-1,-1,-1,0,0,0,0,0,0,0,1720199401743734300
-1,-1,-1,-1,-1,-1,-1,0,0,0,0,0,0,0,1720199401764733900
-1,-1,-1,-1,-1,-1,-1,0,0,0,0,0,0,0,1720199401785204300
-1,-1,-1,-1,-1,-1,-1,0,0,0,0,0,0,0,1720199401809798400
-1,-1,-1,-1,-1,-1,-1,0,0,0,0,0,0,0,1720199401829935500
-1,-1,-1,-1,-1,-1,-1,0,0,0,0,0,0,0,1720199401850938800
-1,-1,-1,-1,-1,-1,-1,0,0,0,0,0,0,0,1720199401870942600
-1,-1,-1,-1,-1,-1,-1,0,0,0,0,0,0,0,1720199401891938900
-1,-1,-1,-1,-1,-1,-1,0,0,0,0,0,0,0,1720199401911940000
-1,-1,-1,-1,-1,-1,-1,0,0,0,0,0,0,0,1720199401932450400
-1,-1,-1,-1,-1,-1,-1,0,0,0,0,0,0,0,1720199401953449800
-1,-1,-1,-1,-1,-1,-1,0,0,0,0,0,0,0,1720199401973450600
-1,-1,-1,-1,-1,-1,-1,0,0,0,0,0,0,0,1720199401998450200
-1,-1,-1,-1,-1,-1,-1,0,0,0,0,0,0,0,1720199402018452700
-1,-1,-1,-1,-1,-1,-1,0,0,0,0,0,0,0,1720199402038969900
-1,-1,-1,-1,-1,-1,-1,0,0,0,0,0,0,0,1720199402059972700
-1,-1,-1,-1,-1,-1,-1,0,0,0,0,0,0,0,1720199402079970400
-1,-1,-1,-1,-1,-1,-1,0,0,0,0,0,0,0,1720199402100970100
-1,-1,-1,-1,-1,-1,-1,0,0,0,0,0,0,0,1720199402120976200
-1,-1,-1,-1,-1,-1,-1,0,0,0,0,0,0,0,1720199402141486200
-1,-1,-1,-1,-1,-1,-1,0,0,0,0,0,0,0,1720199402161485000
-1,-1,-1,-1,-1,-1,-1,0,0,0,0,0,0,0,1720199402186518000
-1,-1,-1,-1,-1,-1,-1,0,0,0,0,0,0,0,1720199402206484300
-1,-1,-1,-1,-1,-1,-1,0,0,0,0,0,0,0,1720199402227488200
-1,-1,-1,-1,-1,-1,-1,0,0,0,0,0,0,0,1720199402248112500
-1,-1,-1,-1,-1,-1,-1,0,0,0,0,0,0,0,1720199402268105800
-1,-1,-1,-1,-1,-1,-1,0,0,0,0,0,0,0,1720199402289112600
-1,-1,-1,-1,-1,-1,-1,0,0,0,0,0,0,0,1720199402309069700
-1,-1,-1,-1,-1,-1,-1,0,0,0,0,0,0,0,1720199402329618500
-1,-1,-1,-1,-1,-1,-1,0,0,0,0,0,0,0,1720199402350623800
-1,-1,-1,-1,-1,-1,-1,0,0,0,0,0,0,0,1720199402374624500
-1,-1,-1,-1,-1,-1,-1,0,0,0,0,0,0,0,1720199402395622900
-1,-1,-1,-1,-1,-1,-1,0,0,0,0,0,0,0,1720199402415694800
-1,-1,-1,-1,-1,-1,-1,0,0,0,0,0,0,0,1720199402436176500
-1,-1,-1,-1,-1,-1,-1,0,0,0,0,0,0,0,1720199402457208300
-1,-1,-1,-1,-1,-1,-1,0,0,0,0,0,0,0,1720199402477207900
-1,-1,-1,-1,-1,-1,-1,0,0,0,0,0,0,0,1720199402498174000
-1,-1,-1,-1,-1,-1,-1,0,0,0,0,0,0,0,1720199402518214200
-1,-1,-1,-1,-1,-1,-1,0,0,0,0,0,0,0,1720199402542809900
-1,-1,-1,-1,-1,-1,-1,0,0,0,0,0,0,0,1720199402563784000
-1,-1,-1,-1,-1,-1,-1,0,0,0,0,0,0,0,1720199402584038700
-1,-1,-1,-1,-1,-1,-1,0,0,0,0,0,0,0,1720199402604042600
-1,-1,-1,-1,-1,-1,-1,0,0,0,0,0,0,0,1720199402624310700
-1,-1,-1,-1,-1,-1,-1,0,0,0,0,0,0,0,1720199402644820400
-1,-1,-1,-1,-1,-1,-1,0,0,0,0,0,0,0,1720199402665819400
-1,-1,-1,-1,-1,-1,-1,0,0,0,0,0,0,0,1720199402685855900
-1,-1,-1,-1,-1,-1,-1,0,0,0,0,0,0,0,1720199402706832000
-1,-1,-1,-1,-1,-1,-1,0,0,0,0,0,0,0,1720199402731306100
-1,-1,-1,-1,-1,-1,-1,0,0,0,0,0,0,0,1720199402751287700
-1,-1,-1,-1,-1,-1,-1,0,0,0,0,0,0,0,1720199402772305500
-1,-1,-1,-1,-1,-1,-1,0,0,0,0,0,0,0,1720199402793283100
-1,-1,-1,-1,-1,-1,-1,0,0,0,0,0,0,0,1720199402813277400
-1,-1,-1,-1,-1,-1,-1,0,0,0,0,0,0,0,1720199402833794600
-1,-1,-1,-1,-1,-1,-1,0,0,0,0,0,0,0,1720199402853795000
-1,-1,-1,-1,-1,-1,-1,0,0,0,0,0,0,0,1720199402874794200
-1,-1,-1,-1,-1,-1,-1,0,0,0,0,0,0,0,1720199402894795300
-1,-1,-1,-1,-1,-1,-1,0,0,0,0,0,0,0,1720199402919796800
-1,-1,-1,-1,-1,-1,-1,0,0,0,0,0,0,0,1720199402940301800
-1,-1,-1,-1,-1,-1,-1,0,0,0,0,0,0,0,1720199402960304300
-1,-1,-1,-1,-1,-1,-1,0,0,0,0,0,0,0,1720199402981339500
-1,-1,-1,-1,-1,-1,-1,0,0,0,0,0,0,0,1720199403001303200
-1,-1,-1,-1,-1,-1,-1,0,0,0,0,0,0,0,1720199403022346700
-1,-1,-1,-1,-1,-1,-1,0,0,0,0,0,0,0,1720199403042929100
-1,-1,-1,-1,-1,-1,-1,0,0,0,0,0,0,0,1720199403062923100
-1,-1,-1,-1,-1,-1,-1,0,0,0,0,0,0,0,1720199403083890300
-1,-1,-1,-1,-1,-1,-1,0,0,0,0,0,0,0,1720199403107888800
-1,-1,-1,-1,-1,-1,-1,0,0,0,0,0,0,0,1720199403127929000
-1,-1,-1,-1,-1,-1,-1,0,0,0,0,0,0,0,1720199403149179300
-1,-1,-1,-1,-1,-1,-1,0,0,0,0,0,0,0,1720199403169754600
-1,-1,-1,-1,-1,-1,-1,0,0,0,0,0,0,0,1720199403189754000
-1,-1,-1,-1,-1,-1,-1,0,0,0,0,0,0,0,1720199403210753800
-1,-1,-1,-1,-1,-1,-1,0,0,0,0,0,0,0,1720199403230646700
-1,-1,-1,-1,-1,-1,-1,0,0,0,0,0,0,0,1720199403251649600
-1,-1,-1,-1,-1,-1,-1,0,0,0,0,0,0,0,1720199403275649500
-1,-1,-1,-1,-1,-1,-1,0,0,0,0,0,0,0,1720199403296687200
-1,-1,-1,-1,-1,-1,-1,0,0,0,0,0,0,0,1720199403316655700
-1,-1,-1,-1,-1,-1,-1,0,0,0,0,0,0,0,1720199403337163700
-1,-1,-1,-1,-1,-1,-1,0,0,0,0,0,0,0,1720199403358163000
-1,-1,-1,-1,-1,-1,-1,0,0,0,0,0,0,0,1720199403378197200
-1,-1,-1,-1,-1,-1,-1,0,0,0,0,0,0,0,1720199403399198500
-1,-1,-1,-1,-1,-1,-1,0,0,0,0,0,0,0,1720199403419235200
-1,-1,-1,-1,-1,-1,-1,0,0,0,0,0,0,0,1720199403439706100
-1,-1,-1,-1,-1,-1,-1,0,0,0,0,0,0,0,1720199403463740900
-1,-1,-1,-1,-1,-1,-1,0,0,0,0,0,0,0,1720199403484740700
-1,-1,-1,-1,-1,-1,-1,0,0,0,0,0,0,0,1720199403505741800
-1,-1,-1,-1,-1,-1,-1,0,0,0,0,0,0,0,1720199403525779400
-1,-1,-1,-1,-1,-1,-1,0,0,0,0,0,0,0,1720199403546325000
-1,-1,-1,-1,-1,-1,-1,0,0,0,0,0,0,0,1720199403566291500
-1,-1,-1,-1,-1,-1,-1,0,0,0,0,0,0,0,1720199403587309200
-1,-1,-1,-1,-1,-1,-1,0,0,0,0,0,0,0,1720199403607289700
-1,-1,-1,-1,-1,-1,-1,0,0,0,0,0,0,0,1720199403628332700
-1,-1,-1,-1,-1,-1,-1,0,0,0,0,0,0,0,1720199403652594200
-1,-1,-1,-1,-1,-1,-1,0,0,0,0,0,0,0,1720199403673595100
-1,-1,-1,-1,-1,-1,-1,0,0,0,0,0,0,0,1720199403693600700
-1,-1,-1,-1,-1,-1,-1,0,0,0,0,0,0,0,1720199403714598900
-1,-1,-1,-1,-1,-1,-1,0,0,0,0,0,0,0,1720199403735120100
-1,-1,-1,-1,-1,-1,-1,0,0,0,0,0,0,0,1720199403755120000
-1,-1,-1,-1,-1,-1,-1,0,0,0,0,0,0,0,1720199403776119400
-1,-1,-1,-1,-1,-1,-1,0,0,0,0,0,0,0,1720199403796153600
-1,-1,-1,-1,-1,-1,-1,0,0,0,0,0,0,0,1720199403816193800
-1,-1,-1,-1,-1,-1,-1,0,0,0,0,0,0,0,1720199403840744800
-1,-1,-1,-1,-1,-1,-1,0,0,0,0,0,0,0,1720199403861778700
-1,-1,-1,-1,-1,-1,-1,0,0,0,0,0,0,0,1720199403881778500
-1,-1,-1,-1,-1,-1,-1,0,0,0,0,0,0,0,1720199403902786900
-1,-1,-1,-1,-1,-1,-1,0,0,0,0,0,0,0,1720199403922783300
-1,-1,-1,-1,-1,-1,-1,0,0,0,0,0,0,0,1720199403943093800
-1,-1,-1,-1,-1,-1,-1,0,0,0,0,0,0,0,1720199403964082400
-1,-1,-1,-1,-1,-1,-1,0,0,0,0,0,0,0,1720199403984087800
-1,-1,-1,-1,-1,-1,-1,0,0,0,0,0,0,0,1720199404009088200
-1,-1,-1,-1,-1,-1,-1,0,0,0,0,0,0,0,1720199404029126600
-1,-1,-1,-1,-1,-1,-1,0,0,0,0,0,0,0,1720199404049708800
-1,-1,-1,-1,-1,-1,-1,0,0,0,0,0,0,0,1720199404070706000
-1,-1,-1,-1,-1,-1,-1,0,0,0,0,0,0,0,1720199404090774600
-1,-1,-1,-1,-1,-1,-1,0,0,0,0,0,0,0,1720199404111778800
-1,-1,-1,-1,-1,-1,-1,0,0,0,0,0,0,0,1720199404132418600
-1,-1,-1,-1,-1,-1,-1,0,0,0,0,0,0,0,1720199404152421800
-1,-1,-1,-1,-1,-1,-1,0,0,0,0,0,0,0,1720199404173406700
-1,-1,-1,-1,-1,-1,-1,0,0,0,0,0,0,0,1720199404197430700
-1,-1,-1,-1,-1,-1,-1,0,0,0,0,0,0,0,1720199404217470600
-1,-1,-1,-1,-1,-1,-1,0,0,0,0,0,0,0,1720199404238078300
-1,-1,-1,-1,-1,-1,-1,0,0,0,0,0,0,0,1720199404259078400
-1,-1,-1,-1,-1,-1,-1,0,0,0,0,0,0,0,1720199404279080500
-1,-1,-1,-1,-1,-1,-1,0,0,0,0,0,0,0,1720199404300076100
-1,-1,-1,-1,-1,-1,-1,0,0,0,0,0,0,0,1720199404320045800
-1,-1,-1,-1,-1,-1,-1,0,0,0,0,0,0,0,1720199404340582100
-1,-1,-1,-1,-1,-1,-1,0,0,0,0,0,0,0,1720199404361553400
-1,-1,-1,-1,-1,-1,-1,0,0,0,0,0,0,0,1720199404385592600
-1,-1,-1,-1,-1,-1,-1,0,0,0,0,0,0,0,1720199404406577500
-1,-1,-1,-1,-1,-1,-1,0,0,0,0,0,0,0,1720199404426592000
-1,-1,-1,-1,-1,-1,-1,0,0,0,0,0,0,0,1720199404447103300
-1,-1,-1,-1,-1,-1,-1,0,0,0,0,0,0,0,1720199404468102700
-1,-1,-1,-1,-1,-1,-1,0,0,0,0,0,0,0,1720199404488136800
-1,-1,-1,-1,-1,-1,-1,0,0,0,0,0,0,0,1720199404509107300
-1,-1,-1,-1,-1,-1,-1,0,0,0,0,0,0,0,1720199404529089000
-1,-1,-1,-1,-1,-1,-1,0,0,0,0,0,0,0,1720199404549641000
-1,-1,-1,-1,-1,-1,-1,0,0,0,0,0,0,0,1720199404574604300
-1,-1,-1,-1,-1,-1,-1,0,0,0,0,0,0,0,1720199404594604800
-1,-1,-1,-1,-1,-1,-1,0,0,0,0,0,0,0,1720199404615639000
-1,-1,-1,-1,-1,-1,-1,0,0,0,0,0,0,0,1720199404635547700
-1,-1,-1,-1,-1,-1,-1,0,0,0,0,0,0,0,1720199404656633200
-1,-1,-1,-1,-1,-1,-1,0,0,0,0,0,0,0,1720199404676631000
-1,-1,-1,-1,-1,-1,-1,0,0,0,0,0,0,0,1720199404697597800
-1,-1,-1,-1,-1,-1,-1,0,0,0,0,0,0,0,1720199404717668700
-1,-1,-1,-1,-1,-1,-1,0,0,0,0,0,0,0,1720199404738223400
-1,-1,-1,-1,-1,-1,-1,0,0,0,0,0,0,0,1720199404762187400
-1,-1,-1,-1,-1,-1,-1,0,0,0,0,0,0,0,1720199404783183900
-1,-1,-1,-1,-1,-1,-1,0,0,0,0,0,0,0,1720199404803218400
-1,-1,-1,-1,-1,-1,-1,0,0,0,0,0,0,0,1720199404824254100
-1,-1,-1,-1,-1,-1,-1,0,0,0,0,0,0,0,1720199404844806900
-1,-1,-1,-1,-1,-1,-1,0,0,0,0,0,0,0,1720199404864838700
-1,-1,-1,-1,-1,-1,-1,0,0,0,0,0,0,0,1720199404885839700
-1,-1,-1,-1,-1,-1,-1,0,0,0,0,0,0,0,1720199404905838800
-1,-1,-1,-1,-1,-1,-1,0,0,0,0,0,0,0,1720199404930882900
-1,-1,-1,-1,-1,-1,-1,0,0,0,0,0,0,0,1720199404951333200
-1,-1,-1,-1,-1,-1,-1,0,0,0,0,0,0,0,1720199404971341800
-1,-1,-1,-1,-1,-1,-1,0,0,0,0,0,0,0,1720199404992330800
-1,-1,-1,-1,-1,-1,-1,0,0,0,0,0,0,0,1720199405012334900
-1,-1,-1,-1,-1,-1,-1,0,0,0,0,0,0,0,1720199405032932800
-1,-1,-1,-1,-1,-1,-1,0,0,0,0,0,0,0,1720199405053916500
-1,-1,-1,-1,-1,-1,-1,0,0,0,0,0,0,0,1720199405073925600
-1,-1,-1,-1,-1,-1,-1,0,0,0,0,0,0,0,1720199405094898100
-1,-1,-1,-1,-1,-1,-1,0,0,0,0,0,0,0,1720199405118974200
-1,-1,-1,-1,-1,-1,-1,0,0,0,0,0,0,0,1720199405139489100
-1,-1,-1,-1,-1,-1,-1,0,0,0,0,0,0,0,1720199405160484100
-1,-1,-1,-1,-1,-1,-1,0,0,0,0,0,0,0,1720199405180499700
-1,-1,-1,-1,-1,-1,-1,0,0,0,0,0,0,0,1720199405201496300
-1,-1,-1,-1,-1,-1,-1,0,0,0,0,0,0,0,1720199405221523800
-1,-1,-1,-1,-1,-1,-1,0,0,0,0,0,0,0,1720199405242034500
-1,-1,-1,-1,-1,-1,-1,0,0,0,0,0,0,0,1720199405262072000
-1,-1,-1,-1,-1,-1,-1,0,0,0,0,0,0,0,1720199405283071600
-1,-1,-1,-1,-1,-1,-1,0,0,0,0,0,0,0,1720199405307037400
-1,-1,-1,-1,-1,-1,-1,0,0,0,0,0,0,0,1720199405328078800
-1,-1,-1,-1,-1,-1,-1,0,0,0,0,0,0,0,1720199405348623600
-1,-1,-1,-1,-1,-1,-1,0,0,0,0,0,0,0,1720199405368593600
-1,-1,-1,-1,-1,-1,-1,0,0,0,0,0,0,0,1720199405389589600
-1,-1,-1,-1,-1,-1,-1,0,0,0,0,0,0,0,1720199405409597300
-1,-1,-1,-1,-1,-1,-1,0,0,0,0,0,0,0,1720199405430630100
-1,-1,-1,-1,-1,-1,-1,0,0,0,0,0,0,0,1720199405450208100
-1,-1,-1,-1,-1,-1,-1,0,0,0,0,0,0,0,1720199405471209200
-1,-1,-1,-1,-1,-1,-1,0,0,0,0,0,0,0,1720199405495174500
-1,-1,-1,-1,-1,-1,-1,0,0,0,0,0,0,0,1720199405516209000
-1,-1,-1,-1,-1,-1,-1,0,0,0,0,0,0,0,1720199405536763000
-1,-1,-1,-1,-1,-1,-1,0,0,0,0,0,0,0,1720199405557759700
-1,-1,-1,-1,-1,-1,-1,0,0,0,0,0,0,0,1720199405577763300
-1,-1,-1,-1,-1,-1,-1,0,0,0,0,0,0,0,1720199405597727700
-1,-1,-1,-1,-1,-1,-1,0,0,0,0,0,0,0,1720199405618805800
-1,-1,-1,-1,-1,-1,-1,0,0,0,0,0,0,0,1720199405639394100
-1,-1,-1,-1,-1,-1,-1,0,0,0,0,0,0,0,1720199405663395500
-1,-1,-1,-1,-1,-1,-1,0,0,0,0,0,0,0,1720199405684361700
-1,-1,-1,-1,-1,-1,-1,0,0,0,0,0,0,0,1720199405704359100
-1,-1,-1,-1,-1,-1,-1,0,0,0,0,0,0,0,1720199405725368300
-1,-1,-1,-1,-1,-1,-1,0,0,0,0,0,0,0,1720199405745875100
-1,-1,-1,-1,-1,-1,-1,0,0,0,0,0,0,0,1720199405765910400
-1,-1,-1,-1,-1,-1,-1,0,0,0,0,0,0,0,1720199405786873600
-1,-1,-1,-1,-1,-1,-1,0,0,0,0,0,0,0,1720199405806931300
-1,-1,-1,-1,-1,-1,-1,0,0,0,0,0,0,0,1720199405827911500
-1,-1,-1,-1,-1,-1,-1,0,0,0,0,0,0,0,1720199405852168200
-1,-1,-1,-1,-1,-1,-1,0,0,0,0,0,0,0,1720199405873848000
-1,-1,-1,-1,-1,-1,-1,0,0,0,0,0,0,0,1720199405893275800
-1,-1,-1,-1,-1,-1,-1,0,0,0,0,0,0,0,1720199405913310300
-1,-1,-1,-1,-1,-1,-1,0,0,0,0,0,0,0,1720199405933909800
-1,-1,-1,-1,-1,-1,-1,0,0,0,0,0,0,0,1720199405954908900
-1,-1,-1,-1,-1,-1,-1,0,0,0,0,0,0,0,1720199405975439500
-1,-1,-1,-1,-1,-1,-1,0,0,0,0,0,0,0,1720199405995457700
-1,-1,-1,-1,-1,-1,-1,0,0,0,0,0,0,0,1720199406016424800
-1,-1,-1,-1,-1,-1,-1,0,0,0,0,0,0,0,1720199406041014900
-1,-1,-1,-1,-1,-1,-1,0,0,0,0,0,0,0,1720199406061010800
-1,-1,-1,-1,-1,-1,-1,0,0,0,0,0,0,0,1720199406082014700
-1,-1,-1,-1,-1,-1,-1,0,0,0,0,0,0,0,1720199406102016000
-1,-1,-1,-1,-1,-1,-1,0,0,0,0,0,0,0,1720199406122020600
-1,-1,-1,-1,-1,-1,-1,0,0,0,0,0,0,0,1720199406142576500
-1,-1,-1,-1,-1,-1,-1,0,0,0,0,0,0,0,1720199406163578100
-1,-1,-1,-1,-1,-1,-1,0,0,0,0,0,0,0,1720199406183611000
-1,-1,-1,-1,-1,-1,-1,0,0,0,0,0,0,0,1720199406204574800
-1,-1,-1,-1,-1,-1,-1,0,0,0,0,0,0,0,1720199406228624900
-1,-1,-1,-1,-1,-1,-1,0,0,0,0,0,0,0,1720199406249225100
-1,-1,-1,-1,-1,-1,-1,0,0,0,0,0,0,0,1720199406270213700
-1,-1,-1,-1,-1,-1,-1,0,0,0,0,0,0,0,1720199406290207800
-1,-1,-1,-1,-1,-1,-1,0,0,0,0,0,0,0,1720199406311174400
-1,-1,-1,-1,-1,-1,-1,0,0,0,0,0,0,0,1720199406331216200
-1,-1,-1,-1,-1,-1,-1,0,0,0,0,0,0,0,1720199406351733100
-1,-1,-1,-1,-1,-1,-1,0,0,0,0,0,0,0,1720199406372736600
-1,-1,-1,-1,-1,-1,-1,0,0,0,0,0,0,0,1720199406396735200
-1,-1,-1,-1,-1,-1,-1,0,0,0,0,0,0,0,1720199406417742500
-1,-1,-1,-1,-1,-1,-1,0,0,0,0,0,0,0,1720199406437362400
-1,-1,-1,-1,-1,-1,-1,0,0,0,0,0,0,0,1720199406458368600
-1,-1,-1,-1,-1,-1,-1,0,0,0,0,0,0,0,1720199406478392100
-1,-1,-1,-1,-1,-1,-1,0,0,0,0,0,0,0,1720199406499336400
-1,-1,-1,-1,-1,-1,-1,0,0,0,0,0,0,0,1720199406519407300
-1,-1,-1,-1,-1,-1,-1,0,0,0,0,0,0,0,1720199406540020100
-1,-1,-1,-1,-1,-1,-1,0,0,0,0,0,0,0,1720199406560981600
-1,-1,-1,-1,-1,-1,-1,0,0,0,0,0,0,0,1720199406585477800
-1,-1,-1,-1,-1,-1,-1,0,0,0,0,0,0,0,1720199406605488700
-1,-1,-1,-1,-1,-1,-1,0,0,0,0,0,0,0,1720199406626524200
-1,-1,-1,-1,-1,-1,-1,0,0,0,0,0,0,0,1720199406647014100
-1,-1,-1,-1,-1,-1,-1,0,0,0,0,0,0,0,1720199406667015100
-1,-1,-1,-1,-1,-1,-1,0,0,0,0,0,0,0,1720199406688012900
-1,-1,-1,-1,-1,-1,-1,0,0,0,0,0,0,0,1720199406709018400
-1,-1,-1,-1,-1,-1,-1,0,0,0,0,0,0,0,1720199406737540400
-1,-1,-1,-1,-1,-1,-1,0,0,0,0,0,0,0,1720199406749538800
-1,-1,-1,-1,-1,-1,-1,0,0,0,0,0,0,0,1720199406773544700
-1,-1,-1,-1,-1,-1,-1,0,0,0,0,0,0,0,1720199406794545000
-1,-1,-1,-1,-1,-1,-1,0,0,0,0,0,0,0,1720199406814558500
-1,-1,-1,-1,-1,-1,-1,0,0,0,0,0,0,0,1720199406835059200
-1,-1,-1,-1,-1,-1,-1,0,0,0,0,0,0,0,1720199406856058300
-1,-1,-1,-1,-1,-1,-1,0,0,0,0,0,0,0,1720199406876060400
-1,-1,-1,-1,-1,-1,-1,0,0,0,0,0,0,0,1720199406897073200
-1,-1,-1,-1,-1,-1,-1,0,0,0,0,0,0,0,1720199406917060400
-1,-1,-1,-1,-1,-1,-1,0,0,0,0,0,0,0,1720199406937620300
-1,-1,-1,-1,-1,-1,-1,0,0,0,0,0,0,0,1720199406962609200
-1,-1,-1,-1,-1,-1,-1,0,0,0,0,0,0,0,1720199406982606800
-1,-1,-1,-1,-1,-1,-1,0,0,0,0,0,0,0,1720199407002606000
-1,-1,-1,-1,-1,-1,-1,0,0,0,0,0,0,0,1720199407023626700
-1,-1,-1,-1,-1,-1,-1,0,0,0,0,0,0,0,1720199407044124100
-1,-1,-1,-1,-1,-1,-1,0,0,0,0,0,0,0,1720199407064123800
-1,-1,-1,-1,-1,-1,-1,0,0,0,0,0,0,0,1720199407085122000
-1,-1,-1,-1,-1,-1,-1,0,0,0,0,0,0,0,1720199407105125900
-1,-1,-1,-1,-1,-1,-1,0,0,0,0,0,0,0,1720199407130164700
-1,-1,-1,-1,-1,-1,-1,0,0,0,0,0,0,0,1720199407150232700
-1,-1,-1,-1,-1,-1,-1,0,0,0,0,0,0,0,1720199407171266400
-1,-1,-1,-1,-1,-1,-1,0,0,0,0,0,0,0,1720199407191235200
-1,-1,-1,-1,-1,-1,-1,0,0,0,0,0,0,0,1720199407212232700
-1,-1,-1,-1,-1,-1,-1,0,0,0,0,0,0,0,1720199407232240400
-1,-1,-1,-1,-1,-1,-1,0,0,0,0,0,0,0,1720199407253117800
-1,-1,-1,-1,-1,-1,-1,0,0,0,0,0,0,0,1720199407273151000
-1,-1,-1,-1,-1,-1,-1,0,0,0,0,0,0,0,1720199407294119400
-1,-1,-1,-1,-1,-1,-1,0,0,0,0,0,0,0,1720199407318117300
-1,-1,-1,-1,-1,-1,-1,0,0,0,0,0,0,0,1720199407338685200
-1,-1,-1,-1,-1,-1,-1,0,0,0,0,0,0,0,1720199407359688800
-1,-1,-1,-1,-1,-1,-1,0,0,0,0,0,0,0,1720199407379684600
-1,-1,-1,-1,-1,-1,-1,0,0,0,0,0,0,0,1720199407400700400
-1,-1,-1,-1,-1,-1,-1,0,0,0,0,0,0,0,1720199407420698700
-1,-1,-1,-1,-1,-1,-1,0,0,0,0,0,0,0,1720199407441276800
-1,-1,-1,-1,-1,-1,-1,0,0,0,0,0,0,0,1720199407461242300
-1,-1,-1,-1,-1,-1,-1,0,0,0,0,0,0,0,1720199407482240500
-1,-1,-1,-1,-1,-1,-1,0,0,0,0,0,0,0,1720199407507239600
-1,-1,-1,-1,-1,-1,-1,0,0,0,0,0,0,0,1720199407527325800
-1,-1,-1,-1,-1,-1,-1,0,0,0,0,0,0,0,1720199407547446700
-1,-1,-1,-1,-1,-1,-1,0,0,0,0,0,0,0,1720199407568447500
-1,-1,-1,-1,-1,-1,-1,0,0,0,0,0,0,0,1720199407588416800
-1,-1,-1,-1,-1,-1,-1,0,0,0,0,0,0,0,1720199407609409900
-1,-1,-1,-1,-1,-1,-1,0,0,0,0,0,0,0,1720199407629449900
-1,-1,-1,-1,-1,-1,-1,0,0,0,0,0,0,0,1720199407650023000
-1,-1,-1,-1,-1,-1,-1,0,0,0,0,0,0,0,1720199407670987300
-1,-1,-1,-1,-1,-1,-1,0,0,0,0,0,0,0,1720199407696011200
-1,-1,-1,-1,-1,-1,-1,0,0,0,0,0,0,0,1720199407716006100
-1,-1,-1,-1,-1,-1,-1,0,0,0,0,0,0,0,1720199407736522200
-1,-1,-1,-1,-1,-1,-1,0,0,0,0,0,0,0,1720199407756541100
-1,-1,-1,-1,-1,-1,-1,0,0,0,0,0,0,0,1720199407777545100
-1,-1,-1,-1,-1,-1,-1,0,0,0,0,0,0,0,1720199407797554300
-1,-1,-1,-1,-1,-1,-1,0,0,0,0,0,0,0,1720199407817508600
-1,-1,-1,-1,-1,-1,-1,0,0,0,0,0,0,0,1720199407838096100
-1,-1,-1,-1,-1,-1,-1,0,0,0,0,0,0,0,1720199407863095600
-1,-1,-1,-1,-1,-1,-1,0,0,0,0,0,0,0,1720199407883096500
-1,-1,-1,-1,-1,-1,-1,0,0,0,0,0,0,0,1720199407904059000
-1,-1,-1,-1,-1,-1,-1,0,0,0,0,0,0,0,1720199407924100300
-1,-1,-1,-1,-1,-1,-1,0,0,0,0,0,0,0,1720199407944611500
-1,-1,-1,-1,-1,-1,-1,0,0,0,0,0,0,0,1720199407965648800
-1,-1,-1,-1,-1,-1,-1,0,0,0,0,0,0,0,1720199407985610100
-1,-1,-1,-1,-1,-1,-1,0,0,0,0,0,0,0,1720199408006611600
-1,-1,-1,-1,-1,-1,-1,0,0,0,0,0,0,0,1720199408026617500
-1,-1,-1,-1,-1,-1,-1,0,0,0,0,0,0,0,1720199408050937900
-1,-1,-1,-1,-1,-1,-1,0,0,0,0,0,0,0,1720199408071938900
-1,-1,-1,-1,-1,-1,-1,0,0,0,0,0,0,0,1720199408092939200
-1,-1,-1,-1,-1,-1,-1,0,0,0,0,0,0,0,1720199408112940800
-1,-1,-1,-1,-1,-1,-1,0,0,0,0,0,0,0,1720199408133944900
-1,-1,-1,-1,-1,-1,-1,0,0,0,0,0,0,0,1720199408154485300
-1,-1,-1,-1,-1,-1,-1,0,0,0,0,0,0,0,1720199408174457600
-1,-1,-1,-1,-1,-1,-1,0,0,0,0,0,0,0,1720199408194458900
-1,-1,-1,-1,-1,-1,-1,0,0,0,0,0,0,0,1720199408215461900
-1,-1,-1,-1,-1,-1,-1,0,0,0,0,0,0,0,1720199408239982800
-1,-1,-1,-1,-1,-1,-1,0,0,0,0,0,0,0,1720199408260986500
-1,-1,-1,-1,-1,-1,-1,0,0,0,0,0,0,0,1720199408280982600
-1,-1,-1,-1,-1,-1,-1,0,0,0,0,0,0,0,1720199408301984400
-1,-1,-1,-1,-1,-1,-1,0,0,0,0,0,0,0,1720199408321994600
-1,-1,-1,-1,-1,-1,-1,0,0,0,0,0,0,0,1720199408342507200
-1,-1,-1,-1,-1,-1,-1,0,0,0,0,0,0,0,1720199408362508400
-1,-1,-1,-1,-1,-1,-1,0,0,0,0,0,0,0,1720199408383507200
-1,-1,-1,-1,-1,-1,-1,0,0,0,0,0,0,0,1720199408403508200
-1,-1,-1,-1,-1,-1,-1,0,0,0,0,0,0,0,1720199408428513300
-1,-1,-1,-1,-1,-1,-1,0,0,0,0,0,0,0,1720199408449021500
-1,-1,-1,-1,-1,-1,-1,0,0,0,0,0,0,0,1720199408469021500
-1,-1,-1,-1,-1,-1,-1,0,0,0,0,0,0,0,1720199408490021300
-1,-1,-1,-1,-1,-1,-1,0,0,0,0,0,0,0,1720199408510021400
-1,-1,-1,-1,-1,-1,-1,0,0,0,0,0,0,0,1720199408531024000
-1,-1,-1,-1,-1,-1,-1,0,0,0,0,0,0,0,1720199408551532800
-1,-1,-1,-1,-1,-1,-1,0,0,0,0,0,0,0,1720199408571532800
-1,-1,-1,-1,-1,-1,-1,0,0,0,0,0,0,0,1720199408596536200
-1,-1,-1,-1,-1,-1,-1,0,0,0,0,0,0,0,1720199408616680900
-1,-1,-1,-1,-1,-1,-1,0,0,0,0,0,0,0,1720199408637208500
-1,-1,-1,-1,-1,-1,-1,0,0,0,0,0,0,0,1720199408657206400
-1,-1,-1,-1,-1,-1,-1,0,0,0,0,0,0,0,1720199408678207900
-1,-1,-1,-1,-1,-1,-1,0,0,0,0,0,0,0,1720199408699212200
-1,-1,-1,-1,-1,-1,-1,0,0,0,0,0,0,0,1720199408719208800
-1,-1,-1,-1,-1,-1,-1,0,0,0,0,0,0,0,1720199408739246500
-1,-1,-1,-1,-1,-1,-1,0,0,0,0,0,0,0,1720199408760246500
-1,-1,-1,-1,-1,-1,-1,0,0,0,0,0,0,0,1720199408784245300
-1,-1,-1,-1,-1,-1,-1,0,0,0,0,0,0,0,1720199408805244300
-1,-1,-1,-1,-1,-1,-1,0,0,0,0,0,0,0,1720199408825246100
-1,-1,-1,-1,-1,-1,-1,0,0,0,0,0,0,0,1720199408845752400
-1,-1,-1,-1,-1,-1,-1,0,0,0,0,0,0,0,1720199408866527100
-1,-1,-1,-1,-1,-1,-1,0,0,0,0,0,0,0,1720199408887526900
-1,-1,-1,-1,-1,-1,-1,0,0,0,0,0,0,0,1720199408907565800
-1,-1,-1,-1,-1,-1,-1,0,0,0,0,0,0,0,1720199408927583600
-1,-1,-1,-1,-1,-1,-1,0,0,0,0,0,0,0,1720199408948088300
-1,-1,-1,-1,-1,-1,-1,0,0,0,0,0,0,0,1720199408973094600
-1,-1,-1,-1,-1,-1,-1,0,0,0,0,0,0,0,1720199408994109900
-1,-1,-1,-1,-1,-1,-1,0,0,0,0,0,0,0,1720199409014108200
-1,-1,-1,-1,-1,-1,-1,0,0,0,0,0,0,0,1720199409034621200
-1,-1,-1,-1,-1,-1,-1,0,0,0,0,0,0,0,1720199409054625500
-1,-1,-1,-1,-1,-1,-1,0,0,0,0,0,0,0,1720199409075101900
-1,-1,-1,-1,-1,-1,-1,0,0,0,0,0,0,0,1720199409096175500
-1,-1,-1,-1,-1,-1,-1,0,0,0,0,0,0,0,1720199409116174700
-1,-1,-1,-1,-1,-1,-1,0,0,0,0,0,0,0,1720199409136797000
-1,-1,-1,-1,-1,-1,-1,0,0,0,0,0,0,0,1720199409161764000
-1,-1,-1,-1,-1,-1,-1,0,0,0,0,0,0,0,1720199409181766300
-1,-1,-1,-1,-1,-1,-1,0,0,0,0,0,0,0,1720199409202797500
-1,-1,-1,-1,-1,-1,-1,0,0,0,0,0,0,0,1720199409222833100
-1,-1,-1,-1,-1,-1,-1,0,0,0,0,0,0,0,1720199409243415200
-1,-1,-1,-1,-1,-1,-1,0,0,0,0,0,0,0,1720199409263381000
-1,-1,-1,-1,-1,-1,-1,0,0,0,0,0,0,0,1720199409284419700
-1,-1,-1,-1,-1,-1,-1,0,0,0,0,0,0,0,1720199409304376600
-1,-1,-1,-1,-1,-1,-1,0,0,0,0,0,0,0,1720199409325410800
-1,-1,-1,-1,-1,-1,-1,0,0,0,0,0,0,0,1720199409349955100
-1,-1,-1,-1,-1,-1,-1,0,0,0,0,0,0,0,1720199409369954000
-1,-1,-1,-1,-1,-1,-1,0,0,0,0,0,0,0,1720199409390953800
-1,-1,-1,-1,-1,-1,-1,0,0,0,0,0,0,0,1720199409410955800
-1,-1,-1,-1,-1,-1,-1,0,0,0,0,0,0,0,1720199409431977200
-1,-1,-1,-1,-1,-1,-1,0,0,0,0,0,0,0,1720199409452500200
-1,-1,-1,-1,-1,-1,-1,0,0,0,0,0,0,0,1720199409473494100
-1,-1,-1,-1,-1,-1,-1,0,0,0,0,0,0,0,1720199409493499000
-1,-1,-1,-1,-1,-1,-1,0,0,0,0,0,0,0,1720199409517491600
-1,-1,-1,-1,-1,-1,-1,0,0,0,0,0,0,0,1720199409538029900
-1,-1,-1,-1,-1,-1,-1,0,0,0,0,0,0,0,1720199409559068000
-1,-1,-1,-1,-1,-1,-1,0,0,0,0,0,0,0,1720199409579064900
-1,-1,-1,-1,-1,-1,-1,0,0,0,0,0,0,0,1720199409600035300
-1,-1,-1,-1,-1,-1,-1,0,0,0,0,0,0,0,1720199409620030300
-1,-1,-1,-1,-1,-1,-1,0,0,0,0,0,0,0,1720199409640543300
-1,-1,-1,-1,-1,-1,-1,0,0,0,0,0,0,0,1720199409661544100
-1,-1,-1,-1,-1,-1,-1,0,0,0,0,0,0,0,1720199409681542200
-1,-1,-1,-1,-1,-1,-1,0,0,0,0,0,0,0,1720199409706544300
-1,-1,-1,-1,-1,-1,-1,0,0,0,0,0,0,0,1720199409726618000
-1,-1,-1,-1,-1,-1,-1,0,0,0,0,0,0,0,1720199409747145400
-1,-1,-1,-1,-1,-1,-1,0,0,0,0,0,0,0,1720199409767155300
-1,-1,-1,-1,-1,-1,-1,0,0,0,0,0,0,0,1720199409788110500
-1,-1,-1,-1,-1,-1,-1,0,0,0,0,0,0,0,1720199409808112700
-1,-1,-1,-1,-1,-1,-1,0,0,0,0,0,0,0,1720199409829117100
-1,-1,-1,-1,-1,-1,-1,0,0,0,0,0,0,0,1720199409849624600
-1,-1,-1,-1,-1,-1,-1,0,0,0,0,0,0,0,1720199409869624400
-1,-1,-1,-1,-1,-1,-1,0,0,0,0,0,0,0,1720199409894624600
-1,-1,-1,-1,-1,-1,-1,0,0,0,0,0,0,0,1720199409914628700
-1,-1,-1,-1,-1,-1,-1,0,0,0,0,0,0,0,1720199409935183900
-1,-1,-1,-1,-1,-1,-1,0,0,0,0,0,0,0,1720199409955722400
-1,-1,-1,-1,-1,-1,-1,0,0,0,0,0,0,0,1720199409976283800
-1,-1,-1,-1,-1,-1,-1,0,0,0,0,0,0,0,1720199409997283900
-1,-1,-1,-1,-1,-1,-1,0,0,0,0,0,0,0,1720199410017316400
-1,-1,-1,-1,-1,-1,-1,0,0,0,0,0,0,0,1720199410037834400
-1,-1,-1,-1,-1,-1,-1,0,0,0,0,0,0,0,1720199410058834900
-1,-1,-1,-1,-1,-1,-1,0,0,0,0,0,0,0,1720199410082835100
-1,-1,-1,-1,-1,-1,-1,0,0,0,0,0,0,0,1720199410103834500
-1,-1,-1,-1,-1,-1,-1,0,0,0,0,0,0,0,1720199410123849100
-1,-1,-1,-1,-1,-1,-1,0,0,0,0,0,0,0,1720199410144351600
-1,-1,-1,-1,-1,-1,-1,0,0,0,0,0,0,0,1720199410165350100
-1,-1,-1,-1,-1,-1,-1,0,0,0,0,0,0,0,1720199410185348700
-1,-1,-1,-1,-1,-1,-1,0,0,0,0,0,0,0,1720199410206369100
-1,-1,-1,-1,-1,-1,-1,0,0,0,0,0,0,0,1720199410226356600
-1,-1,-1,-1,-1,-1,-1,0,0,0,0,0,0,0,1720199410250477500
-1,-1,-1,-1,-1,-1,-1,0,0,0,0,0,0,0,1720199410271446400
-1,-1,-1,-1,-1,-1,-1,0,0,0,0,0,0,0,1720199410291443400
-1,-1,-1,-1,-1,-1,-1,0,0,0,0,0,0,0,1720199410312477700
-1,-1,-1,-1,-1,-1,-1,0,0,0,0,0,0,0,1720199410332449900
-1,-1,-1,-1,-1,-1,-1,0,0,0,0,0,0,0,1720199410353029000
-1,-1,-1,-1,-1,-1,-1,0,0,0,0,0,0,0,1720199410374031200
-1,-1,-1,-1,-1,-1,-1,0,0,0,0,0,0,0,1720199410394033400
-1,-1,-1,-1,-1,-1,-1,0,0,0,0,0,0,0,1720199410415033200
-1,-1,-1,-1,-1,-1,-1,0,0,0,0,0,0,0,1720199410439545000
-1,-1,-1,-1,-1,-1,-1,0,0,0,0,0,0,0,1720199410459548200
-1,-1,-1,-1,-1,-1,-1,0,0,0,0,0,0,0,1720199410480543500
-1,-1,-1,-1,-1,-1,-1,0,0,0,0,0,0,0,1720199410500544000
-1,-1,-1,-1,-1,-1,-1,0,0,0,0,0,0,0,1720199410521549800
-1,-1,-1,-1,-1,-1,-1,0,0,0,0,0,0,0,1720199410542056100
-1,-1,-1,-1,-1,-1,-1,0,0,0,0,0,0,0,1720199410562058100
-1,-1,-1,-1,-1,-1,-1,0,0,0,0,0,0,0,1720199410583092000
-1,-1,-1,-1,-1,-1,-1,0,0,0,0,0,0,0,1720199410603059900
-1,-1,-1,-1,-1,-1,-1,0,0,0,0,0,0,0,1720199410628099600
-1,-1,-1,-1,-1,-1,-1,0,0,0,0,0,0,0,1720199410647682700
-1,-1,-1,-1,-1,-1,-1,0,0,0,0,0,0,0,1720199410668683700
-1,-1,-1,-1,-1,-1,-1,0,0,0,0,0,0,0,1720199410689684500
-1,-1,-1,-1,-1,-1,-1,0,0,0,0,0,0,0,1720199410709691200
-1,-1,-1,-1,-1,-1,-1,0,0,0,0,0,0,0,1720199410729689300
-1,-1,-1,-1,-1,-1,-1,0,0,0,0,0,0,0,1720199410750203900
-1,-1,-1,-1,-1,-1,-1,0,0,0,0,0,0,0,1720199410771236700
-1,-1,-1,-1,-1,-1,-1,0,0,0,0,0,0,0,1720199410791237700
-1,-1,-1,-1,-1,-1,-1,0,0,0,0,0,0,0,1720199410816240400
-1,-1,-1,-1,-1,-1,-1,0,0,0,0,0,0,0,1720199410836861300
-1,-1,-1,-1,-1,-1,-1,0,0,0,0,0,0,0,1720199410856828300
-1,-1,-1,-1,-1,-1,-1,0,0,0,0,0,0,0,1720199410877867600
-1,-1,-1,-1,-1,-1,-1,0,0,0,0,0,0,0,1720199410897828300
-1,-1,-1,-1,-1,-1,-1,0,0,0,0,0,0,0,1720199410918825600
-1,-1,-1,-1,-1,-1,-1,0,0,0,0,0,0,0,1720199410939334300
-1,-1,-1,-1,-1,-1,-1,0,0,0,0,0,0,0,1720199410959354900
-1,-1,-1,-1,-1,-1,-1,0,0,0,0,0,0,0,1720199410984370000
-1,-1,-1,-1,-1,-1,-1,0,0,0,0,0,0,0,1720199411004368900
-1,-1,-1,-1,-1,-1,-1,0,0,0,0,0,0,0,1720199411025377500
-1,-1,-1,-1,-1,-1,-1,0,0,0,0,0,0,0,1720199411045987000
-1,-1,-1,-1,-1,-1,-1,0,0,0,0,0,0,0,1720199411065953300
-1,-1,-1,-1,-1,-1,-1,0,0,0,0,0,0,0,1720199411085949600
-1,-1,-1,-1,-1,-1,-1,0,0,0,0,0,0,0,1720199411106950600
-1,-1,-1,-1,-1,-1,-1,0,0,0,0,0,0,0,1720199411126953900
-1,-1,-1,-1,-1,-1,-1,0,0,0,0,0,0,0,1720199411147459400
-1,-1,-1,-1,-1,-1,-1,0,0,0,0,0,0,0,1720199411172198400
-1,-1,-1,-1,-1,-1,-1,0,0,0,0,0,0,0,1720199411193198900
-1,-1,-1,-1,-1,-1,-1,0,0,0,0,0,0,0,1720199411213196400
-1,-1,-1,-1,-1,-1,-1,0,0,0,0,0,0,0,1720199411234239800
-1,-1,-1,-1,-1,-1,-1,0,0,0,0,0,0,0,1720199411254795200
-1,-1,-1,-1,-1,-1,-1,0,0,0,0,0,0,0,1720199411274790600
-1,-1,-1,-1,-1,-1,-1,0,0,0,0,0,0,0,1720199411294789600
-1,-1,-1,-1,-1,-1,-1,0,0,0,0,0,0,0,1720199411315943500
-1,-1,-1,-1,-1,-1,-1,0,0,0,0,0,0,0,1720199411336179200
-1,-1,-1,-1,-1,-1,-1,0,0,0,0,0,0,0,1720199411361198100
-1,-1,-1,-1,-1,-1,-1,0,0,0,0,0,0,0,1720199411381184700
-1,-1,-1,-1,-1,-1,-1,0,0,0,0,0,0,0,1720199411402185600
-1,-1,-1,-1,-1,-1,-1,0,0,0,0,0,0,0,1720199411422197200
-1,-1,-1,-1,-1,-1,-1,0,0,0,0,0,0,0,1720199411442337300
-1,-1,-1,-1,-1,-1,-1,0,0,0,0,0,0,0,1720199411463373900
-1,-1,-1,-1,-1,-1,-1,0,0,0,0,0,0,0,1720199411483368900
-1,-1,-1,-1,-1,-1,-1,0,0,0,0,0,0,0,1720199411504370800
-1,-1,-1,-1,-1,-1,-1,0,0,0,0,0,0,0,1720199411524382300
-1,-1,-1,-1,-1,-1,-1,0,0,0,0,0,0,0,1720199411548933000
-1,-1,-1,-1,-1,-1,-1,0,0,0,0,0,0,0,1720199411569968000
-1,-1,-1,-1,-1,-1,-1,0,0,0,0,0,0,0,1720199411589988400
-1,-1,-1,-1,-1,-1,-1,0,0,0,0,0,0,0,1720199411610967200
-1,-1,-1,-1,-1,-1,-1,0,0,0,0,0,0,0,1720199411630970500
-1,-1,-1,-1,-1,-1,-1,0,0,0,0,0,0,0,1720199411651540500
-1,-1,-1,-1,-1,-1,-1,0,0,0,0,0,0,0,1720199411672511800
-1,-1,-1,-1,-1,-1,-1,0,0,0,0,0,0,0,1720199411692517800
-1,-1,-1,-1,-1,-1,-1,0,0,0,0,0,0,0,1720199411717513700
-1,-1,-1,-1,-1,-1,-1,0,0,0,0,0,0,0,1720199411737122100
-1,-1,-1,-1,-1,-1,-1,0,0,0,0,0,0,0,1720199411758159300
-1,-1,-1,-1,-1,-1,-1,0,0,0,0,0,0,0,1720199411778162400
-1,-1,-1,-1,-1,-1,-1,0,0,0,0,0,0,0,1720199411799178500
-1,-1,-1,-1,-1,-1,-1,0,0,0,0,0,0,0,1720199411819162400
-1,-1,-1,-1,-1,-1,-1,0,0,0,0,0,0,0,1720199411839751800
-1,-1,-1,-1,-1,-1,-1,0,0,0,0,0,0,0,1720199411860716600
-1,-1,-1,-1,-1,-1,-1,0,0,0,0,0,0,0,1720199411880714800
-1,-1,-1,-1,-1,-1,-1,0,0,0,0,0,0,0,1720199411905714700
-1,-1,-1,-1,-1,-1,-1,0,0,0,0,0,0,0,1720199411925718700
-1,-1,-1,-1,-1,-1,-1,0,0,0,0,0,0,0,1720199411946223900
-1,-1,-1,-1,-1,-1,-1,0,0,0,0,0,0,0,1720199411967225200
-1,-1,-1,-1,-1,-1,-1,0,0,0,0,0,0,0,1720199411987230100
-1,-1,-1,-1,-1,-1,-1,0,0,0,0,0,0,0,1720199412008225700
-1,-1,-1,-1,-1,-1,-1,0,0,0,0,0,0,0,1720199412028269900
-1,-1,-1,-1,-1,-1,-1,0,0,0,0,0,0,0,1720199412048810400
-1,-1,-1,-1,-1,-1,-1,0,0,0,0,0,0,0,1720199412069835200
-1,-1,-1,-1,-1,-1,-1,0,0,0,0,0,0,0,1720199412093811000
-1,-1,-1,-1,-1,-1,-1,0,0,0,0,0,0,0,1720199412114813700
-1,-1,-1,-1,-1,-1,-1,0,0,0,0,0,0,0,1720199412134838700
-1,-1,-1,-1,-1,-1,-1,0,0,0,0,0,0,0,1720199412155363600
-1,-1,-1,-1,-1,-1,-1,0,0,0,0,0,0,0,1720199412176358600
-1,-1,-1,-1,-1,-1,-1,0,0,0,0,0,0,0,1720199412196393100
-1,-1,-1,-1,-1,-1,-1,0,0,0,0,0,0,0,1720199412216359100
-1,-1,-1,-1,-1,-1,-1,0,0,0,0,0,0,0,1720199412237886800
-1,-1,-1,-1,-1,-1,-1,0,0,0,0,0,0,0,1720199412257915600
-1,-1,-1,-1,-1,-1,-1,0,0,0,0,0,0,0,1720199412281880100
-1,-1,-1,-1,-1,-1,-1,0,0,0,0,0,0,0,1720199412302916000
-1,-1,-1,-1,-1,-1,-1,0,0,0,0,0,0,0,1720199412322944800
-1,-1,-1,-1,-1,-1,-1,0,0,0,0,0,0,0,1720199412343473000
-1,-1,-1,-1,-1,-1,-1,0,0,0,0,0,0,0,1720199412364473600
-1,-1,-1,-1,-1,-1,-1,0,0,0,0,0,0,0,1720199412384473000
-1,-1,-1,-1,-1,-1,-1,0,0,0,0,0,0,0,1720199412405473800
-1,-1,-1,-1,-1,-1,-1,0,0,0,0,0,0,0,1720199412425576700
-1,-1,-1,-1,-1,-1,-1,0,0,0,0,0,0,0,1720199412450085800
-1,-1,-1,-1,-1,-1,-1,0,0,0,0,0,0,0,1720199412471083200
-1,-1,-1,-1,-1,-1,-1,0,0,0,0,0,0,0,1720199412491083100
-1,-1,-1,-1,-1,-1,-1,0,0,0,0,0,0,0,1720199412512100500
-1,-1,-1,-1,-1,-1,-1,0,0,0,0,0,0,0,1720199412533106000
-1,-1,-1,-1,-1,-1,-1,0,0,0,0,0,0,0,1720199412552609600
-1,-1,-1,-1,-1,-1,-1,0,0,0,0,0,0,0,1720199412573619200
-1,-1,-1,-1,-1,-1,-1,0,0,0,0,0,0,0,1720199412593608700
-1,-1,-1,-1,-1,-1,-1,0,0,0,0,0,0,0,1720199412614610500
-1,-1,-1,-1,-1,-1,-1,0,0,0,0,0,0,0,1720199412639126100
-1,-1,-1,-1,-1,-1,-1,0,0,0,0,0,0,0,1720199412659123600
-1,-1,-1,-1,-1,-1,-1,0,0,0,0,0,0,0,1720199412679699200
-1,-1,-1,-1,-1,-1,-1,0,0,0,0,0,0,0,1720199412721213900
-1,-1,-1,-1,-1,-1,-1,0,0,0,0,0,0,0,1720199412721213900
-1,-1,-1,-1,-1,-1,-1,0,0,0,0,0,0,0,1720199412741577000
-1,-1,-1,-1,-1,-1,-1,0,0,0,0,0,0,0,1720199412761578200
-1,-1,-1,-1,-1,-1,-1,0,0,0,0,0,0,0,1720199412781587600
-1,-1,-1,-1,-1,-1,-1,0,0,0,0,0,0,0,1720199412802577200
-1,-1,-1,-1,-1,-1,-1,0,0,0,0,0,0,0,1720199412826587100
-1,-1,-1,-1,-1,-1,-1,0,0,0,0,0,0,0,1720199412847107200
-1,-1,-1,-1,-1,-1,-1,0,0,0,0,0,0,0,1720199412868105100
-1,-1,-1,-1,-1,-1,-1,0,0,0,0,0,0,0,1720199412888109100
-1,-1,-1,-1,-1,-1,-1,0,0,0,0,0,0,0,1720199412909107100
-1,-1,-1,-1,-1,-1,-1,0,0,0,0,0,0,0,1720199412929109200
-1,-1,-1,-1,-1,-1,-1,0,0,0,0,0,0,0,1720199412949618000
-1,-1,-1,-1,-1,-1,-1,0,0,0,0,0,0,0,1720199412970637200
-1,-1,-1,-1,-1,-1,-1,0,0,0,0,0,0,0,1720199412990638500
-1,-1,-1,-1,-1,-1,-1,0,0,0,0,0,0,0,1720199413015640300
-1,-1,-1,-1,-1,-1,-1,0,0,0,0,0,0,0,1720199413035718600
-1,-1,-1,-1,-1,-1,-1,0,0,0,0,0,0,0,1720199413056294900
-1,-1,-1,-1,-1,-1,-1,0,0,0,0,0,0,0,1720199413077264500
-1,-1,-1,-1,-1,-1,-1,0,0,0,0,0,0,0,1720199413097294600
-1,-1,-1,-1,-1,-1,-1,0,0,0,0,0,0,0,1720199413118264700
-1,-1,-1,-1,-1,-1,-1,0,0,0,0,0,0,0,1720199413137850000
-1,-1,-1,-1,-1,-1,-1,0,0,0,0,0,0,0,1720199413158888800
-1,-1,-1,-1,-1,-1,-1,0,0,0,0,0,0,0,1720199413178858500
-1,-1,-1,-1,-1,-1,-1,0,0,0,0,0,0,0,1720199413203890900
-1,-1,-1,-1,-1,-1,-1,0,0,0,0,0,0,0,1720199413223875400
-1,-1,-1,-1,-1,-1,-1,0,0,0,0,0,0,0,1720199413244386900
-1,-1,-1,-1,-1,-1,-1,0,0,0,0,0,0,0,1720199413265423200
-1,-1,-1,-1,-1,-1,-1,0,0,0,0,0,0,0,1720199413285388800
-1,-1,-1,-1,-1,-1,-1,0,0,0,0,0,0,0,1720199413306389300
-1,-1,-1,-1,-1,-1,-1,0,0,0,0,0,0,0,1720199413326414300
-1,-1,-1,-1,-1,-1,-1,0,0,0,0,0,0,0,1720199413346917100
-1,-1,-1,-1,-1,-1,-1,0,0,0,0,0,0,0,1720199413371956900
-1,-1,-1,-1,-1,-1,-1,0,0,0,0,0,0,0,1720199413391930800
-1,-1,-1,-1,-1,-1,-1,0,0,0,0,0,0,0,1720199413412917900
-1,-1,-1,-1,-1,-1,-1,0,0,0,0,0,0,0,1720199413432968400
-1,-1,-1,-1,-1,-1,-1,0,0,0,0,0,0,0,1720199413453515000
-1,-1,-1,-1,-1,-1,-1,0,0,0,0,0,0,0,1720199413474513600
-1,-1,-1,-1,-1,-1,-1,0,0,0,0,0,0,0,1720199413494514300
-1,-1,-1,-1,-1,-1,-1,0,0,0,0,0,0,0,1720199413515513600
-1,-1,-1,-1,-1,-1,-1,0,0,0,0,0,0,0,1720199413535556200
-1,-1,-1,-1,-1,-1,-1,0,0,0,0,0,0,0,1720199413560072800
-1,-1,-1,-1,-1,-1,-1,0,0,0,0,0,0,0,1720199413581118800
-1,-1,-1,-1,-1,-1,-1,0,0,0,0,0,0,0,1720199413601108000
-1,-1,-1,-1,-1,-1,-1,0,0,0,0,0,0,0,1720199413622073300
-1,-1,-1,-1,-1,-1,-1,0,0,0,0,0,0,0,1720199413642591500
-1,-1,-1,-1,-1,-1,-1,0,0,0,0,0,0,0,1720199413662599700
-1,-1,-1,-1,-1,-1,-1,0,0,0,0,0,0,0,1720199413683591200
-1,-1,-1,-1,-1,-1,-1,0,0,0,0,0,0,0,1720199413704601000
-1,-1,-1,-1,-1,-1,-1,0,0,0,0,0,0,0,1720199413723637300
-1,-1,-1,-1,-1,-1,-1,0,0,0,0,0,0,0,1720199413748136300
-1,-1,-1,-1,-1,-1,-1,0,0,0,0,0,0,0,1720199413769138900
-1,-1,-1,-1,-1,-1,-1,0,0,0,0,0,0,0,1720199413790144300
-1,-1,-1,-1,-1,-1,-1,0,0,0,0,0,0,0,1720199413810138000
-1,-1,-1,-1,-1,-1,-1,0,0,0,0,0,0,0,1720199413830165500
-1,-1,-1,-1,-1,-1,-1,0,0,0,0,0,0,0,1720199413850684600
-1,-1,-1,-1,-1,-1,-1,0,0,0,0,0,0,0,1720199413871689700
-1,-1,-1,-1,-1,-1,-1,0,0,0,0,0,0,0,1720199413891687000
-1,-1,-1,-1,-1,-1,-1,0,0,0,0,0,0,0,1720199413912686900
-1,-1,-1,-1,-1,-1,-1,0,0,0,0,0,0,0,1720199413936735300
-1,-1,-1,-1,-1,-1,-1,0,0,0,0,0,0,0,1720199413957276000
-1,-1,-1,-1,-1,-1,-1,0,0,0,0,0,0,0,1720199413978303300
-1,-1,-1,-1,-1,-1,-1,0,0,0,0,0,0,0,1720199413998269800
-1,-1,-1,-1,-1,-1,-1,0,0,0,0,0,0,0,1720199414019323400
-1,-1,-1,-1,-1,-1,-1,0,0,0,0,0,0,0,1720199414039403700
-1,-1,-1,-1,-1,-1,-1,0,0,0,0,0,0,0,1720199414059490200
-1,-1,-1,-1,-1,-1,-1,0,0,0,0,0,0,0,1720199414080491700
-1,-1,-1,-1,-1,-1,-1,0,0,0,0,0,0,0,1720199414104487300
-1,-1,-1,-1,-1,-1,-1,0,0,0,0,0,0,0,1720199414125542700
-1,-1,-1,-1,-1,-1,-1,0,0,0,0,0,0,0,1720199414146118500
-1,-1,-1,-1,-1,-1,-1,0,0,0,0,0,0,0,1720199414166117900
-1,-1,-1,-1,-1,-1,-1,0,0,0,0,0,0,0,1720199414187085900
-1,-1,-1,-1,-1,-1,-1,0,0,0,0,0,0,0,1720199414207083700
-1,-1,-1,-1,-1,-1,-1,0,0,0,0,0,0,0,1720199414228103200
-1,-1,-1,-1,-1,-1,-1,0,0,0,0,0,0,0,1720199414248569500
-1,-1,-1,-1,-1,-1,-1,0,0,0,0,0,0,0,1720199414268535700
-1,-1,-1,-1,-1,-1,-1,0,0,0,0,0,0,0,1720199414293578300
-1,-1,-1,-1,-1,-1,-1,0,0,0,0,0,0,0,1720199414313573100
-1,-1,-1,-1,-1,-1,-1,0,0,0,0,0,0,0,1720199414334582900
-1,-1,-1,-1,-1,-1,-1,0,0,0,0,0,0,0,1720199414355099200
-1,-1,-1,-1,-1,-1,-1,0,0,0,0,0,0,0,1720199414376094400
-1,-1,-1,-1,-1,-1,-1,0,0,0,0,0,0,0,1720199414396128700
-1,-1,-1,-1,-1,-1,-1,0,0,0,0,0,0,0,1720199414416128300
-1,-1,-1,-1,-1,-1,-1,0,0,0,0,0,0,0,1720199414437139700
-1,-1,-1,-1,-1,-1,-1,0,0,0,0,0,0,0,1720199414457702500
-1,-1,-1,-1,-1,-1,-1,0,0,0,0,0,0,0,1720199414481721800
-1,-1,-1,-1,-1,-1,-1,0,0,0,0,0,0,0,1720199414501722000
-1,-1,-1,-1,-1,-1,-1,0,0,0,0,0,0,0,1720199414522701200
-1,-1,-1,-1,-1,-1,-1,0,0,0,0,0,0,0,1720199414543324100
-1,-1,-1,-1,-1,-1,-1,0,0,0,0,0,0,0,1720199414563288500
-1,-1,-1,-1,-1,-1,-1,0,0,0,0,0,0,0,1720199414584323600
-1,-1,-1,-1,-1,-1,-1,0,0,0,0,0,0,0,1720199414604322000
-1,-1,-1,-1,-1,-1,-1,0,0,0,0,0,0,0,1720199414625371700
-1,-1,-1,-1,-1,-1,-1,0,0,0,0,0,0,0,1720199414645951300
-1,-1,-1,-1,-1,-1,-1,0,0,0,0,0,0,0,1720199414669953000
-1,-1,-1,-1,-1,-1,-1,0,0,0,0,0,0,0,1720199414690944900
-1,-1,-1,-1,-1,-1,-1,0,0,0,0,0,0,0,1720199414710949400
-1,-1,-1,-1,-1,-1,-1,0,0,0,0,0,0,0,1720199414731990900
-1,-1,-1,-1,-1,-1,-1,0,0,0,0,0,0,0,1720199414751506800
-1,-1,-1,-1,-1,-1,-1,0,0,0,0,0,0,0,1720199414772543300
-1,-1,-1,-1,-1,-1,-1,0,0,0,0,0,0,0,1720199414793511600
-1,-1,-1,-1,-1,-1,-1,0,0,0,0,0,0,0,1720199414813506700
-1,-1,-1,-1,-1,-1,-1,0,0,0,0,0,0,0,1720199414837582200
-1,-1,-1,-1,-1,-1,-1,0,0,0,0,0,0,0,1720199414858128900
-1,-1,-1,-1,-1,-1,-1,0,0,0,0,0,0,0,1720199414879126700
-1,-1,-1,-1,-1,-1,-1,0,0,0,0,0,0,0,1720199414899130500
-1,-1,-1,-1,-1,-1,-1,0,0,0,0,0,0,0,1720199414920094700
-1,-1,-1,-1,-1,-1,-1,0,0,0,0,0,0,0,1720199414940715500
-1,-1,-1,-1,-1,-1,-1,0,0,0,0,0,0,0,1720199414960677900
-1,-1,-1,-1,-1,-1,-1,0,0,0,0,0,0,0,1720199414981677700
-1,-1,-1,-1,-1,-1,-1,0,0,0,0,0,0,0,1720199415001678900
-1,-1,-1,-1,-1,-1,-1,0,0,0,0,0,0,0,1720199415026684900
-1,-1,-1,-1,-1,-1,-1,0,0,0,0,0,0,0,1720199415047192100
-1,-1,-1,-1,-1,-1,-1,0,0,0,0,0,0,0,1720199415067191000
-1,-1,-1,-1,-1,-1,-1,0,0,0,0,0,0,0,1720199415088195900
-1,-1,-1,-1,-1,-1,-1,0,0,0,0,0,0,0,1720199415108191500
-1,-1,-1,-1,-1,-1,-1,0,0,0,0,0,0,0,1720199415129197900
-1,-1,-1,-1,-1,-1,-1,0,0,0,0,0,0,0,1720199415149705000
-1,-1,-1,-1,-1,-1,-1,0,0,0,0,0,0,0,1720199415169703600
-1,-1,-1,-1,-1,-1,-1,0,0,0,0,0,0,0,1720199415190703700
-1,-1,-1,-1,-1,-1,-1,0,0,0,0,0,0,0,1720199415214706100
-1,-1,-1,-1,-1,-1,-1,0,0,0,0,0,0,0,1720199415235718200
-1,-1,-1,-1,-1,-1,-1,0,0,0,0,0,0,0,1720199415256250700
-1,-1,-1,-1,-1,-1,-1,0,0,0,0,0,0,0,1720199415277239200
-1,-1,-1,-1,-1,-1,-1,0,0,0,0,0,0,0,1720199415297237600
-1,-1,-1,-1,-1,-1,-1,0,0,0,0,0,0,0,1720199415317235100
-1,-1,-1,-1,-1,-1,-1,0,0,0,0,0,0,0,1720199415337841800
-1,-1,-1,-1,-1,-1,-1,0,0,0,0,0,0,0,1720199415358352500
-1,-1,-1,-1,-1,-1,-1,0,0,0,0,0,0,0,1720199415378350200
-1,-1,-1,-1,-1,-1,-1,0,0,0,0,0,0,0,1720199415403349800
-1,-1,-1,-1,-1,-1,-1,0,0,0,0,0,0,0,1720199415423877500
-1,-1,-1,-1,-1,-1,-1,0,0,0,0,0,0,0,1720199415444124100
-1,-1,-1,-1,-1,-1,-1,0,0,0,0,0,0,0,1720199415465123700
-1,-1,-1,-1,-1,-1,-1,0,0,0,0,0,0,0,1720199415485124400
-1,-1,-1,-1,-1,-1,-1,0,0,0,0,0,0,0,1720199415506124000
-1,-1,-1,-1,-1,-1,-1,0,0,0,0,0,0,0,1720199415526130300
-1,-1,-1,-1,-1,-1,-1,0,0,0,0,0,0,0,1720199415546681600
-1,-1,-1,-1,-1,-1,-1,0,0,0,0,0,0,0,1720199415570674800
-1,-1,-1,-1,-1,-1,-1,0,0,0,0,0,0,0,1720199415591666200
-1,-1,-1,-1,-1,-1,-1,0,0,0,0,0,0,0,1720199415611664100
-1,-1,-1,-1,-1,-1,-1,0,0,0,0,0,0,0,1720199415632666900
-1,-1,-1,-1,-1,-1,-1,0,0,0,0,0,0,0,1720199415653173400
-1,-1,-1,-1,-1,-1,-1,0,0,0,0,0,0,0,1720199415673176200
-1,-1,-1,-1,-1,-1,-1,0,0,0,0,0,0,0,1720199415694176000
-1,-1,-1,-1,-1,-1,-1,0,0,0,0,0,0,0,1720199415715185200
-1,-1,-1,-1,-1,-1,-1,0,0,0,0,0,0,0,1720199415735179100
-1,-1,-1,-1,-1,-1,-1,0,0,0,0,0,0,0,1720199415759693000
-1,-1,-1,-1,-1,-1,-1,0,0,0,0,0,0,0,1720199415779694800
-1,-1,-1,-1,-1,-1,-1,0,0,0,0,0,0,0,1720199415800693100
-1,-1,-1,-1,-1,-1,-1,0,0,0,0,0,0,0,1720199415820697500
-1,-1,-1,-1,-1,-1,-1,0,0,0,0,0,0,0,1720199415841251000
-1,-1,-1,-1,-1,-1,-1,0,0,0,0,0,0,0,1720199415862216800
-1,-1,-1,-1,-1,-1,-1,0,0,0,0,0,0,0,1720199415882215400
-1,-1,-1,-1,-1,-1,-1,0,0,0,0,0,0,0,1720199415903219300
-1,-1,-1,-1,-1,-1,-1,0,0,0,0,0,0,0,1720199415923252700
-1,-1,-1,-1,-1,-1,-1,0,0,0,0,0,0,0,1720199415947773000
-1,-1,-1,-1,-1,-1,-1,0,0,0,0,0,0,0,1720199415968775900
-1,-1,-1,-1,-1,-1,-1,0,0,0,0,0,0,0,1720199415988774700
-1,-1,-1,-1,-1,-1,-1,0,0,0,0,0,0,0,1720199416009780100
-1,-1,-1,-1,-1,-1,-1,0,0,0,0,0,0,0,1720199416029784000
-1,-1,-1,-1,-1,-1,-1,0,0,0,0,0,0,0,1720199416050299900
-1,-1,-1,-1,-1,-1,-1,0,0,0,0,0,0,0,1720199416071298400
-1,-1,-1,-1,-1,-1,-1,0,0,0,0,0,0,0,1720199416091298600
-1,-1,-1,-1,-1,-1,-1,0,0,0,0,0,0,0,1720199416112312000
-1,-1,-1,-1,-1,-1,-1,0,0,0,0,0,0,0,1720199416136339700
-1,-1,-1,-1,-1,-1,-1,0,0,0,0,0,0,0,1720199416156905900
-1,-1,-1,-1,-1,-1,-1,0,0,0,0,0,0,0,1720199416176939400
-1,-1,-1,-1,-1,-1,-1,0,0,0,0,0,0,0,1720199416197902400
-1,-1,-1,-1,-1,-1,-1,0,0,0,0,0,0,0,1720199416217938100
-1,-1,-1,-1,-1,-1,-1,0,0,0,0,0,0,0,1720199416237914000
-1,-1,-1,-1,-1,-1,-1,0,0,0,0,0,0,0,1720199416259485300
-1,-1,-1,-1,-1,-1,-1,0,0,0,0,0,0,0,1720199416279428000
-1,-1,-1,-1,-1,-1,-1,0,0,0,0,0,0,0,1720199416304460600
-1,-1,-1,-1,-1,-1,-1,0,0,0,0,0,0,0,1720199416324455800
-1,-1,-1,-1,-1,-1,-1,0,0,0,0,0,0,0,1720199416345058000
-1,-1,-1,-1,-1,-1,-1,0,0,0,0,0,0,0,1720199416366023900
-1,-1,-1,-1,-1,-1,-1,0,0,0,0,0,0,0,1720199416386065800
-1,-1,-1,-1,-1,-1,-1,0,0,0,0,0,0,0,1720199416407024900
-1,-1,-1,-1,-1,-1,-1,0,0,0,0,0,0,0,1720199416427066000
-1,-1,-1,-1,-1,-1,-1,0,0,0,0,0,0,0,1720199416447676100
-1,-1,-1,-1,-1,-1,-1,0,0,0,0,0,0,0,1720199416468642000
-1,-1,-1,-1,-1,-1,-1,0,0,0,0,0,0,0,1720199416492647400
-1,-1,-1,-1,-1,-1,-1,0,0,0,0,0,0,0,1720199416512678000
-1,-1,-1,-1,-1,-1,-1,0,0,0,0,0,0,0,1720199416533675500
-1,-1,-1,-1,-1,-1,-1,0,0,0,0,0,0,0,1720199416554186000
-1,-1,-1,-1,-1,-1,-1,0,0,0,0,0,0,0,1720199416574213700
-1,-1,-1,-1,-1,-1,-1,0,0,0,0,0,0,0,1720199416595188100
-1,-1,-1,-1,-1,-1,-1,0,0,0,0,0,0,0,1720199416615219000
-1,-1,-1,-1,-1,-1,-1,0,0,0,0,0,0,0,1720199416636227500
-1,-1,-1,-1,-1,-1,-1,0,0,0,0,0,0,0,1720199416656742500
-1,-1,-1,-1,-1,-1,-1,0,0,0,0,0,0,0,1720199416680769800
-1,-1,-1,-1,-1,-1,-1,0,0,0,0,0,0,0,1720199416701746900
-1,-1,-1,-1,-1,-1,-1,0,0,0,0,0,0,0,1720199416721753200
-1,-1,-1,-1,-1,-1,-1,0,0,0,0,0,0,0,1720199416742271300
-1,-1,-1,-1,-1,-1,-1,0,0,0,0,0,0,0,1720199416762758800
-1,-1,-1,-1,-1,-1,-1,0,0,0,0,0,0,0,1720199416783759700
-1,-1,-1,-1,-1,-1,-1,0,0,0,0,0,0,0,1720199416803858600
-1,-1,-1,-1,-1,-1,-1,0,0,0,0,0,0,0,1720199416824858000
-1,-1,-1,-1,-1,-1,-1,0,0,0,0,0,0,0,1720199416845382700
-1,-1,-1,-1,-1,-1,-1,0,0,0,0,0,0,0,1720199416869383400
-1,-1,-1,-1,-1,-1,-1,0,0,0,0,0,0,0,1720199416889731900
-1,-1,-1,-1,-1,-1,-1,0,0,0,0,0,0,0,1720199416910772100
-1,-1,-1,-1,-1,-1,-1,0,0,0,0,0,0,0,1720199416930975800
-1,-1,-1,-1,-1,-1,-1,0,0,0,0,0,0,0,1720199416951386400
-1,-1,-1,-1,-1,-1,-1,0,0,0,0,0,0,0,1720199416972387300
-1,-1,-1,-1,-1,-1,-1,0,0,0,0,0,0,0,1720199416992387300
-1,-1,-1,-1,-1,-1,-1,0,0,0,0,0,0,0,1720199417013390200
-1,-1,-1,-1,-1,-1,-1,0,0,0,0,0,0,0,1720199417033260600
-1,-1,-1,-1,-1,-1,-1,0,0,0,0,0,0,0,1720199417058356900
-1,-1,-1,-1,-1,-1,-1,0,0,0,0,0,0,0,1720199417078357800
-1,-1,-1,-1,-1,-1,-1,0,0,0,0,0,0,0,1720199417098831800
-1,-1,-1,-1,-1,-1,-1,0,0,0,0,0,0,0,1720199417119834400
-1,-1,-1,-1,-1,-1,-1,0,0,0,0,0,0,0,1720199417138874800
-1,-1,-1,-1,-1,-1,-1,0,0,0,0,0,0,0,1720199417160390400
-1,-1,-1,-1,-1,-1,-1,0,0,0,0,0,0,0,1720199417180422800
-1,-1,-1,-1,-1,-1,-1,0,0,0,0,0,0,0,1720199417201423500
-1,-1,-1,-1,-1,-1,-1,0,0,0,0,0,0,0,1720199417225389800
-1,-1,-1,-1,-1,-1,-1,0,0,0,0,0,0,0,1720199417246004800
-1,-1,-1,-1,-1,-1,-1,0,0,0,0,0,0,0,1720199417266973500
-1,-1,-1,-1,-1,-1,-1,0,0,0,0,0,0,0,1720199417287450300
-1,-1,-1,-1,-1,-1,-1,0,0,0,0,0,0,0,1720199417307484400
-1,-1,-1,-1,-1,-1,-1,0,0,0,0,0,0,0,1720199417328457000
-1,-1,-1,-1,-1,-1,-1,0,0,0,0,0,0,0,1720199417348502100
-1,-1,-1,-1,-1,-1,-1,0,0,0,0,0,0,0,1720199417369500300
-1,-1,-1,-1,-1,-1,-1,0,0,0,0,0,0,0,1720199417389696500
-1,-1,-1,-1,-1,-1,-1,0,0,0,0,0,0,0,1720199417414696700
-1,-1,-1,-1,-1,-1,-1,0,0,0,0,0,0,0,1720199417434201800
-1,-1,-1,-1,-1,-1,-1,0,0,0,0,0,0,0,1720199417455795800
-1,-1,-1,-1,-1,-1,-1,0,0,0,0,0,0,0,1720199417475777700
-1,-1,-1,-1,-1,-1,-1,0,0,0,0,0,0,0,1720199417495783900
-1,-1,-1,-1,-1,-1,-1,0,0,0,0,0,0,0,1720199417516749500
-1,-1,-1,-1,-1,-1,-1,0,0,0,0,0,0,0,1720199417536769900
-1,-1,-1,-1,-1,-1,-1,0,0,0,0,0,0,0,1720199417558336000
-1,-1,-1,-1,-1,-1,-1,0,0,0,0,0,0,0,1720199417578334700
-1,-1,-1,-1,-1,-1,-1,0,0,0,0,0,0,0,1720199417602338400
-1,-1,-1,-1,-1,-1,-1,0,0,0,0,0,0,0,1720199417623341100
-1,-1,-1,-1,-1,-1,-1,0,0,0,0,0,0,0,1720199417643921000
-1,-1,-1,-1,-1,-1,-1,0,0,0,0,0,0,0,1720199417663887000
-1,-1,-1,-1,-1,-1,-1,0,0,0,0,0,0,0,1720199417684920200
-1,-1,-1,-1,-1,-1,-1,0,0,0,0,0,0,0,1720199417705891100
-1,-1,-1,-1,-1,-1,-1,0,0,0,0,0,0,0,1720199417725898600
-1,-1,-1,-1,-1,-1,-1,0,0,0,0,0,0,0,1720199417745988200
-1,-1,-1,-1,-1,-1,-1,0,0,0,0,0,0,0,1720199417766988200
-1,-1,-1,-1,-1,-1,-1,0,0,0,0,0,0,0,1720199417791012700
-1,-1,-1,-1,-1,-1,-1,0,0,0,0,0,0,0,1720199417810989400
-1,-1,-1,-1,-1,-1,-1,0,0,0,0,0,0,0,1720199417831998600
-1,-1,-1,-1,-1,-1,-1,0,0,0,0,0,0,0,1720199417852541700
-1,-1,-1,-1,-1,-1,-1,0,0,0,0,0,0,0,1720199417872540300
-1,-1,-1,-1,-1,-1,-1,0,0,0,0,0,0,0,1720199417893544000
-1,-1,-1,-1,-1,-1,-1,0,0,0,0,0,0,0,1720199417913538700
-1,-1,-1,-1,-1,-1,-1,0,0,0,0,0,0,0,1720199417934577700
-1,-1,-1,-1,-1,-1,-1,0,0,0,0,0,0,0,1720199417959092500
-1,-1,-1,-1,-1,-1,-1,0,0,0,0,0,0,0,1720199417979132300
-1,-1,-1,-1,-1,-1,-1,0,0,0,0,0,0,0,1720199418000097200
-1,-1,-1,-1,-1,-1,-1,0,0,0,0,0,0,0,1720199418020129900
-1,-1,-1,-1,-1,-1,-1,0,0,0,0,0,0,0,1720199418041133800
-1,-1,-1,-1,-1,-1,-1,0,0,0,0,0,0,0,1720199418061538400
-1,-1,-1,-1,-1,-1,-1,0,0,0,0,0,0,0,1720199418081538800
-1,-1,-1,-1,-1,-1,-1,0,0,0,0,0,0,0,1720199418102539100
-1,-1,-1,-1,-1,-1,-1,0,0,0,0,0,0,0,1720199418122540000
-1,-1,-1,-1,-1,-1,-1,0,0,0,0,0,0,0,1720199418158480200
-1,-1,-1,-1,-1,-1,-1,0,0,0,0,0,0,0,1720199418167485100
-1,-1,-1,-1,-1,-1,-1,0,0,0,0,0,0,0,1720199418188488700
-1,-1,-1,-1,-1,-1,-1,0,0,0,0,0,0,0,1720199418209501700
-1,-1,-1,-1,-1,-1,-1,0,0,0,0,0,0,0,1720199418229485600
-1,-1,-1,-1,-1,-1,-1,0,0,0,0,0,0,0,1720199418250002700
-1,-1,-1,-1,-1,-1,-1,0,0,0,0,0,0,0,1720199418270002700
-1,-1,-1,-1,-1,-1,-1,0,0,0,0,0,0,0,1720199418291000100
-1,-1,-1,-1,-1,-1,-1,0,0,0,0,0,0,0,1720199418311003500
-1,-1,-1,-1,-1,-1,-1,0,0,0,0,0,0,0,1720199418336049400
-1,-1,-1,-1,-1,-1,-1,0,0,0,0,0,0,0,1720199418356351000
-1,-1,-1,-1,-1,-1,-1,0,0,0,0,0,0,0,1720199418376336500
-1,-1,-1,-1,-1,-1,-1,0,0,0,0,0,0,0,1720199418397332600
-1,-1,-1,-1,-1,-1,-1,0,0,0,0,0,0,0,1720199418417333200
-1,-1,-1,-1,-1,-1,-1,0,0,0,0,0,0,0,1720199418438404500
-1,-1,-1,-1,-1,-1,-1,0,0,0,0,0,0,0,1720199418458797500
-1,-1,-1,-1,-1,-1,-1,0,0,0,0,0,0,0,1720199418478794300
-1,-1,-1,-1,-1,-1,-1,0,0,0,0,0,0,0,1720199418499796000
-1,-1,-1,-1,-1,-1,-1,0,0,0,0,0,0,0,1720199418523761600
-1,-1,-1,-1,-1,-1,-1,0,0,0,0,0,0,0,1720199418544310700
-1,-1,-1,-1,-1,-1,-1,0,0,0,0,0,0,0,1720199418565312000
-1,-1,-1,-1,-1,-1,-1,0,0,0,0,0,0,0,1720199418585311500
-1,-1,-1,-1,-1,-1,-1,0,0,0,0,0,0,0,1720199418606326300
-1,-1,-1,-1,-1,-1,-1,0,0,0,0,0,0,0,1720199418627317300
-1,-1,-1,-1,-1,-1,-1,0,0,0,0,0,0,0,1720199418646865300
-1,-1,-1,-1,-1,-1,-1,0,0,0,0,0,0,0,1720199418667899100
-1,-1,-1,-1,-1,-1,-1,0,0,0,0,0,0,0,1720199418691864800
-1,-1,-1,-1,-1,-1,-1,0,0,0,0,0,0,0,1720199418712895200
-1,-1,-1,-1,-1,-1,-1,0,0,0,0,0,0,0,1720199418732902100
-1,-1,-1,-1,-1,-1,-1,0,0,0,0,0,0,0,1720199418753430900
-1,-1,-1,-1,-1,-1,-1,0,0,0,0,0,0,0,1720199418774400600
-1,-1,-1,-1,-1,-1,-1,0,0,0,0,0,0,0,1720199418794400800
-1,-1,-1,-1,-1,-1,-1,0,0,0,0,0,0,0,1720199418814960000
-1,-1,-1,-1,-1,-1,-1,0,0,0,0,0,0,0,1720199418835921700
-1,-1,-1,-1,-1,-1,-1,0,0,0,0,0,0,0,1720199418856432700
-1,-1,-1,-1,-1,-1,-1,0,0,0,0,0,0,0,1720199418880435000
-1,-1,-1,-1,-1,-1,-1,0,0,0,0,0,0,0,1720199418901431900
-1,-1,-1,-1,-1,-1,-1,0,0,0,0,0,0,0,1720199418921433200
-1,-1,-1,-1,-1,-1,-1,0,0,0,0,0,0,0,1720199418941440500
-1,-1,-1,-1,-1,-1,-1,0,0,0,0,0,0,0,1720199418962614800
-1,-1,-1,-1,-1,-1,-1,0,0,0,0,0,0,0,1720199418982600200
-1,-1,-1,-1,-1,-1,-1,0,0,0,0,0,0,0,1720199419003599200
-1,-1,-1,-1,-1,-1,-1,0,0,0,0,0,0,0,1720199419023571900
-1,-1,-1,-1,-1,-1,-1,0,0,0,0,0,0,0,1720199419044118600
-1,-1,-1,-1,-1,-1,-1,0,0,0,0,0,0,0,1720199419069116500
-1,-1,-1,-1,-1,-1,-1,0,0,0,0,0,0,0,1720199419089184700
-1,-1,-1,-1,-1,-1,-1,0,0,0,0,0,0,0,1720199419111007200
-1,-1,-1,-1,-1,-1,-1,0,0,0,0,0,0,0,1720199419130769300
-1,-1,-1,-1,-1,-1,-1,0,0,0,0,0,0,0,1720199419151275400
-1,-1,-1,-1,-1,-1,-1,0,0,0,0,0,0,0,1720199419171310800
-1,-1,-1,-1,-1,-1,-1,0,0,0,0,0,0,0,1720199419192276800
-1,-1,-1,-1,-1,-1,-1,0,0,0,0,0,0,0,1720199419212311000
-1,-1,-1,-1,-1,-1,-1,0,0,0,0,0,0,0,1720199419232317400
-1,-1,-1,-1,-1,-1,-1,0,0,0,0,0,0,0,1720199419256793100
-1,-1,-1,-1,-1,-1,-1,0,0,0,0,0,0,0,1720199419277827700
-1,-1,-1,-1,-1,-1,-1,0,0,0,0,0,0,0,1720199419297828200
-1,-1,-1,-1,-1,-1,-1,0,0,0,0,0,0,0,1720199419318827200
-1,-1,-1,-1,-1,-1,-1,0,0,0,0,0,0,0,1720199419339800100
-1,-1,-1,-1,-1,-1,-1,0,0,0,0,0,0,0,1720199419360309600
-1,-1,-1,-1,-1,-1,-1,0,0,0,0,0,0,0,1720199419380343200
-1,-1,-1,-1,-1,-1,-1,0,0,0,0,0,0,0,1720199419400341600
-1,-1,-1,-1,-1,-1,-1,0,0,0,0,0,0,0,1720199419425341800
-1,-1,-1,-1,-1,-1,-1,0,0,0,0,0,0,0,1720199419445821700
-1,-1,-1,-1,-1,-1,-1,0,0,0,0,0,0,0,1720199419465868900
-1,-1,-1,-1,-1,-1,-1,0,0,0,0,0,0,0,1720199419486822700
-1,-1,-1,-1,-1,-1,-1,0,0,0,0,0,0,0,1720199419507618600
-1,-1,-1,-1,-1,-1,-1,0,0,0,0,0,0,0,1720199419527593800
-1,-1,-1,-1,-1,-1,-1,0,0,0,0,0,0,0,1720199419548172700
-1,-1,-1,-1,-1,-1,-1,0,0,0,0,0,0,0,1720199419569138900
-1,-1,-1,-1,-1,-1,-1,0,0,0,0,0,0,0,1720199419589138500
-1,-1,-1,-1,-1,-1,-1,0,0,0,0,0,0,0,1720199419613137600
-1,-1,-1,-1,-1,-1,-1,0,0,0,0,0,0,0,1720199419634180000
-1,-1,-1,-1,-1,-1,-1,0,0,0,0,0,0,0,1720199419654701400
-1,-1,-1,-1,-1,-1,-1,0,0,0,0,0,0,0,1720199419674732400
-1,-1,-1,-1,-1,-1,-1,0,0,0,0,0,0,0,1720199419695737000
-1,-1,-1,-1,-1,-1,-1,0,0,0,0,0,0,0,1720199419715698200
-1,-1,-1,-1,-1,-1,-1,0,0,0,0,0,0,0,1720199419736759200
-1,-1,-1,-1,-1,-1,-1,0,0,0,0,0,0,0,1720199419757327200
-1,-1,-1,-1,-1,-1,-1,0,0,0,0,0,0,0,1720199419777359300
-1,-1,-1,-1,-1,-1,-1,0,0,0,0,0,0,0,1720199419802297700
-1,-1,-1,-1,-1,-1,-1,0,0,0,0,0,0,0,1720199419822303600
-1,-1,-1,-1,-1,-1,-1,0,0,0,0,0,0,0,1720199419843601400
-1,-1,-1,-1,-1,-1,-1,0,0,0,0,0,0,0,1720199419863605100
-1,-1,-1,-1,-1,-1,-1,0,0,0,0,0,0,0,1720199419883605000
-1,-1,-1,-1,-1,-1,-1,0,0,0,0,0,0,0,1720199419904605000
-1,-1,-1,-1,-1,-1,-1,0,0,0,0,0,0,0,1720199419924616300
-1,-1,-1,-1,-1,-1,-1,0,0,0,0,0,0,0,1720199419945228700
-1,-1,-1,-1,-1,-1,-1,0,0,0,0,0,0,0,1720199419966192500
-1,-1,-1,-1,-1,-1,-1,0,0,0,0,0,0,0,1720199419990192400
-1,-1,-1,-1,-1,-1,-1,0,0,0,0,0,0,0,1720199420011192600
-1,-1,-1,-1,-1,-1,-1,0,0,0,0,0,0,0,1720199420031236200
-1,-1,-1,-1,-1,-1,-1,0,0,0,0,0,0,0,1720199420051814500
-1,-1,-1,-1,-1,-1,-1,0,0,0,0,0,0,0,1720199420072836300
-1,-1,-1,-1,-1,-1,-1,0,0,0,0,0,0,0,1720199420092815300
-1,-1,-1,-1,-1,-1,-1,0,0,0,0,0,0,0,1720199420113780000
-1,-1,-1,-1,-1,-1,-1,0,0,0,0,0,0,0,1720199420133786000
-1,-1,-1,-1,-1,-1,-1,0,0,0,0,0,0,0,1720199420158426600
-1,-1,-1,-1,-1,-1,-1,0,0,0,0,0,0,0,1720199420178420400
-1,-1,-1,-1,-1,-1,-1,0,0,0,0,0,0,0,1720199420199383000
-1,-1,-1,-1,-1,-1,-1,0,0,0,0,0,0,0,1720199420219382600
-1,-1,-1,-1,-1,-1,-1,0,0,0,0,0,0,0,1720199420240390000
-1,-1,-1,-1,-1,-1,-1,0,0,0,0,0,0,0,1720199420260901600
-1,-1,-1,-1,-1,-1,-1,0,0,0,0,0,0,0,1720199420280935800
-1,-1,-1,-1,-1,-1,-1,0,0,0,0,0,0,0,1720199420301901400
-1,-1,-1,-1,-1,-1,-1,0,0,0,0,0,0,0,1720199420321919200
-1,-1,-1,-1,-1,-1,-1,0,0,0,0,0,0,0,1720199420346541400
-1,-1,-1,-1,-1,-1,-1,0,0,0,0,0,0,0,1720199420367508900
-1,-1,-1,-1,-1,-1,-1,0,0,0,0,0,0,0,1720199420387511800
-1,-1,-1,-1,-1,-1,-1,0,0,0,0,0,0,0,1720199420408542500
-1,-1,-1,-1,-1,-1,-1,0,0,0,0,0,0,0,1720199420428549700
-1,-1,-1,-1,-1,-1,-1,0,0,0,0,0,0,0,1720199420449020500
-1,-1,-1,-1,-1,-1,-1,0,0,0,0,0,0,0,1720199420470021300
-1,-1,-1,-1,-1,-1,-1,0,0,0,0,0,0,0,1720199420490056300
-1,-1,-1,-1,-1,-1,-1,0,0,0,0,0,0,0,1720199420511019600
-1,-1,-1,-1,-1,-1,-1,0,0,0,0,0,0,0,1720199420535031800
-1,-1,-1,-1,-1,-1,-1,0,0,0,0,0,0,0,1720199420555530600
-1,-1,-1,-1,-1,-1,-1,0,0,0,0,0,0,0,1720199420576534900
-1,-1,-1,-1,-1,-1,-1,0,0,0,0,0,0,0,1720199420596529600
-1,-1,-1,-1,-1,-1,-1,0,0,0,0,0,0,0,1720199420617529700
-1,-1,-1,-1,-1,-1,-1,0,0,0,0,0,0,0,1720199420637571800
-1,-1,-1,-1,-1,-1,-1,0,0,0,0,0,0,0,1720199420658043200
-1,-1,-1,-1,-1,-1,-1,0,0,0,0,0,0,0,1720199420679050300
-1,-1,-1,-1,-1,-1,-1,0,0,0,0,0,0,0,1720199420700060600
-1,-1,-1,-1,-1,-1,-1,0,0,0,0,0,0,0,1720199420724046900
-1,-1,-1,-1,-1,-1,-1,0,0,0,0,0,0,0,1720199420743082300
-1,-1,-1,-1,-1,-1,-1,0,0,0,0,0,0,0,1720199420764555200
-1,-1,-1,-1,-1,-1,-1,0,0,0,0,0,0,0,1720199420785544800
-1,-1,-1,-1,-1,-1,-1,0,0,0,0,0,0,0,1720199420805545400
-1,-1,-1,-1,-1,-1,-1,0,0,0,0,0,0,0,1720199420826511800
-1,-1,-1,-1,-1,-1,-1,0,0,0,0,0,0,0,1720199420846737900
-1,-1,-1,-1,-1,-1,-1,0,0,0,0,0,0,0,1720199420866771600
-1,-1,-1,-1,-1,-1,-1,0,0,0,0,0,0,0,1720199420887164500
-1,-1,-1,-1,-1,-1,-1,0,0,0,0,0,0,0,1720199420912183000
-1,-1,-1,-1,-1,-1,-1,0,0,0,0,0,0,0,1720199420932217900
-1,-1,-1,-1,-1,-1,-1,0,0,0,0,0,0,0,1720199420952828700
-1,-1,-1,-1,-1,-1,-1,0,0,0,0,0,0,0,1720199420973838000
-1,-1,-1,-1,-1,-1,-1,0,0,0,0,0,0,0,1720199420993794900
-1,-1,-1,-1,-1,-1,-1,0,0,0,0,0,0,0,1720199421014829900
-1,-1,-1,-1,-1,-1,-1,0,0,0,0,0,0,0,1720199421034834800
-1,-1,-1,-1,-1,-1,-1,0,0,0,0,0,0,0,1720199421055142800
-1,-1,-1,-1,-1,-1,-1,0,0,0,0,0,0,0,1720199421080180200
-1,-1,-1,-1,-1,-1,-1,0,0,0,0,0,0,0,1720199421100146900
-1,-1,-1,-1,-1,-1,-1,0,0,0,0,0,0,0,1720199421121146800
-1,-1,-1,-1,-1,-1,-1,0,0,0,0,0,0,0,1720199421141188400
-1,-1,-1,-1,-1,-1,-1,0,0,0,0,0,0,0,1720199421161703600
-1,-1,-1,-1,-1,-1,-1,0,0,0,0,0,0,0,1720199421182741800
-1,-1,-1,-1,-1,-1,-1,0,0,0,0,0,0,0,1720199421202700800
-1,-1,-1,-1,-1,-1,-1,0,0,0,0,0,0,0,1720199421223738500
-1,-1,-1,-1,-1,-1,-1,0,0,0,0,0,0,0,1720199421243805500
-1,-1,-1,-1,-1,-1,-1,0,0,0,0,0,0,0,1720199421267955700
-1,-1,-1,-1,-1,-1,-1,0,0,0,0,0,0,0,1720199421288931000
-1,-1,-1,-1,-1,-1,-1,0,0,0,0,0,0,0,1720199421308962200
-1,-1,-1,-1,-1,-1,-1,0,0,0,0,0,0,0,1720199421329993600
-1,-1,-1,-1,-1,-1,-1,0,0,0,0,0,0,0,1720199421350465900
-1,-1,-1,-1,-1,-1,-1,0,0,0,0,0,0,0,1720199421370500500
-1,-1,-1,-1,-1,-1,-1,0,0,0,0,0,0,0,1720199421391510200
-1,-1,-1,-1,-1,-1,-1,0,0,0,0,0,0,0,1720199421411466700
-1,-1,-1,-1,-1,-1,-1,0,0,0,0,0,0,0,1720199421432474200
-1,-1,-1,-1,-1,-1,-1,0,0,0,0,0,0,0,1720199421457079800
-1,-1,-1,-1,-1,-1,-1,0,0,0,0,0,0,0,1720199421477088800
-1,-1,-1,-1,-1,-1,-1,0,0,0,0,0,0,0,1720199421498095900
-1,-1,-1,-1,-1,-1,-1,0,0,0,0,0,0,0,1720199421518087300
-1,-1,-1,-1,-1,-1,-1,0,0,0,0,0,0,0,1720199421539098900
-1,-1,-1,-1,-1,-1,-1,0,0,0,0,0,0,0,1720199421559617900
-1,-1,-1,-1,-1,-1,-1,0,0,0,0,0,0,0,1720199421579605100
-1,-1,-1,-1,-1,-1,-1,0,0,0,0,0,0,0,1720199421600615700
-1,-1,-1,-1,-1,-1,-1,0,0,0,0,0,0,0,1720199421620605000
-1,-1,-1,-1,-1,-1,-1,0,0,0,0,0,0,0,1720199421645114400
-1,-1,-1,-1,-1,-1,-1,0,0,0,0,0,0,0,1720199421665114500
-1,-1,-1,-1,-1,-1,-1,0,0,0,0,0,0,0,1720199421686114200
-1,-1,-1,-1,-1,-1,-1,0,0,0,0,0,0,0,1720199421707125300
-1,-1,-1,-1,-1,-1,-1,0,0,0,0,0,0,0,1720199421727116000
-1,-1,-1,-1,-1,-1,-1,0,0,0,0,0,0,0,1720199421747630000
-1,-1,-1,-1,-1,-1,-1,0,0,0,0,0,0,0,1720199421767630500
-1,-1,-1,-1,-1,-1,-1,0,0,0,0,0,0,0,1720199421788631100
-1,-1,-1,-1,-1,-1,-1,0,0,0,0,0,0,0,1720199421812632500
-1,-1,-1,-1,-1,-1,-1,0,0,0,0,0,0,0,1720199421833718300
-1,-1,-1,-1,-1,-1,-1,0,0,0,0,0,0,0,1720199421854194700
-1,-1,-1,-1,-1,-1,-1,0,0,0,0,0,0,0,1720199421874224800
-1,-1,-1,-1,-1,-1,-1,0,0,0,0,0,0,0,1720199421895220800
-1,-1,-1,-1,-1,-1,-1,0,0,0,0,0,0,0,1720199421915190000
-1,-1,-1,-1,-1,-1,-1,0,0,0,0,0,0,0,1720199421936265600
-1,-1,-1,-1,-1,-1,-1,0,0,0,0,0,0,0,1720199421956842600
-1,-1,-1,-1,-1,-1,-1,0,0,0,0,0,0,0,1720199421976812600
-1,-1,-1,-1,-1,-1,-1,0,0,0,0,0,0,0,1720199422001812100
-1,-1,-1,-1,-1,-1,-1,0,0,0,0,0,0,0,1720199422021816100
-1,-1,-1,-1,-1,-1,-1,0,0,0,0,0,0,0,1720199422042898700
-1,-1,-1,-1,-1,-1,-1,0,0,0,0,0,0,0,1720199422062479400
-1,-1,-1,-1,-1,-1,-1,0,0,0,0,0,0,0,1720199422083480500
-1,-1,-1,-1,-1,-1,-1,0,0,0,0,0,0,0,1720199422103481600
-1,-1,-1,-1,-1,-1,-1,0,0,0,0,0,0,0,1720199422124482200
-1,-1,-1,-1,-1,-1,-1,0,0,0,0,0,0,0,1720199422145060100
-1,-1,-1,-1,-1,-1,-1,0,0,0,0,0,0,0,1720199422165094800
-1,-1,-1,-1,-1,-1,-1,0,0,0,0,0,0,0,1720199422190100800
-1,-1,-1,-1,-1,-1,-1,0,0,0,0,0,0,0,1720199422209777900
-1,-1,-1,-1,-1,-1,-1,0,0,0,0,0,0,0,1720199422230848100
-1,-1,-1,-1,-1,-1,-1,0,0,0,0,0,0,0,1720199422251486300
-1,-1,-1,-1,-1,-1,-1,0,0,0,0,0,0,0,1720199422271483400
-1,-1,-1,-1,-1,-1,-1,0,0,0,0,0,0,0,1720199422292482900
-1,-1,-1,-1,-1,-1,-1,0,0,0,0,0,0,0,1720199422312448400
-1,-1,-1,-1,-1,-1,-1,0,0,0,0,0,0,0,1720199422333549900
-1,-1,-1,-1,-1,-1,-1,0,0,0,0,0,0,0,1720199422354029000
-1,-1,-1,-1,-1,-1,-1,0,0,0,0,0,0,0,1720199422378032600
-1,-1,-1,-1,-1,-1,-1,0,0,0,0,0,0,0,1720199422399036700
-1,-1,-1,-1,-1,-1,-1,0,0,0,0,0,0,0,1720199422419032300
-1,-1,-1,-1,-1,-1,-1,0,0,0,0,0,0,0,1720199422440053400
-1,-1,-1,-1,-1,-1,-1,0,0,0,0,0,0,0,1720199422460550500
-1,-1,-1,-1,-1,-1,-1,0,0,0,0,0,0,0,1720199422480547700
-1,-1,-1,-1,-1,-1,-1,0,0,0,0,0,0,0,1720199422501578100
-1,-1,-1,-1,-1,-1,-1,0,0,0,0,0,0,0,1720199422521571500
-1,-1,-1,-1,-1,-1,-1,0,0,0,0,0,0,0,1720199422546207000
-1,-1,-1,-1,-1,-1,-1,0,0,0,0,0,0,0,1720199422566206200
-1,-1,-1,-1,-1,-1,-1,0,0,0,0,0,0,0,1720199422587171500
-1,-1,-1,-1,-1,-1,-1,0,0,0,0,0,0,0,1720199422607169500
-1,-1,-1,-1,-1,-1,-1,0,0,0,0,0,0,0,1720199422628170500
-1,-1,-1,-1,-1,-1,-1,0,0,0,0,0,0,0,1720199422648717200
-1,-1,-1,-1,-1,-1,-1,0,0,0,0,0,0,0,1720199422668753100
-1,-1,-1,-1,-1,-1,-1,0,0,0,0,0,0,0,1720199422689752200
-1,-1,-1,-1,-1,-1,-1,0,0,0,0,0,0,0,1720199422710726300
-1,-1,-1,-1,-1,-1,-1,0,0,0,0,0,0,0,1720199422734752200
-1,-1,-1,-1,-1,-1,-1,0,0,0,0,0,0,0,1720199422755348300
-1,-1,-1,-1,-1,-1,-1,0,0,0,0,0,0,0,1720199422775358500
-1,-1,-1,-1,-1,-1,-1,0,0,0,0,0,0,0,1720199422796362300
-1,-1,-1,-1,-1,-1,-1,0,0,0,0,0,0,0,1720199422816358700
-1,-1,-1,-1,-1,-1,-1,0,0,0,0,0,0,0,1720199422837393900
-1,-1,-1,-1,-1,-1,-1,0,0,0,0,0,0,0,1720199422856979600
-1,-1,-1,-1,-1,-1,-1,0,0,0,0,0,0,0,1720199422877981900
-1,-1,-1,-1,-1,-1,-1,0,0,0,0,0,0,0,1720199422897978900
-1,-1,-1,-1,-1,-1,-1,0,0,0,0,0,0,0,1720199422922978000
-1,-1,-1,-1,-1,-1,-1,0,0,0,0,0,0,0,1720199422942948700
-1,-1,-1,-1,-1,-1,-1,0,0,0,0,0,0,0,1720199422963505800
-1,-1,-1,-1,-1,-1,-1,0,0,0,0,0,0,0,1720199422984489400
-1,-1,-1,-1,-1,-1,-1,0,0,0,0,0,0,0,1720199423004491200
-1,-1,-1,-1,-1,-1,-1,0,0,0,0,0,0,0,1720199423025492000
-1,-1,-1,-1,-1,-1,-1,0,0,0,0,0,0,0,1720199423046118600
-1,-1,-1,-1,-1,-1,-1,0,0,0,0,0,0,0,1720199423066117600
-1,-1,-1,-1,-1,-1,-1,0,0,0,0,0,0,0,1720199423087080400
-1,-1,-1,-1,-1,-1,-1,0,0,0,0,0,0,0,1720199423111080700
-1,-1,-1,-1,-1,-1,-1,0,0,0,0,0,0,0,1720199423132101500
-1,-1,-1,-1,-1,-1,-1,0,0,0,0,0,0,0,1720199423152544900
-1,-1,-1,-1,-1,-1,-1,0,0,0,0,0,0,0,1720199423172557600
-1,-1,-1,-1,-1,-1,-1,0,0,0,0,0,0,0,1720199423193510900
-1,-1,-1,-1,-1,-1,-1,0,0,0,0,0,0,0,1720199423213563800
-1,-1,-1,-1,-1,-1,-1,0,0,0,0,0,0,0,1720199423234582600
-1,-1,-1,-1,-1,-1,-1,0,0,0,0,0,0,0,1720199423255158400
-1,-1,-1,-1,-1,-1,-1,0,0,0,0,0,0,0,1720199423279162700
-1,-1,-1,-1,-1,-1,-1,0,0,0,0,0,0,0,1720199423300168500
-1,-1,-1,-1,-1,-1,-1,0,0,0,0,0,0,0,1720199423320160200
-1,-1,-1,-1,-1,-1,-1,0,0,0,0,0,0,0,1720199423341166400
-1,-1,-1,-1,-1,-1,-1,0,0,0,0,0,0,0,1720199423361129600
-1,-1,-1,-1,-1,-1,-1,0,0,0,0,0,0,0,1720199423382138900
-1,-1,-1,-1,-1,-1,-1,0,0,0,0,0,0,0,1720199423402133000
-1,-1,-1,-1,-1,-1,-1,0,0,0,0,0,0,0,1720199423423133100
-1,-1,-1,-1,-1,-1,-1,0,0,0,0,0,0,0,1720199423443167700
-1,-1,-1,-1,-1,-1,-1,0,0,0,0,0,0,0,1720199423467748300
-1,-1,-1,-1,-1,-1,-1,0,0,0,0,0,0,0,1720199423487809900
-1,-1,-1,-1,-1,-1,-1,0,0,0,0,0,0,0,1720199423508847700
-1,-1,-1,-1,-1,-1,-1,0,0,0,0,0,0,0,1720199423528812700
-1,-1,-1,-1,-1,-1,-1,0,0,0,0,0,0,0,1720199423549428800
-1,-1,-1,-1,-1,-1,-1,0,0,0,0,0,0,0,1720199423570395300
-1,-1,-1,-1,-1,-1,-1,0,0,0,0,0,0,0,1720199423590393400
-1,-1,-1,-1,-1,-1,-1,0,0,0,0,0,0,0,1720199423610912100
-1,-1,-1,-1,-1,-1,-1,0,0,0,0,0,0,0,1720199423637925700
-1,-1,-1,-1,-1,-1,-1,0,0,0,0,0,0,0,1720199423656434100
-1,-1,-1,-1,-1,-1,-1,0,0,0,0,0,0,0,1720199423676434100
-1,-1,-1,-1,-1,-1,-1,0,0,0,0,0,0,0,1720199423697439800
-1,-1,-1,-1,-1,-1,-1,0,0,0,0,0,0,0,1720199423718486600
-1,-1,-1,-1,-1,-1,-1,0,0,0,0,0,0,0,1720199423738444200
-1,-1,-1,-1,-1,-1,-1,0,0,0,0,0,0,0,1720199423758558400
-1,-1,-1,-1,-1,-1,-1,0,0,0,0,0,0,0,1720199423779526300
-1,-1,-1,-1,-1,-1,-1,0,0,0,0,0,0,0,1720199423799525200
-1,-1,-1,-1,-1,-1,-1,0,0,0,0,0,0,0,1720199423819525000
-1,-1,-1,-1,-1,-1,-1,0,0,0,0,0,0,0,1720199423844529400
-1,-1,-1,-1,-1,-1,-1,0,0,0,0,0,0,0,1720199423865130200
-1,-1,-1,-1,-1,-1,-1,0,0,0,0,0,0,0,1720199423885129800
-1,-1,-1,-1,-1,-1,-1,0,0,0,0,0,0,0,1720199423906126000
-1,-1,-1,-1,-1,-1,-1,0,0,0,0,0,0,0,1720199423927127100
-1,-1,-1,-1,-1,-1,-1,0,0,0,0,0,0,0,1720199423946640000
-1,-1,-1,-1,-1,-1,-1,0,0,0,0,0,0,0,1720199423967641100
-1,-1,-1,-1,-1,-1,-1,0,0,0,0,0,0,0,1720199423987640600
-1,-1,-1,-1,-1,-1,-1,0,0,0,0,0,0,0,1720199424012642800
-1,-1,-1,-1,-1,-1,-1,0,0,0,0,0,0,0,1720199424032653200
-1,-1,-1,-1,-1,-1,-1,0,0,0,0,0,0,0,1720199424053806400
-1,-1,-1,-1,-1,-1,-1,0,0,0,0,0,0,0,1720199424073808300
-1,-1,-1,-1,-1,-1,-1,0,0,0,0,0,0,0,1720199424094807100
-1,-1,-1,-1,-1,-1,-1,0,0,0,0,0,0,0,1720199424114840300
-1,-1,-1,-1,-1,-1,-1,0,0,0,0,0,0,0,1720199424134907500
-1,-1,-1,-1,-1,-1,-1,0,0,0,0,0,0,0,1720199424156085000
-1,-1,-1,-1,-1,-1,-1,0,0,0,0,0,0,0,1720199424176082400
-1,-1,-1,-1,-1,-1,-1,0,0,0,0,0,0,0,1720199424201086300
-1,-1,-1,-1,-1,-1,-1,0,0,0,0,0,0,0,1720199424221094200
-1,-1,-1,-1,-1,-1,-1,0,0,0,0,0,0,0,1720199424242090500
-1,-1,-1,-1,-1,-1,-1,0,0,0,0,0,0,0,1720199424262611400
-1,-1,-1,-1,-1,-1,-1,0,0,0,0,0,0,0,1720199424282607900
-1,-1,-1,-1,-1,-1,-1,0,0,0,0,0,0,0,1720199424303606200
-1,-1,-1,-1,-1,-1,-1,0,0,0,0,0,0,0,1720199424323617900
-1,-1,-1,-1,-1,-1,-1,0,0,0,0,0,0,0,1720199424344612900
-1,-1,-1,-1,-1,-1,-1,0,0,0,0,0,0,0,1720199424365122500
-1,-1,-1,-1,-1,-1,-1,0,0,0,0,0,0,0,1720199424389122800
-1,-1,-1,-1,-1,-1,-1,0,0,0,0,0,0,0,1720199424409125600
-1,-1,-1,-1,-1,-1,-1,0,0,0,0,0,0,0,1720199424430125900
-1,-1,-1,-1,-1,-1,-1,0,0,0,0,0,0,0,1720199424450650700
-1,-1,-1,-1,-1,-1,-1,0,0,0,0,0,0,0,1720199424470650400
-1,-1,-1,-1,-1,-1,-1,0,0,0,0,0,0,0,1720199424491648000
-1,-1,-1,-1,-1,-1,-1,0,0,0,0,0,0,0,1720199424511650500
-1,-1,-1,-1,-1,-1,-1,0,0,0,0,0,0,0,1720199424532656700
-1,-1,-1,-1,-1,-1,-1,0,0,0,0,0,0,0,1720199424553169400
-1,-1,-1,-1,-1,-1,-1,0,0,0,0,0,0,0,1720199424577171600
-1,-1,-1,-1,-1,-1,-1,0,0,0,0,0,0,0,1720199424598170100
-1,-1,-1,-1,-1,-1,-1,0,0,0,0,0,0,0,1720199424618168900
-1,-1,-1,-1,-1,-1,-1,0,0,0,0,0,0,0,1720199424639182500
-1,-1,-1,-1,-1,-1,-1,0,0,0,0,0,0,0,1720199424659690200
-1,-1,-1,-1,-1,-1,-1,0,0,0,0,0,0,0,1720199424679688300
-1,-1,-1,-1,-1,-1,-1,0,0,0,0,0,0,0,1720199424700707000
-1,-1,-1,-1,-1,-1,-1,0,0,0,0,0,0,0,1720199424721693200
-1,-1,-1,-1,-1,-1,-1,0,0,0,0,0,0,0,1720199424741723600
-1,-1,-1,-1,-1,-1,-1,0,0,0,0,0,0,0,1720199424766227400
-1,-1,-1,-1,-1,-1,-1,0,0,0,0,0,0,0,1720199424786226600
-1,-1,-1,-1,-1,-1,-1,0,0,0,0,0,0,0,1720199424807228100
-1,-1,-1,-1,-1,-1,-1,0,0,0,0,0,0,0,1720199424828228800
-1,-1,-1,-1,-1,-1,-1,0,0,0,0,0,0,0,1720199424847684900
-1,-1,-1,-1,-1,-1,-1,0,0,0,0,0,0,0,1720199424868687000
-1,-1,-1,-1,-1,-1,-1,0,0,0,0,0,0,0,1720199424888720200
-1,-1,-1,-1,-1,-1,-1,0,0,0,0,0,0,0,1720199424909685400
-1,-1,-1,-1,-1,-1,-1,0,0,0,0,0,0,0,1720199424933723300
-1,-1,-1,-1,-1,-1,-1,0,0,0,0,0,0,0,1720199424954204800
-1,-1,-1,-1,-1,-1,-1,0,0,0,0,0,0,0,1720199424974827000
-1,-1,-1,-1,-1,-1,-1,0,0,0,0,0,0,0,1720199424995826800
-1,-1,-1,-1,-1,-1,-1,0,0,0,0,0,0,0,1720199425015828100
-1,-1,-1,-1,-1,-1,-1,0,0,0,0,0,0,0,1720199425036837000
-1,-1,-1,-1,-1,-1,-1,0,0,0,0,0,0,0,1720199425056408600
-1,-1,-1,-1,-1,-1,-1,0,0,0,0,0,0,0,1720199425077376000
-1,-1,-1,-1,-1,-1,-1,0,0,0,0,0,0,0,1720199425098386200
-1,-1,-1,-1,-1,-1,-1,0,0,0,0,0,0,0,1720199425122375100
-1,-1,-1,-1,-1,-1,-1,0,0,0,0,0,0,0,1720199425142378000
-1,-1,-1,-1,-1,-1,-1,0,0,0,0,0,0,0,1720199425162889400
-1,-1,-1,-1,-1,-1,-1,0,0,0,0,0,0,0,1720199425183925800
-1,-1,-1,-1,-1,-1,-1,0,0,0,0,0,0,0,1720199425203888800
-1,-1,-1,-1,-1,-1,-1,0,0,0,0,0,0,0,1720199425224889000
-1,-1,-1,-1,-1,-1,-1,0,0,0,0,0,0,0,1720199425244893300
-1,-1,-1,-1,-1,-1,-1,0,0,0,0,0,0,0,1720199425265719300
-1,-1,-1,-1,-1,-1,-1,0,0,0,0,0,0,0,1720199425286687100
-1,-1,-1,-1,-1,-1,-1,0,0,0,0,0,0,0,1720199425310716700
-1,-1,-1,-1,-1,-1,-1,0,0,0,0,0,0,0,1720199425331694800
-1,-1,-1,-1,-1,-1,-1,0,0,0,0,0,0,0,1720199425352269800
-1,-1,-1,-1,-1,-1,-1,0,0,0,0,0,0,0,1720199425372272400
-1,-1,-1,-1,-1,-1,-1,0,0,0,0,0,0,0,1720199425393273200
-1,-1,-1,-1,-1,-1,-1,0,0,0,0,0,0,0,1720199425412822700
-1,-1,-1,-1,-1,-1,-1,0,0,0,0,0,0,0,1720199425433816500
-1,-1,-1,-1,-1,-1,-1,0,0,0,0,0,0,0,1720199425454299800
-1,-1,-1,-1,-1,-1,-1,0,0,0,0,0,0,0,1720199425474319200
-1,-1,-1,-1,-1,-1,-1,0,0,0,0,0,0,0,1720199425499285100
-1,-1,-1,-1,-1,-1,-1,0,0,0,0,0,0,0,1720199425519257600
-1,-1,-1,-1,-1,-1,-1,0,0,0,0,0,0,0,1720199425540284100
-1,-1,-1,-1,-1,-1,-1,0,0,0,0,0,0,0,1720199425560775700
-1,-1,-1,-1,-1,-1,-1,0,0,0,0,0,0,0,1720199425580813500
-1,-1,-1,-1,-1,-1,-1,0,0,0,0,0,0,0,1720199425601774500
-1,-1,-1,-1,-1,-1,-1,0,0,0,0,0,0,0,1720199425621904700
-1,-1,-1,-1,-1,-1,-1,0,0,0,0,0,0,0,1720199425642905500
-1,-1,-1,-1,-1,-1,-1,0,0,0,0,0,0,0,1720199425667451300
-1,-1,-1,-1,-1,-1,-1,0,0,0,0,0,0,0,1720199425687450100
-1,-1,-1,-1,-1,-1,-1,0,0,0,0,0,0,0,1720199425708451500
-1,-1,-1,-1,-1,-1,-1,0,0,0,0,0,0,0,1720199425729473400
-1,-1,-1,-1,-1,-1,-1,0,0,0,0,0,0,0,1720199425749021000
-1,-1,-1,-1,-1,-1,-1,0,0,0,0,0,0,0,1720199425769022500
-1,-1,-1,-1,-1,-1,-1,0,0,0,0,0,0,0,1720199425791028800
-1,-1,-1,-1,-1,-1,-1,0,0,0,0,0,0,0,1720199425810021400
-1,-1,-1,-1,-1,-1,-1,0,0,0,0,0,0,0,1720199425831022800
-1,-1,-1,-1,-1,-1,-1,0,0,0,0,0,0,0,1720199425855540100
-1,-1,-1,-1,-1,-1,-1,0,0,0,0,0,0,0,1720199425875541600
-1,-1,-1,-1,-1,-1,-1,0,0,0,0,0,0,0,1720199425896540000
-1,-1,-1,-1,-1,-1,-1,0,0,0,0,0,0,0,1720199425916541400
-1,-1,-1,-1,-1,-1,-1,0,0,0,0,0,0,0,1720199425937551000
-1,-1,-1,-1,-1,-1,-1,0,0,0,0,0,0,0,1720199425958061600
-1,-1,-1,-1,-1,-1,-1,0,0,0,0,0,0,0,1720199425978061000
-1,-1,-1,-1,-1,-1,-1,0,0,0,0,0,0,0,1720199425998887300
-1,-1,-1,-1,-1,-1,-1,0,0,0,0,0,0,0,1720199426019853600
-1,-1,-1,-1,-1,-1,-1,0,0,0,0,0,0,0,1720199426043856800
-1,-1,-1,-1,-1,-1,-1,0,0,0,0,0,0,0,1720199426064367700
-1,-1,-1,-1,-1,-1,-1,0,0,0,0,0,0,0,1720199426084366900
-1,-1,-1,-1,-1,-1,-1,0,0,0,0,0,0,0,1720199426105399800
-1,-1,-1,-1,-1,-1,-1,0,0,0,0,0,0,0,1720199426126365900
-1,-1,-1,-1,-1,-1,-1,0,0,0,0,0,0,0,1720199426146440400
-1,-1,-1,-1,-1,-1,-1,0,0,0,0,0,0,0,1720199426166986600
-1,-1,-1,-1,-1,-1,-1,0,0,0,0,0,0,0,1720199426186983900
-1,-1,-1,-1,-1,-1,-1,0,0,0,0,0,0,0,1720199426207984000
-1,-1,-1,-1,-1,-1,-1,0,0,0,0,0,0,0,1720199426231985300
-1,-1,-1,-1,-1,-1,-1,0,0,0,0,0,0,0,1720199426252500000
-1,-1,-1,-1,-1,-1,-1,0,0,0,0,0,0,0,1720199426273499900
-1,-1,-1,-1,-1,-1,-1,0,0,0,0,0,0,0,1720199426293499200
-1,-1,-1,-1,-1,-1,-1,0,0,0,0,0,0,0,1720199426314497600
-1,-1,-1,-1,-1,-1,-1,0,0,0,0,0,0,0,1720199426334363600
-1,-1,-1,-1,-1,-1,-1,0,0,0,0,0,0,0,1720199426354912700
-1,-1,-1,-1,-1,-1,-1,0,0,0,0,0,0,0,1720199426375915500
-1,-1,-1,-1,-1,-1,-1,0,0,0,0,0,0,0,1720199426399910800
-1,-1,-1,-1,-1,-1,-1,0,0,0,0,0,0,0,1720199426420891700
-1,-1,-1,-1,-1,-1,-1,0,0,0,0,0,0,0,1720199426440894000
-1,-1,-1,-1,-1,-1,-1,0,0,0,0,0,0,0,1720199426461477000
-1,-1,-1,-1,-1,-1,-1,0,0,0,0,0,0,0,1720199426482510400
-1,-1,-1,-1,-1,-1,-1,0,0,0,0,0,0,0,1720199426502473700
-1,-1,-1,-1,-1,-1,-1,0,0,0,0,0,0,0,1720199426523472900
-1,-1,-1,-1,-1,-1,-1,0,0,0,0,0,0,0,1720199426543476500
-1,-1,-1,-1,-1,-1,-1,0,0,0,0,0,0,0,1720199426564020000
-1,-1,-1,-1,-1,-1,-1,0,0,0,0,0,0,0,1720199426588993000
-1,-1,-1,-1,-1,-1,-1,0,0,0,0,0,0,0,1720199426608983700
-1,-1,-1,-1,-1,-1,-1,0,0,0,0,0,0,0,1720199426629984400
-1,-1,-1,-1,-1,-1,-1,0,0,0,0,0,0,0,1720199426650538500
-1,-1,-1,-1,-1,-1,-1,0,0,0,0,0,0,0,1720199426670566800
-1,-1,-1,-1,-1,-1,-1,0,0,0,0,0,0,0,1720199426691537200
-1,-1,-1,-1,-1,-1,-1,0,0,0,0,0,0,0,1720199426712109700
-1,-1,-1,-1,-1,-1,-1,0,0,0,0,0,0,0,1720199426732088500
-1,-1,-1,-1,-1,-1,-1,0,0,0,0,0,0,0,1720199426752220500
-1,-1,-1,-1,-1,-1,-1,0,0,0,0,0,0,0,1720199426777213700
-1,-1,-1,-1,-1,-1,-1,0,0,0,0,0,0,0,1720199426797211400
-1,-1,-1,-1,-1,-1,-1,0,0,0,0,0,0,0,1720199426818211100
-1,-1,-1,-1,-1,-1,-1,0,0,0,0,0,0,0,1720199426838219600
-1,-1,-1,-1,-1,-1,-1,0,0,0,0,0,0,0,1720199426858835800
-1,-1,-1,-1,-1,-1,-1,0,0,0,0,0,0,0,1720199426879802100
-1,-1,-1,-1,-1,-1,-1,0,0,0,0,0,0,0,1720199426899801000
-1,-1,-1,-1,-1,-1,-1,0,0,0,0,0,0,0,1720199426920804500
-1,-1,-1,-1,-1,-1,-1,0,0,0,0,0,0,0,1720199426940875200
-1,-1,-1,-1,-1,-1,-1,0,0,0,0,0,0,0,1720199426965355500
-1,-1,-1,-1,-1,-1,-1,0,0,0,0,0,0,0,1720199426985391500
-1,-1,-1,-1,-1,-1,-1,0,0,0,0,0,0,0,1720199427006594900
-1,-1,-1,-1,-1,-1,-1,0,0,0,0,0,0,0,1720199427026596000
-1,-1,-1,-1,-1,-1,-1,0,0,0,0,0,0,0,1720199427047601800
-1,-1,-1,-1,-1,-1,-1,0,0,0,0,0,0,0,1720199427068123500
-1,-1,-1,-1,-1,-1,-1,0,0,0,0,0,0,0,1720199427088123800
