server_time,trakstar_SensorID,trakstar_Status,trakstar_x,trakstar_y,trakstar_z,trakstar_azimuth,trakstar_elevation,trakstar_roll,trakstar_atime,video_time,video_id,3d_camera_time,3d_camera_frame_id,smartwatch_1_time,smartwatch_1_wrist_position,smartwatch_1_sensor_type,smartwatch_1_value_X_Axis,smartwatch_1_value_Y_Axis,smartwatch_1_value_Z_Axis,smartwatch_2_time,smartwatch_2_wrist_position,smartwatch_2_sensor_type,smartwatch_2_value_X_Axis,smartwatch_2_value_Y_Axis,smartwatch_2_value_Z_Axis,PDS_time,pedal_1,pedal_2,pedal_3,pedal_4,pedal_5,pedal_6,pedal_7
1720123582394172300,0,0,0,0,0,0,0,0,0,0,0,0,0,0,0,0,0,0,0,0,0,0,0,0,0,-2,-2,-2,-2,-2,-2,-2,-2,-2,-2,-2,-2,-2,-2,-2
1720123582428121700,0,0,0,0,0,0,0,0,0,0,0,0,0,1708787636212,left,acc,-0.5267243981361389,-1.742978811264038,9.205705642700195,0,0,0,0,0,0,-2,-2,-2,-2,-2,-2,-2,-2,-2,-2,-2,-2,-2,-2,-2
1720123582461657200,0,0,0,0,0,0,0,0,0,0,0,0,0,1708787636333,left,acc,-0.5793967843055725,-1.8746598958969116,9.41639518737793,1669049064221,right,acc,0.22505496442317963,-0.8619126081466675,9.737217903137207,-2,-2,-2,-2,-2,-2,-2,-2,-2,-2,-2,-2,-2,-2,-2
1720123582495652000,0,0,0,0,0,0,0,0,0,0,0,0,0,1708787636494,left,acc,-0.5817909836769104,-3.0334534645080566,10.66137981414795,1669049064382,right,acc,0.18914192914962769,-0.8643068075180054,9.787496566772461,-2,-2,-2,-2,-2,-2,-2,-2,-2,-2,-2,-2,-2,-2,-2
1720123582529651800,0,0,0,0,0,0,0,0,0,0,0,0,0,1708787636573,left,acc,-0.6368576288223267,-2.142810583114624,8.923190116882324,1669049064461,right,acc,0.10295066982507706,-0.8954314589500427,9.81143856048584,-2,-2,-2,-2,-2,-2,-2,-2,-2,-2,-2,-2,-2,-2,-2
1720123582562990200,0,0,0,0,0,0,0,0,0,0,0,0,0,1708787636734,left,acc,-0.4884171485900879,-2.0039467811584473,9.897629737854004,1669049064620,right,acc,0.11252748221158981,-0.849941611289978,9.818621635437012,-2,-2,-2,-2,-2,-2,-2,-2,-2,-2,-2,-2,-2,-2,-2
1720123582596992300,0,0,0,0,0,0,0,0,0,0,0,0,0,1708787636855,left,acc,-0.3280056416988373,-1.7142484188079834,8.83699893951416,1669049064742,right,acc,0.17717093229293823,-0.9145850539207458,9.818621635437012,-2,-2,-2,-2,-2,-2,-2,-2,-2,-2,-2,-2,-2,-2,-2
1720123582630999200,0,0,0,0,0,0,0,0,0,1720123582579992000,./Data/pds_Spds_T1_2024-07-04/imgs/1_1720123582579992000.png,0,0,1708787636976,left,acc,-0.8403648138046265,-2.7054479122161865,9.670180320739746,1669049064863,right,acc,0.1364694982767105,-0.849941611289978,9.78989028930664,-2,-2,-2,-2,-2,-2,-2,-2,-2,-2,-2,-2,-2,-2,-2
1720123582664509100,0,0,0,0,0,0,0,0,0,1720123582610994400,./Data/pds_Spds_T1_2024-07-04/imgs/2_1720123582610994400.png,0,0,1708787637035,left,acc,-0.8140285611152649,-2.806004285812378,9.797073364257812,1669049064940,right,acc,0.16519992053508759,-0.8810662031173706,9.801861763000488,-2,-2,-2,-2,-2,-2,-2,-2,-2,-2,-2,-2,-2,-2,-2
1720123582698509800,0,0,0,0,0,0,0,0,0,1720123582667512700,./Data/pds_Spds_T1_2024-07-04/imgs/4_1720123582667512700.png,0,0,1708787637115,left,acc,-0.6703764796257019,-1.0199298858642578,9.390059471130371,1669049065022,right,acc,0.12449848651885986,-0.9002198576927185,9.799467086791992,-2,-2,-2,-2,-2,-2,-2,-2,-2,-2,-2,-2,-2,-2,-2
1720123582732517600,0,0,0,0,0,0,0,0,0,1720123582694511000,./Data/pds_Spds_T1_2024-07-04/imgs/5_1720123582694511000.png,0,0,1708787637277,left,acc,-0.646434485912323,-2.719813108444214,9.658209800720215,1669049065162,right,acc,0.19393034279346466,-0.8595184087753296,9.797073364257812,-2,-2,-2,-2,-2,-2,-2,-2,-2,-2,-2,-2,-2,-2,-2
1720123582766029900,0,0,0,0,0,0,0,0,0,1720123582725509500,./Data/pds_Spds_T1_2024-07-04/imgs/6_1720123582725509500.png,0,0,1708787637417,left,acc,-1.4987702369689941,-3.0885202884674072,9.14585018157959,1669049065287,right,acc,0.07182604819536209,-0.9050082564353943,9.797073364257812,-2,-2,-2,-2,-2,-2,-2,-2,-2,-2,-2,-2,-2,-2,-2
1720123582800030400,0,0,0,0,0,0,0,0,0,1720123582754029900,./Data/pds_Spds_T1_2024-07-04/imgs/7_1720123582754029900.png,0,0,1708787637517,left,acc,0.07182604819536209,-2.3582887649536133,9.567230224609375,1669049065402,right,acc,0.13168109953403473,-0.8690952062606812,9.832986831665039,-2,-2,-2,-2,-2,-2,-2,-2,-2,-2,-2,-2,-2,-2,-2
1720123582834059600,0,0,0,0,0,0,0,0,0,1720123582640997700,./Data/pds_Spds_T1_2024-07-04/imgs/3_1720123582640997700.png,0,0,1708787637558,left,acc,-0.6775590777397156,-1.8531121015548706,9.148244857788086,1669049065449,right,acc,0.12689268589019775,-0.8930372595787048,9.821015357971191,-2,-2,-2,-2,-2,-2,-2,-2,-2,-2,-2,-2,-2,-2,-2
1720123582867577600,0,0,0,0,0,0,0,0,0,1720123582787029900,./Data/pds_Spds_T1_2024-07-04/imgs/8_1720123582787029900.png,0,0,1708787637678,left,acc,-0.4836287498474121,-2.7269957065582275,9.801861763000488,1669049065565,right,acc,0.15801730751991272,-0.8379706144332886,9.806650161743164,-2,-2,-2,-2,-2,-2,-2,-2,-2,-2,-2,-2,-2,-2,-2
1720123582901577700,0,0,0,0,0,0,0,0,0,1720123582873573800,./Data/pds_Spds_T1_2024-07-04/imgs/10_1720123582873573800.png,0,0,1708787637759,left,acc,-0.35434186458587646,-1.292868971824646,9.612719535827637,1669049065606,right,acc,0.181959331035614,-0.8930372595787048,9.792284965515137,-2,-2,-2,-2,-2,-2,-2,-2,-2,-2,-2,-2,-2,-2,-2
1720123582935585100,0,0,0,0,0,0,0,0,0,1720123582903577500,./Data/pds_Spds_T1_2024-07-04/imgs/11_1720123582903577500.png,0,0,1708787637799,left,acc,-0.2968810200691223,-1.039083480834961,9.787496566772461,1669049065726,right,acc,0.15562310814857483,-0.8667010068893433,9.859322547912598,-2,-2,-2,-2,-2,-2,-2,-2,-2,-2,-2,-2,-2,-2,-2
1720123582969612800,0,0,0,0,0,0,0,0,0,1720123582932609100,./Data/pds_Spds_T1_2024-07-04/imgs/12_1720123582932609100.png,0,0,1708787637982,left,acc,-0.10055647045373917,-2.185906171798706,8.676587104797363,1669049065845,right,acc,0.1843535304069519,-0.8164227604866028,9.823410034179688,-2,-2,-2,-2,-2,-2,-2,-2,-2,-2,-2,-2,-2,-2,-2
1720123583003610200,0,0,0,0,0,0,0,0,0,1720123582958613100,./Data/pds_Spds_T1_2024-07-04/imgs/13_1720123582958613100.png,0,0,1708787638141,left,acc,-0.2992752194404602,-3.7493197917938232,10.915165901184082,1669049065987,right,acc,0.11013327538967133,-0.9241618514060974,9.806650161743164,-2,-2,-2,-2,-2,-2,-2,-2,-2,-2,-2,-2,-2,-2,-2
1720123583037618500,0,0,0,0,0,0,0,0,0,1720123582987610100,./Data/pds_Spds_T1_2024-07-04/imgs/14_1720123582987610100.png,0,0,1708787638261,left,acc,-1.6639702320098877,1.4844050407409668,8.312667846679688,1669049066066,right,acc,0.15562310814857483,-0.8619126081466675,9.813833236694336,-2,-2,-2,-2,-2,-2,-2,-2,-2,-2,-2,-2,-2,-2,-2
1720123583071712700,0,0,0,0,0,0,0,0,0,1720123583020611000,./Data/pds_Spds_T1_2024-07-04/imgs/15_1720123583020611000.png,0,0,1708787638365,left,acc,-0.1412578970193863,2.456450939178467,9.59596061706543,1669049066169,right,acc,0.12210428714752197,-0.8451532125473022,9.768342971801758,-2,-2,-2,-2,-2,-2,-2,-2,-2,-2,-2,-2,-2,-2,-2
1720123583105699600,0,0,0,0,0,0,0,0,0,1720123583059703100,./Data/pds_Spds_T1_2024-07-04/imgs/16_1720123583059703100.png,0,0,1708787638424,left,acc,0.5602431893348694,1.3024457693099976,8.616731643676758,1669049066249,right,acc,0.19871874153614044,-0.8667010068893433,9.840168952941895,-2,-2,-2,-2,-2,-2,-2,-2,-2,-2,-2,-2,-2,-2,-2
1720123583139702900,0,0,0,0,0,0,0,0,0,1720123583102700300,./Data/pds_Spds_T1_2024-07-04/imgs/17_1720123583102700300.png,0,0,1708787638484,left,acc,0.22026655077934265,0.5578489899635315,9.555258750915527,1669049066290,right,acc,0.11013327538967133,-0.9002198576927185,9.84495735168457,-2,-2,-2,-2,-2,-2,-2,-2,-2,-2,-2,-2,-2,-2,-2
1720123583173210400,0,0,0,0,0,0,0,0,0,1720123583129698400,./Data/pds_Spds_T1_2024-07-04/imgs/18_1720123583129698400.png,0,0,1708787638387,left,acc,0.08140286058187485,2.0901381969451904,9.552865028381348,1669049066451,right,acc,0.2059013396501541,-0.8882488012313843,9.852140426635742,-2,-2,-2,-2,-2,-2,-2,-2,-2,-2,-2,-2,-2,-2,-2
1720123583207210300,0,0,0,0,0,0,0,0,0,1720123583157212200,./Data/pds_Spds_T1_2024-07-04/imgs/19_1720123583157212200.png,0,0,1708787638301,left,acc,-0.950498104095459,1.9321208000183105,8.449137687683105,1669049066531,right,acc,0.14604631066322327,-0.8690952062606812,9.775525093078613,-2,-2,-2,-2,-2,-2,-2,-2,-2,-2,-2,-2,-2,-2,-2
1720123583241218600,0,0,0,0,0,0,0,0,0,1720123583186210700,./Data/pds_Spds_T1_2024-07-04/imgs/20_1720123583186210700.png,0,0,1708787638220,left,acc,-1.2425906658172607,-1.800439715385437,9.265560150146484,1669049066691,right,acc,0.20111294090747833,-0.8571242094039917,9.813833236694336,-2,-2,-2,-2,-2,-2,-2,-2,-2,-2,-2,-2,-2,-2,-2
1720123583274800800,0,0,0,0,0,0,0,0,0,1720123583220211800,./Data/pds_Spds_T1_2024-07-04/imgs/21_1720123583220211800.png,0,0,1708787638183,left,acc,-0.24181437492370605,-3.6727054119110107,10.764330863952637,1669049066769,right,acc,0.18914192914962769,-0.8667010068893433,9.78989028930664,-2,-2,-2,-2,-2,-2,-2,-2,-2,-2,-2,-2,-2,-2,-2
1720123583308801100,0,0,0,0,0,0,0,0,0,1720123583259772800,./Data/pds_Spds_T1_2024-07-04/imgs/22_1720123583259772800.png,0,0,1708787638101,left,acc,-0.2801215946674347,-4.333505153656006,12.435483932495117,1669049066831,right,acc,0.10295066982507706,-0.8236053586006165,9.818621635437012,-2,-2,-2,-2,-2,-2,-2,-2,-2,-2,-2,-2,-2,-2,-2
1720123583342807000,0,0,0,0,0,0,0,0,0,1720123583319800800,./Data/pds_Spds_T1_2024-07-04/imgs/24_1720123583319800800.png,0,0,1708787638905,left,acc,-1.3335703611373901,-0.33758243918418884,10.340557098388672,1669049066970,right,acc,0.14365209639072418,-0.849941611289978,9.763554573059082,-2,-2,-2,-2,-2,-2,-2,-2,-2,-2,-2,-2,-2,-2,-2
1720123583376350300,0,0,0,0,0,0,0,0,0,1720123583288800300,./Data/pds_Spds_T1_2024-07-04/imgs/23_1720123583288800300.png,0,0,1708787639006,left,acc,-1.766920804977417,-4.383783340454102,11.166556358337402,1669049067092,right,acc,0.1604115068912506,-0.8690952062606812,9.785101890563965,-2,-2,-2,-2,-2,-2,-2,-2,-2,-2,-2,-2,-2,-2,-2
1720123583410368600,0,0,0,0,0,0,0,0,0,1720123583386315200,./Data/pds_Spds_T1_2024-07-04/imgs/26_1720123583386315200.png,0,0,1708787639108,left,acc,-0.8547300100326538,-1.7549498081207275,9.730035781860352,1669049067172,right,acc,0.12449848651885986,-0.8906430602073669,9.801861763000488,-2,-2,-2,-2,-2,-2,-2,-2,-2,-2,-2,-2,-2,-2,-2
1720123583444859000,0,0,0,0,0,0,0,0,0,1720123583353349600,./Data/pds_Spds_T1_2024-07-04/imgs/25_1720123583353349600.png,0,0,1708787639187,left,acc,-0.023942016065120697,-1.7764976024627686,9.66539192199707,1669049067251,right,acc,0.12210428714752197,-0.9600749015808105,9.840168952941895,-2,-2,-2,-2,-2,-2,-2,-2,-2,-2,-2,-2,-2,-2,-2
1720123583478896900,0,0,0,0,0,0,0,0,0,1720123583420350800,./Data/pds_Spds_T1_2024-07-04/imgs/27_1720123583420350800.png,0,0,1708787639246,left,acc,-0.4405331015586853,-0.9433154463768005,9.765948295593262,1669049067351,right,acc,0.1412578970193863,-0.8307880163192749,9.785101890563965,-2,-2,-2,-2,-2,-2,-2,-2,-2,-2,-2,-2,-2,-2,-2
1720123583512899300,0,0,0,0,0,0,0,0,0,1720123583463873000,./Data/pds_Spds_T1_2024-07-04/imgs/28_1720123583463873000.png,0,0,1708787639291,left,acc,-0.45489832758903503,-1.2856862545013428,10.022128105163574,1669049067499,right,acc,0.14844051003456116,-0.8164227604866028,9.799467086791992,-2,-2,-2,-2,-2,-2,-2,-2,-2,-2,-2,-2,-2,-2,-2
1720123583546486100,0,0,0,0,0,0,0,0,0,1720123583519898600,./Data/pds_Spds_T1_2024-07-04/imgs/30_1720123583519898600.png,0,0,1708787639328,left,acc,-0.3926490843296051,-0.8331822156906128,9.792284965515137,1669049067533,right,acc,0.1388636976480484,-0.811634361743927,9.813833236694336,-2,-2,-2,-2,-2,-2,-2,-2,-2,-2,-2,-2,-2,-2,-2
1720123583580454000,0,0,0,0,0,0,0,0,0,1720123583490864400,./Data/pds_Spds_T1_2024-07-04/imgs/29_1720123583490864400.png,0,0,1708787639508,left,acc,-0.5434837937355042,-0.9361328482627869,9.950302124023438,1669049067703,right,acc,0.2059013396501541,-0.9145850539207458,9.763554573059082,-2,-2,-2,-2,-2,-2,-2,-2,-2,-2,-2,-2,-2,-2,-2
1720123583614488900,0,0,0,0,0,0,0,0,0,1720123583589452700,./Data/pds_Spds_T1_2024-07-04/imgs/32_1720123583589452700.png,0,0,1708787639589,left,acc,-0.5937620401382446,-1.381454348564148,9.526528358459473,1669049067798,right,acc,0.10055647045373917,-0.8786720037460327,9.830592155456543,-2,-2,-2,-2,-2,-2,-2,-2,-2,-2,-2,-2,-2,-2,-2
1720123583648164300,0,0,0,0,0,0,0,0,0,1720123583619452800,./Data/pds_Spds_T1_2024-07-04/imgs/33_1720123583619452800.png,0,0,1708787639709,left,acc,-0.4213795065879822,-1.256955862045288,9.5624418258667,1669049067898,right,acc,0.1364694982767105,-0.8523358106613159,9.856928825378418,-2,-2,-2,-2,-2,-2,-2,-2,-2,-2,-2,-2,-2,-2,-2
1720123583682140300,0,0,0,0,0,0,0,0,0,1720123583653164100,./Data/pds_Spds_T1_2024-07-04/imgs/34_1720123583653164100.png,0,0,1708787639789,left,acc,-0.49559974670410156,-1.4173674583435059,9.880870819091797,1669049067998,right,acc,0.1604115068912506,-0.9050082564353943,9.768342971801758,-2,-2,-2,-2,-2,-2,-2,-2,-2,-2,-2,-2,-2,-2,-2
1720123583716130700,0,0,0,0,0,0,0,0,0,1720123583689132700,./Data/pds_Spds_T1_2024-07-04/imgs/35_1720123583689132700.png,0,0,1708787639909,left,acc,-0.6751648783683777,-1.3551181554794312,10.429142951965332,1669049068116,right,acc,0.15083470940589905,-0.8762778043746948,9.80904483795166,-2,-2,-2,-2,-2,-2,-2,-2,-2,-2,-2,-2,-2,-2,-2
1720123583749686500,0,0,0,0,0,0,0,0,0,1720123583720156400,./Data/pds_Spds_T1_2024-07-04/imgs/36_1720123583720156400.png,0,0,1708787640008,left,acc,-0.26815059781074524,-1.0606313943862915,8.968679428100586,1669049068199,right,acc,0.17238251864910126,-0.8978256583213806,9.81143856048584,-2,-2,-2,-2,-2,-2,-2,-2,-2,-2,-2,-2,-2,-2,-2
1720123583783682800,0,0,0,0,0,0,0,0,0,1720123583752684500,./Data/pds_Spds_T1_2024-07-04/imgs/37_1720123583752684500.png,0,0,1708787640090,left,acc,-0.9074024558067322,-1.8411411046981812,9.830592155456543,1669049068258,right,acc,0.1412578970193863,-0.8379706144332886,9.81143856048584,-2,-2,-2,-2,-2,-2,-2,-2,-2,-2,-2,-2,-2,-2,-2
1720123583817425100,0,0,0,0,0,0,0,0,0,1720123583786684400,./Data/pds_Spds_T1_2024-07-04/imgs/38_1720123583786684400.png,0,0,1708787640210,left,acc,-0.9145850539207458,-2.363077163696289,9.636661529541016,1669049068359,right,acc,0.19153612852096558,-0.8475474119186401,9.797073364257812,-2,-2,-2,-2,-2,-2,-2,-2,-2,-2,-2,-2,-2,-2,-2
1720123583851009700,0,0,0,0,0,0,0,0,0,1720123583819390600,./Data/pds_Spds_T1_2024-07-04/imgs/39_1720123583819390600.png,0,0,1708787640291,left,acc,-1.1683704853057861,-2.669534921646118,9.35893440246582,1669049068436,right,acc,0.1412578970193863,-0.9097966551780701,9.765948295593262,-2,-2,-2,-2,-2,-2,-2,-2,-2,-2,-2,-2,-2,-2,-2
1720123583884979000,0,0,0,0,0,0,0,0,0,1720123583852978400,./Data/pds_Spds_T1_2024-07-04/imgs/40_1720123583852978400.png,0,0,1708787640391,left,acc,-1.335964560508728,-2.9520506858825684,9.643844604492188,1669049068517,right,acc,0.12689268589019775,-0.8188169598579407,9.718064308166504,-2,-2,-2,-2,-2,-2,-2,-2,-2,-2,-2,-2,-2,-2,-2
1720123583918977600,0,0,0,0,0,0,0,0,0,1720123583887014300,./Data/pds_Spds_T1_2024-07-04/imgs/41_1720123583887014300.png,0,0,1708787640511,left,acc,-1.015141487121582,-1.9967641830444336,9.35654067993164,1669049068658,right,acc,0.13407529890537262,-0.8810662031173706,9.794678688049316,-2,-2,-2,-2,-2,-2,-2,-2,-2,-2,-2,-2,-2,-2,-2
1720123583952557400,0,0,0,0,0,0,0,0,0,1720123583919977900,./Data/pds_Spds_T1_2024-07-04/imgs/42_1720123583919977900.png,0,0,1708787640630,left,acc,-0.6177040338516235,-1.7621324062347412,9.279925346374512,1669049068779,right,acc,0.16998831927776337,-0.9193734526634216,9.763554573059082,-2,-2,-2,-2,-2,-2,-2,-2,-2,-2,-2,-2,-2,-2,-2
1720123583986592400,0,0,0,0,0,0,0,0,0,1720123583953559000,./Data/pds_Spds_T1_2024-07-04/imgs/43_1720123583953559000.png,0,0,1708787640793,left,acc,-0.3711012601852417,-1.800439715385437,9.133879661560059,1669049068901,right,acc,0.15083470940589905,-0.849941611289978,9.84256362915039,-2,-2,-2,-2,-2,-2,-2,-2,-2,-2,-2,-2,-2,-2,-2
1720123584020592400,0,0,0,0,0,0,0,0,0,1720123583986592400,./Data/pds_Spds_T1_2024-07-04/imgs/44_1720123583986592400.png,0,0,1708787640913,left,acc,-0.7110779285430908,-2.118868589401245,9.583989143371582,1669049069041,right,acc,0.18914192914962769,-0.9097966551780701,9.806650161743164,-2,-2,-2,-2,-2,-2,-2,-2,-2,-2,-2,-2,-2,-2,-2
1720123584053990900,0,0,0,0,0,0,0,0,0,1720123584019557700,./Data/pds_Spds_T1_2024-07-04/imgs/45_1720123584019557700.png,0,0,1708787641033,left,acc,-0.6799532771110535,-1.6879122257232666,9.758766174316406,1669049069101,right,acc,0.14365209639072418,-0.8475474119186401,9.801861763000488,-2,-2,-2,-2,-2,-2,-2,-2,-2,-2,-2,-2,-2,-2,-2
1720123584087990900,0,0,0,0,0,0,0,0,0,1720123584052957700,./Data/pds_Spds_T1_2024-07-04/imgs/46_1720123584052957700.png,0,0,1708787641113,left,acc,-0.7086837291717529,-2.027888774871826,9.35654067993164,1669049069221,right,acc,0.22266076505184174,-0.8475474119186401,9.785101890563965,-2,-2,-2,-2,-2,-2,-2,-2,-2,-2,-2,-2,-2,-2,-2
1720123584121994000,0,0,0,0,0,0,0,0,0,1720123584086992500,./Data/pds_Spds_T1_2024-07-04/imgs/47_1720123584086992500.png,0,0,1708787641175,left,acc,-0.6488286852836609,-1.8124107122421265,9.53849983215332,1669049069322,right,acc,0.1604115068912506,-0.8475474119186401,9.832986831665039,-2,-2,-2,-2,-2,-2,-2,-2,-2,-2,-2,-2,-2,-2,-2
1720123584155548500,0,0,0,0,0,0,0,0,0,1720123584119957300,./Data/pds_Spds_T1_2024-07-04/imgs/48_1720123584119957300.png,0,0,1708787641259,left,acc,-0.47884035110473633,-1.9345149993896484,9.840168952941895,1669049069447,right,acc,0.16519992053508759,-0.8834604024887085,9.81143856048584,-2,-2,-2,-2,-2,-2,-2,-2,-2,-2,-2,-2,-2,-2,-2
1720123584189548000,0,0,0,0,0,0,0,0,0,1720123584153547900,./Data/pds_Spds_T1_2024-07-04/imgs/49_1720123584153547900.png,0,0,1708787641375,left,acc,-0.6368576288223267,-2.073378562927246,9.775525093078613,1669049069562,right,acc,0.10534487664699554,-0.828393816947937,9.787496566772461,-2,-2,-2,-2,-2,-2,-2,-2,-2,-2,-2,-2,-2,-2,-2
1720123584223515000,0,0,0,0,0,0,0,0,0,1720123584186546600,./Data/pds_Spds_T1_2024-07-04/imgs/50_1720123584186546600.png,0,0,1708787641517,left,acc,-0.6799532771110535,-1.6352397203445435,9.32541561126709,1669049069702,right,acc,0.16519992053508759,-0.912190854549408,9.801861763000488,-2,-2,-2,-2,-2,-2,-2,-2,-2,-2,-2,-2,-2,-2,-2
1720123584257143700,0,0,0,0,0,0,0,0,0,1720123584220515000,./Data/pds_Spds_T1_2024-07-04/imgs/51_1720123584220515000.png,0,0,1708787641635,left,acc,-0.8403648138046265,-2.22660756111145,9.739612579345703,1669049069824,right,acc,0.12210428714752197,-0.8882488012313843,9.84256362915039,-2,-2,-2,-2,-2,-2,-2,-2,-2,-2,-2,-2,-2,-2,-2
1720123584290733900,0,0,0,0,0,0,0,0,0,1720123584254112500,./Data/pds_Spds_T1_2024-07-04/imgs/52_1720123584254112500.png,0,0,1708787641776,left,acc,-0.811634361743927,-2.2361843585968018,9.588777542114258,1669049069905,right,acc,0.17238251864910126,-0.8882488012313843,9.792284965515137,-2,-2,-2,-2,-2,-2,-2,-2,-2,-2,-2,-2,-2,-2,-2
1720123584324738500,0,0,0,0,0,0,0,0,0,1720123584288211900,./Data/pds_Spds_T1_2024-07-04/imgs/53_1720123584288211900.png,0,0,1708787641896,left,acc,-0.8379706144332886,-2.3726539611816406,9.634267807006836,1669049070065,right,acc,0.22505496442317963,-0.9600749015808105,9.804255485534668,-2,-2,-2,-2,-2,-2,-2,-2,-2,-2,-2,-2,-2,-2,-2
1720123584358218400,0,0,0,0,0,0,0,0,0,1720123584319700200,./Data/pds_Spds_T1_2024-07-04/imgs/54_1720123584319700200.png,0,0,1708787642037,left,acc,-0.7924807667732239,-2.3127987384796143,9.502586364746094,1669049070184,right,acc,0.15562310814857483,-0.8307880163192749,9.765948295593262,-2,-2,-2,-2,-2,-2,-2,-2,-2,-2,-2,-2,-2,-2,-2
1720123584392217800,0,0,0,0,0,0,0,0,0,1720123584353217700,./Data/pds_Spds_T1_2024-07-04/imgs/55_1720123584353217700.png,0,0,1708787642155,left,acc,-0.727837324142456,-2.387019157409668,9.667786598205566,1669049070308,right,acc,0.19632454216480255,-0.8427590131759644,9.804255485534668,-2,-2,-2,-2,-2,-2,-2,-2,-2,-2,-2,-2,-2,-2,-2
1720123584426215500,0,0,0,0,0,0,0,0,0,1720123584386218100,./Data/pds_Spds_T1_2024-07-04/imgs/56_1720123584386218100.png,0,0,1708787642298,left,acc,-0.608127236366272,-2.169146776199341,9.763554573059082,1669049070448,right,acc,0.181959331035614,-0.8690952062606812,9.742006301879883,-2,-2,-2,-2,-2,-2,-2,-2,-2,-2,-2,-2,-2,-2,-2
1720123584459790600,0,0,0,0,0,0,0,0,0,1720123584419216000,./Data/pds_Spds_T1_2024-07-04/imgs/57_1720123584419216000.png,0,0,1708787642416,left,acc,-0.6057330369949341,-1.9776105880737305,9.454702377319336,1669049070571,right,acc,0.11252748221158981,-0.8571242094039917,9.837775230407715,-2,-2,-2,-2,-2,-2,-2,-2,-2,-2,-2,-2,-2,-2,-2
1720123584493784500,0,0,0,0,0,0,0,0,0,1720123584452753400,./Data/pds_Spds_T1_2024-07-04/imgs/58_1720123584452753400.png,0,0,1708787642518,left,acc,-0.5363011956214905,-2.0829553604125977,9.490615844726562,1669049070609,right,acc,0.16998831927776337,-0.8619126081466675,9.744400978088379,-2,-2,-2,-2,-2,-2,-2,-2,-2,-2,-2,-2,-2,-2,-2
1720123584527756200,0,0,0,0,0,0,0,0,0,1720123584486755300,./Data/pds_Spds_T1_2024-07-04/imgs/59_1720123584486755300.png,0,0,1708787642619,left,acc,-0.6033388376235962,-2.0925323963165283,9.679757118225098,1669049070729,right,acc,0.1364694982767105,-0.8810662031173706,9.806650161743164,-2,-2,-2,-2,-2,-2,-2,-2,-2,-2,-2,-2,-2,-2,-2
1720123584561246100,0,0,0,0,0,0,0,0,0,1720123584519756100,./Data/pds_Spds_T1_2024-07-04/imgs/60_1720123584519756100.png,0,0,1708787642699,left,acc,-0.5003881454467773,-2.118868589401245,9.607931137084961,1669049070810,right,acc,0.15322890877723694,-0.7972691655158997,9.847352027893066,-2,-2,-2,-2,-2,-2,-2,-2,-2,-2,-2,-2,-2,-2,-2
1720123584595266000,0,0,0,0,0,0,0,0,0,1720123584553286700,./Data/pds_Spds_T1_2024-07-04/imgs/61_1720123584553286700.png,0,0,1708787642881,left,acc,-0.5961562395095825,-2.030282974243164,9.521739959716797,1669049070949,right,acc,0.17717093229293823,-0.7565677165985107,9.782708168029785,-2,-2,-2,-2,-2,-2,-2,-2,-2,-2,-2,-2,-2,-2,-2
1720123584629266600,0,0,0,0,0,0,0,0,0,1720123584586246300,./Data/pds_Spds_T1_2024-07-04/imgs/62_1720123584586246300.png,0,0,1708787642959,left,acc,-0.629675030708313,-2.1475989818573,9.643844604492188,1669049071030,right,acc,0.16519992053508759,-0.8762778043746948,9.77791976928711,-2,-2,-2,-2,-2,-2,-2,-2,-2,-2,-2,-2,-2,-2,-2
1720123584662833400,0,0,0,0,0,0,0,0,0,1720123584620279700,./Data/pds_Spds_T1_2024-07-04/imgs/63_1720123584620279700.png,0,0,1708787643102,left,acc,-0.6033388376235962,-2.0159177780151367,9.545681953430176,1669049071212,right,acc,0.1388636976480484,-0.8906430602073669,9.81143856048584,-2,-2,-2,-2,-2,-2,-2,-2,-2,-2,-2,-2,-2,-2,-2
1720123584696857100,0,0,0,0,0,0,0,0,0,1720123584652832900,./Data/pds_Spds_T1_2024-07-04/imgs/64_1720123584652832900.png,0,0,1708787643221,left,acc,-0.608127236366272,-2.2864625453948975,9.6989107131958,1669049071331,right,acc,0.1867477297782898,-0.8451532125473022,9.785101890563965,-2,-2,-2,-2,-2,-2,-2,-2,-2,-2,-2,-2,-2,-2,-2
1720123584730866700,0,0,0,0,0,0,0,0,0,1720123584685833100,./Data/pds_Spds_T1_2024-07-04/imgs/65_1720123584685833100.png,0,0,1708787643383,left,acc,-0.730231523513794,-2.1308395862579346,9.481039047241211,1669049071494,right,acc,0.15083470940589905,-0.8595184087753296,9.816226959228516,-2,-2,-2,-2,-2,-2,-2,-2,-2,-2,-2,-2,-2,-2,-2
1720123584764417800,0,0,0,0,0,0,0,0,0,1720123584719869600,./Data/pds_Spds_T1_2024-07-04/imgs/66_1720123584719869600.png,0,0,1708787643483,left,acc,-0.7015010714530945,-2.1499931812286377,9.667786598205566,1669049071671,right,acc,0.23702596127986908,-0.8523358106613159,9.785101890563965,-2,-2,-2,-2,-2,-2,-2,-2,-2,-2,-2,-2,-2,-2,-2
1720123584798426100,0,0,0,0,0,0,0,0,0,1720123584753419400,./Data/pds_Spds_T1_2024-07-04/imgs/67_1720123584753419400.png,0,0,1708787643663,left,acc,-0.751779317855835,-2.2026655673980713,9.512163162231445,1669049071833,right,acc,0.14604631066322327,-0.8595184087753296,9.801861763000488,-2,-2,-2,-2,-2,-2,-2,-2,-2,-2,-2,-2,-2,-2,-2
1720123584832456300,0,0,0,0,0,0,0,0,0,1720123584786416000,./Data/pds_Spds_T1_2024-07-04/imgs/68_1720123584786416000.png,0,0,1708787643743,left,acc,-0.6967126727104187,-2.1595699787139893,9.581595420837402,1669049071996,right,acc,0.2082955539226532,-0.8810662031173706,9.81143856048584,-2,-2,-2,-2,-2,-2,-2,-2,-2,-2,-2,-2,-2,-2,-2
1720123584866311100,0,0,0,0,0,0,0,0,0,1720123584819416400,./Data/pds_Spds_T1_2024-07-04/imgs/69_1720123584819416400.png,0,0,1708787643822,left,acc,-0.8068459630012512,-2.1284453868865967,9.583989143371582,1669049072093,right,acc,0.17477671802043915,-0.8307880163192749,9.785101890563965,-2,-2,-2,-2,-2,-2,-2,-2,-2,-2,-2,-2,-2,-2,-2
1720123584900343600,0,0,0,0,0,0,0,0,0,1720123584853302900,./Data/pds_Spds_T1_2024-07-04/imgs/70_1720123584853302900.png,0,0,1708787643964,left,acc,-0.7230489253997803,-2.188300371170044,9.576807022094727,1669049071715,right,acc,0.1604115068912506,-0.8906430602073669,9.797073364257812,-2,-2,-2,-2,-2,-2,-2,-2,-2,-2,-2,-2,-2,-2,-2
1720123584934337900,0,0,0,0,0,0,0,0,0,1720123584886299500,./Data/pds_Spds_T1_2024-07-04/imgs/71_1720123584886299500.png,0,0,1708787644103,left,acc,-0.6536170840263367,-2.183511972427368,9.473855972290039,0,0,0,0,0,0,-2,-2,-2,-2,-2,-2,-2,-2,-2,-2,-2,-2,-2,-2,-2
1720123584967848800,0,0,0,0,0,0,0,0,0,1720123584920298200,./Data/pds_Spds_T1_2024-07-04/imgs/72_1720123584920298200.png,0,0,1708787644185,left,acc,-0.7565677165985107,-2.1332337856292725,9.63187313079834,1669049072395,right,acc,0.19153612852096558,-0.811634361743927,9.804255485534668,-2,-2,-2,-2,-2,-2,-2,-2,-2,-2,-2,-2,-2,-2,-2
1720123585002083200,0,0,0,0,0,0,0,0,0,1720123584952814000,./Data/pds_Spds_T1_2024-07-04/imgs/73_1720123584952814000.png,0,0,1708787644264,left,acc,-0.6775590777397156,-2.1308395862579346,9.579200744628906,1669049072517,right,acc,0.1604115068912506,-0.8619126081466675,9.816226959228516,-2,-2,-2,-2,-2,-2,-2,-2,-2,-2,-2,-2,-2,-2,-2
1720123585036090600,0,0,0,0,0,0,0,0,0,1720123584986938400,./Data/pds_Spds_T1_2024-07-04/imgs/74_1720123584986938400.png,0,0,1708787644425,left,acc,-0.6440402865409851,-2.0207061767578125,9.59835433959961,1669049072635,right,acc,0.17717093229293823,-0.849941611289978,9.828198432922363,-2,-2,-2,-2,-2,-2,-2,-2,-2,-2,-2,-2,-2,-2,-2
1720123585069663400,0,0,0,0,0,0,0,0,0,1720123585020048600,./Data/pds_Spds_T1_2024-07-04/imgs/75_1720123585020048600.png,0,0,1708787644545,left,acc,-0.6631938815116882,-2.1116859912872314,9.526528358459473,1669049072757,right,acc,0.14604631066322327,-0.9528923034667969,9.744400978088379,-2,-2,-2,-2,-2,-2,-2,-2,-2,-2,-2,-2,-2,-2,-2
1720123585103644200,0,0,0,0,0,0,0,0,0,1720123585053640500,./Data/pds_Spds_T1_2024-07-04/imgs/76_1720123585053640500.png,0,0,1708787644706,left,acc,-0.751779317855835,-2.1164743900299072,9.634267807006836,1669049072898,right,acc,0.14604631066322327,-0.8547300100326538,9.816226959228516,-2,-2,-2,-2,-2,-2,-2,-2,-2,-2,-2,-2,-2,-2,-2
1720123585137715400,0,0,0,0,0,0,0,0,0,1720123585086676200,./Data/pds_Spds_T1_2024-07-04/imgs/77_1720123585086676200.png,0,0,1708787644845,left,acc,-0.7876923680305481,-2.1284453868865967,9.50737476348877,1669049073057,right,acc,0.20350714027881622,-0.7781155705451965,9.871294021606445,-2,-2,-2,-2,-2,-2,-2,-2,-2,-2,-2,-2,-2,-2,-2
1720123585171275700,0,0,0,0,0,0,0,0,0,1720123585119640800,./Data/pds_Spds_T1_2024-07-04/imgs/78_1720123585119640800.png,0,0,1708787644967,left,acc,-0.6536170840263367,-2.1116859912872314,9.641449928283691,1669049073138,right,acc,0.15801730751991272,-0.9002198576927185,9.816226959228516,-2,-2,-2,-2,-2,-2,-2,-2,-2,-2,-2,-2,-2,-2,-2
1720123585205273100,0,0,0,0,0,0,0,0,0,1720123585153260400,./Data/pds_Spds_T1_2024-07-04/imgs/79_1720123585153260400.png,0,0,1708787645088,left,acc,-0.7948749661445618,-2.0877439975738525,9.593565940856934,1669049073239,right,acc,0.16519992053508759,-0.8451532125473022,9.710882186889648,-2,-2,-2,-2,-2,-2,-2,-2,-2,-2,-2,-2,-2,-2,-2
1720123585239247500,0,0,0,0,0,0,0,0,0,1720123585186241800,./Data/pds_Spds_T1_2024-07-04/imgs/80_1720123585186241800.png,0,0,1708787645150,left,acc,-0.7781155705451965,-2.166752576828003,9.670180320739746,1669049073318,right,acc,0.10055647045373917,-0.8355764150619507,9.744400978088379,-2,-2,-2,-2,-2,-2,-2,-2,-2,-2,-2,-2,-2,-2,-2
1720123585272638200,0,0,0,0,0,0,0,0,0,1720123585219240800,./Data/pds_Spds_T1_2024-07-04/imgs/81_1720123585219240800.png,0,0,1708787645189,left,acc,-0.8092401623725891,-2.078166961669922,9.57441234588623,1669049073399,right,acc,0.14604631066322327,-0.7805097699165344,9.787496566772461,-2,-2,-2,-2,-2,-2,-2,-2,-2,-2,-2,-2,-2,-2,-2
1720123585306636700,0,0,0,0,0,0,0,0,0,1720123585253637800,./Data/pds_Spds_T1_2024-07-04/imgs/82_1720123585253637800.png,0,0,1708787645367,left,acc,-0.768538773059845,-2.075772762298584,9.53849983215332,1669049073540,right,acc,0.15322890877723694,-0.8523358106613159,9.749189376831055,-2,-2,-2,-2,-2,-2,-2,-2,-2,-2,-2,-2,-2,-2,-2
1720123585340644400,0,0,0,0,0,0,0,0,0,1720123585286637800,./Data/pds_Spds_T1_2024-07-04/imgs/83_1720123585286637800.png,0,0,1708787645506,left,acc,-0.8643068075180054,-2.1571757793426514,9.57441234588623,1669049073661,right,acc,0.1843535304069519,-0.8667010068893433,9.797073364257812,-2,-2,-2,-2,-2,-2,-2,-2,-2,-2,-2,-2,-2,-2,-2
1720123585374185400,0,0,0,0,0,0,0,0,0,1720123585319637200,./Data/pds_Spds_T1_2024-07-04/imgs/84_1720123585319637200.png,0,0,1708787645669,left,acc,-0.7948749661445618,-2.1547815799713135,9.555258750915527,1669049073761,right,acc,0.15322890877723694,-0.8762778043746948,9.84495735168457,-2,-2,-2,-2,-2,-2,-2,-2,-2,-2,-2,-2,-2,-2,-2
1720123585408184600,0,0,0,0,0,0,0,0,0,1720123585353185900,./Data/pds_Spds_T1_2024-07-04/imgs/85_1720123585353185900.png,0,0,1708787645869,left,acc,-0.7948749661445618,-2.0638017654418945,9.552865028381348,1669049073846,right,acc,0.16759411990642548,-0.9074024558067322,9.782708168029785,-2,-2,-2,-2,-2,-2,-2,-2,-2,-2,-2,-2,-2,-2,-2
1720123585442258000,0,0,0,0,0,0,0,0,0,1720123585386183200,./Data/pds_Spds_T1_2024-07-04/imgs/86_1720123585386183200.png,0,0,1708787645991,left,acc,-0.811634361743927,-2.1164743900299072,9.545681953430176,1669049074000,right,acc,0.1388636976480484,-0.8930372595787048,9.78989028930664,-2,-2,-2,-2,-2,-2,-2,-2,-2,-2,-2,-2,-2,-2,-2
1720123585475809300,0,0,0,0,0,0,0,0,0,1720123585419183400,./Data/pds_Spds_T1_2024-07-04/imgs/87_1720123585419183400.png,0,0,1708787646072,left,acc,-0.8930372595787048,-2.205059766769409,9.509769439697266,1669049074062,right,acc,0.14604631066322327,-0.8643068075180054,9.821015357971191,-2,-2,-2,-2,-2,-2,-2,-2,-2,-2,-2,-2,-2,-2,-2
1720123585509774200,0,0,0,0,0,0,0,0,0,1720123585452772100,./Data/pds_Spds_T1_2024-07-04/imgs/88_1720123585452772100.png,0,0,1708787646231,left,acc,-0.8212111592292786,-2.164358377456665,9.531316757202148,1669049074201,right,acc,0.1173158809542656,-0.8786720037460327,9.785101890563965,-2,-2,-2,-2,-2,-2,-2,-2,-2,-2,-2,-2,-2,-2,-2
1720123585543836500,0,0,0,0,0,0,0,0,0,1720123585519773000,./Data/pds_Spds_T1_2024-07-04/imgs/90_1720123585519773000.png,0,0,1708787646329,left,acc,-0.8379706144332886,-2.0614075660705566,9.514557838439941,1669049074324,right,acc,0.15801730751991272,-0.8810662031173706,9.806650161743164,-2,-2,-2,-2,-2,-2,-2,-2,-2,-2,-2,-2,-2,-2,-2
1720123585577356500,0,0,0,0,0,0,0,0,0,1720123585553389500,./Data/pds_Spds_T1_2024-07-04/imgs/91_1720123585553389500.png,0,0,1708787646492,left,acc,-0.8451532125473022,-2.10210919380188,9.516951560974121,1669049074464,right,acc,0.11971008777618408,-0.8858546018600464,9.794678688049316,-2,-2,-2,-2,-2,-2,-2,-2,-2,-2,-2,-2,-2,-2,-2
1720123585611370800,0,0,0,0,0,0,0,0,0,1720123585586355900,./Data/pds_Spds_T1_2024-07-04/imgs/92_1720123585586355900.png,0,0,1708787646635,left,acc,-0.8762778043746948,-2.1308395862579346,9.615114212036133,1669049074602,right,acc,0.15562310814857483,-0.8547300100326538,9.773131370544434,-2,-2,-2,-2,-2,-2,-2,-2,-2,-2,-2,-2,-2,-2,-2
1720123585645357200,0,0,0,0,0,0,0,0,0,1720123585619354800,./Data/pds_Spds_T1_2024-07-04/imgs/93_1720123585619354800.png,0,0,1708787646752,left,acc,-0.8571242094039917,-2.145204782485962,9.581595420837402,1669049074725,right,acc,0.11971008777618408,-0.8930372595787048,9.81143856048584,-2,-2,-2,-2,-2,-2,-2,-2,-2,-2,-2,-2,-2,-2,-2
1720123585679637900,0,0,0,0,0,0,0,0,0,1720123585486808400,./Data/pds_Spds_T1_2024-07-04/imgs/89_1720123585486808400.png,0,0,1708787646913,left,acc,-0.8259995579719543,-2.0638017654418945,9.624691009521484,1669049074866,right,acc,0.14604631066322327,-0.912190854549408,9.818621635437012,-2,-2,-2,-2,-2,-2,-2,-2,-2,-2,-2,-2,-2,-2,-2
1720123585713497700,0,0,0,0,0,0,0,0,0,1720123585653866600,./Data/pds_Spds_T1_2024-07-04/imgs/94_1720123585653866600.png,0,0,1708787647032,left,acc,-0.768538773059845,-2.0877439975738525,9.576807022094727,1669049075007,right,acc,0.16519992053508759,-0.7852981686592102,9.837775230407715,-2,-2,-2,-2,-2,-2,-2,-2,-2,-2,-2,-2,-2,-2,-2
1720123585747000400,0,0,0,0,0,0,0,0,0,1720123585690489300,./Data/pds_Spds_T1_2024-07-04/imgs/95_1720123585690489300.png,0,0,1708787647154,left,acc,-0.7565677165985107,-2.126051187515259,9.567230224609375,1669049075128,right,acc,0.1628057211637497,-0.9385270476341248,9.75397777557373,-2,-2,-2,-2,-2,-2,-2,-2,-2,-2,-2,-2,-2,-2,-2
1720123585781015100,0,0,0,0,0,0,0,0,0,1720123585722486700,./Data/pds_Spds_T1_2024-07-04/imgs/96_1720123585722486700.png,0,0,1708787647254,left,acc,-0.7613561153411865,-2.078166961669922,9.550470352172852,1669049075228,right,acc,0.1628057211637497,-0.8475474119186401,9.780313491821289,-2,-2,-2,-2,-2,-2,-2,-2,-2,-2,-2,-2,-2,-2,-2
1720123585817007600,0,0,0,0,0,0,0,0,0,1720123585757040600,./Data/pds_Spds_T1_2024-07-04/imgs/97_1720123585757040600.png,0,0,1708787647299,left,acc,-0.7781155705451965,-2.1380221843719482,9.536105155944824,1669049075267,right,acc,0.12449848651885986,-0.871489405632019,9.832986831665039,-2,-2,-2,-2,-2,-2,-2,-2,-2,-2,-2,-2,-2,-2,-2
1720123585850521200,0,0,0,0,0,0,0,0,0,1720123585803010800,./Data/pds_Spds_T1_2024-07-04/imgs/98_1720123585803010800.png,0,0,1708787647375,left,acc,-0.7948749661445618,-2.070984363555908,9.552865028381348,1669049075367,right,acc,0.1364694982767105,-0.828393816947937,9.763554573059082,-2,-2,-2,-2,-2,-2,-2,-2,-2,-2,-2,-2,-2,-2,-2
1720123585884523000,0,0,0,0,0,0,0,0,0,1720123585838012400,./Data/pds_Spds_T1_2024-07-04/imgs/99_1720123585838012400.png,0,0,1708787647515,left,acc,-0.7015010714530945,-2.078166961669922,9.57201862335205,1669049075487,right,acc,0.13407529890537262,-0.8834604024887085,9.801861763000488,-2,-2,-2,-2,-2,-2,-2,-2,-2,-2,-2,-2,-2,-2,-2
1720123585918521800,0,0,0,0,0,0,0,0,0,1720123585874521400,./Data/pds_Spds_T1_2024-07-04/imgs/100_1720123585874521400.png,0,0,1708787647656,left,acc,-0.7493851184844971,-2.1140801906585693,9.583989143371582,1669049075567,right,acc,0.10773907601833344,-0.8547300100326538,9.828198432922363,-2,-2,-2,-2,-2,-2,-2,-2,-2,-2,-2,-2,-2,-2,-2
1720123585952036600,0,0,0,0,0,0,0,0,0,1720123583553490300,./Data/pds_Spds_T1_2024-07-04/imgs/31_1720123583553490300.png,0,0,1708787647773,left,acc,-0.7541735172271729,-2.0374655723571777,9.603142738342285,1669049075667,right,acc,0.14604631066322327,-0.8523358106613159,9.823410034179688,-2,-2,-2,-2,-2,-2,-2,-2,-2,-2,-2,-2,-2,-2,-2
1720123585986035600,0,0,0,0,0,0,0,0,0,1720123582840058400,./Data/pds_Spds_T1_2024-07-04/imgs/9_1720123582840058400.png,0,0,1708787647913,left,acc,-0.8044517636299133,-2.0422539710998535,9.59596061706543,1669049075831,right,acc,0.17717093229293823,-0.7996633648872375,9.794678688049316,-2,-2,-2,-2,-2,-2,-2,-2,-2,-2,-2,-2,-2,-2,-2
1720123586020070200,0,0,0,0,0,0,0,0,0,0,0,0,0,1708787648077,left,acc,-0.8379706144332886,-2.1092917919158936,9.622296333312988,1669049075968,right,acc,0.19153612852096558,-0.8044517636299133,9.742006301879883,-2,-2,-2,-2,-2,-2,-2,-2,-2,-2,-2,-2,-2,-2,-2
1720123586054241100,0,0,0,0,0,0,0,0,0,0,0,0,0,1708787648222,left,acc,-0.7805097699165344,-2.1092917919158936,9.607931137084961,1669049076069,right,acc,0.20111294090747833,-0.7445967197418213,9.765948295593262,-2,-2,-2,-2,-2,-2,-2,-2,-2,-2,-2,-2,-2,-2,-2
1720123586088241000,0,0,0,0,0,0,0,0,0,0,0,0,0,1708787648358,left,acc,-0.8690952062606812,-2.0685901641845703,9.5408935546875,1669049076211,right,acc,0.15322890877723694,-0.8571242094039917,9.78989028930664,-2,-2,-2,-2,-2,-2,-2,-2,-2,-2,-2,-2,-2,-2,-2
1720123586122202500,0,0,0,0,0,0,0,0,0,0,0,0,0,1708787648517,left,acc,-0.8810662031173706,-2.1715409755706787,9.548076629638672,1669049076371,right,acc,0.17238251864910126,-0.9026140570640564,9.823410034179688,-2,-2,-2,-2,-2,-2,-2,-2,-2,-2,-2,-2,-2,-2,-2
1720123586155730000,0,0,0,0,0,0,0,0,0,0,0,0,0,1708787648678,left,acc,-0.8379706144332886,-2.1595699787139893,9.583989143371582,1669049076493,right,acc,0.13407529890537262,-0.8667010068893433,9.821015357971191,-2,-2,-2,-2,-2,-2,-2,-2,-2,-2,-2,-2,-2,-2,-2
1720123586189761100,0,0,0,0,0,0,0,0,0,0,0,0,0,1708787648801,left,acc,-0.8619126081466675,-2.073378562927246,9.526528358459473,1669049076634,right,acc,0.22744916379451752,-0.811634361743927,9.78989028930664,-2,-2,-2,-2,-2,-2,-2,-2,-2,-2,-2,-2,-2,-2,-2
1720123586223726300,0,0,0,0,0,0,0,0,0,0,0,0,0,1708787648960,left,acc,-0.8834604024887085,-2.169146776199341,9.548076629638672,1669049076751,right,acc,0.2106897532939911,-0.8092401623725891,9.816226959228516,-2,-2,-2,-2,-2,-2,-2,-2,-2,-2,-2,-2,-2,-2,-2
1720123586257847400,0,0,0,0,0,0,0,0,0,0,0,0,0,1708787649122,left,acc,-0.9433154463768005,-2.0877439975738525,9.543288230895996,1669049076874,right,acc,0.12928688526153564,-0.8786720037460327,9.775525093078613,-2,-2,-2,-2,-2,-2,-2,-2,-2,-2,-2,-2,-2,-2,-2
1720123586291846400,0,0,0,0,0,0,0,0,0,0,0,0,0,1708787649245,left,acc,-0.8906430602073669,-2.2385785579681396,9.519346237182617,1669049076995,right,acc,0.15562310814857483,-0.8403648138046265,9.780313491821289,-2,-2,-2,-2,-2,-2,-2,-2,-2,-2,-2,-2,-2,-2,-2
1720123586325845600,0,0,0,0,0,0,0,0,0,0,0,0,0,1708787649403,left,acc,-0.8786720037460327,-2.1045033931732178,9.555258750915527,1669049077115,right,acc,0.15562310814857483,-0.9361328482627869,9.787496566772461,-2,-2,-2,-2,-2,-2,-2,-2,-2,-2,-2,-2,-2,-2,-2
1720123586359799900,0,0,0,0,0,0,0,0,0,0,0,0,0,1708787649562,left,acc,-0.7733271718025208,-2.1763293743133545,9.557653427124023,1669049077276,right,acc,0.20111294090747833,-0.8475474119186401,9.830592155456543,-2,-2,-2,-2,-2,-2,-2,-2,-2,-2,-2,-2,-2,-2,-2
1720123586393798900,0,0,0,0,0,0,0,0,0,0,0,0,0,1708787649683,left,acc,-0.8906430602073669,-2.298433542251587,9.466673851013184,1669049077378,right,acc,0.181959331035614,-0.8810662031173706,9.787496566772461,-2,-2,-2,-2,-2,-2,-2,-2,-2,-2,-2,-2,-2,-2,-2
1720123586427806700,0,0,0,0,0,0,0,0,0,0,0,0,0,1708787649823,left,acc,-0.8547300100326538,-2.3367409706115723,9.519346237182617,1669049077536,right,acc,0.1412578970193863,-0.8475474119186401,9.818621635437012,-2,-2,-2,-2,-2,-2,-2,-2,-2,-2,-2,-2,-2,-2,-2
1720123586461342300,0,0,0,0,0,0,0,0,0,0,0,0,0,1708787649984,left,acc,-0.9241618514060974,-2.382230758666992,9.459490776062012,1669049077660,right,acc,0.090979665517807,-0.8738836050033569,9.780313491821289,-2,-2,-2,-2,-2,-2,-2,-2,-2,-2,-2,-2,-2,-2,-2
1720123586495302900,0,0,0,0,0,0,0,0,0,0,0,0,0,1708787650105,left,acc,-0.8738836050033569,-2.43011474609375,9.526528358459473,1669049077778,right,acc,0.20350714027881622,-0.7613561153411865,9.799467086791992,-2,-2,-2,-2,-2,-2,-2,-2,-2,-2,-2,-2,-2,-2,-2
1720123586529304100,0,0,0,0,0,0,0,0,0,0,0,0,0,1708787650184,left,acc,-0.9217676520347595,-2.360682964324951,9.495404243469238,1669049077877,right,acc,0.15322890877723694,-0.871489405632019,9.830592155456543,-2,-2,-2,-2,-2,-2,-2,-2,-2,-2,-2,-2,-2,-2,-2
1720123586563189300,0,0,0,0,0,0,0,0,0,0,0,0,0,1708787650268,left,acc,-0.8547300100326538,-2.4372973442077637,9.476250648498535,1669049077957,right,acc,0.24181437492370605,-0.8164227604866028,9.835380554199219,-2,-2,-2,-2,-2,-2,-2,-2,-2,-2,-2,-2,-2,-2,-2
1720123586597196100,0,0,0,0,0,0,0,0,0,0,0,0,0,1708787650425,left,acc,-0.9050082564353943,-2.346317768096924,9.524134635925293,1669049078059,right,acc,0.23942017555236816,-0.8810662031173706,9.854534149169922,-2,-2,-2,-2,-2,-2,-2,-2,-2,-2,-2,-2,-2,-2,-2
1720123586631188600,0,0,0,0,0,0,0,0,0,0,0,0,0,1708787650606,left,acc,-0.871489405632019,-2.427720546722412,9.485827445983887,1669049078240,right,acc,0.15801730751991272,-0.8523358106613159,9.828198432922363,-2,-2,-2,-2,-2,-2,-2,-2,-2,-2,-2,-2,-2,-2,-2
1720123586664754700,0,0,0,0,0,0,0,0,0,0,0,0,0,1708787650707,left,acc,-0.9864110946655273,-2.3702597618103027,9.555258750915527,1669049078341,right,acc,0.2106897532939911,-0.828393816947937,9.830592155456543,-2,-2,-2,-2,-2,-2,-2,-2,-2,-2,-2,-2,-2,-2,-2
1720123586698716500,0,0,0,0,0,0,0,0,0,0,0,0,0,1708787650827,left,acc,-0.8212111592292786,-2.456450939178467,9.478644371032715,1669049078418,right,acc,0.181959331035614,-0.871489405632019,9.830592155456543,-2,-2,-2,-2,-2,-2,-2,-2,-2,-2,-2,-2,-2,-2,-2
1720123586732721900,0,0,0,0,0,0,0,0,0,0,0,0,0,1708787650987,left,acc,-0.9552865028381348,-2.4229321479797363,9.490615844726562,1669049078581,right,acc,0.1867477297782898,-0.8236053586006165,9.780313491821289,-2,-2,-2,-2,-2,-2,-2,-2,-2,-2,-2,-2,-2,-2,-2
1720123586766236500,0,0,0,0,0,0,0,0,0,0,0,0,0,1708787651108,left,acc,-0.9552865028381348,-2.4229321479797363,9.488221168518066,1669049078719,right,acc,0.1604115068912506,-0.8451532125473022,9.782708168029785,-2,-2,-2,-2,-2,-2,-2,-2,-2,-2,-2,-2,-2,-2,-2
1720123586800237600,0,0,0,0,0,0,0,0,0,0,0,0,0,1708787651268,left,acc,-0.8738836050033569,-2.5019407272338867,9.469067573547363,1669049078820,right,acc,0.15801730751991272,-0.9097966551780701,9.797073364257812,-2,-2,-2,-2,-2,-2,-2,-2,-2,-2,-2,-2,-2,-2,-2
1720123586834240900,0,0,0,0,0,0,0,0,0,0,0,0,0,1708787651388,left,acc,-0.8259995579719543,-2.3511061668395996,9.44991397857666,1669049078944,right,acc,0.15562310814857483,-0.8786720037460327,9.806650161743164,-2,-2,-2,-2,-2,-2,-2,-2,-2,-2,-2,-2,-2,-2,-2
1720123586867799600,0,0,0,0,0,0,0,0,0,0,0,0,0,1708787651509,left,acc,-0.9002198576927185,-2.389413356781006,9.473855972290039,1669049079120,right,acc,0.16998831927776337,-0.8786720037460327,9.775525093078613,-2,-2,-2,-2,-2,-2,-2,-2,-2,-2,-2,-2,-2,-2,-2
1720123586901837300,0,0,0,0,0,0,0,0,0,0,0,0,0,1708787651627,left,acc,-0.9074024558067322,-2.4468741416931152,9.488221168518066,1669049079200,right,acc,0.1364694982767105,-0.8882488012313843,9.801861763000488,-2,-2,-2,-2,-2,-2,-2,-2,-2,-2,-2,-2,-2,-2,-2
1720123586935803900,0,0,0,0,0,0,0,0,0,0,0,0,0,1708787651788,left,acc,-0.9313444495201111,-2.3535003662109375,9.41400146484375,1669049079345,right,acc,0.17717093229293823,-0.8403648138046265,9.725247383117676,-2,-2,-2,-2,-2,-2,-2,-2,-2,-2,-2,-2,-2,-2,-2
1720123586969345300,0,0,0,0,0,0,0,0,0,0,0,0,0,1708787651910,left,acc,-0.9696516990661621,-2.389413356781006,9.466673851013184,1669049079502,right,acc,0.0933738648891449,-0.9026140570640564,9.80904483795166,-2,-2,-2,-2,-2,-2,-2,-2,-2,-2,-2,-2,-2,-2,-2
1720123587003355100,0,0,0,0,0,0,0,0,0,0,0,0,0,1708787652071,left,acc,-0.8882488012313843,-2.4468741416931152,9.454702377319336,1669049079625,right,acc,0.1628057211637497,-0.8379706144332886,9.770736694335938,-2,-2,-2,-2,-2,-2,-2,-2,-2,-2,-2,-2,-2,-2,-2
1720123587037385800,0,0,0,0,0,0,0,0,0,0,0,0,0,1708787652231,left,acc,-0.9457096457481384,-2.3774423599243164,9.516951560974121,1669049079748,right,acc,0.12928688526153564,-0.8331822156906128,9.837775230407715,-2,-2,-2,-2,-2,-2,-2,-2,-2,-2,-2,-2,-2,-2,-2
1720123587071631200,0,0,0,0,0,0,0,0,0,0,0,0,0,1708787652392,left,acc,-0.8906430602073669,-2.4444799423217773,9.454702377319336,1669049079884,right,acc,0.2322375625371933,-0.8236053586006165,9.821015357971191,-2,-2,-2,-2,-2,-2,-2,-2,-2,-2,-2,-2,-2,-2,-2
1720123587105620100,0,0,0,0,0,0,0,0,0,0,0,0,0,1708787652552,left,acc,-0.9457096457481384,-2.4229321479797363,9.440337181091309,1669049080006,right,acc,0.1867477297782898,-0.8547300100326538,9.818621635437012,-2,-2,-2,-2,-2,-2,-2,-2,-2,-2,-2,-2,-2,-2,-2
1720123587139647400,0,0,0,0,0,0,0,0,0,0,0,0,0,1708787652652,left,acc,-1.039083480834961,-2.4660277366638184,9.536105155944824,1669049080148,right,acc,0.19153612852096558,-0.8786720037460327,9.821015357971191,-2,-2,-2,-2,-2,-2,-2,-2,-2,-2,-2,-2,-2,-2,-2
1720123587173202900,0,0,0,0,0,0,0,0,0,0,0,0,0,1708787647873,left,acc,-0.706289529800415,-2.1092917919158936,9.545681953430176,1669049079381,right,acc,0.15562310814857483,-0.8858546018600464,9.835380554199219,-2,-2,-2,-2,-2,-2,-2,-2,-2,-2,-2,-2,-2,-2,-2
1720123587207199700,0,0,0,0,0,0,0,0,0,0,0,0,0,1708787652893,left,acc,-0.9265560507774353,-2.346317768096924,9.488221168518066,1669049080366,right,acc,0.12689268589019775,-0.8738836050033569,9.840168952941895,-2,-2,-2,-2,-2,-2,-2,-2,-2,-2,-2,-2,-2,-2,-2
1720123587241205700,0,0,0,0,0,0,0,0,0,0,0,0,0,1708787653011,left,acc,-0.9576807022094727,-2.47560453414917,9.48343276977539,1669049080486,right,acc,0.19393034279346466,-0.8930372595787048,9.792284965515137,-2,-2,-2,-2,-2,-2,-2,-2,-2,-2,-2,-2,-2,-2,-2
1720123587274714800,0,0,0,0,0,0,0,0,0,0,0,0,0,1708787653254,left,acc,-0.9624691009521484,-2.434903144836426,9.454702377319336,1669049080666,right,acc,0.1388636976480484,-0.8212111592292786,9.828198432922363,-2,-2,-2,-2,-2,-2,-2,-2,-2,-2,-2,-2,-2,-2,-2
1720123587308753000,0,0,0,0,0,0,0,0,0,0,0,0,0,1708787653416,left,acc,-0.9768342971801758,-2.3343467712402344,9.524134635925293,1669049080749,right,acc,0.1364694982767105,-0.9552865028381348,9.773131370544434,-2,-2,-2,-2,-2,-2,-2,-2,-2,-2,-2,-2,-2,-2,-2
1720123587342722000,0,0,0,0,0,0,0,0,0,0,0,0,0,1708787653595,left,acc,-0.9457096457481384,-2.387019157409668,9.459490776062012,1669049080914,right,acc,0.1867477297782898,-0.8978256583213806,9.818621635437012,-2,-2,-2,-2,-2,-2,-2,-2,-2,-2,-2,-2,-2,-2,-2
1720123587377033600,0,0,0,0,0,0,0,0,0,0,0,0,0,1708787653795,left,acc,-0.9193734526634216,-2.4205379486083984,9.48343276977539,1669049081051,right,acc,0.1388636976480484,-0.849941611289978,9.78989028930664,-2,-2,-2,-2,-2,-2,-2,-2,-2,-2,-2,-2,-2,-2,-2
1720123587411032400,0,0,0,0,0,0,0,0,0,0,0,0,0,1708787653957,left,acc,-0.8643068075180054,-2.3989901542663574,9.519346237182617,1669049081150,right,acc,0.1628057211637497,-0.9074024558067322,9.785101890563965,-2,-2,-2,-2,-2,-2,-2,-2,-2,-2,-2,-2,-2,-2,-2
1720123587445041500,0,0,0,0,0,0,0,0,0,0,0,0,0,1708787654077,left,acc,-0.9457096457481384,-2.4420857429504395,9.502586364746094,1669049081250,right,acc,0.15801730751991272,-0.8188169598579407,9.78989028930664,-2,-2,-2,-2,-2,-2,-2,-2,-2,-2,-2,-2,-2,-2,-2
1720123587478551600,0,0,0,0,0,0,0,0,0,0,0,0,0,1708787654218,left,acc,-0.9026140570640564,-2.425326347351074,9.548076629638672,1669049081412,right,acc,0.1364694982767105,-0.9433154463768005,9.821015357971191,-2,-2,-2,-2,-2,-2,-2,-2,-2,-2,-2,-2,-2,-2,-2
1720123587512549500,0,0,0,0,0,0,0,0,0,0,0,0,0,1708787654340,left,acc,-0.9624691009521484,-2.3247697353363037,9.502586364746094,1669049081492,right,acc,0.16998831927776337,-0.811634361743927,9.765948295593262,-2,-2,-2,-2,-2,-2,-2,-2,-2,-2,-2,-2,-2,-2,-2
1720123587546556000,0,0,0,0,0,0,0,0,0,0,0,0,0,1708787654458,left,acc,-1.0055646896362305,-2.387019157409668,9.469067573547363,1669049081574,right,acc,0.15322890877723694,-0.8834604024887085,9.818621635437012,-2,-2,-2,-2,-2,-2,-2,-2,-2,-2,-2,-2,-2,-2,-2
1720123587580080800,0,0,0,0,0,0,0,0,0,0,0,0,0,1708787654620,left,acc,-1.0438719987869263,-2.3127987384796143,9.5408935546875,1669049081733,right,acc,0.17477671802043915,-0.8667010068893433,9.849745750427246,-2,-2,-2,-2,-2,-2,-2,-2,-2,-2,-2,-2,-2,-2,-2
1720123587614080600,0,0,0,0,0,0,0,0,0,0,0,0,0,1708787654698,left,acc,-0.9409212470054626,-2.403778553009033,9.497797966003418,1669049081814,right,acc,0.19393034279346466,-0.8547300100326538,9.78989028930664,-2,-2,-2,-2,-2,-2,-2,-2,-2,-2,-2,-2,-2,-2,-2
1720123587648119300,0,0,0,0,0,0,0,0,0,0,0,0,0,1708787654860,left,acc,-0.9193734526634216,-2.3558945655822754,9.48343276977539,1669049081932,right,acc,0.16759411990642548,-0.8092401623725891,9.732429504394531,-2,-2,-2,-2,-2,-2,-2,-2,-2,-2,-2,-2,-2,-2,-2
1720123587682207000,0,0,0,0,0,0,0,0,0,0,0,0,0,1708787654980,left,acc,-1.0055646896362305,-2.3367409706115723,9.495404243469238,1669049082054,right,acc,0.1412578970193863,-0.8978256583213806,9.792284965515137,-2,-2,-2,-2,-2,-2,-2,-2,-2,-2,-2,-2,-2,-2,-2
1720123587716207300,0,0,0,0,0,0,0,0,0,0,0,0,0,1708787655141,left,acc,-0.9169792532920837,-2.33913516998291,9.564835548400879,1669049082174,right,acc,0.20350714027881622,-0.8595184087753296,9.770736694335938,-2,-2,-2,-2,-2,-2,-2,-2,-2,-2,-2,-2,-2,-2,-2
1720123587750524000,0,0,0,0,0,0,0,0,0,0,0,0,0,1708787655261,left,acc,-0.9864110946655273,-2.3965959548950195,9.445125579833984,1669049082334,right,acc,0.13407529890537262,-0.8547300100326538,9.828198432922363,-2,-2,-2,-2,-2,-2,-2,-2,-2,-2,-2,-2,-2,-2,-2
1720123587784526000,0,0,0,0,0,0,0,0,0,0,0,0,0,1708787655423,left,acc,-1.0031704902648926,-2.410961151123047,9.457097053527832,1669049082476,right,acc,0.20111294090747833,-0.7781155705451965,9.86650562286377,-2,-2,-2,-2,-2,-2,-2,-2,-2,-2,-2,-2,-2,-2,-2
1720123587818532200,0,0,0,0,0,0,0,0,0,0,0,0,0,1708787655582,left,acc,-1.0031704902648926,-2.367865562438965,9.445125579833984,1669049082616,right,acc,0.15322890877723694,-0.8403648138046265,9.825803756713867,-2,-2,-2,-2,-2,-2,-2,-2,-2,-2,-2,-2,-2,-2,-2
1720123587852111300,0,0,0,0,0,0,0,0,0,0,0,0,0,1708787655702,left,acc,-0.9528923034667969,-2.38462495803833,9.509769439697266,1669049082735,right,acc,0.17717093229293823,-0.8331822156906128,9.835380554199219,-2,-2,-2,-2,-2,-2,-2,-2,-2,-2,-2,-2,-2,-2,-2
1720123587885850100,0,0,0,0,0,0,0,0,0,0,0,0,0,1708787655863,left,acc,-0.9576807022094727,-2.360682964324951,9.433155059814453,1669049082860,right,acc,0.16998831927776337,-0.849941611289978,9.828198432922363,-2,-2,-2,-2,-2,-2,-2,-2,-2,-2,-2,-2,-2,-2,-2
1720123587919849600,0,0,0,0,0,0,0,0,0,0,0,0,0,1708787655944,left,acc,-0.9959878921508789,-2.4013843536376953,9.528923034667969,1669049082935,right,acc,0.16519992053508759,-0.8236053586006165,9.80904483795166,-2,-2,-2,-2,-2,-2,-2,-2,-2,-2,-2,-2,-2,-2,-2
1720123587953510300,0,0,0,0,0,0,0,0,0,0,0,0,0,1708787655903,left,acc,-0.9169792532920837,-2.410961151123047,9.459490776062012,1669049082898,right,acc,0.11013327538967133,-0.8475474119186401,9.787496566772461,-2,-2,-2,-2,-2,-2,-2,-2,-2,-2,-2,-2,-2,-2,-2
1720123587987504000,0,0,0,0,0,0,0,0,0,0,0,0,0,1708787655983,left,acc,-1.0079588890075684,-2.389413356781006,9.50498104095459,1669049082817,right,acc,0.11971008777618408,-0.8906430602073669,9.794678688049316,-2,-2,-2,-2,-2,-2,-2,-2,-2,-2,-2,-2,-2,-2,-2
1720123588021505800,0,0,0,0,0,0,0,0,0,0,0,0,0,1708787655824,left,acc,-1.05105459690094,-2.3774423599243164,9.440337181091309,1669049082777,right,acc,0.13407529890537262,-0.8379706144332886,9.785101890563965,-2,-2,-2,-2,-2,-2,-2,-2,-2,-2,-2,-2,-2,-2,-2
1720123588055123500,0,0,0,0,0,0,0,0,0,0,0,0,0,1708787655783,left,acc,-0.9600749015808105,-2.403778553009033,9.500192642211914,1669049082697,right,acc,0.1388636976480484,-0.8571242094039917,9.770736694335938,-2,-2,-2,-2,-2,-2,-2,-2,-2,-2,-2,-2,-2,-2,-2
1720123588089138700,0,0,0,0,0,0,0,0,0,0,0,0,0,1708787655743,left,acc,-0.9888052940368652,-2.410961151123047,9.493009567260742,1669049082656,right,acc,0.1364694982767105,-0.7924807667732239,9.828198432922363,-2,-2,-2,-2,-2,-2,-2,-2,-2,-2,-2,-2,-2,-2,-2
1720123588123121100,0,0,0,0,0,0,0,0,0,0,0,0,0,1708787656084,left,acc,-0.9768342971801758,-2.3295583724975586,9.564835548400879,1669049082576,right,acc,0.1604115068912506,-0.8331822156906128,9.792284965515137,-2,-2,-2,-2,-2,-2,-2,-2,-2,-2,-2,-2,-2,-2,-2
1720123588156676600,0,0,0,0,0,0,0,0,0,0,0,0,0,1708787656225,left,acc,-0.9624691009521484,-2.425326347351074,9.47146224975586,1669049082534,right,acc,0.17477671802043915,-0.8571242094039917,9.768342971801758,-2,-2,-2,-2,-2,-2,-2,-2,-2,-2,-2,-2,-2,-2,-2
1720123588190678200,0,0,0,0,0,0,0,0,0,0,0,0,0,1708787656345,left,acc,-0.9720458984375,-2.3558945655822754,9.519346237182617,1669049082497,right,acc,0.1843535304069519,-0.8475474119186401,9.794678688049316,-2,-2,-2,-2,-2,-2,-2,-2,-2,-2,-2,-2,-2,-2,-2
1720123588224676200,0,0,0,0,0,0,0,0,0,0,0,0,0,1708787656506,left,acc,-0.9289502501487732,-2.3032219409942627,9.526528358459473,1669049082414,right,acc,0.15801730751991272,-0.9074024558067322,9.885659217834473,-2,-2,-2,-2,-2,-2,-2,-2,-2,-2,-2,-2,-2,-2,-2
1720123588258740100,0,0,0,0,0,0,0,0,0,0,0,0,0,1708787656665,left,acc,-0.9816226959228516,-2.296039342880249,9.493009567260742,1669049082376,right,acc,0.16759411990642548,-0.9193734526634216,9.761159896850586,-2,-2,-2,-2,-2,-2,-2,-2,-2,-2,-2,-2,-2,-2,-2
1720123588292740400,0,0,0,0,0,0,0,0,0,0,0,0,0,1708787656786,left,acc,-0.9792284965515137,-2.410961151123047,9.536105155944824,1669049082295,right,acc,0.14844051003456116,-0.8667010068893433,9.794678688049316,-2,-2,-2,-2,-2,-2,-2,-2,-2,-2,-2,-2,-2,-2,-2
1720123588326741200,0,0,0,0,0,0,0,0,0,0,0,0,0,1708787656947,left,acc,-0.933738648891449,-2.382230758666992,9.485827445983887,1669049082980,right,acc,0.15083470940589905,-0.8595184087753296,9.837775230407715,-2,-2,-2,-2,-2,-2,-2,-2,-2,-2,-2,-2,-2,-2,-2
1720123588360328000,0,0,0,0,0,0,0,0,0,0,0,0,0,1708787657067,left,acc,-0.8834604024887085,-2.2649147510528564,9.560047149658203,1669049083117,right,acc,0.181959331035614,-0.8403648138046265,9.835380554199219,-2,-2,-2,-2,-2,-2,-2,-2,-2,-2,-2,-2,-2,-2,-2
1720123588393838800,0,0,0,0,0,0,0,0,0,0,0,0,0,1708787657188,left,acc,-0.9193734526634216,-2.499546527862549,9.516951560974121,1669049083237,right,acc,0.16998831927776337,-0.9026140570640564,9.86889934539795,-2,-2,-2,-2,-2,-2,-2,-2,-2,-2,-2,-2,-2,-2,-2
1720123588427894800,0,0,0,0,0,0,0,0,0,0,0,0,0,1708787657349,left,acc,-0.9648633003234863,-2.3295583724975586,9.490615844726562,1669049083360,right,acc,0.2106897532939911,-0.8978256583213806,9.799467086791992,-2,-2,-2,-2,-2,-2,-2,-2,-2,-2,-2,-2,-2,-2,-2
1720123588461501000,0,0,0,0,0,0,0,0,0,0,0,0,0,1708787657489,left,acc,-0.9576807022094727,-2.3535003662109375,9.516951560974121,1669049083498,right,acc,0.1364694982767105,-0.8547300100326538,9.888052940368652,-2,-2,-2,-2,-2,-2,-2,-2,-2,-2,-2,-2,-2,-2,-2
1720123588495466600,0,0,0,0,0,0,0,0,0,0,0,0,0,1708787657649,left,acc,-0.9050082564353943,-2.3702597618103027,9.490615844726562,1669049083618,right,acc,0.1843535304069519,-0.8858546018600464,9.806650161743164,-2,-2,-2,-2,-2,-2,-2,-2,-2,-2,-2,-2,-2,-2,-2
1720123588529467300,0,0,0,0,0,0,0,0,0,0,0,0,0,1708787657770,left,acc,-0.9816226959228516,-2.38462495803833,9.469067573547363,1669049083782,right,acc,0.12689268589019775,-0.8259995579719543,9.806650161743164,-2,-2,-2,-2,-2,-2,-2,-2,-2,-2,-2,-2,-2,-2,-2
1720123588562979100,0,0,0,0,0,0,0,0,0,0,0,0,0,1708787657932,left,acc,-0.9792284965515137,-2.403778553009033,9.48343276977539,1669049083900,right,acc,0.17238251864910126,-0.8810662031173706,9.77791976928711,-2,-2,-2,-2,-2,-2,-2,-2,-2,-2,-2,-2,-2,-2,-2
1720123588597019500,0,0,0,0,0,0,0,0,0,0,0,0,0,1708787658053,left,acc,-0.9576807022094727,-2.3798365592956543,9.435548782348633,1669049083985,right,acc,0.16519992053508759,-0.8738836050033569,9.765948295593262,-2,-2,-2,-2,-2,-2,-2,-2,-2,-2,-2,-2,-2,-2,-2
1720123588630979700,0,0,0,0,0,0,0,0,0,0,0,0,0,1708787658132,left,acc,-0.9888052940368652,-2.4133553504943848,9.481039047241211,1669049084064,right,acc,0.10773907601833344,-0.8882488012313843,9.799467086791992,-2,-2,-2,-2,-2,-2,-2,-2,-2,-2,-2,-2,-2,-2,-2
1720123588665080600,0,0,0,0,0,0,0,0,0,0,0,0,0,1708787658290,left,acc,-0.993593692779541,-2.382230758666992,9.495404243469238,1669049084201,right,acc,0.16519992053508759,-0.8762778043746948,9.816226959228516,-2,-2,-2,-2,-2,-2,-2,-2,-2,-2,-2,-2,-2,-2,-2
1720123588699065600,0,0,0,0,0,0,0,0,0,0,0,0,0,1708787658356,left,acc,-0.9313444495201111,-2.346317768096924,9.476250648498535,1669049084322,right,acc,0.16759411990642548,-0.8236053586006165,9.828198432922363,-2,-2,-2,-2,-2,-2,-2,-2,-2,-2,-2,-2,-2,-2,-2
1720123588733064200,0,0,0,0,0,0,0,0,0,0,0,0,0,1708787658512,left,acc,-0.993593692779541,-2.3343467712402344,9.464279174804688,1669049084464,right,acc,0.16519992053508759,-0.8930372595787048,9.749189376831055,-2,-2,-2,-2,-2,-2,-2,-2,-2,-2,-2,-2,-2,-2,-2
1720123588766617900,0,0,0,0,0,0,0,0,0,0,0,0,0,1708787658653,left,acc,-0.9624691009521484,-2.3104045391082764,9.5408935546875,1669049084583,right,acc,0.15801730751991272,-0.8475474119186401,9.86650562286377,-2,-2,-2,-2,-2,-2,-2,-2,-2,-2,-2,-2,-2,-2,-2
1720123588800616700,0,0,0,0,0,0,0,0,0,0,0,0,0,1708787658793,left,acc,-0.9768342971801758,-2.2577321529388428,9.502586364746094,1669049084703,right,acc,0.1388636976480484,-0.8212111592292786,9.801861763000488,-2,-2,-2,-2,-2,-2,-2,-2,-2,-2,-2,-2,-2,-2,-2
1720123588834738000,0,0,0,0,0,0,0,0,0,0,0,0,0,1708787658954,left,acc,-0.9576807022094727,-2.360682964324951,9.485827445983887,1669049084825,right,acc,0.1604115068912506,-0.8092401623725891,9.75397777557373,-2,-2,-2,-2,-2,-2,-2,-2,-2,-2,-2,-2,-2,-2,-2
1720123588868245200,0,0,0,0,0,0,0,0,0,0,0,0,0,1708787659077,left,acc,-1.0127472877502441,-2.4157495498657227,9.543288230895996,1669049084945,right,acc,0.1412578970193863,-0.8930372595787048,9.816226959228516,-2,-2,-2,-2,-2,-2,-2,-2,-2,-2,-2,-2,-2,-2,-2
1720123588902245200,0,0,0,0,0,0,0,0,0,0,0,0,0,1708787659236,left,acc,-1.0079588890075684,-2.3989901542663574,9.461885452270508,1669049085084,right,acc,0.22744916379451752,-0.8547300100326538,9.818621635437012,-2,-2,-2,-2,-2,-2,-2,-2,-2,-2,-2,-2,-2,-2,-2
1720123588936251000,0,0,0,0,0,0,0,0,0,0,0,0,0,1708787659395,left,acc,-0.9241618514060974,-2.4803929328918457,9.512163162231445,1669049085226,right,acc,0.11013327538967133,-0.828393816947937,9.828198432922363,-2,-2,-2,-2,-2,-2,-2,-2,-2,-2,-2,-2,-2,-2,-2
1720123588970334300,0,0,0,0,0,0,0,0,0,0,0,0,0,1708787659516,left,acc,-1.048660397529602,-2.341529369354248,9.497797966003418,1669049085326,right,acc,0.19871874153614044,-0.8403648138046265,9.804255485534668,-2,-2,-2,-2,-2,-2,-2,-2,-2,-2,-2,-2,-2,-2,-2
1720123589004332100,0,0,0,0,0,0,0,0,0,0,0,0,0,1708787659638,left,acc,-1.0438719987869263,-2.360682964324951,9.466673851013184,1669049085485,right,acc,0.14844051003456116,-0.7876923680305481,9.78989028930664,-2,-2,-2,-2,-2,-2,-2,-2,-2,-2,-2,-2,-2,-2,-2
1720123589038370100,0,0,0,0,0,0,0,0,0,0,0,0,0,1708787659796,left,acc,-0.9816226959228516,-2.38462495803833,9.500192642211914,1669049085608,right,acc,0.19871874153614044,-0.8427590131759644,9.840168952941895,-2,-2,-2,-2,-2,-2,-2,-2,-2,-2,-2,-2,-2,-2,-2
1720123589072964200,0,0,0,0,0,0,0,0,0,0,0,0,0,1708787659897,left,acc,-0.9361328482627869,-2.3774423599243164,9.59596061706543,1669049085770,right,acc,0.17717093229293823,-0.8307880163192749,9.825803756713867,-2,-2,-2,-2,-2,-2,-2,-2,-2,-2,-2,-2,-2,-2,-2
1720123589106366700,0,0,0,0,0,0,0,0,0,0,0,0,0,1708787660039,left,acc,-0.7254431247711182,-2.4899697303771973,9.744400978088379,1669049085887,right,acc,0.13407529890537262,-0.8547300100326538,9.840168952941895,-2,-2,-2,-2,-2,-2,-2,-2,-2,-2,-2,-2,-2,-2,-2
1720123589140455900,0,0,0,0,0,0,0,0,0,0,0,0,0,1708787660203,left,acc,-0.4644751250743866,-1.4269442558288574,9.26795482635498,1669049086049,right,acc,0.1604115068912506,-0.8451532125473022,9.77791976928711,-2,-2,-2,-2,-2,-2,-2,-2,-2,-2,-2,-2,-2,-2,-2
1720123589174010600,0,0,0,0,0,0,0,0,0,0,0,0,0,1708787655101,left,acc,-0.9217676520347595,-2.33913516998291,9.524134635925293,1669049086169,right,acc,0.15562310814857483,-0.8044517636299133,9.821015357971191,-2,-2,-2,-2,-2,-2,-2,-2,-2,-2,-2,-2,-2,-2,-2
1720123589208010300,0,0,0,0,0,0,0,0,0,0,0,0,0,1708787660399,left,acc,-0.42377370595932007,-1.173158884048462,10.235212326049805,1669049086310,right,acc,0.09576806426048279,-0.8379706144332886,9.77791976928711,-2,-2,-2,-2,-2,-2,-2,-2,-2,-2,-2,-2,-2,-2,-2
1720123589242017100,0,0,0,0,0,0,0,0,0,0,0,0,0,1708787660579,left,acc,-0.6871358752250671,-1.7094600200653076,10.314221382141113,1669049086431,right,acc,0.12689268589019775,-0.8571242094039917,9.830592155456543,-2,-2,-2,-2,-2,-2,-2,-2,-2,-2,-2,-2,-2,-2,-2
1720123589275526900,0,0,0,0,0,0,0,0,0,0,0,0,0,1708787660741,left,acc,-0.47644615173339844,-1.1635819673538208,9.885659217834473,1669049086572,right,acc,0.17717093229293823,-0.8403648138046265,9.818621635437012,-2,-2,-2,-2,-2,-2,-2,-2,-2,-2,-2,-2,-2,-2,-2
1720123589309525900,0,0,0,0,0,0,0,0,0,0,0,0,0,1708787660861,left,acc,-0.31124621629714966,-1.4460978507995605,9.897629737854004,1669049086693,right,acc,0.2059013396501541,-0.8762778043746948,9.761159896850586,-2,-2,-2,-2,-2,-2,-2,-2,-2,-2,-2,-2,-2,-2,-2
1720123589343531700,0,0,0,0,0,0,0,0,0,0,0,0,0,1708787661022,left,acc,-0.4836287498474121,-1.37906014919281,9.514557838439941,1669049086831,right,acc,0.20350714027881622,-0.8307880163192749,9.813833236694336,-2,-2,-2,-2,-2,-2,-2,-2,-2,-2,-2,-2,-2,-2,-2
1720123589377045700,0,0,0,0,0,0,0,0,0,0,0,0,0,1708787661182,left,acc,-0.5171475410461426,-1.7764976024627686,9.797073364257812,1669049086955,right,acc,0.15801730751991272,-0.8667010068893433,9.825803756713867,-2,-2,-2,-2,-2,-2,-2,-2,-2,-2,-2,-2,-2,-2,-2
1720123589411044600,0,0,0,0,0,0,0,0,0,0,0,0,0,1708787661282,left,acc,-0.5051765441894531,-1.656787633895874,9.646238327026367,1669049087076,right,acc,0.17717093229293823,-0.8355764150619507,9.77791976928711,-2,-2,-2,-2,-2,-2,-2,-2,-2,-2,-2,-2,-2,-2,-2
1720123589445051500,0,0,0,0,0,0,0,0,0,0,0,0,0,1708787661403,left,acc,-0.689530074596405,-1.9488801956176758,9.643844604492188,1669049087214,right,acc,0.11252748221158981,-0.8930372595787048,9.830592155456543,-2,-2,-2,-2,-2,-2,-2,-2,-2,-2,-2,-2,-2,-2,-2
1720123589478610700,0,0,0,0,0,0,0,0,0,0,0,0,0,1708787661563,left,acc,-0.2944868206977844,-1.778891921043396,9.835380554199219,1669049087353,right,acc,0.15322890877723694,-0.8643068075180054,9.81143856048584,-2,-2,-2,-2,-2,-2,-2,-2,-2,-2,-2,-2,-2,-2,-2
1720123589512608400,0,0,0,0,0,0,0,0,0,0,0,0,0,1708787661683,left,acc,-0.4836287498474121,-1.7884687185287476,9.765948295593262,1669049087452,right,acc,0.19632454216480255,-0.8379706144332886,9.775525093078613,-2,-2,-2,-2,-2,-2,-2,-2,-2,-2,-2,-2,-2,-2,-2
1720123589546615000,0,0,0,0,0,0,0,0,0,0,0,0,0,1708787661845,left,acc,-0.5434837937355042,-1.824381709098816,10.237606048583984,1669049087615,right,acc,0.17956513166427612,-0.8427590131759644,9.818621635437012,-2,-2,-2,-2,-2,-2,-2,-2,-2,-2,-2,-2,-2,-2,-2
1720123589580253300,0,0,0,0,0,0,0,0,0,0,0,0,0,1708787662004,left,acc,-0.6823474764823914,-1.8387469053268433,9.765948295593262,1669049087777,right,acc,0.1388636976480484,-0.9050082564353943,9.816226959228516,-2,-2,-2,-2,-2,-2,-2,-2,-2,-2,-2,-2,-2,-2,-2
1720123589614193100,0,0,0,0,0,0,0,0,0,0,0,0,0,1708787662125,left,acc,-0.49320554733276367,-1.702277421951294,9.713275909423828,1669049087935,right,acc,0.1364694982767105,-0.8786720037460327,9.801861763000488,-2,-2,-2,-2,-2,-2,-2,-2,-2,-2,-2,-2,-2,-2,-2
1720123589648198700,0,0,0,0,0,0,0,0,0,0,0,0,0,1708787662285,left,acc,-0.47165772318840027,-1.659181833267212,9.636661529541016,1669049088057,right,acc,0.16519992053508759,-0.8259995579719543,9.804255485534668,-2,-2,-2,-2,-2,-2,-2,-2,-2,-2,-2,-2,-2,-2,-2
1720123589681776800,0,0,0,0,0,0,0,0,0,0,0,0,0,1708787662466,left,acc,-0.7254431247711182,-1.192312479019165,8.868123054504395,1669049088217,right,acc,0.17238251864910126,-0.8259995579719543,9.840168952941895,-2,-2,-2,-2,-2,-2,-2,-2,-2,-2,-2,-2,-2,-2,-2
1720123589715741800,0,0,0,0,0,0,0,0,0,0,0,0,0,1708787662607,left,acc,-0.7254431247711182,-2.5019407272338867,9.730035781860352,1669049088381,right,acc,0.13168109953403473,-0.8954314589500427,9.775525093078613,-2,-2,-2,-2,-2,-2,-2,-2,-2,-2,-2,-2,-2,-2,-2
1720123589749747600,0,0,0,0,0,0,0,0,0,0,0,0,0,1708787662727,left,acc,-0.7038952708244324,-2.274491548538208,9.567230224609375,1669049084783,right,acc,0.12210428714752197,-0.8451532125473022,9.770736694335938,-2,-2,-2,-2,-2,-2,-2,-2,-2,-2,-2,-2,-2,-2,-2
1720123589783804800,0,0,0,0,0,0,0,0,0,0,0,0,0,1708787662888,left,acc,-0.5841852426528931,-2.212242364883423,9.576807022094727,1669049088618,right,acc,0.15801730751991272,-0.8978256583213806,9.832986831665039,-2,-2,-2,-2,-2,-2,-2,-2,-2,-2,-2,-2,-2,-2,-2
1720123589817840500,0,0,0,0,0,0,0,0,0,0,0,0,0,1708787663070,left,acc,-0.42616790533065796,-2.7940332889556885,9.911994934082031,1669049088781,right,acc,0.10055647045373917,-0.849941611289978,9.792284965515137,-2,-2,-2,-2,-2,-2,-2,-2,-2,-2,-2,-2,-2,-2,-2
1720123589851327400,0,0,0,0,0,0,0,0,0,0,0,0,0,1708787663172,left,acc,-0.7445967197418213,-2.2601263523101807,9.617507934570312,1669049088881,right,acc,0.13168109953403473,-0.8858546018600464,9.806650161743164,-2,-2,-2,-2,-2,-2,-2,-2,-2,-2,-2,-2,-2,-2,-2
1720123589885327600,0,0,0,0,0,0,0,0,0,0,0,0,0,1708787663329,left,acc,-0.9217676520347595,-2.6024973392486572,9.038111686706543,1669049089003,right,acc,0.20350714027881622,-0.8954314589500427,9.84495735168457,-2,-2,-2,-2,-2,-2,-2,-2,-2,-2,-2,-2,-2,-2,-2
1720123589919327100,0,0,0,0,0,0,0,0,0,0,0,0,0,1708787663489,left,acc,-0.3926490843296051,-1.1492167711257935,9.423578262329102,1669049089141,right,acc,0.14365209639072418,-0.849941611289978,9.801861763000488,-2,-2,-2,-2,-2,-2,-2,-2,-2,-2,-2,-2,-2,-2,-2
1720123589952842700,0,0,0,0,0,0,0,0,0,0,0,0,0,1708787663651,left,acc,-1.6352397203445435,-0.9864110946655273,9.715670585632324,1669049089282,right,acc,0.1628057211637497,-0.8259995579719543,9.797073364257812,-2,-2,-2,-2,-2,-2,-2,-2,-2,-2,-2,-2,-2,-2,-2
1720123589986890400,0,0,0,0,0,0,0,0,0,0,0,0,0,1708787663811,left,acc,-0.6177040338516235,-3.5242648124694824,7.805097579956055,1669049089364,right,acc,0.15083470940589905,-0.8379706144332886,9.816226959228516,-2,-2,-2,-2,-2,-2,-2,-2,-2,-2,-2,-2,-2,-2,-2
1720123590020874800,0,0,0,0,0,0,0,0,0,0,0,0,0,1708787663911,left,acc,-0.8451532125473022,-2.1763293743133545,9.9000244140625,1669049089523,right,acc,0.1843535304069519,-0.8882488012313843,9.785101890563965,-2,-2,-2,-2,-2,-2,-2,-2,-2,-2,-2,-2,-2,-2,-2
1720123590054428800,0,0,0,0,0,0,0,0,0,0,0,0,0,1708787664072,left,acc,-0.6416460275650024,-1.3311761617660522,10.8505220413208,1669049089624,right,acc,0.16998831927776337,-0.828393816947937,9.787496566772461,-2,-2,-2,-2,-2,-2,-2,-2,-2,-2,-2,-2,-2,-2,-2
1720123590088460100,0,0,0,0,0,0,0,0,0,0,0,0,0,1708787664197,left,acc,-0.7493851184844971,-1.015141487121582,8.710105895996094,1669049089784,right,acc,0.12928688526153564,-0.8475474119186401,9.821015357971191,-2,-2,-2,-2,-2,-2,-2,-2,-2,-2,-2,-2,-2,-2,-2
1720123590122475100,0,0,0,0,0,0,0,0,0,0,0,0,0,1708787664353,left,acc,-1.8195933103561401,-0.8738836050033569,9.770736694335938,1669049089925,right,acc,0.20350714027881622,-0.8307880163192749,9.792284965515137,-2,-2,-2,-2,-2,-2,-2,-2,-2,-2,-2,-2,-2,-2,-2
1720123590156078000,0,0,0,0,0,0,0,0,0,0,0,0,0,1708787664473,left,acc,0.023942016065120697,-0.8930372595787048,8.772355079650879,1669049090065,right,acc,0.1867477297782898,-0.8738836050033569,9.835380554199219,-2,-2,-2,-2,-2,-2,-2,-2,-2,-2,-2,-2,-2,-2,-2
1720123590190078200,0,0,0,0,0,0,0,0,0,0,0,0,0,1708787664633,left,acc,-0.9313444495201111,-1.0055646896362305,9.354146003723145,1669049090185,right,acc,0.13407529890537262,-0.9026140570640564,9.799467086791992,-2,-2,-2,-2,-2,-2,-2,-2,-2,-2,-2,-2,-2,-2,-2
1720123590224079200,0,0,0,0,0,0,0,0,0,0,0,0,0,1708787664794,left,acc,-0.4596867263317108,-0.7110779285430908,10.347740173339844,1669049090283,right,acc,0.16519992053508759,-0.7948749661445618,9.78989028930664,-2,-2,-2,-2,-2,-2,-2,-2,-2,-2,-2,-2,-2,-2,-2
1720123590257558300,0,0,0,0,0,0,0,0,0,0,0,0,0,1708787664914,left,acc,-0.031124621629714966,-1.173158884048462,8.810662269592285,1669049090447,right,acc,0.10055647045373917,-0.9074024558067322,9.797073364257812,-2,-2,-2,-2,-2,-2,-2,-2,-2,-2,-2,-2,-2,-2,-2
1720123590291564300,0,0,0,0,0,0,0,0,0,0,0,0,0,1708787665075,left,acc,-0.7948749661445618,-2.0614075660705566,9.931148529052734,1669049090566,right,acc,0.181959331035614,-0.9217676520347595,9.780313491821289,-2,-2,-2,-2,-2,-2,-2,-2,-2,-2,-2,-2,-2,-2,-2
1720123590325558000,0,0,0,0,0,0,0,0,0,0,0,0,0,1708787665236,left,acc,-1.3192051649093628,-3.426102638244629,9.074024200439453,1669049090729,right,acc,0.14365209639072418,-0.8858546018600464,9.799467086791992,-2,-2,-2,-2,-2,-2,-2,-2,-2,-2,-2,-2,-2,-2,-2
1720123590359213400,0,0,0,0,0,0,0,0,0,0,0,0,0,1708787665357,left,acc,-0.30885201692581177,-1.5179238319396973,10.27591323852539,1669049090848,right,acc,0.15322890877723694,-0.8236053586006165,9.828198432922363,-2,-2,-2,-2,-2,-2,-2,-2,-2,-2,-2,-2,-2,-2,-2
1720123590393175500,0,0,0,0,0,0,0,0,0,0,0,0,0,1708787665517,left,acc,-1.403002142906189,-3.1100680828094482,9.246406555175781,1669049090948,right,acc,0.14844051003456116,-0.9145850539207458,9.75397777557373,-2,-2,-2,-2,-2,-2,-2,-2,-2,-2,-2,-2,-2,-2,-2
1720123590427218400,0,0,0,0,0,0,0,0,0,0,0,0,0,1708787665677,left,acc,-0.7852981686592102,-2.6671407222747803,9.502586364746094,1669049091090,right,acc,0.12689268589019775,-0.8978256583213806,9.861717224121094,-2,-2,-2,-2,-2,-2,-2,-2,-2,-2,-2,-2,-2,-2,-2
1720123590460826100,0,0,0,0,0,0,0,0,0,0,0,0,0,1708787665797,left,acc,-1.01753568649292,-2.940079689025879,9.481039047241211,1669049091249,right,acc,0.17956513166427612,-0.8619126081466675,9.825803756713867,-2,-2,-2,-2,-2,-2,-2,-2,-2,-2,-2,-2,-2,-2,-2
1720123590494827900,0,0,0,0,0,0,0,0,0,0,0,0,0,1708787665937,left,acc,-1.0678139925003052,-2.980781078338623,9.260771751403809,1669049091349,right,acc,0.10295066982507706,-0.8379706144332886,9.840168952941895,-2,-2,-2,-2,-2,-2,-2,-2,-2,-2,-2,-2,-2,-2,-2
1720123590528826600,0,0,0,0,0,0,0,0,0,0,0,0,0,1708787666060,left,acc,-1.0654197931289673,-2.9688100814819336,9.217676162719727,1669049091492,right,acc,0.20350714027881622,-0.9265560507774353,9.801861763000488,-2,-2,-2,-2,-2,-2,-2,-2,-2,-2,-2,-2,-2,-2,-2
1720123590562451300,0,0,0,0,0,0,0,0,0,0,0,0,0,1708787666219,left,acc,-1.0845733880996704,-3.136404275894165,9.2033109664917,1669049091613,right,acc,0.12449848651885986,-0.8571242094039917,9.835380554199219,-2,-2,-2,-2,-2,-2,-2,-2,-2,-2,-2,-2,-2,-2,-2
1720123590596484300,0,0,0,0,0,0,0,0,0,0,0,0,0,1708787666343,left,acc,-0.9672574996948242,-2.980781078338623,9.277531623840332,1669049091731,right,acc,0.19153612852096558,-0.8188169598579407,9.785101890563965,-2,-2,-2,-2,-2,-2,-2,-2,-2,-2,-2,-2,-2,-2,-2
1720123590630483000,0,0,0,0,0,0,0,0,0,0,0,0,0,1708787666500,left,acc,-1.0582371950149536,-3.2585084438323975,9.260771751403809,1669049091894,right,acc,0.1412578970193863,-0.8810662031173706,9.804255485534668,-2,-2,-2,-2,-2,-2,-2,-2,-2,-2,-2,-2,-2,-2,-2
1720123590664647400,0,0,0,0,0,0,0,0,0,0,0,0,0,1708787666661,left,acc,-0.9768342971801758,-3.3446998596191406,9.239224433898926,1669049092032,right,acc,0.15083470940589905,-0.7996633648872375,9.787496566772461,-2,-2,-2,-2,-2,-2,-2,-2,-2,-2,-2,-2,-2,-2,-2
1720123590698644100,0,0,0,0,0,0,0,0,0,0,0,0,0,1708787666801,left,acc,-1.0582371950149536,-3.136404275894165,9.284713745117188,1669049092133,right,acc,0.12210428714752197,-0.8571242094039917,9.794678688049316,-2,-2,-2,-2,-2,-2,-2,-2,-2,-2,-2,-2,-2,-2,-2
1720123590732647400,0,0,0,0,0,0,0,0,0,0,0,0,0,1708787666923,left,acc,-1.0582371950149536,-3.1723172664642334,9.279925346374512,1669049092296,right,acc,0.19632454216480255,-0.8164227604866028,9.825803756713867,-2,-2,-2,-2,-2,-2,-2,-2,-2,-2,-2,-2,-2,-2,-2
1720123590766267400,0,0,0,0,0,0,0,0,0,0,0,0,0,1708787667082,left,acc,-1.0223240852355957,-3.227383852005005,9.30386734008789,1669049092414,right,acc,0.08858546614646912,-0.9193734526634216,9.821015357971191,-2,-2,-2,-2,-2,-2,-2,-2,-2,-2,-2,-2,-2,-2,-2
1720123590800271900,0,0,0,0,0,0,0,0,0,0,0,0,0,1708787667242,left,acc,-0.9744400978088379,-3.3303346633911133,9.047688484191895,1669049092575,right,acc,0.23702596127986908,-0.9169792532920837,9.813833236694336,-2,-2,-2,-2,-2,-2,-2,-2,-2,-2,-2,-2,-2,-2,-2
1720123590834235900,0,0,0,0,0,0,0,0,0,0,0,0,0,0,0,0,0,0,0,1669049092697,right,acc,0.12689268589019775,-0.8523358106613159,9.75397777557373,-2,-2,-2,-2,-2,-2,-2,-2,-2,-2,-2,-2,-2,-2,-2
1720123590867780800,0,0,0,0,0,0,0,0,0,0,0,0,0,1708787667464,left,acc,-1.1420341730117798,-3.3854012489318848,9.193734169006348,1669049092834,right,acc,0.19632454216480255,-0.8762778043746948,9.81143856048584,-2,-2,-2,-2,-2,-2,-2,-2,-2,-2,-2,-2,-2,-2,-2
1720123590901395000,0,0,0,0,0,0,0,0,0,0,0,0,0,1708787667624,left,acc,-1.0678139925003052,-3.2609026432037354,9.172186851501465,1669049092998,right,acc,0.1412578970193863,-0.9074024558067322,9.804255485534668,-2,-2,-2,-2,-2,-2,-2,-2,-2,-2,-2,-2,-2,-2,-2
1720123590935389900,0,0,0,0,0,0,0,0,0,0,0,0,0,1708787667783,left,acc,-1.0989385843276978,-3.318363666534424,9.217676162719727,1669049093100,right,acc,0.11971008777618408,-0.8882488012313843,9.770736694335938,-2,-2,-2,-2,-2,-2,-2,-2,-2,-2,-2,-2,-2,-2,-2
1720123590968993600,0,0,0,0,0,0,0,0,0,0,0,0,0,1708787667965,left,acc,-1.237802267074585,-3.423708438873291,9.191340446472168,1669049093258,right,acc,0.19153612852096558,-0.8667010068893433,9.749189376831055,-2,-2,-2,-2,-2,-2,-2,-2,-2,-2,-2,-2,-2,-2,-2
1720123591002991400,0,0,0,0,0,0,0,0,0,0,0,0,0,1708787668066,left,acc,-1.1540051698684692,-3.6846764087677,9.016563415527344,1669049093358,right,acc,0.1867477297782898,-0.9026140570640564,9.765948295593262,-2,-2,-2,-2,-2,-2,-2,-2,-2,-2,-2,-2,-2,-2,-2
1720123591037005100,0,0,0,0,0,0,0,0,0,0,0,0,0,1708787668189,left,acc,-1.2665326595306396,-3.507505416870117,9.153033256530762,1669049093477,right,acc,0.15562310814857483,-0.8690952062606812,9.828198432922363,-2,-2,-2,-2,-2,-2,-2,-2,-2,-2,-2,-2,-2,-2,-2
1720123591071177700,0,0,0,0,0,0,0,0,0,0,0,0,0,1708787668326,left,acc,-1.2761094570159912,-3.4548330307006836,9.167398452758789,1669049093457,right,acc,0.15083470940589905,-0.8523358106613159,9.763554573059082,-2,-2,-2,-2,-2,-2,-2,-2,-2,-2,-2,-2,-2,-2,-2
1720123591105212100,0,0,0,0,0,0,0,0,0,0,0,0,0,1708787668289,left,acc,-1.2186486721038818,-3.5889084339141846,9.081207275390625,1669049093416,right,acc,0.20350714027881622,-0.871489405632019,9.835380554199219,-2,-2,-2,-2,-2,-2,-2,-2,-2,-2,-2,-2,-2,-2,-2
1720123591139263500,0,0,0,0,0,0,0,0,0,0,0,0,0,1708787668226,left,acc,-1.2761094570159912,-3.536235809326172,9.129091262817383,1669049093600,right,acc,0.12449848651885986,-0.8259995579719543,9.785101890563965,-2,-2,-2,-2,-2,-2,-2,-2,-2,-2,-2,-2,-2,-2,-2
1720123591172855200,0,0,0,0,0,0,0,0,0,0,0,0,0,1708787668346,left,acc,-1.2713210582733154,-3.4979286193847656,9.119514465332031,1669049093836,right,acc,0.19393034279346466,-0.8259995579719543,9.825803756713867,-2,-2,-2,-2,-2,-2,-2,-2,-2,-2,-2,-2,-2,-2,-2
1720123591206852300,0,0,0,0,0,0,0,0,0,0,0,0,0,1708787668505,left,acc,-1.3335703611373901,-3.5482068061828613,9.119514465332031,1669049094056,right,acc,0.17956513166427612,-0.8834604024887085,9.86650562286377,-2,-2,-2,-2,-2,-2,-2,-2,-2,-2,-2,-2,-2,-2,-2
1720123591240938300,0,0,0,0,0,0,0,0,0,0,0,0,0,1708787668668,left,acc,-1.235408067703247,-3.5266590118408203,9.090784072875977,1669049094179,right,acc,0.19871874153614044,-0.8547300100326538,9.801861763000488,-2,-2,-2,-2,-2,-2,-2,-2,-2,-2,-2,-2,-2,-2,-2
1720123591274432000,0,0,0,0,0,0,0,0,0,0,0,0,0,1708787668787,left,acc,-1.314416766166687,-3.5386300086975098,9.186552047729492,1669049094239,right,acc,0.15562310814857483,-0.8331822156906128,9.861717224121094,-2,-2,-2,-2,-2,-2,-2,-2,-2,-2,-2,-2,-2,-2,-2
1720123591308398500,0,0,0,0,0,0,0,0,0,0,0,0,0,1708787668948,left,acc,-1.2282254695892334,-3.507505416870117,9.066842079162598,1669049094461,right,acc,0.17956513166427612,-0.828393816947937,9.813833236694336,-2,-2,-2,-2,-2,-2,-2,-2,-2,-2,-2,-2,-2,-2,-2
1720123591342474400,0,0,0,0,0,0,0,0,0,0,0,0,0,1708787669112,left,acc,-1.2641384601593018,-3.5482068061828613,9.093177795410156,1669049094663,right,acc,0.15083470940589905,-0.9002198576927185,9.806650161743164,-2,-2,-2,-2,-2,-2,-2,-2,-2,-2,-2,-2,-2,-2,-2
1720123591376762300,0,0,0,0,0,0,0,0,0,0,0,0,0,1708787669249,left,acc,-1.280897855758667,-3.5218706130981445,9.107542991638184,1669049094865,right,acc,0.181959331035614,-0.933738648891449,9.911994934082031,-2,-2,-2,-2,-2,-2,-2,-2,-2,-2,-2,-2,-2,-2,-2
1720123591410727400,0,0,0,0,0,0,0,0,0,0,0,0,0,1708787669370,left,acc,-1.259350061416626,-3.442862033843994,9.14585018157959,1669049095006,right,acc,0.21787235140800476,-0.8858546018600464,9.81143856048584,-2,-2,-2,-2,-2,-2,-2,-2,-2,-2,-2,-2,-2,-2,-2
1720123591444812400,0,0,0,0,0,0,0,0,0,0,0,0,0,1708787669529,left,acc,-1.2737152576446533,-3.531447410583496,9.162610054016113,1669049095147,right,acc,0.15322890877723694,-0.849941611289978,9.804255485534668,-2,-2,-2,-2,-2,-2,-2,-2,-2,-2,-2,-2,-2,-2,-2
1720123591478411300,0,0,0,0,0,0,0,0,0,0,0,0,0,1708787669690,left,acc,-1.2976573705673218,-3.464409828186035,9.0859956741333,1669049095366,right,acc,0.17238251864910126,-0.8523358106613159,9.787496566772461,-2,-2,-2,-2,-2,-2,-2,-2,-2,-2,-2,-2,-2,-2,-2
1720123591512378200,0,0,0,0,0,0,0,0,0,0,0,0,0,1708787669851,left,acc,-1.2497732639312744,-3.490746021270752,9.167398452758789,1669049095528,right,acc,0.13407529890537262,-0.8331822156906128,9.804255485534668,-2,-2,-2,-2,-2,-2,-2,-2,-2,-2,-2,-2,-2,-2,-2
1720123591546450600,0,0,0,0,0,0,0,0,0,0,0,0,0,1708787669992,left,acc,-1.1851298809051514,-3.5027170181274414,9.124302864074707,1669049093517,right,acc,0.15083470940589905,-0.8619126081466675,9.801861763000488,-2,-2,-2,-2,-2,-2,-2,-2,-2,-2,-2,-2,-2,-2,-2
1720123591579926100,0,0,0,0,0,0,0,0,0,0,0,0,0,1708787670111,left,acc,-1.2880805730819702,-3.428496837615967,9.097966194152832,1669049095910,right,acc,0.1388636976480484,-0.8786720037460327,9.823410034179688,-2,-2,-2,-2,-2,-2,-2,-2,-2,-2,-2,-2,-2,-2,-2
1720123591613925700,0,0,0,0,0,0,0,0,0,0,0,0,0,1708787670273,left,acc,-1.1994950771331787,-3.5242648124694824,9.102754592895508,1669049096111,right,acc,0.17238251864910126,-0.8020575642585754,9.775525093078613,-2,-2,-2,-2,-2,-2,-2,-2,-2,-2,-2,-2,-2,-2,-2
1720123591647964500,0,0,0,0,0,0,0,0,0,0,0,0,0,1708787670392,left,acc,-1.2425906658172607,-3.4141316413879395,9.150638580322266,1669049096230,right,acc,0.0933738648891449,-0.8930372595787048,9.787496566772461,-2,-2,-2,-2,-2,-2,-2,-2,-2,-2,-2,-2,-2,-2,-2
1720123591681527300,0,0,0,0,0,0,0,0,0,0,0,0,0,1708787670533,left,acc,-1.2832920551300049,-3.5745432376861572,9.129091262817383,1669049096393,right,acc,0.14844051003456116,-0.8643068075180054,9.837775230407715,-2,-2,-2,-2,-2,-2,-2,-2,-2,-2,-2,-2,-2,-2,-2
1720123591715477100,0,0,0,0,0,0,0,0,0,0,0,0,0,1708787670652,left,acc,-1.2617442607879639,-3.5170822143554688,9.07641887664795,1669049096570,right,acc,0.1412578970193863,-0.8068459630012512,9.813833236694336,-2,-2,-2,-2,-2,-2,-2,-2,-2,-2,-2,-2,-2,-2,-2
1720123591749482100,0,0,0,0,0,0,0,0,0,0,0,0,0,1708787670853,left,acc,-1.2521674633026123,-3.4787750244140625,9.081207275390625,1669049096714,right,acc,0.1364694982767105,-0.8643068075180054,9.806650161743164,-2,-2,-2,-2,-2,-2,-2,-2,-2,-2,-2,-2,-2,-2,-2
1720123591782993100,0,0,0,0,0,0,0,0,0,0,0,0,0,1708787670994,left,acc,-1.3096283674240112,-3.4763808250427246,9.11233139038086,1669049096914,right,acc,0.16759411990642548,-0.9050082564353943,9.770736694335938,-2,-2,-2,-2,-2,-2,-2,-2,-2,-2,-2,-2,-2,-2,-2
1720123591816805300,0,0,0,0,0,0,0,0,0,0,0,0,0,1708787671094,left,acc,-1.2952631711959839,-3.529053211212158,9.081207275390625,1669049097114,right,acc,0.1149216815829277,-0.8834604024887085,9.751583099365234,-2,-2,-2,-2,-2,-2,-2,-2,-2,-2,-2,-2,-2,-2,-2
1720123591850834900,0,0,0,0,0,0,0,0,0,0,0,0,0,1708787671214,left,acc,-1.3479355573654175,-3.529053211212158,9.131484985351562,1669049097314,right,acc,0.12449848651885986,-0.9026140570640564,9.797073364257812,-2,-2,-2,-2,-2,-2,-2,-2,-2,-2,-2,-2,-2,-2,-2
1720123591884414300,0,0,0,0,0,0,0,0,0,0,0,0,0,1708787671375,left,acc,-1.3431471586227417,-3.584120035171509,9.10993766784668,1669049097555,right,acc,0.13407529890537262,-0.7876923680305481,9.816226959228516,-2,-2,-2,-2,-2,-2,-2,-2,-2,-2,-2,-2,-2,-2,-2
1720123591917889000,0,0,0,0,0,0,0,0,0,0,0,0,0,1708787671516,left,acc,-1.3239935636520386,-3.5625722408294678,9.14345645904541,1669049097734,right,acc,0.16519992053508759,-0.7541735172271729,9.780313491821289,-2,-2,-2,-2,-2,-2,-2,-2,-2,-2,-2,-2,-2,-2,-2
1720123591952475000,0,0,0,0,0,0,0,0,0,0,0,0,0,1708787671715,left,acc,-1.357512354850769,-3.4979286193847656,9.138668060302734,1669049097977,right,acc,0.17717093229293823,-0.8810662031173706,9.818621635437012,-2,-2,-2,-2,-2,-2,-2,-2,-2,-2,-2,-2,-2,-2,-2
1720123591986513000,0,0,0,0,0,0,0,0,0,0,0,0,0,1708787671897,left,acc,-1.3982137441635132,-3.5721490383148193,9.062053680419922,1669049098198,right,acc,0.15322890877723694,-0.8762778043746948,9.78989028930664,-2,-2,-2,-2,-2,-2,-2,-2,-2,-2,-2,-2,-2,-2,-2
1720123592020515000,0,0,0,0,0,0,0,0,0,0,0,0,0,1708787672137,left,acc,-1.316810965538025,-3.5625722408294678,9.0859956741333,1669049098417,right,acc,0.1628057211637497,-0.8044517636299133,9.797073364257812,-2,-2,-2,-2,-2,-2,-2,-2,-2,-2,-2,-2,-2,-2,-2
1720123592054093900,0,0,0,0,0,0,0,0,0,0,0,0,0,1708787672398,left,acc,-1.3287819623947144,-3.552995204925537,9.119514465332031,1669049098659,right,acc,0.15562310814857483,-0.8619126081466675,9.77791976928711,-2,-2,-2,-2,-2,-2,-2,-2,-2,-2,-2,-2,-2,-2,-2
1720123592088126000,0,0,0,0,0,0,0,0,0,0,0,0,0,1708787672619,left,acc,-1.2617442607879639,-3.485957622528076,9.100360870361328,1669049098899,right,acc,0.1173158809542656,-0.8331822156906128,9.792284965515137,-2,-2,-2,-2,-2,-2,-2,-2,-2,-2,-2,-2,-2,-2,-2
1720123592122124900,0,0,0,0,0,0,0,0,0,0,0,0,0,1708787672819,left,acc,-1.1563993692398071,-3.485957622528076,9.165003776550293,1669049099141,right,acc,0.14844051003456116,-0.8475474119186401,9.818621635437012,-2,-2,-2,-2,-2,-2,-2,-2,-2,-2,-2,-2,-2,-2,-2
1720123592155676000,0,0,0,0,0,0,0,0,0,0,0,0,0,1708787673002,left,acc,-1.3263877630233765,-3.485957622528076,9.10993766784668,1669049099400,right,acc,0.11971008777618408,-0.8858546018600464,9.794678688049316,-2,-2,-2,-2,-2,-2,-2,-2,-2,-2,-2,-2,-2,-2,-2
1720123592189670900,0,0,0,0,0,0,0,0,0,0,0,0,0,1708787673241,left,acc,-1.2952631711959839,-3.5673606395721436,9.093177795410156,1669049099703,right,acc,0.0933738648891449,-0.8379706144332886,9.782708168029785,-2,-2,-2,-2,-2,-2,-2,-2,-2,-2,-2,-2,-2,-2,-2
1720123592223706100,0,0,0,0,0,0,0,0,0,0,0,0,0,1708787673479,left,acc,-1.3503297567367554,-3.5266590118408203,9.193734169006348,1669049099882,right,acc,0.1412578970193863,-0.8930372595787048,9.782708168029785,-2,-2,-2,-2,-2,-2,-2,-2,-2,-2,-2,-2,-2,-2,-2
1720123592257328600,0,0,0,0,0,0,0,0,0,0,0,0,0,1708787673721,left,acc,-1.3742717504501343,-3.4739866256713867,9.14585018157959,1669049100165,right,acc,0.19153612852096558,-0.8547300100326538,9.81143856048584,-2,-2,-2,-2,-2,-2,-2,-2,-2,-2,-2,-2,-2,-2,-2
1720123592291341900,0,0,0,0,0,0,0,0,0,0,0,0,0,1708787673924,left,acc,-1.3000515699386597,-3.4979286193847656,9.083600997924805,1669049100404,right,acc,0.15562310814857483,-0.8619126081466675,9.773131370544434,-2,-2,-2,-2,-2,-2,-2,-2,-2,-2,-2,-2,-2,-2,-2
1720123592325296000,0,0,0,0,0,0,0,0,0,0,0,0,0,1708787671259,left,acc,-1.3455413579940796,-3.533841609954834,9.059659004211426,1669049100585,right,acc,0.15801730751991272,-0.8571242094039917,9.876082420349121,-2,-2,-2,-2,-2,-2,-2,-2,-2,-2,-2,-2,-2,-2,-2
1720123592358808300,0,0,0,0,0,0,0,0,0,0,0,0,0,1708787674364,left,acc,-1.3287819623947144,-3.488351821899414,9.100360870361328,1669049100786,right,acc,0.16759411990642548,-0.849941611289978,9.749189376831055,-2,-2,-2,-2,-2,-2,-2,-2,-2,-2,-2,-2,-2,-2,-2
1720123592392808800,0,0,0,0,0,0,0,0,0,0,0,0,0,1708787674627,left,acc,-1.3120225667953491,-3.552995204925537,9.097966194152832,1669049100948,right,acc,0.19871874153614044,-0.9074024558067322,9.787496566772461,-2,-2,-2,-2,-2,-2,-2,-2,-2,-2,-2,-2,-2,-2,-2
1720123592426814000,0,0,0,0,0,0,0,0,0,0,0,0,0,1708787674847,left,acc,-1.338358759880066,-3.5386300086975098,9.138668060302734,1669049101109,right,acc,0.1412578970193863,-0.8643068075180054,9.81143856048584,-2,-2,-2,-2,-2,-2,-2,-2,-2,-2,-2,-2,-2,-2,-2
1720123592460323200,0,0,0,0,0,0,0,0,0,0,0,0,0,1708787675050,left,acc,-1.3072341680526733,-3.5051112174987793,9.114726066589355,1669049101268,right,acc,0.12689268589019775,-0.8164227604866028,9.80904483795166,-2,-2,-2,-2,-2,-2,-2,-2,-2,-2,-2,-2,-2,-2,-2
1720123592494445000,0,0,0,0,0,0,0,0,0,0,0,0,0,1708787675328,left,acc,-1.3431471586227417,-3.378218650817871,9.157821655273438,1669049101412,right,acc,0.14604631066322327,-0.8140285611152649,9.823410034179688,-2,-2,-2,-2,-2,-2,-2,-2,-2,-2,-2,-2,-2,-2,-2
1720123592528444500,0,0,0,0,0,0,0,0,0,0,0,0,0,1708787675527,left,acc,-1.2641384601593018,-3.536235809326172,9.08838939666748,1669049101569,right,acc,0.15562310814857483,-0.8403648138046265,9.749189376831055,-2,-2,-2,-2,-2,-2,-2,-2,-2,-2,-2,-2,-2,-2,-2
1720123592562064100,0,0,0,0,0,0,0,0,0,0,0,0,0,1708787675690,left,acc,-1.3048399686813354,-3.533841609954834,9.107542991638184,1669049101732,right,acc,0.17477671802043915,-0.828393816947937,9.768342971801758,-2,-2,-2,-2,-2,-2,-2,-2,-2,-2,-2,-2,-2,-2,-2
1720123592596098000,0,0,0,0,0,0,0,0,0,0,0,0,0,1708787675829,left,acc,-1.335964560508728,-3.5218706130981445,9.136273384094238,1669049101911,right,acc,0.14604631066322327,-0.8667010068893433,9.763554573059082,-2,-2,-2,-2,-2,-2,-2,-2,-2,-2,-2,-2,-2,-2,-2
1720123592630097500,0,0,0,0,0,0,0,0,0,0,0,0,0,1708787675991,left,acc,-1.3431471586227417,-3.56017804145813,9.17697525024414,1669049101972,right,acc,0.1604115068912506,-0.8930372595787048,9.785101890563965,-2,-2,-2,-2,-2,-2,-2,-2,-2,-2,-2,-2,-2,-2,-2
1720123592663575900,0,0,0,0,0,0,0,0,0,0,0,0,0,1708787676152,left,acc,-1.3670891523361206,-3.584120035171509,9.07641887664795,1669049100747,right,acc,0.16759411990642548,-0.7924807667732239,9.804255485534668,-2,-2,-2,-2,-2,-2,-2,-2,-2,-2,-2,-2,-2,-2,-2
1720123592697602500,0,0,0,0,0,0,0,0,0,0,0,0,0,1708787676311,left,acc,-1.3311761617660522,-3.49314022064209,9.117119789123535,1669049102254,right,acc,0.21787235140800476,-0.8403648138046265,9.801861763000488,-2,-2,-2,-2,-2,-2,-2,-2,-2,-2,-2,-2,-2,-2,-2
1720123592731610400,0,0,0,0,0,0,0,0,0,0,0,0,0,1708787676471,left,acc,-1.3048399686813354,-3.4979286193847656,9.121908187866211,1669049102373,right,acc,0.1388636976480484,-0.849941611289978,9.828198432922363,-2,-2,-2,-2,-2,-2,-2,-2,-2,-2,-2,-2,-2,-2,-2
1720123592765179200,0,0,0,0,0,0,0,0,0,0,0,0,0,1708787676632,left,acc,-1.280897855758667,-3.5649664402008057,9.102754592895508,1669049102518,right,acc,0.15801730751991272,-0.8643068075180054,9.825803756713867,-2,-2,-2,-2,-2,-2,-2,-2,-2,-2,-2,-2,-2,-2,-2
1720123592799198600,0,0,0,0,0,0,0,0,0,0,0,0,0,1708787676793,left,acc,-1.2186486721038818,-3.4811692237854004,9.05247688293457,1669049102673,right,acc,0.15801730751991272,-0.849941611289978,9.799467086791992,-2,-2,-2,-2,-2,-2,-2,-2,-2,-2,-2,-2,-2,-2,-2
1720123592833163300,0,0,0,0,0,0,0,0,0,0,0,0,0,1708787676913,left,acc,-1.280897855758667,-3.44765043258667,9.165003776550293,1669049102797,right,acc,0.1628057211637497,-0.8403648138046265,9.81143856048584,-2,-2,-2,-2,-2,-2,-2,-2,-2,-2,-2,-2,-2,-2,-2
1720123592866679400,0,0,0,0,0,0,0,0,0,0,0,0,0,1708787677074,left,acc,-1.316810965538025,-3.5170822143554688,9.105149269104004,1669049102915,right,acc,0.14365209639072418,-0.8523358106613159,9.765948295593262,-2,-2,-2,-2,-2,-2,-2,-2,-2,-2,-2,-2,-2,-2,-2
1720123592900714500,0,0,0,0,0,0,0,0,0,0,0,0,0,1708787677234,left,acc,-1.213860273361206,-3.4787750244140625,9.078812599182129,1669049103076,right,acc,0.06703764945268631,-0.9313444495201111,9.732429504394531,-2,-2,-2,-2,-2,-2,-2,-2,-2,-2,-2,-2,-2,-2,-2
1720123592934360800,0,0,0,0,0,0,0,0,0,0,0,0,0,1708787677354,left,acc,-1.192312479019165,-3.529053211212158,9.004592895507812,1669049103176,right,acc,0.13407529890537262,-0.8164227604866028,9.785101890563965,-2,-2,-2,-2,-2,-2,-2,-2,-2,-2,-2,-2,-2,-2,-2
1720123592968547000,0,0,0,0,0,0,0,0,0,0,0,0,0,1708787677475,left,acc,-1.2234370708465576,-3.442862033843994,9.126696586608887,1669049103297,right,acc,0.1604115068912506,-0.8403648138046265,9.742006301879883,-2,-2,-2,-2,-2,-2,-2,-2,-2,-2,-2,-2,-2,-2,-2
1720123593002545300,0,0,0,0,0,0,0,0,0,0,0,0,0,1708787677635,left,acc,-1.170764684677124,-3.4811692237854004,9.17936897277832,1669049103398,right,acc,0.13168109953403473,-0.828393816947937,9.856928825378418,-2,-2,-2,-2,-2,-2,-2,-2,-2,-2,-2,-2,-2,-2,-2
1720123593036580700,0,0,0,0,0,0,0,0,0,0,0,0,0,1708787677797,left,acc,-1.1540051698684692,-3.4596214294433594,9.095572471618652,1669049103517,right,acc,0.07661445438861847,-0.8212111592292786,9.708487510681152,-2,-2,-2,-2,-2,-2,-2,-2,-2,-2,-2,-2,-2,-2,-2
1720123593070569800,0,0,0,0,0,0,0,0,0,0,0,0,0,1708787677957,left,acc,-1.1803414821624756,-3.7684733867645264,9.0859956741333,1669049103680,right,acc,0.16759411990642548,-0.8978256583213806,9.794678688049316,-2,-2,-2,-2,-2,-2,-2,-2,-2,-2,-2,-2,-2,-2,-2
1720123593104568000,0,0,0,0,0,0,0,0,0,0,0,0,0,1708787678077,left,acc,-1.403002142906189,-3.3231520652770996,9.253589630126953,1669049103799,right,acc,0.14365209639072418,-0.8930372595787048,9.751583099365234,-2,-2,-2,-2,-2,-2,-2,-2,-2,-2,-2,-2,-2,-2,-2
1720123593138570700,0,0,0,0,0,0,0,0,0,0,0,0,0,1708787678217,left,acc,-1.192312479019165,-3.292027235031128,9.114726066589355,1669049103942,right,acc,0.17477671802043915,-0.8810662031173706,9.830592155456543,-2,-2,-2,-2,-2,-2,-2,-2,-2,-2,-2,-2,-2,-2,-2
1720123593172417200,0,0,0,0,0,0,0,0,0,0,0,0,0,1708787678377,left,acc,-1.314416766166687,-3.4811692237854004,9.090784072875977,1669049104060,right,acc,0.2082955539226532,-0.9169792532920837,9.849745750427246,-2,-2,-2,-2,-2,-2,-2,-2,-2,-2,-2,-2,-2,-2,-2
1720123593206419200,0,0,0,0,0,0,0,0,0,0,0,0,0,1708787678535,left,acc,-1.2761094570159912,-3.663128614425659,9.011775016784668,1669049104221,right,acc,0.19153612852096558,-0.8834604024887085,9.816226959228516,-2,-2,-2,-2,-2,-2,-2,-2,-2,-2,-2,-2,-2,-2,-2
1720123593240428000,0,0,0,0,0,0,0,0,0,0,0,0,0,1708787678699,left,acc,-1.4077905416488647,-3.4189200401306152,9.2033109664917,1669049104365,right,acc,0.13168109953403473,-0.828393816947937,9.806650161743164,-2,-2,-2,-2,-2,-2,-2,-2,-2,-2,-2,-2,-2,-2,-2
1720123593273945000,0,0,0,0,0,0,0,0,0,0,0,0,0,1708787678840,left,acc,-1.3311761617660522,-3.485957622528076,9.081207275390625,1669049104482,right,acc,0.1628057211637497,-0.8978256583213806,9.749189376831055,-2,-2,-2,-2,-2,-2,-2,-2,-2,-2,-2,-2,-2,-2,-2
1720123593307943000,0,0,0,0,0,0,0,0,0,0,0,0,0,1708787678980,left,acc,-1.1994950771331787,-3.442862033843994,9.081207275390625,1669049104600,right,acc,0.1173158809542656,-0.8786720037460327,9.821015357971191,-2,-2,-2,-2,-2,-2,-2,-2,-2,-2,-2,-2,-2,-2,-2
1720123593341963600,0,0,0,0,0,0,0,0,0,0,0,0,0,1708787679138,left,acc,-1.2521674633026123,-3.40216064453125,9.188945770263672,1669049104744,right,acc,0.17717093229293823,-0.8643068075180054,9.775525093078613,-2,-2,-2,-2,-2,-2,-2,-2,-2,-2,-2,-2,-2,-2,-2
1720123593375475600,0,0,0,0,0,0,0,0,0,0,0,0,0,1708787679258,left,acc,-1.3072341680526733,-3.4165258407592773,9.174580574035645,1669049104881,right,acc,0.09816227108240128,-0.8619126081466675,9.825803756713867,-2,-2,-2,-2,-2,-2,-2,-2,-2,-2,-2,-2,-2,-2,-2
1720123593409475200,0,0,0,0,0,0,0,0,0,0,0,0,0,1708787679402,left,acc,-1.237802267074585,-3.4572272300720215,9.133879661560059,1669049105004,right,acc,0.10055647045373917,-0.9193734526634216,9.758766174316406,-2,-2,-2,-2,-2,-2,-2,-2,-2,-2,-2,-2,-2,-2,-2
1720123593443483500,0,0,0,0,0,0,0,0,0,0,0,0,0,1708787679540,left,acc,-1.2449848651885986,-3.4763808250427246,9.191340446472168,1669049105164,right,acc,0.13168109953403473,-0.8834604024887085,9.852140426635742,-2,-2,-2,-2,-2,-2,-2,-2,-2,-2,-2,-2,-2,-2,-2
1720123593477029000,0,0,0,0,0,0,0,0,0,0,0,0,0,1708787679660,left,acc,-1.278503656387329,-3.4141316413879395,9.188945770263672,1669049105285,right,acc,0.181959331035614,-0.9026140570640564,9.856928825378418,-2,-2,-2,-2,-2,-2,-2,-2,-2,-2,-2,-2,-2,-2,-2
1720123593510990000,0,0,0,0,0,0,0,0,0,0,0,0,0,1708787679800,left,acc,-1.115697979927063,-3.4332852363586426,9.064447402954102,1669049105426,right,acc,0.13407529890537262,-0.9097966551780701,9.787496566772461,-2,-2,-2,-2,-2,-2,-2,-2,-2,-2,-2,-2,-2,-2,-2
1720123593544996000,0,0,0,0,0,0,0,0,0,0,0,0,0,1708787679961,left,acc,-1.1492167711257935,-3.4165258407592773,9.05487060546875,1669049105606,right,acc,0.14844051003456116,-0.8355764150619507,9.81143856048584,-2,-2,-2,-2,-2,-2,-2,-2,-2,-2,-2,-2,-2,-2,-2
1720123593578533800,0,0,0,0,0,0,0,0,0,0,0,0,0,1708787680120,left,acc,-1.3192051649093628,-3.7684733867645264,9.117119789123535,1669049105867,right,acc,0.11013327538967133,-0.8379706144332886,9.852140426635742,-2,-2,-2,-2,-2,-2,-2,-2,-2,-2,-2,-2,-2,-2,-2
1720123593612534200,0,0,0,0,0,0,0,0,0,0,0,0,0,1708787680283,left,acc,-1.3215993642807007,-3.624821424484253,9.059659004211426,1669049106048,right,acc,0.14365209639072418,-0.9002198576927185,9.794678688049316,-2,-2,-2,-2,-2,-2,-2,-2,-2,-2,-2,-2,-2,-2,-2
1720123593646572900,0,0,0,0,0,0,0,0,0,0,0,0,0,1708787680405,left,acc,-1.3934253454208374,-3.5386300086975098,9.17697525024414,1669049106230,right,acc,0.10773907601833344,-0.8810662031173706,9.818621635437012,-2,-2,-2,-2,-2,-2,-2,-2,-2,-2,-2,-2,-2,-2,-2
1720123593680195600,0,0,0,0,0,0,0,0,0,0,0,0,0,1708787680564,left,acc,-1.1803414821624756,-3.5266590118408203,9.081207275390625,1669049106529,right,acc,0.15801730751991272,-0.8307880163192749,9.787496566772461,-2,-2,-2,-2,-2,-2,-2,-2,-2,-2,-2,-2,-2,-2,-2
1720123593714152000,0,0,0,0,0,0,0,0,0,0,0,0,0,1708787680725,left,acc,-1.2186486721038818,-3.6320040225982666,9.05487060546875,1669049106791,right,acc,0.17717093229293823,-0.8451532125473022,9.864110946655273,-2,-2,-2,-2,-2,-2,-2,-2,-2,-2,-2,-2,-2,-2,-2
1720123593748156700,0,0,0,0,0,0,0,0,0,0,0,0,0,1708787680887,left,acc,-1.3048399686813354,-3.579331636428833,9.155426979064941,1669049107031,right,acc,0.1388636976480484,-0.9265560507774353,9.806650161743164,-2,-2,-2,-2,-2,-2,-2,-2,-2,-2,-2,-2,-2,-2,-2
1720123593781673600,0,0,0,0,0,0,0,0,0,0,0,0,0,1708787681007,left,acc,-1.3311761617660522,-3.5745432376861572,9.062053680419922,1669049107231,right,acc,0.12449848651885986,-0.8738836050033569,9.828198432922363,-2,-2,-2,-2,-2,-2,-2,-2,-2,-2,-2,-2,-2,-2,-2
1720123593815673000,0,0,0,0,0,0,0,0,0,0,0,0,0,0,0,0,0,0,0,1669049107393,right,acc,0.1604115068912506,-0.8643068075180054,9.828198432922363,-2,-2,-2,-2,-2,-2,-2,-2,-2,-2,-2,-2,-2,-2,-2
1720123593849832300,0,0,0,0,0,0,0,0,0,0,0,0,0,1708787681247,left,acc,-1.4293384552001953,-3.5482068061828613,9.155426979064941,1669049107557,right,acc,0.14844051003456116,-0.9097966551780701,9.770736694335938,-2,-2,-2,-2,-2,-2,-2,-2,-2,-2,-2,-2,-2,-2,-2
1720123593883315100,0,0,0,0,0,0,0,0,0,0,0,0,0,1708787681367,left,acc,-1.3862427473068237,-3.5003228187561035,9.119514465332031,1669049107656,right,acc,0.1388636976480484,-0.8451532125473022,9.782708168029785,-2,-2,-2,-2,-2,-2,-2,-2,-2,-2,-2,-2,-2,-2,-2
1720123593917314900,0,0,0,0,0,0,0,0,0,0,0,0,0,1708787681528,left,acc,-1.4269442558288574,-3.646369218826294,9.059659004211426,1669049107774,right,acc,0.15562310814857483,-0.8475474119186401,9.81143856048584,-2,-2,-2,-2,-2,-2,-2,-2,-2,-2,-2,-2,-2,-2,-2
1720123593951320600,0,0,0,0,0,0,0,0,0,0,0,0,0,1708787681685,left,acc,-1.4413094520568848,-3.490746021270752,9.107542991638184,1669049107933,right,acc,0.17956513166427612,-0.8738836050033569,9.830592155456543,-2,-2,-2,-2,-2,-2,-2,-2,-2,-2,-2,-2,-2,-2,-2
1720123593984828600,0,0,0,0,0,0,0,0,0,0,0,0,0,1708787681809,left,acc,-1.2856862545013428,-3.5482068061828613,9.08838939666748,1669049108055,right,acc,0.1364694982767105,-0.8188169598579407,9.794678688049316,-2,-2,-2,-2,-2,-2,-2,-2,-2,-2,-2,-2,-2,-2,-2
1720123594018828400,0,0,0,0,0,0,0,0,0,0,0,0,0,1708787681969,left,acc,-1.2713210582733154,-3.5242648124694824,9.129091262817383,1669049108234,right,acc,0.1843535304069519,-0.849941611289978,9.794678688049316,-2,-2,-2,-2,-2,-2,-2,-2,-2,-2,-2,-2,-2,-2,-2
1720123594052868100,0,0,0,0,0,0,0,0,0,0,0,0,0,1708787682049,left,acc,-1.2641384601593018,-3.5625722408294678,9.083600997924805,1669049108357,right,acc,0.18914192914962769,-0.8379706144332886,9.81143856048584,-2,-2,-2,-2,-2,-2,-2,-2,-2,-2,-2,-2,-2,-2,-2
1720123594086381600,0,0,0,0,0,0,0,0,0,0,0,0,0,1708787682212,left,acc,-1.2545616626739502,-3.514688014984131,9.028534889221191,1669049108516,right,acc,0.12449848651885986,-0.8164227604866028,9.77791976928711,-2,-2,-2,-2,-2,-2,-2,-2,-2,-2,-2,-2,-2,-2,-2
1720123594120380700,0,0,0,0,0,0,0,0,0,0,0,0,0,1708787682328,left,acc,-1.278503656387329,-3.4787750244140625,9.126696586608887,1669049108616,right,acc,0.15562310814857483,-0.7805097699165344,9.792284965515137,-2,-2,-2,-2,-2,-2,-2,-2,-2,-2,-2,-2,-2,-2,-2
1720123594153890200,0,0,0,0,0,0,0,0,0,0,0,0,0,1708787682491,left,acc,-1.3287819623947144,-3.531447410583496,9.047688484191895,1669049108738,right,acc,0.17238251864910126,-0.8259995579719543,9.797073364257812,-2,-2,-2,-2,-2,-2,-2,-2,-2,-2,-2,-2,-2,-2,-2
1720123594187895900,0,0,0,0,0,0,0,0,0,0,0,0,0,1708787682612,left,acc,-1.3311761617660522,-3.5625722408294678,9.050082206726074,1669049108918,right,acc,0.17717093229293823,-0.7972691655158997,9.806650161743164,-2,-2,-2,-2,-2,-2,-2,-2,-2,-2,-2,-2,-2,-2,-2
1720123594221895700,0,0,0,0,0,0,0,0,0,0,0,0,0,1708787682792,left,acc,-0.5195417404174805,-3.6176388263702393,10.539276123046875,1669049109018,right,acc,0.16998831927776337,-0.8619126081466675,9.81143856048584,-2,-2,-2,-2,-2,-2,-2,-2,-2,-2,-2,-2,-2,-2,-2
1720123594255551900,0,0,0,0,0,0,0,0,0,0,0,0,0,1708787682913,left,acc,-3.090914487838745,-9.373299598693848,5.094861030578613,1669049105785,right,acc,0.15562310814857483,-0.9145850539207458,9.847352027893066,-2,-2,-2,-2,-2,-2,-2,-2,-2,-2,-2,-2,-2,-2,-2
1720123594289514200,0,0,0,0,0,0,0,0,0,0,0,0,0,1708787683093,left,acc,-3.643975019454956,-8.307879447937012,-1.7357962131500244,1669049109263,right,acc,0.19153612852096558,-0.8212111592292786,9.787496566772461,-2,-2,-2,-2,-2,-2,-2,-2,-2,-2,-2,-2,-2,-2,-2
1720123594323527800,0,0,0,0,0,0,0,0,0,0,0,0,0,1708787683213,left,acc,-4.874594688415527,-7.328651428222656,-3.993528366088867,1669049109442,right,acc,0.15562310814857483,-0.8547300100326538,9.84495735168457,-2,-2,-2,-2,-2,-2,-2,-2,-2,-2,-2,-2,-2,-2,-2
1720123594357025500,0,0,0,0,0,0,0,0,0,0,0,0,0,1708787683373,left,acc,-5.595249176025391,-6.165069580078125,-5.564124584197998,1669049109499,right,acc,0.16998831927776337,-0.8978256583213806,9.804255485534668,-2,-2,-2,-2,-2,-2,-2,-2,-2,-2,-2,-2,-2,-2,-2
1720123594391024900,0,0,0,0,0,0,0,0,0,0,0,0,0,1708787683474,left,acc,-5.549759387969971,-4.726154327392578,-6.007051944732666,1669049109663,right,acc,0.1173158809542656,-0.9002198576927185,9.751583099365234,-2,-2,-2,-2,-2,-2,-2,-2,-2,-2,-2,-2,-2,-2,-2
1720123594425026200,0,0,0,0,0,0,0,0,0,0,0,0,0,1708787683653,left,acc,-5.655104637145996,-4.357447147369385,-6.299144744873047,1669049109818,right,acc,0.12689268589019775,-0.8595184087753296,9.806650161743164,-2,-2,-2,-2,-2,-2,-2,-2,-2,-2,-2,-2,-2,-2,-2
1720123594459216100,0,0,0,0,0,0,0,0,0,0,0,0,0,1708787683816,left,acc,-6.521805286407471,-4.4292731285095215,-6.189011573791504,1669049109960,right,acc,0.16519992053508759,-0.8690952062606812,9.799467086791992,-2,-2,-2,-2,-2,-2,-2,-2,-2,-2,-2,-2,-2,-2,-2
1720123594493215400,0,0,0,0,0,0,0,0,0,0,0,0,0,1708787683937,left,acc,-6.562506675720215,-4.8602294921875,-5.932831764221191,1669049110063,right,acc,0.1388636976480484,-0.871489405632019,9.84256362915039,-2,-2,-2,-2,-2,-2,-2,-2,-2,-2,-2,-2,-2,-2,-2
1720123594526848600,0,0,0,0,0,0,0,0,0,0,0,0,0,1708787684096,left,acc,-6.016628742218018,-4.568136692047119,-5.999869346618652,1669049110201,right,acc,0.15322890877723694,-0.8020575642585754,9.763554573059082,-2,-2,-2,-2,-2,-2,-2,-2,-2,-2,-2,-2,-2,-2,-2
1720123594561148400,0,0,0,0,0,0,0,0,0,0,0,0,0,1708787684237,left,acc,-5.889736175537109,-4.168305397033691,-6.1267619132995605,1669049110324,right,acc,0.15083470940589905,-0.9074024558067322,9.804255485534668,-2,-2,-2,-2,-2,-2,-2,-2,-2,-2,-2,-2,-2,-2,-2
1720123594595148900,0,0,0,0,0,0,0,0,0,0,0,0,0,1708787684357,left,acc,-6.268020153045654,-3.9264907836914062,-5.736507415771484,1669049110446,right,acc,0.24899697303771973,-0.8523358106613159,9.773131370544434,-2,-2,-2,-2,-2,-2,-2,-2,-2,-2,-2,-2,-2,-2,-2
1720123594629149300,0,0,0,0,0,0,0,0,0,0,0,0,0,1708787684518,left,acc,-6.308721542358398,-5.501875400543213,-4.941632270812988,1669049110609,right,acc,0.18914192914962769,-0.8571242094039917,9.761159896850586,-2,-2,-2,-2,-2,-2,-2,-2,-2,-2,-2,-2,-2,-2,-2
1720123594662692300,0,0,0,0,0,0,0,0,0,0,0,0,0,1708787684638,left,acc,-6.806715488433838,-5.856217384338379,-4.9368438720703125,1669049110709,right,acc,0.12928688526153564,-0.871489405632019,9.787496566772461,-2,-2,-2,-2,-2,-2,-2,-2,-2,-2,-2,-2,-2,-2,-2
1720123594696692900,0,0,0,0,0,0,0,0,0,0,0,0,0,1708787684798,left,acc,-5.827486991882324,-6.296750545501709,-4.163516521453857,1669049110846,right,acc,0.20350714027881622,-0.912190854549408,9.768342971801758,-2,-2,-2,-2,-2,-2,-2,-2,-2,-2,-2,-2,-2,-2,-2
1720123594730730500,0,0,0,0,0,0,0,0,0,0,0,0,0,1708787684961,left,acc,-5.7341132164001465,-5.92325496673584,-5.274426460266113,1669049110986,right,acc,0.17717093229293823,-0.8403648138046265,9.813833236694336,-2,-2,-2,-2,-2,-2,-2,-2,-2,-2,-2,-2,-2,-2,-2
1720123594764355000,0,0,0,0,0,0,0,0,0,0,0,0,0,1708787685122,left,acc,-6.224924564361572,-5.578489780426025,-4.888959884643555,1669049111126,right,acc,0.10773907601833344,-0.8786720037460327,9.797073364257812,-2,-2,-2,-2,-2,-2,-2,-2,-2,-2,-2,-2,-2,-2,-2
1720123594798356000,0,0,0,0,0,0,0,0,0,0,0,0,0,1708787685286,left,acc,-6.3973069190979,-6.801927089691162,-4.3191399574279785,1669049111267,right,acc,0.1173158809542656,-0.8212111592292786,9.780313491821289,-2,-2,-2,-2,-2,-2,-2,-2,-2,-2,-2,-2,-2,-2,-2
1720123594832319000,0,0,0,0,0,0,0,0,0,0,0,0,0,1708787685441,left,acc,-5.497087001800537,-7.273584842681885,-3.4332852363586426,1669049111388,right,acc,0.16759411990642548,-0.8451532125473022,9.75637149810791,-2,-2,-2,-2,-2,-2,-2,-2,-2,-2,-2,-2,-2,-2,-2
1720123594865982500,0,0,0,0,0,0,0,0,0,0,0,0,0,1708787685561,left,acc,-5.530605792999268,-7.757213592529297,-2.535459518432617,1669049111509,right,acc,0.15562310814857483,-0.8738836050033569,9.816226959228516,-2,-2,-2,-2,-2,-2,-2,-2,-2,-2,-2,-2,-2,-2,-2
1720123594899998100,0,0,0,0,0,0,0,0,0,0,0,0,0,1708787685722,left,acc,-3.6511576175689697,-12.267889976501465,-1.9177556037902832,1669049111669,right,acc,0.21787235140800476,-0.849941611289978,9.782708168029785,-2,-2,-2,-2,-2,-2,-2,-2,-2,-2,-2,-2,-2,-2,-2
1720123594934220300,0,0,0,0,0,0,0,0,0,0,0,0,0,1708787685882,left,acc,-0.40701428055763245,-6.145915985107422,8.482656478881836,1669049111791,right,acc,0.17717093229293823,-0.871489405632019,9.801861763000488,-2,-2,-2,-2,-2,-2,-2,-2,-2,-2,-2,-2,-2,-2,-2
1720123594967726100,0,0,0,0,0,0,0,0,0,0,0,0,0,1708787686006,left,acc,-0.07661445438861847,-0.8403648138046265,-0.7948749661445618,1669049111933,right,acc,0.12210428714752197,-0.8834604024887085,9.797073364257812,-2,-2,-2,-2,-2,-2,-2,-2,-2,-2,-2,-2,-2,-2,-2
1720123595001727600,0,0,0,0,0,0,0,0,0,0,0,0,0,1708787686163,left,acc,-18.4066219329834,-1.1803414821624756,-19.27092933654785,1669049112049,right,acc,0.14365209639072418,-0.8667010068893433,9.813833236694336,-2,-2,-2,-2,-2,-2,-2,-2,-2,-2,-2,-2,-2,-2,-2
1720123595035725700,0,0,0,0,0,0,0,0,0,0,0,0,0,1708787686324,left,acc,8.267178535461426,-12.969390869140625,1.3718775510787964,1669049112213,right,acc,0.1173158809542656,-0.8906430602073669,9.832986831665039,-2,-2,-2,-2,-2,-2,-2,-2,-2,-2,-2,-2,-2,-2,-2
1720123595069240000,0,0,0,0,0,0,0,0,0,0,0,0,0,1708787686444,left,acc,18.66280174255371,-3.9264907836914062,4.034229755401611,1669049112374,right,acc,0.11013327538967133,-0.828393816947937,9.823410034179688,-2,-2,-2,-2,-2,-2,-2,-2,-2,-2,-2,-2,-2,-2,-2
1720123595103237300,0,0,0,0,0,0,0,0,0,0,0,0,0,1708787686562,left,acc,-0.4812345504760742,-8.255207061767578,-3.6320040225982666,1669049112513,right,acc,0.16998831927776337,-0.811634361743927,9.816226959228516,-2,-2,-2,-2,-2,-2,-2,-2,-2,-2,-2,-2,-2,-2,-2
1720123595137272500,0,0,0,0,0,0,0,0,0,0,0,0,0,1708787686723,left,acc,0.5003881454467773,-7.65186882019043,-4.484339714050293,1669049112632,right,acc,0.10534487664699554,-0.8236053586006165,9.797073364257812,-2,-2,-2,-2,-2,-2,-2,-2,-2,-2,-2,-2,-2,-2,-2
1720123595170855700,0,0,0,0,0,0,0,0,0,0,0,0,0,1708787686882,left,acc,-0.9481038451194763,-8.53293514251709,-4.857835292816162,1669049112775,right,acc,0.19393034279346466,-0.8906430602073669,9.84495735168457,-2,-2,-2,-2,-2,-2,-2,-2,-2,-2,-2,-2,-2,-2,-2
1720123595204524100,0,0,0,0,0,0,0,0,0,0,0,0,0,1708787687004,left,acc,-2.205059766769409,-8.556877136230469,-4.63517427444458,1669049112913,right,acc,0.10295066982507706,-0.9026140570640564,9.823410034179688,-2,-2,-2,-2,-2,-2,-2,-2,-2,-2,-2,-2,-2,-2,-2
1720123595238542700,0,0,0,0,0,0,0,0,0,0,0,0,0,1708787687164,left,acc,-7.496245384216309,-7.771578788757324,-1.8291701078414917,1669049113015,right,acc,0.19393034279346466,-0.912190854549408,9.80904483795166,-2,-2,-2,-2,-2,-2,-2,-2,-2,-2,-2,-2,-2,-2,-2
1720123595272136100,0,0,0,0,0,0,0,0,0,0,0,0,0,1708787687304,left,acc,-0.49320554733276367,-7.340622425079346,5.123591423034668,1669049113176,right,acc,0.15562310814857483,-0.8547300100326538,9.818621635437012,-2,-2,-2,-2,-2,-2,-2,-2,-2,-2,-2,-2,-2,-2,-2
1720123595306099700,0,0,0,0,0,0,0,0,0,0,0,0,0,1708787687485,left,acc,1.7812861204147339,-8.200140953063965,8.700529098510742,1669049113296,right,acc,0.17238251864910126,-0.8643068075180054,9.794678688049316,-2,-2,-2,-2,-2,-2,-2,-2,-2,-2,-2,-2,-2,-2,-2
1720123595340110200,0,0,0,0,0,0,0,0,0,0,0,0,0,1708787687606,left,acc,1.359906554222107,-4.702212333679199,11.262324333190918,1669049113435,right,acc,0.14365209639072418,-0.8571242094039917,9.770736694335938,-2,-2,-2,-2,-2,-2,-2,-2,-2,-2,-2,-2,-2,-2,-2
1720123595373622500,0,0,0,0,0,0,0,0,0,0,0,0,0,1708787687727,left,acc,3.8163576126098633,1.0079588890075684,7.582436561584473,1669049113597,right,acc,0.17956513166427612,-0.9002198576927185,9.742006301879883,-2,-2,-2,-2,-2,-2,-2,-2,-2,-2,-2,-2,-2,-2,-2
1720123595407621200,0,0,0,0,0,0,0,0,0,0,0,0,0,1708787687907,left,acc,2.2385785579681396,5.791574001312256,9.248801231384277,1669049113716,right,acc,0.14604631066322327,-0.8810662031173706,9.832986831665039,-2,-2,-2,-2,-2,-2,-2,-2,-2,-2,-2,-2,-2,-2,-2
1720123595441625600,0,0,0,0,0,0,0,0,0,0,0,0,0,1708787688067,left,acc,2.647987127304077,10.843339920043945,9.035717010498047,1669049113858,right,acc,0.1412578970193863,-0.9097966551780701,9.780313491821289,-2,-2,-2,-2,-2,-2,-2,-2,-2,-2,-2,-2,-2,-2,-2
1720123595475135400,0,0,0,0,0,0,0,0,0,0,0,0,0,1708787688107,left,acc,2.2385785579681396,7.196970462799072,5.851428985595703,1669049113998,right,acc,0.13407529890537262,-0.8786720037460327,9.797073364257812,-2,-2,-2,-2,-2,-2,-2,-2,-2,-2,-2,-2,-2,-2,-2
1720123595509135600,0,0,0,0,0,0,0,0,0,0,0,0,0,1708787688353,left,acc,2.849100112915039,4.73573112487793,8.061277389526367,1669049114097,right,acc,0.14604631066322327,-0.8259995579719543,9.840168952941895,-2,-2,-2,-2,-2,-2,-2,-2,-2,-2,-2,-2,-2,-2,-2
1720123595543208900,0,0,0,0,0,0,0,0,0,0,0,0,0,1708787688469,left,acc,1.460463047027588,6.957550048828125,9.289502143859863,1669049114259,right,acc,0.1604115068912506,-0.8427590131759644,9.785101890563965,-2,-2,-2,-2,-2,-2,-2,-2,-2,-2,-2,-2,-2,-2,-2
1720123595576754200,0,0,0,0,0,0,0,0,0,0,0,0,0,1708787688632,left,acc,1.6711528301239014,5.214571475982666,9.064447402954102,1669049114381,right,acc,0.16759411990642548,-0.8451532125473022,9.840168952941895,-2,-2,-2,-2,-2,-2,-2,-2,-2,-2,-2,-2,-2,-2,-2
1720123595610757400,0,0,0,0,0,0,0,0,0,0,0,0,0,1708787688751,left,acc,1.256955862045288,3.5410242080688477,9.062053680419922,1669049114541,right,acc,0.12928688526153564,-0.8403648138046265,9.75397777557373,-2,-2,-2,-2,-2,-2,-2,-2,-2,-2,-2,-2,-2,-2,-2
1720123595644818900,0,0,0,0,0,0,0,0,0,0,0,0,0,1708787688892,left,acc,1.7046716213226318,4.307168960571289,9.287108421325684,1669049114663,right,acc,0.12928688526153564,-0.8355764150619507,9.832986831665039,-2,-2,-2,-2,-2,-2,-2,-2,-2,-2,-2,-2,-2,-2,-2
1720123595678369800,0,0,0,0,0,0,0,0,0,0,0,0,0,1708787689033,left,acc,1.0989385843276978,3.5410242080688477,8.631096839904785,1669049114782,right,acc,0.1412578970193863,-0.8355764150619507,9.75397777557373,-2,-2,-2,-2,-2,-2,-2,-2,-2,-2,-2,-2,-2,-2,-2
1720123595712369500,0,0,0,0,0,0,0,0,0,0,0,0,0,1708787689173,left,acc,0.15562310814857483,4.5609540939331055,9.643844604492188,1669049114942,right,acc,0.1412578970193863,-0.9026140570640564,9.72285270690918,-2,-2,-2,-2,-2,-2,-2,-2,-2,-2,-2,-2,-2,-2,-2
1720123595746419000,0,0,0,0,0,0,0,0,0,0,0,0,0,1708787689334,left,acc,0.19871874153614044,4.908113479614258,8.47547435760498,1669049115063,right,acc,0.15562310814857483,-0.8930372595787048,9.787496566772461,-2,-2,-2,-2,-2,-2,-2,-2,-2,-2,-2,-2,-2,-2,-2
1720123595779990400,0,0,0,0,0,0,0,0,0,0,0,0,0,1708787689412,left,acc,-0.5482721924781799,3.4308910369873047,8.20732307434082,1669049115163,right,acc,0.17717093229293823,-0.8619126081466675,9.751583099365234,-2,-2,-2,-2,-2,-2,-2,-2,-2,-2,-2,-2,-2,-2,-2
1720123595813970400,0,0,0,0,0,0,0,0,0,0,0,0,0,1708787689574,left,acc,-0.6368576288223267,8.746018409729004,9.713275909423828,1669049115323,right,acc,0.2298433631658554,-0.9097966551780701,9.765948295593262,-2,-2,-2,-2,-2,-2,-2,-2,-2,-2,-2,-2,-2,-2,-2
1720123595847961700,0,0,0,0,0,0,0,0,0,0,0,0,0,1708787689735,left,acc,-1.6879122257232666,6.878541469573975,6.730101108551025,1669049115445,right,acc,0.17477671802043915,-0.8427590131759644,9.816226959228516,-2,-2,-2,-2,-2,-2,-2,-2,-2,-2,-2,-2,-2,-2,-2
1720123595881504600,0,0,0,0,0,0,0,0,0,0,0,0,0,1708787689855,left,acc,2.205059766769409,5.643133640289307,5.178658485412598,1669049115546,right,acc,0.16519992053508759,-0.7805097699165344,9.81143856048584,-2,-2,-2,-2,-2,-2,-2,-2,-2,-2,-2,-2,-2,-2,-2
1720123595915635900,0,0,0,0,0,0,0,0,0,0,0,0,0,1708787690016,left,acc,2.013523578643799,1.6089035272598267,4.153939723968506,1669049115705,right,acc,0.17477671802043915,-0.8475474119186401,9.780313491821289,-2,-2,-2,-2,-2,-2,-2,-2,-2,-2,-2,-2,-2,-2,-2
1720123595949377200,0,0,0,0,0,0,0,0,0,0,0,0,0,1708787690177,left,acc,5.700594425201416,1.072602391242981,7.24485445022583,1669049115865,right,acc,0.17717093229293823,-0.8523358106613159,9.818621635437012,-2,-2,-2,-2,-2,-2,-2,-2,-2,-2,-2,-2,-2,-2,-2
1720123595982944400,0,0,0,0,0,0,0,0,0,0,0,0,0,1708787690337,left,acc,8.769960403442383,0.608127236366272,7.481880187988281,1669049115946,right,acc,0.17238251864910126,-0.7924807667732239,9.801861763000488,-2,-2,-2,-2,-2,-2,-2,-2,-2,-2,-2,-2,-2,-2,-2
1720123596016923800,0,0,0,0,0,0,0,0,0,0,0,0,0,1708787690438,left,acc,7.594407558441162,-1.1109095811843872,6.339846134185791,1669049116126,right,acc,0.19153612852096558,-0.8403648138046265,9.828198432922363,-2,-2,-2,-2,-2,-2,-2,-2,-2,-2,-2,-2,-2,-2,-2
1720123596050895600,0,0,0,0,0,0,0,0,0,0,0,0,0,1708787690617,left,acc,5.635950565338135,-2.9161376953125,6.090848922729492,1669049116247,right,acc,0.181959331035614,-0.8834604024887085,9.77791976928711,-2,-2,-2,-2,-2,-2,-2,-2,-2,-2,-2,-2,-2,-2,-2
1720123596084413100,0,0,0,0,0,0,0,0,0,0,0,0,0,1708787690778,left,acc,5.882553577423096,-2.5665841102600098,7.316680431365967,1669049116366,right,acc,0.12928688526153564,-0.8643068075180054,9.775525093078613,-2,-2,-2,-2,-2,-2,-2,-2,-2,-2,-2,-2,-2,-2,-2
1720123596118401500,0,0,0,0,0,0,0,0,0,0,0,0,0,1708787690939,left,acc,-0.038307227194309235,-3.0573954582214355,21.39698028564453,1669049116447,right,acc,0.19153612852096558,-0.9002198576927185,9.849745750427246,-2,-2,-2,-2,-2,-2,-2,-2,-2,-2,-2,-2,-2,-2,-2
1720123596152406300,0,0,0,0,0,0,0,0,0,0,0,0,0,1708787691079,left,acc,0.6177040338516235,-1.0749965906143188,9.44991397857666,0,0,0,0,0,0,-2,-2,-2,-2,-2,-2,-2,-2,-2,-2,-2,-2,-2,-2,-2
1720123596185917500,0,0,0,0,0,0,0,0,0,0,0,0,0,1708787691239,left,acc,0.5267243981361389,-1.05105459690094,9.758766174316406,1669049116730,right,acc,0.1628057211637497,-0.8451532125473022,9.818621635437012,-2,-2,-2,-2,-2,-2,-2,-2,-2,-2,-2,-2,-2,-2,-2
1720123596219917700,0,0,0,0,0,0,0,0,0,0,0,0,0,1708787691419,left,acc,0.38067805767059326,-1.05105459690094,9.770736694335938,1669049116849,right,acc,0.1388636976480484,-0.8786720037460327,9.77791976928711,-2,-2,-2,-2,-2,-2,-2,-2,-2,-2,-2,-2,-2,-2,-2
1720123596253923100,0,0,0,0,0,0,0,0,0,0,0,0,0,1708787691580,left,acc,0.42377370595932007,-1.113303780555725,9.792284965515137,1669049116992,right,acc,0.1628057211637497,-0.8212111592292786,9.806650161743164,-2,-2,-2,-2,-2,-2,-2,-2,-2,-2,-2,-2,-2,-2,-2
1720123596287471700,0,0,0,0,0,0,0,0,0,0,0,0,0,1708787691742,left,acc,0.3902548849582672,-1.094150185585022,9.763554573059082,1669049117112,right,acc,0.10534487664699554,-0.7996633648872375,9.801861763000488,-2,-2,-2,-2,-2,-2,-2,-2,-2,-2,-2,-2,-2,-2,-2
1720123596321432100,0,0,0,0,0,0,0,0,0,0,0,0,0,1708787691901,left,acc,0.42377370595932007,-1.01753568649292,9.725247383117676,1669049117249,right,acc,0.16998831927776337,-0.9074024558067322,9.80904483795166,-2,-2,-2,-2,-2,-2,-2,-2,-2,-2,-2,-2,-2,-2,-2
1720123596355476100,0,0,0,0,0,0,0,0,0,0,0,0,0,1708787692082,left,acc,0.40701428055763245,-1.094150185585022,9.80904483795166,1669049117413,right,acc,0.1149216815829277,-0.8667010068893433,9.742006301879883,-2,-2,-2,-2,-2,-2,-2,-2,-2,-2,-2,-2,-2,-2,-2
1720123596389782800,0,0,0,0,0,0,0,0,0,0,0,0,0,1708787692243,left,acc,0.4381389021873474,-1.1324573755264282,9.710882186889648,1669049117531,right,acc,0.1364694982767105,-0.8858546018600464,9.751583099365234,-2,-2,-2,-2,-2,-2,-2,-2,-2,-2,-2,-2,-2,-2,-2
1720123596423818300,0,0,0,0,0,0,0,0,0,0,0,0,0,1708787692362,left,acc,0.37828385829925537,-1.072602391242981,9.768342971801758,1669049117696,right,acc,0.1604115068912506,-0.8020575642585754,9.818621635437012,-2,-2,-2,-2,-2,-2,-2,-2,-2,-2,-2,-2,-2,-2,-2
1720123596457303700,0,0,0,0,0,0,0,0,0,0,0,0,0,1708787692523,left,acc,0.35913026332855225,-1.0534487962722778,9.742006301879883,1669049117813,right,acc,0.12210428714752197,-0.9050082564353943,9.763554573059082,-2,-2,-2,-2,-2,-2,-2,-2,-2,-2,-2,-2,-2,-2,-2
1720123596491336900,0,0,0,0,0,0,0,0,0,0,0,0,0,1708787692644,left,acc,0.3926490843296051,-1.091755986213684,9.761159896850586,1669049117933,right,acc,0.18914192914962769,-0.849941611289978,9.854534149169922,-2,-2,-2,-2,-2,-2,-2,-2,-2,-2,-2,-2,-2,-2,-2
1720123596525303000,0,0,0,0,0,0,0,0,0,0,0,0,0,1708787692803,left,acc,0.3902548849582672,-0.9959878921508789,9.823410034179688,1669049118077,right,acc,0.17956513166427612,-0.8786720037460327,9.818621635437012,-2,-2,-2,-2,-2,-2,-2,-2,-2,-2,-2,-2,-2,-2,-2
1720123596559504500,0,0,0,0,0,0,0,0,0,0,0,0,0,1708787692968,left,acc,0.4381389021873474,-1.1061211824417114,9.761159896850586,1669049118214,right,acc,0.10534487664699554,-0.8595184087753296,9.761159896850586,-2,-2,-2,-2,-2,-2,-2,-2,-2,-2,-2,-2,-2,-2,-2
1720123596593639200,0,0,0,0,0,0,0,0,0,0,0,0,0,1708787693085,left,acc,0.3711012601852417,-1.0414776802062988,9.718064308166504,1669049118314,right,acc,0.1628057211637497,-0.9169792532920837,9.775525093078613,-2,-2,-2,-2,-2,-2,-2,-2,-2,-2,-2,-2,-2,-2,-2
1720123596627606100,0,0,0,0,0,0,0,0,0,0,0,0,0,1708787693185,left,acc,0.3998316824436188,-1.0654197931289673,9.75637149810791,1669049118496,right,acc,0.14844051003456116,-0.8451532125473022,9.847352027893066,-2,-2,-2,-2,-2,-2,-2,-2,-2,-2,-2,-2,-2,-2,-2
1720123596661158200,0,0,0,0,0,0,0,0,0,0,0,0,0,1708787693365,left,acc,0.3998316824436188,-1.0462661981582642,9.806650161743164,1669049118615,right,acc,0.1364694982767105,-0.8954314589500427,9.876082420349121,-2,-2,-2,-2,-2,-2,-2,-2,-2,-2,-2,-2,-2,-2,-2
1720123596695152400,0,0,0,0,0,0,0,0,0,0,0,0,0,1708787693485,left,acc,0.395043283700943,-1.0893617868423462,9.806650161743164,1669049118758,right,acc,0.22744916379451752,-0.9002198576927185,9.830592155456543,-2,-2,-2,-2,-2,-2,-2,-2,-2,-2,-2,-2,-2,-2,-2
1720123596729118800,0,0,0,0,0,0,0,0,0,0,0,0,0,1708787693647,left,acc,0.363918662071228,-1.1300631761550903,9.725247383117676,1669049118879,right,acc,0.16998831927776337,-0.8379706144332886,9.80904483795166,-2,-2,-2,-2,-2,-2,-2,-2,-2,-2,-2,-2,-2,-2,-2
1720123596762735200,0,0,0,0,0,0,0,0,0,0,0,0,0,1708787693767,left,acc,0.3902548849582672,-1.0773907899856567,9.78989028930664,1669049118998,right,acc,0.1412578970193863,-0.8475474119186401,9.794678688049316,-2,-2,-2,-2,-2,-2,-2,-2,-2,-2,-2,-2,-2,-2,-2
1720123596796702600,0,0,0,0,0,0,0,0,0,0,0,0,0,1708787693908,left,acc,0.42616790533065796,-1.0319008827209473,9.77791976928711,1669049119158,right,acc,0.1628057211637497,-0.8236053586006165,9.792284965515137,-2,-2,-2,-2,-2,-2,-2,-2,-2,-2,-2,-2,-2,-2,-2
1720123596830744700,0,0,0,0,0,0,0,0,0,0,0,0,0,1708787694069,left,acc,0.3734954595565796,-1.039083480834961,9.773131370544434,1669049119279,right,acc,0.14365209639072418,-0.8858546018600464,9.780313491821289,-2,-2,-2,-2,-2,-2,-2,-2,-2,-2,-2,-2,-2,-2,-2
1720123596864365800,0,0,0,0,0,0,0,0,0,0,0,0,0,1708787694229,left,acc,0.33997663855552673,-1.0654197931289673,9.75637149810791,1669049119418,right,acc,0.18914192914962769,-0.8882488012313843,9.825803756713867,-2,-2,-2,-2,-2,-2,-2,-2,-2,-2,-2,-2,-2,-2,-2
1720123596898371600,0,0,0,0,0,0,0,0,0,0,0,0,0,1708787694350,left,acc,0.3519476354122162,-1.070208191871643,9.68694019317627,1669049119541,right,acc,0.11971008777618408,-0.912190854549408,9.768342971801758,-2,-2,-2,-2,-2,-2,-2,-2,-2,-2,-2,-2,-2,-2,-2
1720123596932243300,0,0,0,0,0,0,0,0,0,0,0,0,0,1708787694528,left,acc,0.4141969084739685,-1.0797849893569946,9.787496566772461,1669049119700,right,acc,0.19153612852096558,-0.8379706144332886,9.830592155456543,-2,-2,-2,-2,-2,-2,-2,-2,-2,-2,-2,-2,-2,-2,-2
1720123596965629400,0,0,0,0,0,0,0,0,0,0,0,0,0,1708787694651,left,acc,0.3998316824436188,-0.9983820915222168,9.787496566772461,1669049119862,right,acc,0.12689268589019775,-0.8355764150619507,9.86889934539795,-2,-2,-2,-2,-2,-2,-2,-2,-2,-2,-2,-2,-2,-2,-2
1720123596999666300,0,0,0,0,0,0,0,0,0,0,0,0,0,1708787694814,left,acc,0.42377370595932007,-1.036689281463623,9.804255485534668,1669049120021,right,acc,0.1364694982767105,-0.828393816947937,9.732429504394531,-2,-2,-2,-2,-2,-2,-2,-2,-2,-2,-2,-2,-2,-2,-2
1720123597033666400,0,0,0,0,0,0,0,0,0,0,0,0,0,1708787694953,left,acc,0.45489832758903503,-1.1085153818130493,9.732429504394531,1669049120241,right,acc,0.11971008777618408,-0.871489405632019,9.713275909423828,-2,-2,-2,-2,-2,-2,-2,-2,-2,-2,-2,-2,-2,-2,-2
1720123597067250700,0,0,0,0,0,0,0,0,0,0,0,0,0,1708787695072,left,acc,0.3926490843296051,-1.0582371950149536,9.749189376831055,1669049120402,right,acc,0.11252748221158981,-0.8475474119186401,9.78989028930664,-2,-2,-2,-2,-2,-2,-2,-2,-2,-2,-2,-2,-2,-2,-2
1720123597101285200,0,0,0,0,0,0,0,0,0,0,0,0,0,1708787693406,left,acc,0.40701428055763245,-1.072602391242981,9.758766174316406,1669049120543,right,acc,0.14604631066322327,-0.8762778043746948,9.75397777557373,-2,-2,-2,-2,-2,-2,-2,-2,-2,-2,-2,-2,-2,-2,-2
1720123597135251800,0,0,0,0,0,0,0,0,0,0,0,0,0,1708787695332,left,acc,0.3758896589279175,-1.1204863786697388,9.763554573059082,1669049120706,right,acc,0.16759411990642548,-0.8547300100326538,9.806650161743164,-2,-2,-2,-2,-2,-2,-2,-2,-2,-2,-2,-2,-2,-2,-2
1720123597168767800,0,0,0,0,0,0,0,0,0,0,0,0,0,1708787695533,left,acc,0.4189853072166443,-1.0893617868423462,9.718064308166504,1669049120848,right,acc,0.15562310814857483,-0.9074024558067322,9.75637149810791,-2,-2,-2,-2,-2,-2,-2,-2,-2,-2,-2,-2,-2,-2,-2
1720123597202767900,0,0,0,0,0,0,0,0,0,0,0,0,0,1708787695674,left,acc,0.363918662071228,-1.0989385843276978,9.75637149810791,1669049121026,right,acc,0.13407529890537262,-0.8690952062606812,9.770736694335938,-2,-2,-2,-2,-2,-2,-2,-2,-2,-2,-2,-2,-2,-2,-2
1720123597236766600,0,0,0,0,0,0,0,0,0,0,0,0,0,1708787695794,left,acc,0.33758243918418884,-1.1109095811843872,9.832986831665039,1669049121145,right,acc,0.17956513166427612,-0.8403648138046265,9.818621635437012,-2,-2,-2,-2,-2,-2,-2,-2,-2,-2,-2,-2,-2,-2,-2
1720123597270296000,0,0,0,0,0,0,0,0,0,0,0,0,0,1708787695754,left,acc,0.40222588181495667,-1.1061211824417114,9.718064308166504,1669049121108,right,acc,0.17477671802043915,-0.8379706144332886,9.78989028930664,-2,-2,-2,-2,-2,-2,-2,-2,-2,-2,-2,-2,-2,-2,-2
1720123597304294300,0,0,0,0,0,0,0,0,0,0,0,0,0,1708787695714,left,acc,0.3495534360408783,-1.0654197931289673,9.691728591918945,1669049121064,right,acc,0.1388636976480484,-0.8092401623725891,9.825803756713867,-2,-2,-2,-2,-2,-2,-2,-2,-2,-2,-2,-2,-2,-2,-2
1720123597338294400,0,0,0,0,0,0,0,0,0,0,0,0,0,1708787695855,left,acc,0.33997663855552673,-1.0247182846069336,9.68933391571045,1669049121165,right,acc,0.1604115068912506,-0.849941611289978,9.832986831665039,-2,-2,-2,-2,-2,-2,-2,-2,-2,-2,-2,-2,-2,-2,-2
1720123597371809800,0,0,0,0,0,0,0,0,0,0,0,0,0,1708787695634,left,acc,0.42616790533065796,-1.0797849893569946,9.765948295593262,1669049121346,right,acc,0.15562310814857483,-0.8427590131759644,9.81143856048584,-2,-2,-2,-2,-2,-2,-2,-2,-2,-2,-2,-2,-2,-2,-2
1720123597405807900,0,0,0,0,0,0,0,0,0,0,0,0,0,1708787695593,left,acc,0.38546648621559143,-1.036689281463623,9.780313491821289,1669049121509,right,acc,0.19632454216480255,-0.7924807667732239,9.84495735168457,-2,-2,-2,-2,-2,-2,-2,-2,-2,-2,-2,-2,-2,-2,-2
1720123597439810100,0,0,0,0,0,0,0,0,0,0,0,0,0,1708787695939,left,acc,0.3711012601852417,-1.0845733880996704,9.770736694335938,1669049121547,right,acc,0.12210428714752197,-0.8882488012313843,9.823410034179688,-2,-2,-2,-2,-2,-2,-2,-2,-2,-2,-2,-2,-2,-2,-2
1720123597473323800,0,0,0,0,0,0,0,0,0,0,0,0,0,1708787696055,left,acc,0.395043283700943,-1.070208191871643,9.75637149810791,1669049121771,right,acc,0.15322890877723694,-0.8834604024887085,9.80904483795166,-2,-2,-2,-2,-2,-2,-2,-2,-2,-2,-2,-2,-2,-2,-2
1720123597507322500,0,0,0,0,0,0,0,0,0,0,0,0,0,1708787696256,left,acc,0.3208230137825012,-1.048660397529602,9.780313491821289,1669049121967,right,acc,0.19153612852096558,-0.8427590131759644,9.77791976928711,-2,-2,-2,-2,-2,-2,-2,-2,-2,-2,-2,-2,-2,-2,-2
1720123597541358500,0,0,0,0,0,0,0,0,0,0,0,0,0,1708787696373,left,acc,0.47405192255973816,-1.0893617868423462,9.744400978088379,1669049122111,right,acc,0.24181437492370605,-0.8451532125473022,9.840168952941895,-2,-2,-2,-2,-2,-2,-2,-2,-2,-2,-2,-2,-2,-2,-2
1720123597574942400,0,0,0,0,0,0,0,0,0,0,0,0,0,1708787696536,left,acc,0.40940847992897034,-1.0773907899856567,9.84495735168457,1669049122270,right,acc,0.14365209639072418,-0.8762778043746948,9.758766174316406,-2,-2,-2,-2,-2,-2,-2,-2,-2,-2,-2,-2,-2,-2,-2
1720123597608977400,0,0,0,0,0,0,0,0,0,0,0,0,0,1708787696697,left,acc,0.35673606395721436,-1.070208191871643,9.813833236694336,1669049122491,right,acc,0.15083470940589905,-0.8427590131759644,9.794678688049316,-2,-2,-2,-2,-2,-2,-2,-2,-2,-2,-2,-2,-2,-2,-2
1720123597643024500,0,0,0,0,0,0,0,0,0,0,0,0,0,1708787696856,left,acc,0.38546648621559143,-1.1061211824417114,9.758766174316406,1669049122650,right,acc,0.1628057211637497,-0.8523358106613159,9.813833236694336,-2,-2,-2,-2,-2,-2,-2,-2,-2,-2,-2,-2,-2,-2,-2
1720123597677158100,0,0,0,0,0,0,0,0,0,0,0,0,0,1708787696976,left,acc,0.3663128614425659,-1.0247182846069336,9.792284965515137,1669049122796,right,acc,0.10295066982507706,-0.849941611289978,9.828198432922363,-2,-2,-2,-2,-2,-2,-2,-2,-2,-2,-2,-2,-2,-2,-2
1720123597711159300,0,0,0,0,0,0,0,0,0,0,0,0,0,1708787697139,left,acc,0.49559974670410156,-1.0797849893569946,9.75637149810791,1669049122951,right,acc,0.1604115068912506,-0.8834604024887085,9.854534149169922,-2,-2,-2,-2,-2,-2,-2,-2,-2,-2,-2,-2,-2,-2,-2
1720123597745165400,0,0,0,0,0,0,0,0,0,0,0,0,0,1708787697299,left,acc,0.4141969084739685,-1.036689281463623,9.72285270690918,1669049123114,right,acc,0.17238251864910126,-0.8355764150619507,9.77791976928711,-2,-2,-2,-2,-2,-2,-2,-2,-2,-2,-2,-2,-2,-2,-2
1720123597778585400,0,0,0,0,0,0,0,0,0,0,0,0,0,1708787697461,left,acc,0.3687070608139038,-1.1204863786697388,9.780313491821289,1669049123232,right,acc,0.12689268589019775,-0.8858546018600464,9.806650161743164,-2,-2,-2,-2,-2,-2,-2,-2,-2,-2,-2,-2,-2,-2,-2
1720123597812584700,0,0,0,0,0,0,0,0,0,0,0,0,0,1708787697620,left,acc,0.4118026793003082,-1.0199298858642578,9.773131370544434,1669049123373,right,acc,0.1843535304069519,-0.8930372595787048,9.80904483795166,-2,-2,-2,-2,-2,-2,-2,-2,-2,-2,-2,-2,-2,-2,-2
1720123597846590300,0,0,0,0,0,0,0,0,0,0,0,0,0,1708787697784,left,acc,0.37828385829925537,-1.0319008827209473,9.761159896850586,1669049123495,right,acc,0.16759411990642548,-0.9002198576927185,9.830592155456543,-2,-2,-2,-2,-2,-2,-2,-2,-2,-2,-2,-2,-2,-2,-2
1720123597880097400,0,0,0,0,0,0,0,0,0,0,0,0,0,1708787697901,left,acc,0.40462008118629456,-1.0749965906143188,9.804255485534668,1669049123633,right,acc,0.11252748221158981,-0.8882488012313843,9.787496566772461,-2,-2,-2,-2,-2,-2,-2,-2,-2,-2,-2,-2,-2,-2,-2
1720123597914099100,0,0,0,0,0,0,0,0,0,0,0,0,0,1708787698063,left,acc,0.395043283700943,-1.0582371950149536,9.825803756713867,1669049123757,right,acc,0.10773907601833344,-0.8427590131759644,9.742006301879883,-2,-2,-2,-2,-2,-2,-2,-2,-2,-2,-2,-2,-2,-2,-2
1720123597947607800,0,0,0,0,0,0,0,0,0,0,0,0,0,1708787698201,left,acc,-0.021547814831137657,-0.608127236366272,9.622296333312988,1669049121465,right,acc,0.2298433631658554,-0.8810662031173706,9.792284965515137,-2,-2,-2,-2,-2,-2,-2,-2,-2,-2,-2,-2,-2,-2,-2
1720123597981164300,0,0,0,0,0,0,0,0,0,0,0,0,0,1708787698320,left,acc,-0.14844051003456116,-0.9241618514060974,9.703699111938477,1669049124016,right,acc,0.12689268589019775,-0.8523358106613159,9.794678688049316,-2,-2,-2,-2,-2,-2,-2,-2,-2,-2,-2,-2,-2,-2,-2
1720123598015163500,0,0,0,0,0,0,0,0,0,0,0,0,0,1708787698481,left,acc,0.3519476354122162,-0.8690952062606812,9.938331604003906,1669049124116,right,acc,0.12928688526153564,-0.9193734526634216,9.782708168029785,-2,-2,-2,-2,-2,-2,-2,-2,-2,-2,-2,-2,-2,-2,-2
1720123598049185000,0,0,0,0,0,0,0,0,0,0,0,0,0,1708787698603,left,acc,-0.15562310814857483,-1.8339585065841675,9.607931137084961,1669049124256,right,acc,0.18914192914962769,-0.8403648138046265,9.787496566772461,-2,-2,-2,-2,-2,-2,-2,-2,-2,-2,-2,-2,-2,-2,-2
1720123598082679900,0,0,0,0,0,0,0,0,0,0,0,0,0,1708787698764,left,acc,1.3335703611373901,-0.3734954595565796,11.02051067352295,1669049124358,right,acc,0.14844051003456116,-0.8307880163192749,9.794678688049316,-2,-2,-2,-2,-2,-2,-2,-2,-2,-2,-2,-2,-2,-2,-2
1720123598116681800,0,0,0,0,0,0,0,0,0,0,0,0,0,1708787698925,left,acc,0.45489832758903503,-1.1061211824417114,9.806650161743164,1669049124498,right,acc,0.2059013396501541,-0.849941611289978,9.813833236694336,-2,-2,-2,-2,-2,-2,-2,-2,-2,-2,-2,-2,-2,-2,-2
1720123598150687200,0,0,0,0,0,0,0,0,0,0,0,0,0,1708787699085,left,acc,4.4532151222229,-3.5960910320281982,9.47146224975586,1669049124639,right,acc,0.1149216815829277,-0.871489405632019,9.792284965515137,-2,-2,-2,-2,-2,-2,-2,-2,-2,-2,-2,-2,-2,-2,-2
1720123598184194600,0,0,0,0,0,0,0,0,0,0,0,0,0,1708787699205,left,acc,0.0694318488240242,-20.673931121826172,4.946420669555664,1669049124775,right,acc,0.19632454216480255,-0.8858546018600464,9.821015357971191,-2,-2,-2,-2,-2,-2,-2,-2,-2,-2,-2,-2,-2,-2,-2
1720123598218194900,0,0,0,0,0,0,0,0,0,0,0,0,0,1708787699367,left,acc,0.395043283700943,-12.375628471374512,-4.000710964202881,1669049124898,right,acc,0.16519992053508759,-0.8403648138046265,9.787496566772461,-2,-2,-2,-2,-2,-2,-2,-2,-2,-2,-2,-2,-2,-2,-2
1720123598252201600,0,0,0,0,0,0,0,0,0,0,0,0,0,1708787699526,left,acc,1.036689281463623,-6.8162922859191895,0.6775590777397156,1669049125021,right,acc,0.1867477297782898,-0.8379706144332886,9.801861763000488,-2,-2,-2,-2,-2,-2,-2,-2,-2,-2,-2,-2,-2,-2,-2
1720123598285772600,0,0,0,0,0,0,0,0,0,0,0,0,0,1708787699687,left,acc,-0.24899697303771973,-3.2561142444610596,0.4381389021873474,1669049125161,right,acc,0.181959331035614,-0.8595184087753296,9.828198432922363,-2,-2,-2,-2,-2,-2,-2,-2,-2,-2,-2,-2,-2,-2,-2
1720123598319738600,0,0,0,0,0,0,0,0,0,0,0,0,0,1708787699847,left,acc,-0.3998316824436188,-9.299078941345215,0.507570743560791,1669049125281,right,acc,0.13407529890537262,-0.8690952062606812,9.78989028930664,-2,-2,-2,-2,-2,-2,-2,-2,-2,-2,-2,-2,-2,-2,-2
1720123598353741100,0,0,0,0,0,0,0,0,0,0,0,0,0,1708787699988,left,acc,5.166687488555908,-14.877569198608398,-4.477157115936279,1669049125423,right,acc,0.15083470940589905,-0.7972691655158997,9.780313491821289,-2,-2,-2,-2,-2,-2,-2,-2,-2,-2,-2,-2,-2,-2,-2
1720123598387293800,0,0,0,0,0,0,0,0,0,0,0,0,0,1708787700148,left,acc,2.8155810832977295,-14.326903343200684,-5.054159641265869,1669049125562,right,acc,0.19393034279346466,-0.8571242094039917,9.75637149810791,-2,-2,-2,-2,-2,-2,-2,-2,-2,-2,-2,-2,-2,-2,-2
1720123598421283800,0,0,0,0,0,0,0,0,0,0,0,0,0,1708787700270,left,acc,3.7229835987091064,-12.749124526977539,1.2521674633026123,1669049125704,right,acc,0.1628057211637497,-0.8643068075180054,9.75397777557373,-2,-2,-2,-2,-2,-2,-2,-2,-2,-2,-2,-2,-2,-2,-2
1720123598455330200,0,0,0,0,0,0,0,0,0,0,0,0,0,1708787700430,left,acc,1.0295066833496094,-7.486668586730957,0.9792284965515137,1669049125843,right,acc,0.19871874153614044,-0.8595184087753296,9.837775230407715,-2,-2,-2,-2,-2,-2,-2,-2,-2,-2,-2,-2,-2,-2,-2
1720123598489464100,0,0,0,0,0,0,0,0,0,0,0,0,0,1708787700594,left,acc,2.540247917175293,-12.63899040222168,-1.7693150043487549,1669049125964,right,acc,0.15322890877723694,-0.8595184087753296,9.80904483795166,-2,-2,-2,-2,-2,-2,-2,-2,-2,-2,-2,-2,-2,-2,-2
1720123598523429100,0,0,0,0,0,0,0,0,0,0,0,0,0,1708787700711,left,acc,4.836287498474121,-7.977479934692383,-3.5266590118408203,1669049126106,right,acc,0.1173158809542656,-0.8451532125473022,9.787496566772461,-2,-2,-2,-2,-2,-2,-2,-2,-2,-2,-2,-2,-2,-2,-2
1720123598557478000,0,0,0,0,0,0,0,0,0,0,0,0,0,1708787700872,left,acc,2.695871114730835,-11.202469825744629,-3.3039982318878174,1669049126246,right,acc,0.1843535304069519,-0.8667010068893433,9.794678688049316,-2,-2,-2,-2,-2,-2,-2,-2,-2,-2,-2,-2,-2,-2,-2
1720123598591660900,0,0,0,0,0,0,0,0,0,0,0,0,0,1708787701032,left,acc,1.9512743949890137,-9.069235801696777,-0.6536170840263367,1669049126364,right,acc,0.14604631066322327,-0.8236053586006165,9.828198432922363,-2,-2,-2,-2,-2,-2,-2,-2,-2,-2,-2,-2,-2,-2,-2
1720123598625266400,0,0,0,0,0,0,0,0,0,0,0,0,0,1708787701112,left,acc,2.233790159225464,-9.854534149169922,-0.7374141216278076,1669049126529,right,acc,0.1604115068912506,-0.8379706144332886,9.81143856048584,-2,-2,-2,-2,-2,-2,-2,-2,-2,-2,-2,-2,-2,-2,-2
1720123598658825400,0,0,0,0,0,0,0,0,0,0,0,0,0,1708787701273,left,acc,3.845088005065918,-10.316615104675293,2.145204782485962,1669049126665,right,acc,0.12689268589019775,-0.8020575642585754,9.84256362915039,-2,-2,-2,-2,-2,-2,-2,-2,-2,-2,-2,-2,-2,-2,-2
1720123598692830800,0,0,0,0,0,0,0,0,0,0,0,0,0,1708787701393,left,acc,2.10210919380188,-10.498574256896973,-2.652775526046753,1669049126808,right,acc,0.1388636976480484,-0.8930372595787048,9.765948295593262,-2,-2,-2,-2,-2,-2,-2,-2,-2,-2,-2,-2,-2,-2,-2
1720123598726792800,0,0,0,0,0,0,0,0,0,0,0,0,0,1708787701552,left,acc,2.1547815799713135,-8.573636054992676,1.4652514457702637,1669049126929,right,acc,0.14604631066322327,-0.8355764150619507,9.770736694335938,-2,-2,-2,-2,-2,-2,-2,-2,-2,-2,-2,-2,-2,-2,-2
1720123598760459500,0,0,0,0,0,0,0,0,0,0,0,0,0,1708787701714,left,acc,-1.048660397529602,-9.837775230407715,5.884947776794434,1669049127067,right,acc,0.1628057211637497,-0.8547300100326538,9.785101890563965,-2,-2,-2,-2,-2,-2,-2,-2,-2,-2,-2,-2,-2,-2,-2
1720123598794466700,0,0,0,0,0,0,0,0,0,0,0,0,0,1708787701834,left,acc,3.550601005554199,-8.80587387084961,1.6903064250946045,1669049127189,right,acc,0.1604115068912506,-0.9002198576927185,9.852140426635742,-2,-2,-2,-2,-2,-2,-2,-2,-2,-2,-2,-2,-2,-2,-2
1720123598828419700,0,0,0,0,0,0,0,0,0,0,0,0,0,1708787701994,left,acc,2.1930887699127197,-7.158663272857666,7.084442615509033,1669049127348,right,acc,0.15562310814857483,-0.8451532125473022,9.816226959228516,-2,-2,-2,-2,-2,-2,-2,-2,-2,-2,-2,-2,-2,-2,-2
1720123598862694300,0,0,0,0,0,0,0,0,0,0,0,0,0,1708787702155,left,acc,2.9041666984558105,-3.890577793121338,9.619902610778809,1669049127490,right,acc,0.2106897532939911,-0.8523358106613159,9.830592155456543,-2,-2,-2,-2,-2,-2,-2,-2,-2,-2,-2,-2,-2,-2,-2
1720123598896917000,0,0,0,0,0,0,0,0,0,0,0,0,0,1708787702236,left,acc,-1.01753568649292,0.15562310814857483,5.578489780426025,1669049127571,right,acc,0.20111294090747833,-0.8307880163192749,9.80904483795166,-2,-2,-2,-2,-2,-2,-2,-2,-2,-2,-2,-2,-2,-2,-2
1720123598930889000,0,0,0,0,0,0,0,0,0,0,0,0,0,1708787702395,left,acc,-0.5506663918495178,-0.8738836050033569,5.7125654220581055,1669049127692,right,acc,0.17956513166427612,-0.8643068075180054,9.806650161743164,-2,-2,-2,-2,-2,-2,-2,-2,-2,-2,-2,-2,-2,-2,-2
1720123598964421100,0,0,0,0,0,0,0,0,0,0,0,0,0,1708787698021,left,acc,0.3447650372982025,-1.0845733880996704,9.708487510681152,1669049127793,right,acc,0.1628057211637497,-0.8690952062606812,9.801861763000488,-2,-2,-2,-2,-2,-2,-2,-2,-2,-2,-2,-2,-2,-2,-2
1720123598998455200,0,0,0,0,0,0,0,0,0,0,0,0,0,1708787702678,left,acc,0.3495534360408783,-1.2473790645599365,9.648633003234863,1669049127952,right,acc,0.17717093229293823,-0.8451532125473022,9.830592155456543,-2,-2,-2,-2,-2,-2,-2,-2,-2,-2,-2,-2,-2,-2,-2
1720123599032456300,0,0,0,0,0,0,0,0,0,0,0,0,0,1708787702817,left,acc,0.12449848651885986,-0.7398083209991455,10.682928085327148,1669049128073,right,acc,0.1867477297782898,-0.8331822156906128,9.78989028930664,-2,-2,-2,-2,-2,-2,-2,-2,-2,-2,-2,-2,-2,-2,-2
1720123599066070000,0,0,0,0,0,0,0,0,0,0,0,0,0,1708787702938,left,acc,0.3687070608139038,-0.9624691009521484,9.914389610290527,1669049128193,right,acc,0.15562310814857483,-0.8451532125473022,9.821015357971191,-2,-2,-2,-2,-2,-2,-2,-2,-2,-2,-2,-2,-2,-2,-2
1720123599100036000,0,0,0,0,0,0,0,0,0,0,0,0,0,1708787703099,left,acc,0.08858546614646912,-1.1348515748977661,9.919178009033203,1669049128354,right,acc,0.14365209639072418,-0.8379706144332886,9.785101890563965,-2,-2,-2,-2,-2,-2,-2,-2,-2,-2,-2,-2,-2,-2,-2
1720123599134071900,0,0,0,0,0,0,0,0,0,0,0,0,0,1708787703218,left,acc,0.23702596127986908,-1.192312479019165,10.194510459899902,1669049128474,right,acc,0.17238251864910126,-0.8930372595787048,9.828198432922363,-2,-2,-2,-2,-2,-2,-2,-2,-2,-2,-2,-2,-2,-2,-2
1720123599167654400,0,0,0,0,0,0,0,0,0,0,0,0,0,1708787703380,left,acc,-0.06464344263076782,-1.7070658206939697,9.62947940826416,1669049128634,right,acc,0.17477671802043915,-0.8475474119186401,9.75397777557373,-2,-2,-2,-2,-2,-2,-2,-2,-2,-2,-2,-2,-2,-2,-2
1720123599201621400,0,0,0,0,0,0,0,0,0,0,0,0,0,1708787703540,left,acc,0.20111294090747833,-1.3287819623947144,9.78989028930664,1669049128778,right,acc,0.17717093229293823,-0.8762778043746948,9.787496566772461,-2,-2,-2,-2,-2,-2,-2,-2,-2,-2,-2,-2,-2,-2,-2
1720123599235639700,0,0,0,0,0,0,0,0,0,0,0,0,0,1708787703659,left,acc,0.2825157940387726,-1.314416766166687,9.677363395690918,1669049128896,right,acc,0.0933738648891449,-0.8738836050033569,9.821015357971191,-2,-2,-2,-2,-2,-2,-2,-2,-2,-2,-2,-2,-2,-2,-2
1720123599269144000,0,0,0,0,0,0,0,0,0,0,0,0,0,1708787703825,left,acc,0.2585737705230713,-1.3982137441635132,9.684545516967773,1669049129059,right,acc,0.22266076505184174,-0.7374141216278076,9.95748519897461,-2,-2,-2,-2,-2,-2,-2,-2,-2,-2,-2,-2,-2,-2,-2
1720123599302590400,0,0,0,0,0,0,0,0,0,0,0,0,0,1708787703941,left,acc,0.26815059781074524,-1.4437036514282227,9.667786598205566,1669049129177,right,acc,0.043095629662275314,-0.9313444495201111,9.658209800720215,-2,-2,-2,-2,-2,-2,-2,-2,-2,-2,-2,-2,-2,-2,-2
1720123599336730000,0,0,0,0,0,0,0,0,0,0,0,0,0,1708787704062,left,acc,0.2537853717803955,-1.3670891523361206,9.643844604492188,1669049129316,right,acc,0.181959331035614,-0.8571242094039917,9.80904483795166,-2,-2,-2,-2,-2,-2,-2,-2,-2,-2,-2,-2,-2,-2,-2
1720123599370347700,0,0,0,0,0,0,0,0,0,0,0,0,0,1708787704223,left,acc,0.22266076505184174,-1.3694833517074585,9.737217903137207,1669049129478,right,acc,0.1412578970193863,-0.8355764150619507,9.832986831665039,-2,-2,-2,-2,-2,-2,-2,-2,-2,-2,-2,-2,-2,-2,-2
1720123599404350400,0,0,0,0,0,0,0,0,0,0,0,0,0,1708787704342,left,acc,0.2346317619085312,-1.3192051649093628,9.658209800720215,1669049129579,right,acc,0.15083470940589905,-0.9002198576927185,9.818621635437012,-2,-2,-2,-2,-2,-2,-2,-2,-2,-2,-2,-2,-2,-2,-2
1720123599438312300,0,0,0,0,0,0,0,0,0,0,0,0,0,1708787704523,left,acc,0.24420857429504395,-1.2976573705673218,9.782708168029785,1669049129718,right,acc,0.2298433631658554,-0.8954314589500427,9.832986831665039,-2,-2,-2,-2,-2,-2,-2,-2,-2,-2,-2,-2,-2,-2,-2
1720123599471858300,0,0,0,0,0,0,0,0,0,0,0,0,0,1708787704685,left,acc,0.1628057211637497,-1.3096283674240112,9.68933391571045,1669049129841,right,acc,0.18914192914962769,-0.8331822156906128,9.78989028930664,-2,-2,-2,-2,-2,-2,-2,-2,-2,-2,-2,-2,-2,-2,-2
1720123599505858300,0,0,0,0,0,0,0,0,0,0,0,0,0,1708787704804,left,acc,0.2346317619085312,-1.357512354850769,9.761159896850586,1669049129980,right,acc,0.2059013396501541,-0.8092401623725891,9.739612579345703,-2,-2,-2,-2,-2,-2,-2,-2,-2,-2,-2,-2,-2,-2,-2
1720123599539858900,0,0,0,0,0,0,0,0,0,0,0,0,0,1708787704965,left,acc,0.33758243918418884,-1.3551181554794312,9.749189376831055,1669049130100,right,acc,0.14604631066322327,-0.849941611289978,9.835380554199219,-2,-2,-2,-2,-2,-2,-2,-2,-2,-2,-2,-2,-2,-2,-2
1720123599573382900,0,0,0,0,0,0,0,0,0,0,0,0,0,1708787705125,left,acc,0.29209262132644653,-1.3862427473068237,9.749189376831055,1669049130262,right,acc,0.22744916379451752,-0.811634361743927,9.797073364257812,-2,-2,-2,-2,-2,-2,-2,-2,-2,-2,-2,-2,-2,-2,-2
1720123599607381100,0,0,0,0,0,0,0,0,0,0,0,0,0,1708787705246,left,acc,0.2753331959247589,-1.3024457693099976,9.691728591918945,1669049130380,right,acc,0.17956513166427612,-0.8475474119186401,9.806650161743164,-2,-2,-2,-2,-2,-2,-2,-2,-2,-2,-2,-2,-2,-2,-2
1720123599641384600,0,0,0,0,0,0,0,0,0,0,0,0,0,1708787705426,left,acc,0.2944868206977844,-1.3287819623947144,9.684545516967773,1669049130481,right,acc,0.15562310814857483,-0.8307880163192749,9.806650161743164,-2,-2,-2,-2,-2,-2,-2,-2,-2,-2,-2,-2,-2,-2,-2
1720123599675020200,0,0,0,0,0,0,0,0,0,0,0,0,0,1708787705547,left,acc,0.2298433631658554,-1.2330138683319092,9.710882186889648,1669049130663,right,acc,0.19153612852096558,-0.8188169598579407,9.816226959228516,-2,-2,-2,-2,-2,-2,-2,-2,-2,-2,-2,-2,-2,-2,-2
1720123599708984400,0,0,0,0,0,0,0,0,0,0,0,0,0,1708787705708,left,acc,0.27054479718208313,-1.3311761617660522,9.713275909423828,1669049130764,right,acc,0.16998831927776337,-0.7924807667732239,9.825803756713867,-2,-2,-2,-2,-2,-2,-2,-2,-2,-2,-2,-2,-2,-2,-2
1720123599742984100,0,0,0,0,0,0,0,0,0,0,0,0,0,1708787705872,left,acc,0.22744916379451752,-1.3239935636520386,9.737217903137207,1669049130925,right,acc,0.2059013396501541,-0.9002198576927185,9.804255485534668,-2,-2,-2,-2,-2,-2,-2,-2,-2,-2,-2,-2,-2,-2,-2
1720123599776572500,0,0,0,0,0,0,0,0,0,0,0,0,0,1708787705989,left,acc,0.24181437492370605,-1.278503656387329,9.744400978088379,1669049131045,right,acc,0.181959331035614,-0.8475474119186401,9.787496566772461,-2,-2,-2,-2,-2,-2,-2,-2,-2,-2,-2,-2,-2,-2,-2
1720123599810539100,0,0,0,0,0,0,0,0,0,0,0,0,0,1708787706109,left,acc,0.21787235140800476,-1.3072341680526733,9.674968719482422,1669049131004,right,acc,0.1867477297782898,-0.871489405632019,9.806650161743164,-2,-2,-2,-2,-2,-2,-2,-2,-2,-2,-2,-2,-2,-2,-2
1720123599844540300,0,0,0,0,0,0,0,0,0,0,0,0,0,1708787706230,left,acc,0.2561795711517334,-1.357512354850769,9.792284965515137,1669049131246,right,acc,0.181959331035614,-0.8259995579719543,9.758766174316406,-2,-2,-2,-2,-2,-2,-2,-2,-2,-2,-2,-2,-2,-2,-2
1720123599878049200,0,0,0,0,0,0,0,0,0,0,0,0,0,1708787706350,left,acc,0.26575639843940735,-1.3455413579940796,9.725247383117676,1669049131383,right,acc,0.13168109953403473,-0.8427590131759644,9.823410034179688,-2,-2,-2,-2,-2,-2,-2,-2,-2,-2,-2,-2,-2,-2,-2
1720123599912052200,0,0,0,0,0,0,0,0,0,0,0,0,0,1708787706470,left,acc,0.21547815203666687,-1.2761094570159912,9.713275909423828,1669049131484,right,acc,0.12689268589019775,-0.8427590131759644,9.765948295593262,-2,-2,-2,-2,-2,-2,-2,-2,-2,-2,-2,-2,-2,-2,-2
1720123599946060800,0,0,0,0,0,0,0,0,0,0,0,0,0,1708787706631,left,acc,0.30885201692581177,-1.278503656387329,9.708487510681152,1669049131606,right,acc,0.12689268589019775,-0.8954314589500427,9.770736694335938,-2,-2,-2,-2,-2,-2,-2,-2,-2,-2,-2,-2,-2,-2,-2
1720123599979598300,0,0,0,0,0,0,0,0,0,0,0,0,0,1708787706750,left,acc,0.3208230137825012,-1.3742717504501343,9.816226959228516,1669049131728,right,acc,0.15322890877723694,-0.8164227604866028,9.794678688049316,-2,-2,-2,-2,-2,-2,-2,-2,-2,-2,-2,-2,-2,-2,-2
1720123600013332800,0,0,0,0,0,0,0,0,0,0,0,0,0,1708787706831,left,acc,0.31603461503982544,-1.2761094570159912,9.696516990661621,1669049131808,right,acc,0.14365209639072418,-0.8619126081466675,9.847352027893066,-2,-2,-2,-2,-2,-2,-2,-2,-2,-2,-2,-2,-2,-2,-2
1720123600047327400,0,0,0,0,0,0,0,0,0,0,0,0,0,1708787706952,left,acc,0.26575639843940735,-1.3455413579940796,9.758766174316406,1669049131909,right,acc,0.1173158809542656,-0.8882488012313843,9.770736694335938,-2,-2,-2,-2,-2,-2,-2,-2,-2,-2,-2,-2,-2,-2,-2
1720123600080852900,0,0,0,0,0,0,0,0,0,0,0,0,0,1708787707073,left,acc,0.30885201692581177,-1.37906014919281,9.66539192199707,1669049132047,right,acc,0.17477671802043915,-0.8355764150619507,9.77791976928711,-2,-2,-2,-2,-2,-2,-2,-2,-2,-2,-2,-2,-2,-2,-2
1720123600114873700,0,0,0,0,0,0,0,0,0,0,0,0,0,1708787707233,left,acc,0.22744916379451752,-1.3239935636520386,9.734824180603027,1669049132167,right,acc,0.12449848651885986,-0.8307880163192749,9.804255485534668,-2,-2,-2,-2,-2,-2,-2,-2,-2,-2,-2,-2,-2,-2,-2
1720123600148686700,0,0,0,0,0,0,0,0,0,0,0,0,0,1708787707354,left,acc,0.2298433631658554,-1.335964560508728,9.684545516967773,1669049132329,right,acc,0.08619125932455063,-0.8906430602073669,9.785101890563965,-2,-2,-2,-2,-2,-2,-2,-2,-2,-2,-2,-2,-2,-2,-2
1720123600182199200,0,0,0,0,0,0,0,0,0,0,0,0,0,1708787707513,left,acc,0.33279404044151306,-1.4269442558288574,9.720458984375,1669049132390,right,acc,0.09816227108240128,-0.849941611289978,9.804255485534668,-2,-2,-2,-2,-2,-2,-2,-2,-2,-2,-2,-2,-2,-2,-2
1720123600216199100,0,0,0,0,0,0,0,0,0,0,0,0,0,1708787707635,left,acc,0.2585737705230713,-1.292868971824646,9.66299819946289,1669049132529,right,acc,0.19393034279346466,-0.8379706144332886,9.765948295593262,-2,-2,-2,-2,-2,-2,-2,-2,-2,-2,-2,-2,-2,-2,-2
1720123600250216700,0,0,0,0,0,0,0,0,0,0,0,0,0,1708787707735,left,acc,0.2322375625371933,-1.3479355573654175,9.715670585632324,1669049132612,right,acc,0.12928688526153564,-0.8595184087753296,9.813833236694336,-2,-2,-2,-2,-2,-2,-2,-2,-2,-2,-2,-2,-2,-2,-2
1720123600283712500,0,0,0,0,0,0,0,0,0,0,0,0,0,1708787707835,left,acc,0.26336219906806946,-1.3120225667953491,9.732429504394531,1669049132772,right,acc,0.16759411990642548,-0.8307880163192749,9.832986831665039,-2,-2,-2,-2,-2,-2,-2,-2,-2,-2,-2,-2,-2,-2,-2
1720123600317712700,0,0,0,0,0,0,0,0,0,0,0,0,0,1708787707920,left,acc,0.2513911724090576,-1.338358759880066,9.751583099365234,1669049132851,right,acc,0.15801730751991272,-0.871489405632019,9.77791976928711,-2,-2,-2,-2,-2,-2,-2,-2,-2,-2,-2,-2,-2,-2,-2
1720123600351716100,0,0,0,0,0,0,0,0,0,0,0,0,0,1708787708075,left,acc,0.23942017555236816,-1.292868971824646,9.730035781860352,1669049132952,right,acc,0.1843535304069519,-0.8595184087753296,9.849745750427246,-2,-2,-2,-2,-2,-2,-2,-2,-2,-2,-2,-2,-2,-2,-2
1720123600385227000,0,0,0,0,0,0,0,0,0,0,0,0,0,1708787708216,left,acc,0.24420857429504395,-1.359906554222107,9.794678688049316,1669049133113,right,acc,0.13407529890537262,-0.8403648138046265,9.775525093078613,-2,-2,-2,-2,-2,-2,-2,-2,-2,-2,-2,-2,-2,-2,-2
1720123600419228700,0,0,0,0,0,0,0,0,0,0,0,0,0,1708787708357,left,acc,0.26096799969673157,-1.3646949529647827,9.763554573059082,1669049133254,right,acc,0.13168109953403473,-0.9074024558067322,9.825803756713867,-2,-2,-2,-2,-2,-2,-2,-2,-2,-2,-2,-2,-2,-2,-2
1720123600453234600,0,0,0,0,0,0,0,0,0,0,0,0,0,1708787708478,left,acc,0.2059013396501541,-1.3215993642807007,9.749189376831055,1669049133395,right,acc,0.19871874153614044,-0.8738836050033569,9.80904483795166,-2,-2,-2,-2,-2,-2,-2,-2,-2,-2,-2,-2,-2,-2,-2
1720123600486742800,0,0,0,0,0,0,0,0,0,0,0,0,0,1708787708599,left,acc,0.2346317619085312,-1.2952631711959839,9.742006301879883,1669049133514,right,acc,0.12449848651885986,-0.8667010068893433,9.84495735168457,-2,-2,-2,-2,-2,-2,-2,-2,-2,-2,-2,-2,-2,-2,-2
1720123600520742900,0,0,0,0,0,0,0,0,0,0,0,0,0,1708787708759,left,acc,0.2106897532939911,-1.338358759880066,9.66299819946289,1669049133633,right,acc,0.15801730751991272,-0.871489405632019,9.854534149169922,-2,-2,-2,-2,-2,-2,-2,-2,-2,-2,-2,-2,-2,-2,-2
1720123600554748800,0,0,0,0,0,0,0,0,0,0,0,0,0,1708787708919,left,acc,0.21547815203666687,-1.3431471586227417,9.763554573059082,1669049133795,right,acc,0.17238251864910126,-0.8667010068893433,9.856928825378418,-2,-2,-2,-2,-2,-2,-2,-2,-2,-2,-2,-2,-2,-2,-2
1720123600588259600,0,0,0,0,0,0,0,0,0,0,0,0,0,1708787709040,left,acc,0.2537853717803955,-1.3407529592514038,9.725247383117676,1669049133896,right,acc,0.17477671802043915,-0.8786720037460327,9.821015357971191,-2,-2,-2,-2,-2,-2,-2,-2,-2,-2,-2,-2,-2,-2,-2
1720123600622261300,0,0,0,0,0,0,0,0,0,0,0,0,0,1708787709160,left,acc,0.22026655077934265,-1.3694833517074585,9.75637149810791,1669049134014,right,acc,0.16759411990642548,-0.8547300100326538,9.821015357971191,-2,-2,-2,-2,-2,-2,-2,-2,-2,-2,-2,-2,-2,-2,-2
1720123600656267500,0,0,0,0,0,0,0,0,0,0,0,0,0,1708787709321,left,acc,0.24181437492370605,-1.3000515699386597,9.739612579345703,1669049134178,right,acc,0.17717093229293823,-0.8930372595787048,9.837775230407715,-2,-2,-2,-2,-2,-2,-2,-2,-2,-2,-2,-2,-2,-2,-2
1720123600689604200,0,0,0,0,0,0,0,0,0,0,0,0,0,1708787709441,left,acc,0.2513911724090576,-1.359906554222107,9.734824180603027,1669049134277,right,acc,0.12928688526153564,-0.8690952062606812,9.730035781860352,-2,-2,-2,-2,-2,-2,-2,-2,-2,-2,-2,-2,-2,-2,-2
1720123600723605300,0,0,0,0,0,0,0,0,0,0,0,0,0,1708787709561,left,acc,0.3232172429561615,-1.4197616577148438,9.765948295593262,1669049134459,right,acc,0.12928688526153564,-0.8212111592292786,9.797073364257812,-2,-2,-2,-2,-2,-2,-2,-2,-2,-2,-2,-2,-2,-2,-2
1720123600757649800,0,0,0,0,0,0,0,0,0,0,0,0,0,1708787709603,left,acc,0.2968810200691223,-1.3623007535934448,9.775525093078613,1669049134558,right,acc,0.14365209639072418,-0.8643068075180054,9.818621635437012,-2,-2,-2,-2,-2,-2,-2,-2,-2,-2,-2,-2,-2,-2,-2
1720123600791161100,0,0,0,0,0,0,0,0,0,0,0,0,0,1708787709826,left,acc,0.24899697303771973,-1.4221558570861816,9.744400978088379,1669049134678,right,acc,0.19871874153614044,-0.9050082564353943,9.80904483795166,-2,-2,-2,-2,-2,-2,-2,-2,-2,-2,-2,-2,-2,-2,-2
1720123600825161400,0,0,0,0,0,0,0,0,0,0,0,0,0,1708787709966,left,acc,0.24181437492370605,-1.3670891523361206,9.725247383117676,1669049134840,right,acc,0.16759411990642548,-0.8571242094039917,9.823410034179688,-2,-2,-2,-2,-2,-2,-2,-2,-2,-2,-2,-2,-2,-2,-2
1720123600859163400,0,0,0,0,0,0,0,0,0,0,0,0,0,1708787710106,left,acc,0.22266076505184174,-1.314416766166687,9.727641105651855,1669049134982,right,acc,0.1604115068912506,-0.871489405632019,9.852140426635742,-2,-2,-2,-2,-2,-2,-2,-2,-2,-2,-2,-2,-2,-2,-2
1720123600892515400,0,0,0,0,0,0,0,0,0,0,0,0,0,1708787710264,left,acc,0.2513911724090576,-1.3503297567367554,9.68694019317627,1669049135099,right,acc,0.15801730751991272,-0.8930372595787048,9.806650161743164,-2,-2,-2,-2,-2,-2,-2,-2,-2,-2,-2,-2,-2,-2,-2
1720123600926518500,0,0,0,0,0,0,0,0,0,0,0,0,0,1708787710425,left,acc,0.2801215946674347,-1.3048399686813354,9.706093788146973,1669049135241,right,acc,0.19632454216480255,-0.871489405632019,9.804255485534668,-2,-2,-2,-2,-2,-2,-2,-2,-2,-2,-2,-2,-2,-2,-2
1720123600960464800,0,0,0,0,0,0,0,0,0,0,0,0,0,1708787710546,left,acc,0.1867477297782898,-1.3215993642807007,9.706093788146973,1669049135381,right,acc,0.17477671802043915,-0.8523358106613159,9.823410034179688,-2,-2,-2,-2,-2,-2,-2,-2,-2,-2,-2,-2,-2,-2,-2
1720123600994463800,0,0,0,0,0,0,0,0,0,0,0,0,0,1708787710685,left,acc,0.22026655077934265,-1.4101848602294922,9.727641105651855,1669049135520,right,acc,0.14844051003456116,-0.8092401623725891,9.80904483795166,-2,-2,-2,-2,-2,-2,-2,-2,-2,-2,-2,-2,-2,-2,-2
1720123601028465500,0,0,0,0,0,0,0,0,0,0,0,0,0,1708787710867,left,acc,0.2513911724090576,-1.3479355573654175,9.6989107131958,1669049135663,right,acc,0.1628057211637497,-0.8427590131759644,9.816226959228516,-2,-2,-2,-2,-2,-2,-2,-2,-2,-2,-2,-2,-2,-2,-2
1720123601062035400,0,0,0,0,0,0,0,0,0,0,0,0,0,1708787711027,left,acc,0.2585737705230713,-1.3239935636520386,9.787496566772461,1669049135823,right,acc,0.09816227108240128,-0.9050082564353943,9.81143856048584,-2,-2,-2,-2,-2,-2,-2,-2,-2,-2,-2,-2,-2,-2,-2
1720123601096022400,0,0,0,0,0,0,0,0,0,0,0,0,0,1708787711188,left,acc,0.20111294090747833,-1.316810965538025,9.751583099365234,1669049136024,right,acc,0.15562310814857483,-0.8188169598579407,9.782708168029785,-2,-2,-2,-2,-2,-2,-2,-2,-2,-2,-2,-2,-2,-2,-2
1720123601130022600,0,0,0,0,0,0,0,0,0,0,0,0,0,1708787711309,left,acc,0.31842881441116333,-1.3527239561080933,9.765948295593262,1669049136245,right,acc,0.15562310814857483,-0.8451532125473022,9.773131370544434,-2,-2,-2,-2,-2,-2,-2,-2,-2,-2,-2,-2,-2,-2,-2
1720123601163538300,0,0,0,0,0,0,0,0,0,0,0,0,0,1708787711472,left,acc,0.21308395266532898,-1.4317326545715332,9.634267807006836,1669049136465,right,acc,0.16519992053508759,-0.8690952062606812,9.780313491821289,-2,-2,-2,-2,-2,-2,-2,-2,-2,-2,-2,-2,-2,-2,-2
1720123601197538300,0,0,0,0,0,0,0,0,0,0,0,0,0,1708787711626,left,acc,0.3064578175544739,-1.3287819623947144,9.694122314453125,1669049136666,right,acc,0.1867477297782898,-0.9241618514060974,9.75397777557373,-2,-2,-2,-2,-2,-2,-2,-2,-2,-2,-2,-2,-2,-2,-2
1720123601231537400,0,0,0,0,0,0,0,0,0,0,0,0,0,1708787711787,left,acc,0.26575639843940735,-1.4221558570861816,9.68694019317627,1669049136826,right,acc,0.17956513166427612,-0.8667010068893433,9.797073364257812,-2,-2,-2,-2,-2,-2,-2,-2,-2,-2,-2,-2,-2,-2,-2
1720123601265053000,0,0,0,0,0,0,0,0,0,0,0,0,0,1708787711950,left,acc,0.2513911724090576,-1.3431471586227417,9.696516990661621,1669049137007,right,acc,0.16759411990642548,-0.8355764150619507,9.775525093078613,-2,-2,-2,-2,-2,-2,-2,-2,-2,-2,-2,-2,-2,-2,-2
1720123601299070000,0,0,0,0,0,0,0,0,0,0,0,0,0,1708787712117,left,acc,0.272938996553421,-1.400607943534851,9.744400978088379,1669049137167,right,acc,0.12210428714752197,-0.8068459630012512,9.785101890563965,-2,-2,-2,-2,-2,-2,-2,-2,-2,-2,-2,-2,-2,-2,-2
1720123601333051800,0,0,0,0,0,0,0,0,0,0,0,0,0,1708787712231,left,acc,0.23942017555236816,-1.3287819623947144,9.670180320739746,1669049137289,right,acc,0.2106897532939911,-0.8331822156906128,9.749189376831055,-2,-2,-2,-2,-2,-2,-2,-2,-2,-2,-2,-2,-2,-2,-2
1720123601366421100,0,0,0,0,0,0,0,0,0,0,0,0,0,1708787712392,left,acc,0.26096799969673157,-1.3311761617660522,9.718064308166504,1669049137409,right,acc,0.1604115068912506,-0.8236053586006165,9.785101890563965,-2,-2,-2,-2,-2,-2,-2,-2,-2,-2,-2,-2,-2,-2,-2
1720123601400421800,0,0,0,0,0,0,0,0,0,0,0,0,0,1708787712513,left,acc,0.20350714027881622,-1.3623007535934448,9.785101890563965,1669049137571,right,acc,0.1604115068912506,-0.8259995579719543,9.787496566772461,-2,-2,-2,-2,-2,-2,-2,-2,-2,-2,-2,-2,-2,-2,-2
1720123601434421900,0,0,0,0,0,0,0,0,0,0,0,0,0,1708787712614,left,acc,0.3902548849582672,-1.400607943534851,9.782708168029785,1669049137671,right,acc,0.1604115068912506,-0.871489405632019,9.775525093078613,-2,-2,-2,-2,-2,-2,-2,-2,-2,-2,-2,-2,-2,-2,-2
1720123601467942900,0,0,0,0,0,0,0,0,0,0,0,0,0,1708787712772,left,acc,0.26096799969673157,-1.3120225667953491,9.751583099365234,1669049137849,right,acc,0.15801730751991272,-0.8044517636299133,9.80904483795166,-2,-2,-2,-2,-2,-2,-2,-2,-2,-2,-2,-2,-2,-2,-2
1720123601501942900,0,0,0,0,0,0,0,0,0,0,0,0,0,1708787712915,left,acc,0.2298433631658554,-1.400607943534851,9.725247383117676,1669049137991,right,acc,0.15322890877723694,-0.8164227604866028,9.785101890563965,-2,-2,-2,-2,-2,-2,-2,-2,-2,-2,-2,-2,-2,-2,-2
1720123601535943500,0,0,0,0,0,0,0,0,0,0,0,0,0,1708787713075,left,acc,0.23702596127986908,-1.3934253454208374,9.78989028930664,1669049138192,right,acc,0.10773907601833344,-0.8427590131759644,9.77791976928711,-2,-2,-2,-2,-2,-2,-2,-2,-2,-2,-2,-2,-2,-2,-2
1720123601569461300,0,0,0,0,0,0,0,0,0,0,0,0,0,1708787713235,left,acc,0.2585737705230713,-1.3694833517074585,9.660603523254395,1669049132650,right,acc,0.13168109953403473,-0.8451532125473022,9.816226959228516,-2,-2,-2,-2,-2,-2,-2,-2,-2,-2,-2,-2,-2,-2,-2
1720123601603461500,0,0,0,0,0,0,0,0,0,0,0,0,0,1708787713355,left,acc,0.31603461503982544,-1.3000515699386597,9.734824180603027,1669049138494,right,acc,0.1843535304069519,-0.8762778043746948,9.761159896850586,-2,-2,-2,-2,-2,-2,-2,-2,-2,-2,-2,-2,-2,-2,-2
1720123601637459900,0,0,0,0,0,0,0,0,0,0,0,0,0,1708787713396,left,acc,0.26336219906806946,-1.3503297567367554,9.734824180603027,1669049138594,right,acc,0.15801730751991272,-0.8307880163192749,9.792284965515137,-2,-2,-2,-2,-2,-2,-2,-2,-2,-2,-2,-2,-2,-2,-2
1720123601671665700,0,0,0,0,0,0,0,0,0,0,0,0,0,1708787713317,left,acc,0.2346317619085312,-1.3072341680526733,9.701305389404297,1669049138695,right,acc,0.1364694982767105,-0.8762778043746948,9.768342971801758,-2,-2,-2,-2,-2,-2,-2,-2,-2,-2,-2,-2,-2,-2,-2
1720123601705667000,0,0,0,0,0,0,0,0,0,0,0,0,0,1708787713276,left,acc,0.28730419278144836,-1.3551181554794312,9.773131370544434,1669049138875,right,acc,0.1843535304069519,-0.8810662031173706,9.75637149810791,-2,-2,-2,-2,-2,-2,-2,-2,-2,-2,-2,-2,-2,-2,-2
1720123601739700500,0,0,0,0,0,0,0,0,0,0,0,0,0,1708787713476,left,acc,0.21308395266532898,-1.335964560508728,9.770736694335938,1669049138976,right,acc,0.20350714027881622,-0.8092401623725891,9.818621635437012,-2,-2,-2,-2,-2,-2,-2,-2,-2,-2,-2,-2,-2,-2,-2
1720123601773141600,0,0,0,0,0,0,0,0,0,0,0,0,0,1708787713637,left,acc,0.2944868206977844,-1.3838485479354858,9.751583099365234,1669049139133,right,acc,0.20111294090747833,-0.8882488012313843,9.816226959228516,-2,-2,-2,-2,-2,-2,-2,-2,-2,-2,-2,-2,-2,-2,-2
1720123601807141300,0,0,0,0,0,0,0,0,0,0,0,0,0,1708787713798,left,acc,0.23702596127986908,-1.3718775510787964,9.72285270690918,1669049139257,right,acc,0.11252748221158981,-0.7781155705451965,9.787496566772461,-2,-2,-2,-2,-2,-2,-2,-2,-2,-2,-2,-2,-2,-2,-2
1720123601841141700,0,0,0,0,0,0,0,0,0,0,0,0,0,1708787713918,left,acc,0.17717093229293823,-1.3623007535934448,9.718064308166504,1669049139415,right,acc,0.16759411990642548,-0.8690952062606812,9.806650161743164,-2,-2,-2,-2,-2,-2,-2,-2,-2,-2,-2,-2,-2,-2,-2
1720123601874656100,0,0,0,0,0,0,0,0,0,0,0,0,0,1708787714079,left,acc,0.2753331959247589,-1.37906014919281,9.701305389404297,1669049139536,right,acc,0.2298433631658554,-0.8092401623725891,9.825803756713867,-2,-2,-2,-2,-2,-2,-2,-2,-2,-2,-2,-2,-2,-2,-2
1720123601908655600,0,0,0,0,0,0,0,0,0,0,0,0,0,1708787714240,left,acc,0.22026655077934265,-1.2880805730819702,9.708487510681152,1669049139637,right,acc,0.15083470940589905,-0.8571242094039917,9.763554573059082,-2,-2,-2,-2,-2,-2,-2,-2,-2,-2,-2,-2,-2,-2,-2
1720123601942690200,0,0,0,0,0,0,0,0,0,0,0,0,0,1708787714398,left,acc,0.26575639843940735,-1.359906554222107,9.703699111938477,1669049139797,right,acc,0.16759411990642548,-0.8403648138046265,9.782708168029785,-2,-2,-2,-2,-2,-2,-2,-2,-2,-2,-2,-2,-2,-2,-2
1720123601976779900,0,0,0,0,0,0,0,0,0,0,0,0,0,1708787714580,left,acc,0.272938996553421,-1.3072341680526733,9.77791976928711,1669049139897,right,acc,0.15083470940589905,-0.8188169598579407,9.804255485534668,-2,-2,-2,-2,-2,-2,-2,-2,-2,-2,-2,-2,-2,-2,-2
1720123602010905900,0,0,0,0,0,0,0,0,0,0,0,0,0,1708787714681,left,acc,0.24660277366638184,-1.381454348564148,9.739612579345703,1669049140040,right,acc,0.19632454216480255,-0.8643068075180054,9.773131370544434,-2,-2,-2,-2,-2,-2,-2,-2,-2,-2,-2,-2,-2,-2,-2
1720123602044893700,0,0,0,0,0,0,0,0,0,0,0,0,0,1708787714823,left,acc,0.2753331959247589,-1.4437036514282227,9.710882186889648,1669049140159,right,acc,0.19153612852096558,-0.8068459630012512,9.804255485534668,-2,-2,-2,-2,-2,-2,-2,-2,-2,-2,-2,-2,-2,-2,-2
1720123602078961800,0,0,0,0,0,0,0,0,0,0,0,0,0,1708787715003,left,acc,0.26575639843940735,-1.4053963422775269,9.708487510681152,1669049140298,right,acc,0.10534487664699554,-0.8571242094039917,9.710882186889648,-2,-2,-2,-2,-2,-2,-2,-2,-2,-2,-2,-2,-2,-2,-2
1720123602112958800,0,0,0,0,0,0,0,0,0,0,0,0,0,1708787715163,left,acc,0.22744916379451752,-1.316810965538025,9.773131370544434,1669049140462,right,acc,0.16759411990642548,-0.8331822156906128,9.77791976928711,-2,-2,-2,-2,-2,-2,-2,-2,-2,-2,-2,-2,-2,-2,-2
1720123602146994700,0,0,0,0,0,0,0,0,0,0,0,0,0,1708787715325,left,acc,0.2944868206977844,-1.2952631711959839,9.758766174316406,1669049140561,right,acc,0.19153612852096558,-0.7996633648872375,9.765948295593262,-2,-2,-2,-2,-2,-2,-2,-2,-2,-2,-2,-2,-2,-2,-2
1720123602181207600,0,0,0,0,0,0,0,0,0,0,0,0,0,1708787715444,left,acc,0.26096799969673157,-1.3742717504501343,9.856928825378418,1669049140681,right,acc,0.15322890877723694,-0.8810662031173706,9.78989028930664,-2,-2,-2,-2,-2,-2,-2,-2,-2,-2,-2,-2,-2,-2,-2
1720123602215172100,0,0,0,0,0,0,0,0,0,0,0,0,0,1708787715585,left,acc,0.23942017555236816,-1.3215993642807007,9.744400978088379,1669049140862,right,acc,0.15562310814857483,-0.8595184087753296,9.81143856048584,-2,-2,-2,-2,-2,-2,-2,-2,-2,-2,-2,-2,-2,-2,-2
1720123602249175600,0,0,0,0,0,0,0,0,0,0,0,0,0,1708787715765,left,acc,0.24181437492370605,-1.3766659498214722,9.679757118225098,1669049140962,right,acc,0.13168109953403473,-0.828393816947937,9.787496566772461,-2,-2,-2,-2,-2,-2,-2,-2,-2,-2,-2,-2,-2,-2,-2
1720123602283498800,0,0,0,0,0,0,0,0,0,0,0,0,0,1708787715786,left,acc,0.24181437492370605,-1.3096283674240112,9.799467086791992,1669049140942,right,acc,0.19632454216480255,-0.8092401623725891,9.792284965515137,-2,-2,-2,-2,-2,-2,-2,-2,-2,-2,-2,-2,-2,-2,-2
1720123602317506900,0,0,0,0,0,0,0,0,0,0,0,0,0,1708787715949,left,acc,0.21308395266532898,-1.3646949529647827,9.749189376831055,1669049140903,right,acc,0.15322890877723694,-0.8954314589500427,9.763554573059082,-2,-2,-2,-2,-2,-2,-2,-2,-2,-2,-2,-2,-2,-2,-2
1720123602351503700,0,0,0,0,0,0,0,0,0,0,0,0,0,1708787716046,left,acc,0.2753331959247589,-1.3311761617660522,9.713275909423828,1669049140801,right,acc,0.1412578970193863,-0.8427590131759644,9.840168952941895,-2,-2,-2,-2,-2,-2,-2,-2,-2,-2,-2,-2,-2,-2,-2
1720123602385049800,0,0,0,0,0,0,0,0,0,0,0,0,0,1708787716187,left,acc,0.22744916379451752,-1.3838485479354858,9.732429504394531,1669049140762,right,acc,0.2082955539226532,-0.8331822156906128,9.813833236694336,-2,-2,-2,-2,-2,-2,-2,-2,-2,-2,-2,-2,-2,-2,-2
1720123602419017500,0,0,0,0,0,0,0,0,0,0,0,0,0,1708787716347,left,acc,0.2082955539226532,-1.259350061416626,9.682151794433594,1669049140721,right,acc,0.1412578970193863,-0.8595184087753296,9.770736694335938,-2,-2,-2,-2,-2,-2,-2,-2,-2,-2,-2,-2,-2,-2,-2
1720123602453023300,0,0,0,0,0,0,0,0,0,0,0,0,0,1708787716468,left,acc,0.22744916379451752,-1.314416766166687,9.737217903137207,1669049140641,right,acc,0.14365209639072418,-0.8523358106613159,9.825803756713867,-2,-2,-2,-2,-2,-2,-2,-2,-2,-2,-2,-2,-2,-2,-2
1720123602486536300,0,0,0,0,0,0,0,0,0,0,0,0,0,1708787716588,left,acc,0.2753331959247589,-1.338358759880066,9.75637149810791,1669049141063,right,acc,0.15801730751991272,-0.8858546018600464,9.77791976928711,-2,-2,-2,-2,-2,-2,-2,-2,-2,-2,-2,-2,-2,-2,-2
1720123602520537500,0,0,0,0,0,0,0,0,0,0,0,0,0,1708787716769,left,acc,0.3495534360408783,-1.2976573705673218,9.856928825378418,1669049141163,right,acc,0.14604631066322327,-0.8140285611152649,9.775525093078613,-2,-2,-2,-2,-2,-2,-2,-2,-2,-2,-2,-2,-2,-2,-2
1720123602554564100,0,0,0,0,0,0,0,0,0,0,0,0,0,1708787716933,left,acc,0.2992752194404602,-1.3527239561080933,9.734824180603027,1669049141345,right,acc,0.16519992053508759,-0.9217676520347595,9.617507934570312,-2,-2,-2,-2,-2,-2,-2,-2,-2,-2,-2,-2,-2,-2,-2
1720123602588642600,0,0,0,0,0,0,0,0,0,0,0,0,0,1708787714741,left,acc,0.20111294090747833,-1.3742717504501343,9.682151794433594,1669049141445,right,acc,0.22266076505184174,-0.7829039692878723,9.768342971801758,-2,-2,-2,-2,-2,-2,-2,-2,-2,-2,-2,-2,-2,-2,-2
1720123602622641400,0,0,0,0,0,0,0,0,0,0,0,0,0,1708787717171,left,acc,0.23702596127986908,-1.3838485479354858,9.667786598205566,1669049141564,right,acc,0.13168109953403473,-1.2401964664459229,9.095572471618652,-2,-2,-2,-2,-2,-2,-2,-2,-2,-2,-2,-2,-2,-2,-2
1720123602656646600,0,0,0,0,0,0,0,0,0,0,0,0,0,1708787717291,left,acc,0.272938996553421,-1.3886369466781616,9.713275909423828,1669049141745,right,acc,0.1628057211637497,-0.7876923680305481,9.938331604003906,-2,-2,-2,-2,-2,-2,-2,-2,-2,-2,-2,-2,-2,-2,-2
1720123602690190500,0,0,0,0,0,0,0,0,0,0,0,0,0,1708787717451,left,acc,0.24181437492370605,-1.381454348564148,9.761159896850586,1669049141846,right,acc,0.40462008118629456,-0.19393034279346466,12.18648624420166,-2,-2,-2,-2,-2,-2,-2,-2,-2,-2,-2,-2,-2,-2,-2
1720123602724405200,0,0,0,0,0,0,0,0,0,0,0,0,0,1708787717612,left,acc,0.2968810200691223,-1.2952631711959839,9.739612579345703,1669049141988,right,acc,0.031124621629714966,-0.8403648138046265,10.113107681274414,-2,-2,-2,-2,-2,-2,-2,-2,-2,-2,-2,-2,-2,-2,-2
1720123602758408400,0,0,0,0,0,0,0,0,0,0,0,0,0,1708787717771,left,acc,0.24181437492370605,-1.3694833517074585,9.751583099365234,1669049142149,right,acc,0.13168109953403473,-0.6607996821403503,9.947908401489258,-2,-2,-2,-2,-2,-2,-2,-2,-2,-2,-2,-2,-2,-2,-2
1720123602791883600,0,0,0,0,0,0,0,0,0,0,0,0,0,1708787717893,left,acc,0.2082955539226532,-1.237802267074585,9.682151794433594,1669049142266,right,acc,0.15322890877723694,-0.4165911078453064,10.093954086303711,-2,-2,-2,-2,-2,-2,-2,-2,-2,-2,-2,-2,-2,-2,-2
1720123602825884000,0,0,0,0,0,0,0,0,0,0,0,0,0,1708787718057,left,acc,0.23942017555236816,-1.2737152576446533,9.742006301879883,1669049142408,right,acc,0.14365209639072418,-0.5147533416748047,10.070012092590332,-2,-2,-2,-2,-2,-2,-2,-2,-2,-2,-2,-2,-2,-2,-2
1720123602859924000,0,0,0,0,0,0,0,0,0,0,0,0,0,1708787718173,left,acc,0.22505496442317963,-1.292868971824646,9.720458984375,1669049142509,right,acc,0.16759411990642548,-0.6129156351089478,9.797073364257812,-2,-2,-2,-2,-2,-2,-2,-2,-2,-2,-2,-2,-2,-2,-2
1720123602894058800,0,0,0,0,0,0,0,0,0,0,0,0,0,1708787718336,left,acc,0.31842881441116333,-1.3311761617660522,9.80904483795166,1669049142612,right,acc,0.12449848651885986,-0.706289529800415,9.761159896850586,-2,-2,-2,-2,-2,-2,-2,-2,-2,-2,-2,-2,-2,-2,-2
1720123602928081000,0,0,0,0,0,0,0,0,0,0,0,0,0,1708787718474,left,acc,0.17238251864910126,-1.3311761617660522,9.758766174316406,1669049142791,right,acc,0.06464344263076782,-0.5674257874488831,10.079588890075684,-2,-2,-2,-2,-2,-2,-2,-2,-2,-2,-2,-2,-2,-2,-2
1720123602962679000,0,0,0,0,0,0,0,0,0,0,0,0,0,1708787718615,left,acc,0.24899697303771973,-1.3431471586227417,9.749189376831055,1669049142892,right,acc,0.1149216815829277,-0.5817909836769104,9.86889934539795,-2,-2,-2,-2,-2,-2,-2,-2,-2,-2,-2,-2,-2,-2,-2
1720123602996088400,0,0,0,0,0,0,0,0,0,0,0,0,0,1708787718776,left,acc,0.19393034279346466,-1.3263877630233765,9.758766174316406,1669049143070,right,acc,0.14604631066322327,-0.5410895943641663,9.938331604003906,-2,-2,-2,-2,-2,-2,-2,-2,-2,-2,-2,-2,-2,-2,-2
1720123603030050200,0,0,0,0,0,0,0,0,0,0,0,0,0,1708787718937,left,acc,0.33997663855552673,-1.3024457693099976,9.677363395690918,1669049143211,right,acc,0.38307225704193115,-0.7637503147125244,6.308721542358398,-2,-2,-2,-2,-2,-2,-2,-2,-2,-2,-2,-2,-2,-2,-2
1720123603063570200,0,0,0,0,0,0,0,0,0,0,0,0,0,1708787719097,left,acc,0.23702596127986908,-1.3527239561080933,9.706093788146973,1669049143331,right,acc,-0.014365210197865963,-0.5554547905921936,9.727641105651855,-2,-2,-2,-2,-2,-2,-2,-2,-2,-2,-2,-2,-2,-2,-2
1720123603097570900,0,0,0,0,0,0,0,0,0,0,0,0,0,1708787719215,left,acc,0.2585737705230713,-1.292868971824646,9.806650161743164,1669049143451,right,acc,-0.06703764945268631,-0.45489832758903503,9.947908401489258,-2,-2,-2,-2,-2,-2,-2,-2,-2,-2,-2,-2,-2,-2,-2
1720123603131568200,0,0,0,0,0,0,0,0,0,0,0,0,0,1708787719377,left,acc,0.24660277366638184,-1.338358759880066,9.66299819946289,1669049143595,right,acc,0.17717093229293823,-1.6160861253738403,7.939172744750977,-2,-2,-2,-2,-2,-2,-2,-2,-2,-2,-2,-2,-2,-2,-2
1720123603165082500,0,0,0,0,0,0,0,0,0,0,0,0,0,1708787719539,left,acc,0.26336219906806946,-1.357512354850769,9.75397777557373,1669049143731,right,acc,0.1628057211637497,-0.5602431893348694,9.57201862335205,-2,-2,-2,-2,-2,-2,-2,-2,-2,-2,-2,-2,-2,-2,-2
1720123603199081600,0,0,0,0,0,0,0,0,0,0,0,0,0,1708787719659,left,acc,0.23942017555236816,-1.335964560508728,9.739612579345703,1669049143914,right,acc,0.17717093229293823,-0.8236053586006165,9.758766174316406,-2,-2,-2,-2,-2,-2,-2,-2,-2,-2,-2,-2,-2,-2,-2
1720123603233081600,0,0,0,0,0,0,0,0,0,0,0,0,0,1708787719800,left,acc,0.28969839215278625,-1.3311761617660522,9.732429504394531,1669049144033,right,acc,0.2825157940387726,-0.8331822156906128,9.619902610778809,-2,-2,-2,-2,-2,-2,-2,-2,-2,-2,-2,-2,-2,-2,-2
1720123603266599100,0,0,0,0,0,0,0,0,0,0,0,0,0,1708787719940,left,acc,0.26815059781074524,-1.3742717504501343,9.6989107131958,1669049144175,right,acc,0.15801730751991272,-0.8858546018600464,9.720458984375,-2,-2,-2,-2,-2,-2,-2,-2,-2,-2,-2,-2,-2,-2,-2
1720123603300642100,0,0,0,0,0,0,0,0,0,0,0,0,0,1708787720100,left,acc,0.2753331959247589,-1.3503297567367554,9.792284965515137,1669049144335,right,acc,0.10773907601833344,-0.8379706144332886,9.706093788146973,-2,-2,-2,-2,-2,-2,-2,-2,-2,-2,-2,-2,-2,-2,-2
1720123603334638000,0,0,0,0,0,0,0,0,0,0,0,0,0,1708787720260,left,acc,0.2298433631658554,-1.3623007535934448,9.770736694335938,1669049144477,right,acc,0.11252748221158981,-0.8236053586006165,9.751583099365234,-2,-2,-2,-2,-2,-2,-2,-2,-2,-2,-2,-2,-2,-2,-2
1720123603368184500,0,0,0,0,0,0,0,0,0,0,0,0,0,1708787720401,left,acc,0.17717093229293823,-1.3694833517074585,9.68694019317627,1669049144637,right,acc,0.11013327538967133,-0.8595184087753296,9.667786598205566,-2,-2,-2,-2,-2,-2,-2,-2,-2,-2,-2,-2,-2,-2,-2
1720123603402217900,0,0,0,0,0,0,0,0,0,0,0,0,0,1708787720581,left,acc,0.22744916379451752,-1.3239935636520386,9.801861763000488,1669049144758,right,acc,0.14844051003456116,-0.8690952062606812,9.818621635437012,-2,-2,-2,-2,-2,-2,-2,-2,-2,-2,-2,-2,-2,-2,-2
1720123603436217800,0,0,0,0,0,0,0,0,0,0,0,0,0,1708787720722,left,acc,0.2537853717803955,-1.314416766166687,9.768342971801758,1669049144878,right,acc,0.16519992053508759,-0.7948749661445618,9.761159896850586,-2,-2,-2,-2,-2,-2,-2,-2,-2,-2,-2,-2,-2,-2,-2
1720123603470288400,0,0,0,0,0,0,0,0,0,0,0,0,0,1708787720882,left,acc,0.2322375625371933,-1.3287819623947144,9.746794700622559,1669049145039,right,acc,0.15801730751991272,-0.8379706144332886,9.768342971801758,-2,-2,-2,-2,-2,-2,-2,-2,-2,-2,-2,-2,-2,-2,-2
1720123603504334800,0,0,0,0,0,0,0,0,0,0,0,0,0,1708787721044,left,acc,0.2849099934101105,-1.3479355573654175,9.763554573059082,1669049145179,right,acc,0.1388636976480484,-0.8475474119186401,9.801861763000488,-2,-2,-2,-2,-2,-2,-2,-2,-2,-2,-2,-2,-2,-2,-2
1720123603538322400,0,0,0,0,0,0,0,0,0,0,0,0,0,1708787721163,left,acc,0.24899697303771973,-1.3479355573654175,9.715670585632324,1669049145322,right,acc,0.09576806426048279,-0.912190854549408,9.813833236694336,-2,-2,-2,-2,-2,-2,-2,-2,-2,-2,-2,-2,-2,-2,-2
1720123603571844800,0,0,0,0,0,0,0,0,0,0,0,0,0,1708787721324,left,acc,0.2561795711517334,-1.3024457693099976,9.763554573059082,1669049145461,right,acc,0.1173158809542656,-0.7829039692878723,9.80904483795166,-2,-2,-2,-2,-2,-2,-2,-2,-2,-2,-2,-2,-2,-2,-2
1720123603605843400,0,0,0,0,0,0,0,0,0,0,0,0,0,1708787721483,left,acc,0.2561795711517334,-1.3670891523361206,9.72285270690918,1669049145581,right,acc,0.5841852426528931,0.35434186458587646,6.6630635261535645,-2,-2,-2,-2,-2,-2,-2,-2,-2,-2,-2,-2,-2,-2,-2
1720123603639805600,0,0,0,0,0,0,0,0,0,0,0,0,0,1708787721645,left,acc,0.2322375625371933,-1.3311761617660522,9.773131370544434,1669049145739,right,acc,0.08858546614646912,-0.5913678407669067,10.168174743652344,-2,-2,-2,-2,-2,-2,-2,-2,-2,-2,-2,-2,-2,-2,-2
1720123603673353200,0,0,0,0,0,0,0,0,0,0,0,0,0,1708787721765,left,acc,0.2513911724090576,-1.3335703611373901,9.730035781860352,1669049145862,right,acc,0.14365209639072418,-0.849941611289978,9.84256362915039,-2,-2,-2,-2,-2,-2,-2,-2,-2,-2,-2,-2,-2,-2,-2
1720123603707319400,0,0,0,0,0,0,0,0,0,0,0,0,0,1708787721926,left,acc,0.23702596127986908,-1.338358759880066,9.72285270690918,0,0,0,0,0,0,-2,-2,-2,-2,-2,-2,-2,-2,-2,-2,-2,-2,-2,-2,-2
1720123603741320600,0,0,0,0,0,0,0,0,0,0,0,0,0,1708787722087,left,acc,0.23942017555236816,-1.3072341680526733,9.739612579345703,1669049146101,right,acc,0.24181437492370605,-1.7405846118927002,9.806650161743164,-2,-2,-2,-2,-2,-2,-2,-2,-2,-2,-2,-2,-2,-2,-2
1720123603774868100,0,0,0,0,0,0,0,0,0,0,0,0,0,1708787722206,left,acc,0.19632454216480255,-1.3527239561080933,9.763554573059082,1669049146203,right,acc,-0.19871874153614044,-1.0845733880996704,7.12035608291626,-2,-2,-2,-2,-2,-2,-2,-2,-2,-2,-2,-2,-2,-2,-2
1720123603808770300,0,0,0,0,0,0,0,0,0,0,0,0,0,1708787722367,left,acc,0.2513911724090576,-1.37906014919281,9.732429504394531,1669049146324,right,acc,-4.469974517822266,-2.918531894683838,10.11550235748291,-2,-2,-2,-2,-2,-2,-2,-2,-2,-2,-2,-2,-2,-2,-2
1720123603842733400,0,0,0,0,0,0,0,0,0,0,0,0,0,1708787722528,left,acc,0.31124621629714966,-1.3718775510787964,9.658209800720215,1669049146482,right,acc,-2.2697031497955322,-5.051765441894531,7.005434036254883,-2,-2,-2,-2,-2,-2,-2,-2,-2,-2,-2,-2,-2,-2,-2
1720123603876705100,0,0,0,0,0,0,0,0,0,0,0,0,0,1708787722689,left,acc,0.3280056416988373,-1.4293384552001953,9.715670585632324,1669049146625,right,acc,-1.8962076902389526,-4.5825018882751465,5.537788391113281,-2,-2,-2,-2,-2,-2,-2,-2,-2,-2,-2,-2,-2,-2,-2
1720123603910723200,0,0,0,0,0,0,0,0,0,0,0,0,0,1708787722850,left,acc,0.24181437492370605,-1.3431471586227417,9.744400978088379,1669049146745,right,acc,-1.7166426181793213,-6.967126846313477,7.711723804473877,-2,-2,-2,-2,-2,-2,-2,-2,-2,-2,-2,-2,-2,-2,-2
1720123603944721700,0,0,0,0,0,0,0,0,0,0,0,0,0,1708787722929,left,acc,0.22505496442317963,-1.3192051649093628,9.816226959228516,1669049146907,right,acc,3.375824451446533,-5.849034786224365,8.913613319396973,-2,-2,-2,-2,-2,-2,-2,-2,-2,-2,-2,-2,-2,-2,-2
1720123603978238100,0,0,0,0,0,0,0,0,0,0,0,0,0,1708787723090,left,acc,0.26575639843940735,-1.3503297567367554,9.742006301879883,1669049147065,right,acc,1.625662922859192,-5.916072368621826,9.739612579345703,-2,-2,-2,-2,-2,-2,-2,-2,-2,-2,-2,-2,-2,-2,-2
1720123604012271500,0,0,0,0,0,0,0,0,0,0,0,0,0,1708787723253,left,acc,0.26815059781074524,-1.2713210582733154,9.720458984375,1669049147186,right,acc,0.9481038451194763,-3.533841609954834,5.207388877868652,-2,-2,-2,-2,-2,-2,-2,-2,-2,-2,-2,-2,-2,-2,-2
1720123604046238800,0,0,0,0,0,0,0,0,0,0,0,0,0,1708787723411,left,acc,0.23942017555236816,-1.316810965538025,9.780313491821289,1669049147308,right,acc,-0.2849099934101105,-5.3582234382629395,3.8714241981506348,-2,-2,-2,-2,-2,-2,-2,-2,-2,-2,-2,-2,-2,-2,-2
1720123604080272500,0,0,0,0,0,0,0,0,0,0,0,0,0,1708787723572,left,acc,0.21308395266532898,-1.3527239561080933,9.696516990661621,1669049147428,right,acc,3.8067808151245117,-7.680599212646484,7.47230339050293,-2,-2,-2,-2,-2,-2,-2,-2,-2,-2,-2,-2,-2,-2,-2
1720123604114272600,0,0,0,0,0,0,0,0,0,0,0,0,0,1708787723691,left,acc,0.2346317619085312,-1.2832920551300049,9.734824180603027,1669049147547,right,acc,2.5522189140319824,-1.4891934394836426,9.260771751403809,-2,-2,-2,-2,-2,-2,-2,-2,-2,-2,-2,-2,-2,-2,-2
1720123604148277200,0,0,0,0,0,0,0,0,0,0,0,0,0,1708787723854,left,acc,0.2992752194404602,-1.3455413579940796,9.763554573059082,1669049147667,right,acc,2.03507137298584,-2.7916390895843506,9.21288776397705,-2,-2,-2,-2,-2,-2,-2,-2,-2,-2,-2,-2,-2,-2,-2
1720123604182319600,0,0,0,0,0,0,0,0,0,0,0,0,0,1708787723973,left,acc,0.31364041566848755,-1.3766659498214722,9.77791976928711,1669049147806,right,acc,2.075772762298584,-2.2146365642547607,8.920795440673828,-2,-2,-2,-2,-2,-2,-2,-2,-2,-2,-2,-2,-2,-2,-2
1720123604216322100,0,0,0,0,0,0,0,0,0,0,0,0,0,1708787719478,left,acc,0.2968810200691223,-1.3407529592514038,9.744400978088379,1669049147945,right,acc,0.14365209639072418,-0.5123591423034668,8.135497093200684,-2,-2,-2,-2,-2,-2,-2,-2,-2,-2,-2,-2,-2,-2,-2
1720123604250321700,0,0,0,0,0,0,0,0,0,0,0,0,0,1708787724213,left,acc,0.2561795711517334,-1.3623007535934448,9.751583099365234,1669049148046,right,acc,0.15562310814857483,-0.44771572947502136,9.765948295593262,-2,-2,-2,-2,-2,-2,-2,-2,-2,-2,-2,-2,-2,-2,-2
1720123604283867300,0,0,0,0,0,0,0,0,0,0,0,0,0,1708787724375,left,acc,0.19632454216480255,-1.3766659498214722,9.742006301879883,1669049148227,right,acc,0.2825157940387726,-0.5889736413955688,9.856928825378418,-2,-2,-2,-2,-2,-2,-2,-2,-2,-2,-2,-2,-2,-2,-2
1720123604317834900,0,0,0,0,0,0,0,0,0,0,0,0,0,1708787724514,left,acc,0.2753331959247589,-1.4053963422775269,9.782708168029785,1669049148347,right,acc,0.24660277366638184,-0.5793967843055725,9.854534149169922,-2,-2,-2,-2,-2,-2,-2,-2,-2,-2,-2,-2,-2,-2,-2
1720123604351840200,0,0,0,0,0,0,0,0,0,0,0,0,0,1708787724675,left,acc,0.22744916379451752,-1.3407529592514038,9.787496566772461,1669049148509,right,acc,0.14844051003456116,-0.4596867263317108,9.93593692779541,-2,-2,-2,-2,-2,-2,-2,-2,-2,-2,-2,-2,-2,-2,-2
1720123604385360700,0,0,0,0,0,0,0,0,0,0,0,0,0,1708787724836,left,acc,0.23942017555236816,-1.3982137441635132,9.639056205749512,1669049148629,right,acc,0.2753331959247589,-0.4381389021873474,9.926360130310059,-2,-2,-2,-2,-2,-2,-2,-2,-2,-2,-2,-2,-2,-2,-2
1720123604419350700,0,0,0,0,0,0,0,0,0,0,0,0,0,1708787724997,left,acc,0.2106897532939911,-1.3024457693099976,9.706093788146973,1669049148749,right,acc,0.26336219906806946,-0.49559974670410156,9.854534149169922,-2,-2,-2,-2,-2,-2,-2,-2,-2,-2,-2,-2,-2,-2,-2
1720123604453354300,0,0,0,0,0,0,0,0,0,0,0,0,0,1708787725117,left,acc,0.28969839215278625,-1.357512354850769,9.763554573059082,1669049148912,right,acc,0.2849099934101105,-0.5315127968788147,9.871294021606445,-2,-2,-2,-2,-2,-2,-2,-2,-2,-2,-2,-2,-2,-2,-2
1720123604486864600,0,0,0,0,0,0,0,0,0,0,0,0,0,1708787725278,left,acc,0.24899697303771973,-1.3335703611373901,9.806650161743164,1669049149011,right,acc,0.27054479718208313,-0.4644751250743866,9.926360130310059,-2,-2,-2,-2,-2,-2,-2,-2,-2,-2,-2,-2,-2,-2,-2
1720123604520864400,0,0,0,0,0,0,0,0,0,0,0,0,0,1708787725437,left,acc,0.27054479718208313,-1.3239935636520386,9.792284965515137,1669049149131,right,acc,0.31124621629714966,-0.45250412821769714,9.876082420349121,-2,-2,-2,-2,-2,-2,-2,-2,-2,-2,-2,-2,-2,-2,-2
1720123604554869500,0,0,0,0,0,0,0,0,0,0,0,0,0,1708787725559,left,acc,0.2777273952960968,-1.357512354850769,9.725247383117676,1669049149292,right,acc,0.2801215946674347,-0.4381389021873474,9.847352027893066,-2,-2,-2,-2,-2,-2,-2,-2,-2,-2,-2,-2,-2,-2,-2
1720123604588413700,0,0,0,0,0,0,0,0,0,0,0,0,0,1708787725719,left,acc,0.2513911724090576,-1.3838485479354858,9.725247383117676,1669049149433,right,acc,0.30885201692581177,-0.5626373887062073,9.909601211547852,-2,-2,-2,-2,-2,-2,-2,-2,-2,-2,-2,-2,-2,-2,-2
1720123604622381200,0,0,0,0,0,0,0,0,0,0,0,0,0,1708787725877,left,acc,0.2777273952960968,-1.2976573705673218,9.703699111938477,1669049149553,right,acc,0.2513911724090576,-0.47644615173339844,9.904812812805176,-2,-2,-2,-2,-2,-2,-2,-2,-2,-2,-2,-2,-2,-2,-2
1720123604656383000,0,0,0,0,0,0,0,0,0,0,0,0,0,1708787725999,left,acc,0.23702596127986908,-1.3982137441635132,9.751583099365234,1669049149715,right,acc,0.21547815203666687,-0.48602294921875,9.880870819091797,-2,-2,-2,-2,-2,-2,-2,-2,-2,-2,-2,-2,-2,-2,-2
1720123604689888800,0,0,0,0,0,0,0,0,0,0,0,0,0,1708787726162,left,acc,0.2561795711517334,-1.3192051649093628,9.708487510681152,1669049149834,right,acc,0.31124621629714966,-0.4596867263317108,9.914389610290527,-2,-2,-2,-2,-2,-2,-2,-2,-2,-2,-2,-2,-2,-2,-2
1720123604723892500,0,0,0,0,0,0,0,0,0,0,0,0,0,1708787726322,left,acc,0.2346317619085312,-1.316810965538025,9.77791976928711,1669049149995,right,acc,0.26336219906806946,-0.5315127968788147,9.916783332824707,-2,-2,-2,-2,-2,-2,-2,-2,-2,-2,-2,-2,-2,-2,-2
1720123604758028500,0,0,0,0,0,0,0,0,0,0,0,0,0,1708787726481,left,acc,0.24660277366638184,-1.3048399686813354,9.725247383117676,1669049150095,right,acc,0.2513911724090576,-0.4405331015586853,9.840168952941895,-2,-2,-2,-2,-2,-2,-2,-2,-2,-2,-2,-2,-2,-2,-2
1720123604791581200,0,0,0,0,0,0,0,0,0,0,0,0,0,1708787726604,left,acc,0.2561795711517334,-1.3479355573654175,9.763554573059082,1669049150256,right,acc,0.2322375625371933,-0.5363011956214905,9.976638793945312,-2,-2,-2,-2,-2,-2,-2,-2,-2,-2,-2,-2,-2,-2,-2
1720123604825579700,0,0,0,0,0,0,0,0,0,0,0,0,0,1708787726702,left,acc,0.272938996553421,-1.4197616577148438,9.653421401977539,1669049150318,right,acc,0.31603461503982544,-0.49559974670410156,9.895236015319824,-2,-2,-2,-2,-2,-2,-2,-2,-2,-2,-2,-2,-2,-2,-2
1720123604859582300,0,0,0,0,0,0,0,0,0,0,0,0,0,1708787726822,left,acc,0.2825157940387726,-1.316810965538025,9.75637149810791,1669049150437,right,acc,0.2561795711517334,-0.5410895943641663,9.859322547912598,-2,-2,-2,-2,-2,-2,-2,-2,-2,-2,-2,-2,-2,-2,-2
1720123604893054100,0,0,0,0,0,0,0,0,0,0,0,0,0,1708787726983,left,acc,0.2585737705230713,-1.3096283674240112,9.758766174316406,1669049150598,right,acc,0.30885201692581177,-0.4189853072166443,9.967061996459961,-2,-2,-2,-2,-2,-2,-2,-2,-2,-2,-2,-2,-2,-2,-2
1720123604927056000,0,0,0,0,0,0,0,0,0,0,0,0,0,1708787727144,left,acc,0.2322375625371933,-1.3239935636520386,9.75397777557373,1669049150739,right,acc,0.27054479718208313,-0.4644751250743866,9.804255485534668,-2,-2,-2,-2,-2,-2,-2,-2,-2,-2,-2,-2,-2,-2,-2
1720123604961662100,0,0,0,0,0,0,0,0,0,0,0,0,0,1708787727265,left,acc,0.21787235140800476,-1.2689268589019775,9.670180320739746,1669049150859,right,acc,0.28730419278144836,-0.45250412821769714,9.861717224121094,-2,-2,-2,-2,-2,-2,-2,-2,-2,-2,-2,-2,-2,-2,-2
1720123604995670900,0,0,0,0,0,0,0,0,0,0,0,0,0,1708787727384,left,acc,0.2059013396501541,-1.3479355573654175,9.746794700622559,1669049151000,right,acc,0.2968810200691223,-0.5123591423034668,9.904812812805176,-2,-2,-2,-2,-2,-2,-2,-2,-2,-2,-2,-2,-2,-2,-2
1720123605029667400,0,0,0,0,0,0,0,0,0,0,0,0,0,1708787727605,left,acc,0.24899697303771973,-1.3431471586227417,9.761159896850586,1669049151141,right,acc,0.2346317619085312,-0.507570743560791,9.897629737854004,-2,-2,-2,-2,-2,-2,-2,-2,-2,-2,-2,-2,-2,-2,-2
1720123605063253000,0,0,0,0,0,0,0,0,0,0,0,0,0,1708787727788,left,acc,0.31842881441116333,-1.3239935636520386,9.713275909423828,1669049151263,right,acc,0.304063618183136,-0.4572925269603729,9.84256362915039,-2,-2,-2,-2,-2,-2,-2,-2,-2,-2,-2,-2,-2,-2,-2
1720123605097257000,0,0,0,0,0,0,0,0,0,0,0,0,0,1708787727991,left,acc,0.24899697303771973,-1.3431471586227417,9.684545516967773,1669049151382,right,acc,0.2777273952960968,-0.5003881454467773,9.90241813659668,-2,-2,-2,-2,-2,-2,-2,-2,-2,-2,-2,-2,-2,-2,-2
1720123605131219200,0,0,0,0,0,0,0,0,0,0,0,0,0,1708787728149,left,acc,0.2825157940387726,-1.3215993642807007,9.768342971801758,1669049151525,right,acc,0.27054479718208313,-0.4812345504760742,9.854534149169922,-2,-2,-2,-2,-2,-2,-2,-2,-2,-2,-2,-2,-2,-2,-2
1720123605164736200,0,0,0,0,0,0,0,0,0,0,0,0,0,1708787728307,left,acc,0.23942017555236816,-1.3623007535934448,9.710882186889648,1669049151729,right,acc,0.33279404044151306,-0.507570743560791,9.895236015319824,-2,-2,-2,-2,-2,-2,-2,-2,-2,-2,-2,-2,-2,-2,-2
1720123605198736100,0,0,0,0,0,0,0,0,0,0,0,0,0,1708787728469,left,acc,0.272938996553421,-1.3000515699386597,9.744400978088379,1669049151797,right,acc,0.2992752194404602,-0.42856210470199585,9.904812812805176,-2,-2,-2,-2,-2,-2,-2,-2,-2,-2,-2,-2,-2,-2,-2
1720123605232735300,0,0,0,0,0,0,0,0,0,0,0,0,0,1708787728608,left,acc,0.27054479718208313,-1.3646949529647827,9.782708168029785,1669049152001,right,acc,0.3423708379268646,-0.3974374830722809,9.945513725280762,-2,-2,-2,-2,-2,-2,-2,-2,-2,-2,-2,-2,-2,-2,-2
1720123605266269900,0,0,0,0,0,0,0,0,0,0,0,0,0,1708787728749,left,acc,0.18914192914962769,-1.2689268589019775,9.75397777557373,1669049152026,right,acc,0.28969839215278625,-0.4908113479614258,9.840168952941895,-2,-2,-2,-2,-2,-2,-2,-2,-2,-2,-2,-2,-2,-2,-2
1720123605300270800,0,0,0,0,0,0,0,0,0,0,0,0,0,1708787728929,left,acc,0.19393034279346466,-1.3263877630233765,9.710882186889648,1669049152167,right,acc,0.33518823981285095,-0.47644615173339844,9.852140426635742,-2,-2,-2,-2,-2,-2,-2,-2,-2,-2,-2,-2,-2,-2,-2
1720123605334270100,0,0,0,0,0,0,0,0,0,0,0,0,0,1708787729090,left,acc,0.2585737705230713,-1.3479355573654175,9.816226959228516,1669049152290,right,acc,0.3064578175544739,-0.42856210470199585,9.955090522766113,-2,-2,-2,-2,-2,-2,-2,-2,-2,-2,-2,-2,-2,-2,-2
1720123605367798200,0,0,0,0,0,0,0,0,0,0,0,0,0,1708787729230,left,acc,0.21547815203666687,-1.3120225667953491,9.75397777557373,1669049152447,right,acc,0.304063618183136,-0.45010992884635925,9.871294021606445,-2,-2,-2,-2,-2,-2,-2,-2,-2,-2,-2,-2,-2,-2,-2
1720123605401799400,0,0,0,0,0,0,0,0,0,0,0,0,0,1708787729351,left,acc,0.21308395266532898,-1.37906014919281,9.737217903137207,1669049152568,right,acc,0.3663128614425659,-0.4141969084739685,9.873687744140625,-2,-2,-2,-2,-2,-2,-2,-2,-2,-2,-2,-2,-2,-2,-2
1720123605435798100,0,0,0,0,0,0,0,0,0,0,0,0,0,1708787729531,left,acc,0.2585737705230713,-1.3335703611373901,9.701305389404297,1669049152688,right,acc,0.27054479718208313,-0.5482721924781799,9.907206535339355,-2,-2,-2,-2,-2,-2,-2,-2,-2,-2,-2,-2,-2,-2,-2
1720123605469306000,0,0,0,0,0,0,0,0,0,0,0,0,0,1708787729692,left,acc,0.17238251864910126,-1.357512354850769,9.75397777557373,1669049152849,right,acc,0.2561795711517334,-0.4620809257030487,9.952696800231934,-2,-2,-2,-2,-2,-2,-2,-2,-2,-2,-2,-2,-2,-2,-2
1720123605503280300,0,0,0,0,0,0,0,0,0,0,0,0,0,1708787729792,left,acc,0.2753331959247589,-1.3551181554794312,9.720458984375,1669049152990,right,acc,0.33758243918418884,-0.44771572947502136,9.883264541625977,-2,-2,-2,-2,-2,-2,-2,-2,-2,-2,-2,-2,-2,-2,-2
1720123605537280200,0,0,0,0,0,0,0,0,0,0,0,0,0,1708787729913,left,acc,0.29209262132644653,-1.359906554222107,9.734824180603027,1669049153135,right,acc,0.26336219906806946,-0.47405192255973816,9.909601211547852,-2,-2,-2,-2,-2,-2,-2,-2,-2,-2,-2,-2,-2,-2,-2
1720123605570800800,0,0,0,0,0,0,0,0,0,0,0,0,0,1708787730074,left,acc,0.26336219906806946,-1.335964560508728,9.749189376831055,1669049152949,right,acc,0.2537853717803955,-0.4692635238170624,9.880870819091797,-2,-2,-2,-2,-2,-2,-2,-2,-2,-2,-2,-2,-2,-2,-2
1720123605604833300,0,0,0,0,0,0,0,0,0,0,0,0,0,1708787730193,left,acc,0.21547815203666687,-1.2761094570159912,9.763554573059082,1669049153332,right,acc,0.26336219906806946,-0.4189853072166443,9.911994934082031,-2,-2,-2,-2,-2,-2,-2,-2,-2,-2,-2,-2,-2,-2,-2
1720123605638833300,0,0,0,0,0,0,0,0,0,0,0,0,0,1708787730353,left,acc,0.26815059781074524,-1.335964560508728,9.751583099365234,1669049153412,right,acc,0.22026655077934265,-0.4429273009300232,9.914389610290527,-2,-2,-2,-2,-2,-2,-2,-2,-2,-2,-2,-2,-2,-2,-2
1720123605672313200,0,0,0,0,0,0,0,0,0,0,0,0,0,1708787730517,left,acc,0.24660277366638184,-1.3503297567367554,9.780313491821289,1669049153573,right,acc,0.3064578175544739,-0.4165911078453064,9.923966407775879,-2,-2,-2,-2,-2,-2,-2,-2,-2,-2,-2,-2,-2,-2,-2
1720123605706315300,0,0,0,0,0,0,0,0,0,0,0,0,0,1708787730615,left,acc,0.26815059781074524,-1.3455413579940796,9.780313491821289,1669049153694,right,acc,0.304063618183136,-0.4668693244457245,9.852140426635742,-2,-2,-2,-2,-2,-2,-2,-2,-2,-2,-2,-2,-2,-2,-2
1720123605740314300,0,0,0,0,0,0,0,0,0,0,0,0,0,1708787730777,left,acc,0.20111294090747833,-1.290474772453308,9.742006301879883,1669049153861,right,acc,0.3208230137825012,-0.4141969084739685,9.871294021606445,-2,-2,-2,-2,-2,-2,-2,-2,-2,-2,-2,-2,-2,-2,-2
1720123605773897700,0,0,0,0,0,0,0,0,0,0,0,0,0,1708787730936,left,acc,0.2561795711517334,-1.314416766166687,9.742006301879883,1669049153975,right,acc,0.23702596127986908,-0.49799394607543945,9.84495735168457,-2,-2,-2,-2,-2,-2,-2,-2,-2,-2,-2,-2,-2,-2,-2
1720123605807861400,0,0,0,0,0,0,0,0,0,0,0,0,0,1708787730695,left,acc,0.2513911724090576,-1.2761094570159912,9.739612579345703,1669049154119,right,acc,0.272938996553421,-0.42616790533065796,9.86889934539795,-2,-2,-2,-2,-2,-2,-2,-2,-2,-2,-2,-2,-2,-2,-2
1720123605841860300,0,0,0,0,0,0,0,0,0,0,0,0,0,1708787731197,left,acc,0.24660277366638184,-1.3742717504501343,9.710882186889648,1669049154281,right,acc,0.2801215946674347,-0.4836287498474121,9.854534149169922,-2,-2,-2,-2,-2,-2,-2,-2,-2,-2,-2,-2,-2,-2,-2
1720123605875376200,0,0,0,0,0,0,0,0,0,0,0,0,0,1708787731337,left,acc,0.24660277366638184,-1.3623007535934448,9.68933391571045,1669049154400,right,acc,0.29209262132644653,-0.42616790533065796,9.856928825378418,-2,-2,-2,-2,-2,-2,-2,-2,-2,-2,-2,-2,-2,-2,-2
1720123605909376000,0,0,0,0,0,0,0,0,0,0,0,0,0,1708787731498,left,acc,0.18914192914962769,-1.3431471586227417,9.734824180603027,1669049154522,right,acc,0.31124621629714966,-0.4620809257030487,9.9000244140625,-2,-2,-2,-2,-2,-2,-2,-2,-2,-2,-2,-2,-2,-2,-2
1720123605943414000,0,0,0,0,0,0,0,0,0,0,0,0,0,1708787731658,left,acc,0.31603461503982544,-1.3551181554794312,9.751583099365234,1669049154701,right,acc,0.31124621629714966,-0.44771572947502136,9.931148529052734,-2,-2,-2,-2,-2,-2,-2,-2,-2,-2,-2,-2,-2,-2,-2
1720123605976932800,0,0,0,0,0,0,0,0,0,0,0,0,0,1708787731817,left,acc,0.21308395266532898,-1.3239935636520386,9.780313491821289,1669049154819,right,acc,0.3423708379268646,-0.5195417404174805,9.864110946655273,-2,-2,-2,-2,-2,-2,-2,-2,-2,-2,-2,-2,-2,-2,-2
1720123606010933700,0,0,0,0,0,0,0,0,0,0,0,0,0,1708787731916,left,acc,0.2537853717803955,-1.3263877630233765,9.718064308166504,1669049154945,right,acc,0.24660277366638184,-0.5147533416748047,9.84495735168457,-2,-2,-2,-2,-2,-2,-2,-2,-2,-2,-2,-2,-2,-2,-2
1720123606044931500,0,0,0,0,0,0,0,0,0,0,0,0,0,1708787732077,left,acc,0.19153612852096558,-1.3455413579940796,9.775525093078613,1669049155047,right,acc,0.31364041566848755,-0.5003881454467773,9.890447616577148,-2,-2,-2,-2,-2,-2,-2,-2,-2,-2,-2,-2,-2,-2,-2
1720123606078453500,0,0,0,0,0,0,0,0,0,0,0,0,0,1708787732237,left,acc,0.27054479718208313,-1.3455413579940796,9.81143856048584,1669049155165,right,acc,0.31364041566848755,-0.5003881454467773,9.856928825378418,-2,-2,-2,-2,-2,-2,-2,-2,-2,-2,-2,-2,-2,-2,-2
1720123606111980100,0,0,0,0,0,0,0,0,0,0,0,0,0,1708787732358,left,acc,0.24660277366638184,-1.3311761617660522,9.730035781860352,1669049155344,right,acc,0.2801215946674347,-0.45010992884635925,9.888052940368652,-2,-2,-2,-2,-2,-2,-2,-2,-2,-2,-2,-2,-2,-2,-2
1720123606145979900,0,0,0,0,0,0,0,0,0,0,0,0,0,1708787732542,left,acc,0.24899697303771973,-1.3503297567367554,9.749189376831055,1669049155443,right,acc,0.2346317619085312,-0.4812345504760742,9.876082420349121,-2,-2,-2,-2,-2,-2,-2,-2,-2,-2,-2,-2,-2,-2,-2
1720123606179496300,0,0,0,0,0,0,0,0,0,0,0,0,0,1708787732683,left,acc,0.22744916379451752,-1.3048399686813354,9.785101890563965,1669049155607,right,acc,0.24899697303771973,-0.49559974670410156,9.888052940368652,-2,-2,-2,-2,-2,-2,-2,-2,-2,-2,-2,-2,-2,-2,-2
1720123606213495100,0,0,0,0,0,0,0,0,0,0,0,0,0,1708787732822,left,acc,0.27054479718208313,-1.4053963422775269,9.734824180603027,1669049155729,right,acc,0.2944868206977844,-0.3974374830722809,9.835380554199219,-2,-2,-2,-2,-2,-2,-2,-2,-2,-2,-2,-2,-2,-2,-2
1720123606247504700,0,0,0,0,0,0,0,0,0,0,0,0,0,1708787732963,left,acc,0.26815059781074524,-1.3431471586227417,9.737217903137207,1669049155888,right,acc,0.30885201692581177,-0.4213795065879822,9.847352027893066,-2,-2,-2,-2,-2,-2,-2,-2,-2,-2,-2,-2,-2,-2,-2
1720123606281017500,0,0,0,0,0,0,0,0,0,0,0,0,0,1708787733085,left,acc,0.24420857429504395,-1.3742717504501343,9.782708168029785,1669049156049,right,acc,0.26096799969673157,-0.48602294921875,9.835380554199219,-2,-2,-2,-2,-2,-2,-2,-2,-2,-2,-2,-2,-2,-2,-2
1720123606315014800,0,0,0,0,0,0,0,0,0,0,0,0,0,1708787733245,left,acc,0.27054479718208313,-1.3120225667953491,9.691728591918945,1669049156231,right,acc,0.2801215946674347,-0.49320554733276367,9.80904483795166,-2,-2,-2,-2,-2,-2,-2,-2,-2,-2,-2,-2,-2,-2,-2
1720123606349023600,0,0,0,0,0,0,0,0,0,0,0,0,0,1708787733405,left,acc,0.3016694188117981,-1.3527239561080933,9.708487510681152,1669049156391,right,acc,0.28730419278144836,-0.3687070608139038,9.9000244140625,-2,-2,-2,-2,-2,-2,-2,-2,-2,-2,-2,-2,-2,-2,-2
1720123606382546900,0,0,0,0,0,0,0,0,0,0,0,0,0,1708787733565,left,acc,0.22744916379451752,-1.4053963422775269,9.708487510681152,1669049156531,right,acc,0.2561795711517334,-0.43095630407333374,9.883264541625977,-2,-2,-2,-2,-2,-2,-2,-2,-2,-2,-2,-2,-2,-2,-2
1720123606416547100,0,0,0,0,0,0,0,0,0,0,0,0,0,1708787733746,left,acc,0.2082955539226532,-1.3407529592514038,9.720458984375,1669049156708,right,acc,0.29209262132644653,-0.40222588181495667,9.864110946655273,-2,-2,-2,-2,-2,-2,-2,-2,-2,-2,-2,-2,-2,-2,-2
1720123606450551000,0,0,0,0,0,0,0,0,0,0,0,0,0,1708787733866,left,acc,0.181959331035614,-1.2761094570159912,9.746794700622559,1669049156873,right,acc,0.33279404044151306,-0.48602294921875,9.859322547912598,-2,-2,-2,-2,-2,-2,-2,-2,-2,-2,-2,-2,-2,-2,-2
1720123606484068200,0,0,0,0,0,0,0,0,0,0,0,0,0,1708787734031,left,acc,0.2298433631658554,-1.3287819623947144,9.727641105651855,1669049157014,right,acc,0.2944868206977844,-0.4189853072166443,9.897629737854004,-2,-2,-2,-2,-2,-2,-2,-2,-2,-2,-2,-2,-2,-2,-2
1720123606518069800,0,0,0,0,0,0,0,0,0,0,0,0,0,1708787734147,left,acc,0.2561795711517334,-1.3311761617660522,9.727641105651855,1669049157235,right,acc,0.27054479718208313,-0.4572925269603729,9.888052940368652,-2,-2,-2,-2,-2,-2,-2,-2,-2,-2,-2,-2,-2,-2,-2
1720123606552106000,0,0,0,0,0,0,0,0,0,0,0,0,0,1708787734307,left,acc,0.2825157940387726,-1.3455413579940796,9.761159896850586,1669049157356,right,acc,0.33997663855552673,-0.43095630407333374,9.873687744140625,-2,-2,-2,-2,-2,-2,-2,-2,-2,-2,-2,-2,-2,-2,-2
1720123606585593800,0,0,0,0,0,0,0,0,0,0,0,0,0,1708787734468,left,acc,0.2298433631658554,-1.3215993642807007,9.75637149810791,1669049157497,right,acc,0.2849099934101105,-0.4692635238170624,9.856928825378418,-2,-2,-2,-2,-2,-2,-2,-2,-2,-2,-2,-2,-2,-2,-2
1720123606619634500,0,0,0,0,0,0,0,0,0,0,0,0,0,1708787734590,left,acc,0.2992752194404602,-1.3742717504501343,9.696516990661621,1669049157637,right,acc,0.272938996553421,-0.45250412821769714,9.86650562286377,-2,-2,-2,-2,-2,-2,-2,-2,-2,-2,-2,-2,-2,-2,-2
1720123606653708700,0,0,0,0,0,0,0,0,0,0,0,0,0,1708787734711,left,acc,0.19153612852096558,-1.2976573705673218,9.792284965515137,1669049157775,right,acc,0.31603461503982544,-0.43095630407333374,9.837775230407715,-2,-2,-2,-2,-2,-2,-2,-2,-2,-2,-2,-2,-2,-2,-2
1720123606687263000,0,0,0,0,0,0,0,0,0,0,0,0,0,1708787734870,left,acc,0.2753331959247589,-1.2976573705673218,9.775525093078613,1669049157899,right,acc,0.3064578175544739,-0.47405192255973816,9.880870819091797,-2,-2,-2,-2,-2,-2,-2,-2,-2,-2,-2,-2,-2,-2,-2
1720123606721228500,0,0,0,0,0,0,0,0,0,0,0,0,0,1708787735055,left,acc,0.16519992053508759,-1.4269442558288574,9.732429504394531,1669049157998,right,acc,0.3016694188117981,-0.4213795065879822,9.818621635437012,-2,-2,-2,-2,-2,-2,-2,-2,-2,-2,-2,-2,-2,-2,-2
1720123606755231200,0,0,0,0,0,0,0,0,0,0,0,0,0,1708787735211,left,acc,0.2944868206977844,-1.335964560508728,9.78989028930664,1669049158139,right,acc,0.31364041566848755,-0.4620809257030487,9.892841339111328,-2,-2,-2,-2,-2,-2,-2,-2,-2,-2,-2,-2,-2,-2,-2
1720123606788743900,0,0,0,0,0,0,0,0,0,0,0,0,0,1708787735331,left,acc,0.304063618183136,-1.3120225667953491,9.744400978088379,1669049158261,right,acc,0.2585737705230713,-0.4908113479614258,9.78989028930664,-2,-2,-2,-2,-2,-2,-2,-2,-2,-2,-2,-2,-2,-2,-2
1720123606822261800,0,0,0,0,0,0,0,0,0,0,0,0,0,1708787735493,left,acc,0.26096799969673157,-1.292868971824646,9.749189376831055,1669049158401,right,acc,0.31842881441116333,-0.507570743560791,9.852140426635742,-2,-2,-2,-2,-2,-2,-2,-2,-2,-2,-2,-2,-2,-2,-2
1720123606856265100,0,0,0,0,0,0,0,0,0,0,0,0,0,1708787735653,left,acc,0.24899697303771973,-1.37906014919281,9.701305389404297,1669049158541,right,acc,0.33039984107017517,-0.43335050344467163,9.86650562286377,-2,-2,-2,-2,-2,-2,-2,-2,-2,-2,-2,-2,-2,-2,-2
1720123606889788900,0,0,0,0,0,0,0,0,0,0,0,0,0,1708787735775,left,acc,0.2322375625371933,-1.335964560508728,9.72285270690918,1669049158662,right,acc,0.28730419278144836,-0.395043283700943,9.823410034179688,-2,-2,-2,-2,-2,-2,-2,-2,-2,-2,-2,-2,-2,-2,-2
1720123606923787500,0,0,0,0,0,0,0,0,0,0,0,0,0,1708787735933,left,acc,0.24899697303771973,-1.3503297567367554,9.773131370544434,1669049158783,right,acc,0.33039984107017517,-0.5123591423034668,9.873687744140625,-2,-2,-2,-2,-2,-2,-2,-2,-2,-2,-2,-2,-2,-2,-2
1720123606957793500,0,0,0,0,0,0,0,0,0,0,0,0,0,1708787736095,left,acc,0.2585737705230713,-1.3335703611373901,9.761159896850586,1669049158945,right,acc,0.2944868206977844,-0.5099649429321289,9.86889934539795,-2,-2,-2,-2,-2,-2,-2,-2,-2,-2,-2,-2,-2,-2,-2
1720123606991304900,0,0,0,0,0,0,0,0,0,0,0,0,0,1708787736254,left,acc,0.28730419278144836,-1.3623007535934448,9.782708168029785,1669049159082,right,acc,0.26815059781074524,-0.4692635238170624,9.830592155456543,-2,-2,-2,-2,-2,-2,-2,-2,-2,-2,-2,-2,-2,-2,-2
1720123607025306600,0,0,0,0,0,0,0,0,0,0,0,0,0,1708787736375,left,acc,0.26575639843940735,-1.4077905416488647,9.737217903137207,1669049159241,right,acc,0.2801215946674347,-0.47405192255973816,9.86889934539795,-2,-2,-2,-2,-2,-2,-2,-2,-2,-2,-2,-2,-2,-2,-2
1720123607059310400,0,0,0,0,0,0,0,0,0,0,0,0,0,1708787736535,left,acc,0.2585737705230713,-1.381454348564148,9.737217903137207,1669049159365,right,acc,0.3232172429561615,-0.45489832758903503,9.8784761428833,-2,-2,-2,-2,-2,-2,-2,-2,-2,-2,-2,-2,-2,-2,-2
1720123607092857200,0,0,0,0,0,0,0,0,0,0,0,0,0,1708787736676,left,acc,0.2585737705230713,-1.3527239561080933,9.768342971801758,1669049159505,right,acc,0.3280056416988373,-0.5315127968788147,9.904812812805176,-2,-2,-2,-2,-2,-2,-2,-2,-2,-2,-2,-2,-2,-2,-2
1720123607126857800,0,0,0,0,0,0,0,0,0,0,0,0,0,1708787736857,left,acc,0.21308395266532898,-1.3407529592514038,9.718064308166504,1669049159606,right,acc,0.26815059781074524,-0.5051765441894531,9.856928825378418,-2,-2,-2,-2,-2,-2,-2,-2,-2,-2,-2,-2,-2,-2,-2
1720123607160862600,0,0,0,0,0,0,0,0,0,0,0,0,0,1708787737037,left,acc,0.27054479718208313,-1.3455413579940796,9.799467086791992,1669049159745,right,acc,0.27054479718208313,-0.42377370595932007,9.81143856048584,-2,-2,-2,-2,-2,-2,-2,-2,-2,-2,-2,-2,-2,-2,-2
1720123607194408300,0,0,0,0,0,0,0,0,0,0,0,0,0,1708787737258,left,acc,0.272938996553421,-1.3335703611373901,9.765948295593262,1669049159887,right,acc,0.3016694188117981,-0.4812345504760742,9.847352027893066,-2,-2,-2,-2,-2,-2,-2,-2,-2,-2,-2,-2,-2,-2,-2
1720123607228374100,0,0,0,0,0,0,0,0,0,0,0,0,0,1708787737418,left,acc,0.2513911724090576,-1.357512354850769,9.737217903137207,1669049160009,right,acc,0.2753331959247589,-0.3878606855869293,9.818621635437012,-2,-2,-2,-2,-2,-2,-2,-2,-2,-2,-2,-2,-2,-2,-2
1720123607262475800,0,0,0,0,0,0,0,0,0,0,0,0,0,1708787737579,left,acc,0.2537853717803955,-1.2641384601593018,9.742006301879883,1669049160171,right,acc,0.2753331959247589,-0.4118026793003082,9.813833236694336,-2,-2,-2,-2,-2,-2,-2,-2,-2,-2,-2,-2,-2,-2,-2
1720123607296669100,0,0,0,0,0,0,0,0,0,0,0,0,0,1708787737700,left,acc,0.27054479718208313,-1.3934253454208374,9.75637149810791,1669049160285,right,acc,0.24420857429504395,-0.47644615173339844,9.825803756713867,-2,-2,-2,-2,-2,-2,-2,-2,-2,-2,-2,-2,-2,-2,-2
1720123607330672000,0,0,0,0,0,0,0,0,0,0,0,0,0,1708787737823,left,acc,0.2298433631658554,-1.3551181554794312,9.749189376831055,1669049160450,right,acc,0.28730419278144836,-0.49559974670410156,9.911994934082031,-2,-2,-2,-2,-2,-2,-2,-2,-2,-2,-2,-2,-2,-2,-2
1720123607364907300,0,0,0,0,0,0,0,0,0,0,0,0,0,1708787738020,left,acc,0.29209262132644653,-1.4508862495422363,9.75397777557373,1669049160610,right,acc,0.35434186458587646,-0.4836287498474121,9.90241813659668,-2,-2,-2,-2,-2,-2,-2,-2,-2,-2,-2,-2,-2,-2,-2
1720123607398908700,0,0,0,0,0,0,0,0,0,0,0,0,0,0,0,0,0,0,0,1669049155647,right,acc,0.2513911724090576,-0.4644751250743866,9.9000244140625,-2,-2,-2,-2,-2,-2,-2,-2,-2,-2,-2,-2,-2,-2,-2
1720123607432905800,0,0,0,0,0,0,0,0,0,0,0,0,0,1708787738321,left,acc,0.2992752194404602,-1.3215993642807007,9.758766174316406,1669049160791,right,acc,0.2561795711517334,-0.4668693244457245,9.847352027893066,-2,-2,-2,-2,-2,-2,-2,-2,-2,-2,-2,-2,-2,-2,-2
1720123607466426600,0,0,0,0,0,0,0,0,0,0,0,0,0,1708787738520,left,acc,0.26815059781074524,-1.3694833517074585,9.835380554199219,1669049160953,right,acc,0.2849099934101105,-0.545877993106842,9.828198432922363,-2,-2,-2,-2,-2,-2,-2,-2,-2,-2,-2,-2,-2,-2,-2
1720123607500425600,0,0,0,0,0,0,0,0,0,0,0,0,0,1708787738680,left,acc,0.28969839215278625,-1.338358759880066,9.684545516967773,1669049161072,right,acc,0.2585737705230713,-0.5171475410461426,9.928754806518555,-2,-2,-2,-2,-2,-2,-2,-2,-2,-2,-2,-2,-2,-2,-2
1720123607534426700,0,0,0,0,0,0,0,0,0,0,0,0,0,1708787738963,left,acc,0.2082955539226532,-1.338358759880066,9.727641105651855,1669049161193,right,acc,0.28730419278144836,-0.5482721924781799,9.864110946655273,-2,-2,-2,-2,-2,-2,-2,-2,-2,-2,-2,-2,-2,-2,-2
1720123607567950700,0,0,0,0,0,0,0,0,0,0,0,0,0,1708787739184,left,acc,0.28969839215278625,-1.335964560508728,9.780313491821289,1669049161374,right,acc,0.3064578175544739,-0.4118026793003082,9.852140426635742,-2,-2,-2,-2,-2,-2,-2,-2,-2,-2,-2,-2,-2,-2,-2
1720123607601952000,0,0,0,0,0,0,0,0,0,0,0,0,0,1708787739425,left,acc,0.20111294090747833,-1.2689268589019775,9.730035781860352,1669049161493,right,acc,0.26096799969673157,-0.3734954595565796,9.864110946655273,-2,-2,-2,-2,-2,-2,-2,-2,-2,-2,-2,-2,-2,-2,-2
1720123607635951400,0,0,0,0,0,0,0,0,0,0,0,0,0,1708787739666,left,acc,0.2825157940387726,-1.278503656387329,9.770736694335938,1669049161594,right,acc,0.3064578175544739,-0.49559974670410156,9.856928825378418,-2,-2,-2,-2,-2,-2,-2,-2,-2,-2,-2,-2,-2,-2,-2
1720123607669468600,0,0,0,0,0,0,0,0,0,0,0,0,0,1708787739870,left,acc,0.2944868206977844,-1.3670891523361206,9.742006301879883,1669049161757,right,acc,0.3711012601852417,-0.45010992884635925,9.849745750427246,-2,-2,-2,-2,-2,-2,-2,-2,-2,-2,-2,-2,-2,-2,-2
1720123607703469300,0,0,0,0,0,0,0,0,0,0,0,0,0,1708787739926,left,acc,0.2346317619085312,-1.357512354850769,9.706093788146973,1669049161814,right,acc,0.304063618183136,-0.3998316824436188,9.852140426635742,-2,-2,-2,-2,-2,-2,-2,-2,-2,-2,-2,-2,-2,-2,-2
1720123607737468800,0,0,0,0,0,0,0,0,0,0,0,0,0,1708787740127,left,acc,0.2585737705230713,-1.2880805730819702,9.75637149810791,1669049161955,right,acc,0.2849099934101105,-0.5027823448181152,9.84256362915039,-2,-2,-2,-2,-2,-2,-2,-2,-2,-2,-2,-2,-2,-2,-2
1720123607770989500,0,0,0,0,0,0,0,0,0,0,0,0,0,1708787740287,left,acc,0.21547815203666687,-1.314416766166687,9.75397777557373,1669049162036,right,acc,0.33518823981285095,-0.5147533416748047,9.8784761428833,-2,-2,-2,-2,-2,-2,-2,-2,-2,-2,-2,-2,-2,-2,-2
1720123607805235600,0,0,0,0,0,0,0,0,0,0,0,0,0,1708787740408,left,acc,0.3016694188117981,-1.3646949529647827,9.765948295593262,1669049162155,right,acc,0.27054479718208313,-0.40940847992897034,9.828198432922363,-2,-2,-2,-2,-2,-2,-2,-2,-2,-2,-2,-2,-2,-2,-2
1720123607839234100,0,0,0,0,0,0,0,0,0,0,0,0,0,1708787740569,left,acc,0.20350714027881622,-1.3215993642807007,9.751583099365234,1669049162298,right,acc,0.3471592366695404,-0.5410895943641663,9.856928825378418,-2,-2,-2,-2,-2,-2,-2,-2,-2,-2,-2,-2,-2,-2,-2
1720123607873528400,0,0,0,0,0,0,0,0,0,0,0,0,0,1708787740690,left,acc,0.29209262132644653,-1.37906014919281,9.720458984375,1669049162458,right,acc,0.3423708379268646,-0.48602294921875,9.84495735168457,-2,-2,-2,-2,-2,-2,-2,-2,-2,-2,-2,-2,-2,-2,-2
1720123607907535500,0,0,0,0,0,0,0,0,0,0,0,0,0,1708787740849,left,acc,0.304063618183136,-1.3646949529647827,9.725247383117676,1669049162577,right,acc,0.33279404044151306,-0.47884035110473633,9.801861763000488,-2,-2,-2,-2,-2,-2,-2,-2,-2,-2,-2,-2,-2,-2,-2
1720123607941528000,0,0,0,0,0,0,0,0,0,0,0,0,0,1708787741011,left,acc,0.26575639843940735,-1.3239935636520386,9.737217903137207,1669049162739,right,acc,0.28730419278144836,-0.4692635238170624,9.825803756713867,-2,-2,-2,-2,-2,-2,-2,-2,-2,-2,-2,-2,-2,-2,-2
1720123607975738400,0,0,0,0,0,0,0,0,0,0,0,0,0,1708787741130,left,acc,0.2322375625371933,-1.3766659498214722,9.734824180603027,1669049162859,right,acc,0.3447650372982025,-0.4884171485900879,9.835380554199219,-2,-2,-2,-2,-2,-2,-2,-2,-2,-2,-2,-2,-2,-2,-2
1720123608009739500,0,0,0,0,0,0,0,0,0,0,0,0,0,1708787741291,left,acc,0.24899697303771973,-1.3311761617660522,9.775525093078613,1669049163021,right,acc,0.2944868206977844,-0.47405192255973816,9.84256362915039,-2,-2,-2,-2,-2,-2,-2,-2,-2,-2,-2,-2,-2,-2,-2
1720123608043737300,0,0,0,0,0,0,0,0,0,0,0,0,0,1708787741451,left,acc,0.2059013396501541,-1.292868971824646,9.787496566772461,1669049163143,right,acc,0.2968810200691223,-0.4381389021873474,9.8784761428833,-2,-2,-2,-2,-2,-2,-2,-2,-2,-2,-2,-2,-2,-2,-2
1720123608077974700,0,0,0,0,0,0,0,0,0,0,0,0,0,1708787741612,left,acc,0.19393034279346466,-1.3048399686813354,9.715670585632324,1669049163281,right,acc,0.3280056416988373,-0.4884171485900879,9.909601211547852,-2,-2,-2,-2,-2,-2,-2,-2,-2,-2,-2,-2,-2,-2,-2
1720123608111972400,0,0,0,0,0,0,0,0,0,0,0,0,0,1708787741729,left,acc,0.22744916379451752,-1.3215993642807007,9.732429504394531,1669049163439,right,acc,0.33279404044151306,-0.4429273009300232,9.825803756713867,-2,-2,-2,-2,-2,-2,-2,-2,-2,-2,-2,-2,-2,-2,-2
1720123608145972700,0,0,0,0,0,0,0,0,0,0,0,0,0,1708787741890,left,acc,0.24181437492370605,-1.3766659498214722,9.701305389404297,1669049163561,right,acc,0.26336219906806946,-0.4596867263317108,9.84495735168457,-2,-2,-2,-2,-2,-2,-2,-2,-2,-2,-2,-2,-2,-2,-2
1720123608180008200,0,0,0,0,0,0,0,0,0,0,0,0,0,1708787741970,left,acc,0.24420857429504395,-1.292868971824646,9.75397777557373,1669049163643,right,acc,0.3064578175544739,-0.47644615173339844,9.84495735168457,-2,-2,-2,-2,-2,-2,-2,-2,-2,-2,-2,-2,-2,-2,-2
1720123608214039700,0,0,0,0,0,0,0,0,0,0,0,0,0,1708787742130,left,acc,0.2059013396501541,-1.3048399686813354,9.749189376831055,1669049163783,right,acc,0.30885201692581177,-0.3998316824436188,9.80904483795166,-2,-2,-2,-2,-2,-2,-2,-2,-2,-2,-2,-2,-2,-2,-2
1720123608248043700,0,0,0,0,0,0,0,0,0,0,0,0,0,1708787742271,left,acc,0.19871874153614044,-1.3215993642807007,9.703699111938477,1669049163922,right,acc,0.304063618183136,-0.3998316824436188,9.804255485534668,-2,-2,-2,-2,-2,-2,-2,-2,-2,-2,-2,-2,-2,-2,-2
1720123608281525500,0,0,0,0,0,0,0,0,0,0,0,0,0,1708787742392,left,acc,0.23942017555236816,-1.3886369466781616,9.710882186889648,1669049164061,right,acc,0.2968810200691223,-0.4405331015586853,9.825803756713867,-2,-2,-2,-2,-2,-2,-2,-2,-2,-2,-2,-2,-2,-2,-2
1720123608315523600,0,0,0,0,0,0,0,0,0,0,0,0,0,1708787742573,left,acc,0.13168109953403473,-1.314416766166687,9.746794700622559,1669049164172,right,acc,0.3208230137825012,-0.40940847992897034,9.823410034179688,-2,-2,-2,-2,-2,-2,-2,-2,-2,-2,-2,-2,-2,-2,-2
1720123608349540500,0,0,0,0,0,0,0,0,0,0,0,0,0,1708787742693,left,acc,0.22266076505184174,-1.3503297567367554,9.739612579345703,1669049164322,right,acc,0.2944868206977844,-0.44771572947502136,9.90241813659668,-2,-2,-2,-2,-2,-2,-2,-2,-2,-2,-2,-2,-2,-2,-2
1720123608383038200,0,0,0,0,0,0,0,0,0,0,0,0,0,1708787742872,left,acc,0.20111294090747833,-1.414973258972168,9.773131370544434,1669049164463,right,acc,0.26096799969673157,-0.4908113479614258,9.873687744140625,-2,-2,-2,-2,-2,-2,-2,-2,-2,-2,-2,-2,-2,-2,-2
1720123608417073900,0,0,0,0,0,0,0,0,0,0,0,0,0,1708787742993,left,acc,0.2753331959247589,-1.3192051649093628,9.75637149810791,1669049164588,right,acc,0.26575639843940735,-0.4189853072166443,9.8784761428833,-2,-2,-2,-2,-2,-2,-2,-2,-2,-2,-2,-2,-2,-2,-2
1720123608451047700,0,0,0,0,0,0,0,0,0,0,0,0,0,1708787743133,left,acc,0.23702596127986908,-1.3670891523361206,9.737217903137207,1669049164709,right,acc,0.35673606395721436,-0.47884035110473633,9.880870819091797,-2,-2,-2,-2,-2,-2,-2,-2,-2,-2,-2,-2,-2,-2,-2
1720123608485135900,0,0,0,0,0,0,0,0,0,0,0,0,0,1708787743274,left,acc,0.26336219906806946,-1.3192051649093628,9.849745750427246,1669049164832,right,acc,0.28969839215278625,-0.44532153010368347,9.785101890563965,-2,-2,-2,-2,-2,-2,-2,-2,-2,-2,-2,-2,-2,-2,-2
1720123608519136300,0,0,0,0,0,0,0,0,0,0,0,0,0,1708787743435,left,acc,0.31603461503982544,-1.3287819623947144,9.768342971801758,1669049164950,right,acc,0.3663128614425659,-0.4644751250743866,9.813833236694336,-2,-2,-2,-2,-2,-2,-2,-2,-2,-2,-2,-2,-2,-2,-2
,0,0,0,0,0,0,0,0,1708787683834,left,acc,-5.027823448181152,-3.3303346633911133,-6.670246124267578,1669049110000,right,acc,0.1604115068912506,-0.8810662031173706,9.847352027893066,-1,-1,-1,-1,-1,-1,-1,0,0,0,0,0,0,0,1720123594470214700
1720123594505279900,0,0,0,0,0,0,0,0,0,0,0,0,0,1708787683995,left,acc,-6.584054470062256,-4.948814868927002,-5.9974751472473145,1669049110123,right,acc,0.20350714027881622,-0.849941611289978,9.816226959228516,-1,-1,-1,-1,-1,-1,-1,0,0,0,0,0,0,0,1720123594491213700
1720123594538632100,0,0,0,0,0,0,0,0,0,0,0,0,0,1708787684117,left,acc,-6.04775333404541,-4.307168960571289,-6.028599739074707,1669049110082,right,acc,0.181959331035614,-0.8164227604866028,9.832986831665039,-1,-1,-1,-1,-1,-1,-1,0,0,0,0,0,0,0,1720123594531632800
1720123594572167300,0,0,0,0,0,0,0,0,0,0,0,0,0,1708787684297,left,acc,-5.882553577423096,-4.335899353027344,-5.987898349761963,1669049110343,right,acc,0.1173158809542656,-0.8092401623725891,9.801861763000488,-1,-1,-1,-1,-1,-1,-1,0,0,0,0,0,0,0,1720123594552637700
1720123594606146600,0,0,0,0,0,0,0,0,0,0,0,0,0,1708787684417,left,acc,-6.205770969390869,-5.216965675354004,-4.659116744995117,1669049110483,right,acc,0.12689268589019775,-0.8571242094039917,9.799467086791992,-1,-1,-1,-1,-1,-1,-1,0,0,0,0,0,0,0,1720123594597146500
1720123594640190500,0,0,0,0,0,0,0,0,0,0,0,0,0,1708787684577,left,acc,-6.495469093322754,-5.779603004455566,-5.073313236236572,1669049110626,right,acc,0.1412578970193863,-0.8212111592292786,9.744400978088379,-1,-1,-1,-1,-1,-1,-1,0,0,0,0,0,0,0,1720123594638185300
1720123594673692400,0,0,0,0,0,0,0,0,0,0,0,0,0,1708787684698,left,acc,-6.081272125244141,-6.026205539703369,-4.819528102874756,1669049110746,right,acc,0.10534487664699554,-0.8667010068893433,9.794678688049316,-1,-1,-1,-1,-1,-1,-1,0,0,0,0,0,0,0,1720123594658692800
1720123594707692600,0,0,0,0,0,0,0,0,0,0,0,0,0,1708787684856,left,acc,-6.162675380706787,-6.155492782592773,-4.76924991607666,1669049110926,right,acc,0.19393034279346466,-0.8571242094039917,9.782708168029785,-1,-1,-1,-1,-1,-1,-1,0,0,0,0,0,0,0,1720123594699692500
1720123594741774500,0,0,0,0,0,0,0,0,0,0,0,0,0,1708787685019,left,acc,-5.889736175537109,-5.731719017028809,-4.888959884643555,1669049111047,right,acc,0.1412578970193863,-0.9026140570640564,9.885659217834473,-1,-1,-1,-1,-1,-1,-1,0,0,0,0,0,0,0,1720123594740776800
1720123594775354200,0,0,0,0,0,0,0,0,0,0,0,0,0,1708787685139,left,acc,-6.497863292694092,-5.731719017028809,-5.039794445037842,1669049111167,right,acc,0.19393034279346466,-0.8954314589500427,9.816226959228516,-1,-1,-1,-1,-1,-1,-1,0,0,0,0,0,0,0,1720123594765320300
1720123594809353800,0,0,0,0,0,0,0,0,0,0,0,0,0,1708787685299,left,acc,-5.7125654220581055,-7.007828235626221,-4.357447147369385,1669049111329,right,acc,0.17717093229293823,-0.8403648138046265,9.821015357971191,-1,-1,-1,-1,-1,-1,-1,0,0,0,0,0,0,0,1720123594806353000
1720123594843394600,0,0,0,0,0,0,0,0,0,0,0,0,0,1708787685461,left,acc,-5.791574001312256,-7.189787864685059,-3.177105665206909,1669049111447,right,acc,0.15322890877723694,-0.871489405632019,9.804255485534668,-1,-1,-1,-1,-1,-1,-1,0,0,0,0,0,0,0,1720123594826319200
1720123594876989600,0,0,0,0,0,0,0,0,0,0,0,0,0,1708787685622,left,acc,-5.396530628204346,-7.9631147384643555,-1.9776105880737305,1669049111568,right,acc,0.16759411990642548,-0.8092401623725891,9.746794700622559,-1,-1,-1,-1,-1,-1,-1,0,0,0,0,0,0,0,1720123594867979400
1720123594910946100,0,0,0,0,0,0,0,0,0,0,0,0,0,1708787685742,left,acc,-5.736507415771484,-5.3342814445495605,-5.559336185455322,1669049111730,right,acc,0.18914192914962769,-0.8379706144332886,9.782708168029785,-1,-1,-1,-1,-1,-1,-1,0,0,0,0,0,0,0,1720123594908946000
1720123594945211800,0,0,0,0,0,0,0,0,0,0,0,0,0,1708787685906,left,acc,-1.1875240802764893,-7.486668586730957,-1.659181833267212,1669049111849,right,acc,0.1604115068912506,-0.9074024558067322,9.78989028930664,-1,-1,-1,-1,-1,-1,-1,0,0,0,0,0,0,0,1720123594929206500
1720123594978727100,0,0,0,0,0,0,0,0,0,0,0,0,0,1708787686023,left,acc,0.33518823981285095,-0.9959878921508789,-0.4596867263317108,1669049111948,right,acc,0.17956513166427612,-0.8690952062606812,9.830592155456543,-1,-1,-1,-1,-1,-1,-1,0,0,0,0,0,0,0,1720123594973725300
1720123595012727100,0,0,0,0,0,0,0,0,0,0,0,0,0,1708787686183,left,acc,-13.148955345153809,-0.5482721924781799,2.142810583114624,1669049112110,right,acc,0.15801730751991272,-0.8236053586006165,9.832986831665039,-1,-1,-1,-1,-1,-1,-1,0,0,0,0,0,0,0,1720123594994725700
1720123595046729000,0,0,0,0,0,0,0,0,0,0,0,0,0,1708787686343,left,acc,-7.759607791900635,-5.394136428833008,-10.314221382141113,1669049112274,right,acc,0.17477671802043915,-0.8451532125473022,9.84256362915039,-1,-1,-1,-1,-1,-1,-1,0,0,0,0,0,0,0,1720123595035725700
1720123595080239500,0,0,0,0,0,0,0,0,0,0,0,0,0,1708787686263,left,acc,4.795586109161377,-3.445256233215332,-4.077325344085693,1669049112431,right,acc,0.2059013396501541,-0.9169792532920837,9.818621635437012,-1,-1,-1,-1,-1,-1,-1,0,0,0,0,0,0,0,1720123595076273000
1720123595114238300,0,0,0,0,0,0,0,0,0,0,0,0,0,1708787686603,left,acc,0.17956513166427612,-8.279149055480957,-5.679046630859375,1669049112531,right,acc,0.1628057211637497,-0.8619126081466675,9.852140426635742,-1,-1,-1,-1,-1,-1,-1,0,0,0,0,0,0,0,1720123595097237100
1720123595148312700,0,0,0,0,0,0,0,0,0,0,0,0,0,1708787686743,left,acc,-0.47884035110473633,-6.375759124755859,-4.548983097076416,1669049112676,right,acc,0.1412578970193863,-0.8403648138046265,9.727641105651855,-1,-1,-1,-1,-1,-1,-1,0,0,0,0,0,0,0,1720123595142311200
1720123595181890100,0,0,0,0,0,0,0,0,0,0,0,0,0,1708787686903,left,acc,-1.3527239561080933,-10.639832496643066,-7.242460250854492,1669049112832,right,acc,0.19393034279346466,-0.7781155705451965,9.832986831665039,-1,-1,-1,-1,-1,-1,-1,0,0,0,0,0,0,0,1720123595162854400
1720123595215526900,0,0,0,0,0,0,0,0,0,0,0,0,0,1708787687029,left,acc,4.122815132141113,-8.087613105773926,0.7996633648872375,1669049112933,right,acc,0.19153612852096558,-0.8451532125473022,9.825803756713867,-1,-1,-1,-1,-1,-1,-1,0,0,0,0,0,0,0,1720123595203492600
1720123595249532500,0,0,0,0,0,0,0,0,0,0,0,0,0,1708787687184,left,acc,-0.9409212470054626,-11.477803230285645,1.170764684677124,1669049113076,right,acc,0.14604631066322327,-0.8523358106613159,9.80904483795166,-1,-1,-1,-1,-1,-1,-1,0,0,0,0,0,0,0,1720123595244531000
1720123595283099700,0,0,0,0,0,0,0,0,0,0,0,0,0,1708787687364,left,acc,-0.3878606855869293,-5.535394191741943,6.794744491577148,1669049113236,right,acc,0.1628057211637497,-0.8236053586006165,9.775525093078613,-1,-1,-1,-1,-1,-1,-1,0,0,0,0,0,0,0,1720123595265100900
1720123595317097900,0,0,0,0,0,0,0,0,0,0,0,0,0,1708787687504,left,acc,2.183511972427368,-2.779668092727661,10.249577522277832,1669049113334,right,acc,0.1628057211637497,-0.8475474119186401,9.828198432922363,-1,-1,-1,-1,-1,-1,-1,0,0,0,0,0,0,0,1720123595306099700
1720123595351114300,0,0,0,0,0,0,0,0,0,0,0,0,0,1708787687666,left,acc,1.941697597503662,1.460463047027588,6.325480937957764,1669049113496,right,acc,0.17717093229293823,-0.8595184087753296,9.80904483795166,-1,-1,-1,-1,-1,-1,-1,0,0,0,0,0,0,0,1720123595351114300
1720123595384622500,0,0,0,0,0,0,0,0,0,0,0,0,0,1708787687785,left,acc,1.1994950771331787,2.2888567447662354,7.627926826477051,1669049113615,right,acc,0.21787235140800476,-0.871489405632019,9.732429504394531,-1,-1,-1,-1,-1,-1,-1,0,0,0,0,0,0,0,1720123595371622900
1720123595418622600,0,0,0,0,0,0,0,0,0,0,0,0,0,1708787687927,left,acc,1.1516109704971313,6.658275127410889,9.131484985351562,1669049113735,right,acc,0.19871874153614044,-0.828393816947937,9.806650161743164,-1,-1,-1,-1,-1,-1,-1,0,0,0,0,0,0,0,1720123595412621500
1720123595452625200,0,0,0,0,0,0,0,0,0,0,0,0,0,1708787688087,left,acc,2.1499931812286377,5.655104637145996,5.492298603057861,1669049113916,right,acc,0.07661445438861847,-0.9074024558067322,9.780313491821289,-1,-1,-1,-1,-1,-1,-1,0,0,0,0,0,0,0,1720123595432621500
1720123595486134300,0,0,0,0,0,0,0,0,0,0,0,0,0,1708787688247,left,acc,2.3774423599243164,7.663839817047119,6.84981107711792,1669049114017,right,acc,0.12210428714752197,-0.7781155705451965,9.787496566772461,-1,-1,-1,-1,-1,-1,-1,0,0,0,0,0,0,0,1720123595474133900
1720123595520133500,0,0,0,0,0,0,0,0,0,0,0,0,0,1708787688370,left,acc,3.5194764137268066,4.537012100219727,7.7213006019592285,1669049114160,right,acc,0.13407529890537262,-0.8427590131759644,9.821015357971191,-1,-1,-1,-1,-1,-1,-1,0,0,0,0,0,0,0,1720123595519133600
1720123595554208200,0,0,0,0,0,0,0,0,0,0,0,0,0,1708787688510,left,acc,1.8962076902389526,4.630385875701904,8.20732307434082,1669049114318,right,acc,0.20111294090747833,-0.7613561153411865,9.840168952941895,-1,-1,-1,-1,-1,-1,-1,0,0,0,0,0,0,0,1720123595539168400
1720123595587755000,0,0,0,0,0,0,0,0,0,0,0,0,0,1708787688651,left,acc,1.4197616577148438,4.800374507904053,9.512163162231445,1669049114420,right,acc,0.15801730751991272,-0.8164227604866028,9.75637149810791,-1,-1,-1,-1,-1,-1,-1,0,0,0,0,0,0,0,1720123595580754000
1720123595621735600,0,0,0,0,0,0,0,0,0,0,0,0,0,1708787688791,left,acc,1.0965443849563599,4.400542736053467,9.248801231384277,1669049114602,right,acc,0.1628057211637497,-0.8810662031173706,9.840168952941895,-1,-1,-1,-1,-1,-1,-1,0,0,0,0,0,0,0,1720123595621735600
1720123595655330300,0,0,0,0,0,0,0,0,0,0,0,0,0,1708787688951,left,acc,1.314416766166687,3.5242648124694824,10.079588890075684,1669049114681,right,acc,0.1843535304069519,-0.8595184087753296,9.804255485534668,-1,-1,-1,-1,-1,-1,-1,0,0,0,0,0,0,0,1720123595641793500
1720123595689372300,0,0,0,0,0,0,0,0,0,0,0,0,0,1708787689053,left,acc,1.1061211824417114,3.4189200401306152,8.975862503051758,1669049114799,right,acc,0.14844051003456116,-0.912190854549408,9.782708168029785,-1,-1,-1,-1,-1,-1,-1,0,0,0,0,0,0,0,1720123595686336200
1720123595723372400,0,0,0,0,0,0,0,0,0,0,0,0,0,1708787689234,left,acc,-0.26096799969673157,4.05817174911499,8.099584579467773,1669049114962,right,acc,0.15322890877723694,-0.9050082564353943,9.813833236694336,-1,-1,-1,-1,-1,-1,-1,0,0,0,0,0,0,0,1720123595707372300
1720123595756993600,0,0,0,0,0,0,0,0,0,0,0,0,0,1708787689353,left,acc,-0.7661445140838623,3.931279182434082,8.434772491455078,1669049115102,right,acc,0.19632454216480255,-0.8379706144332886,9.780313491821289,-1,-1,-1,-1,-1,-1,-1,0,0,0,0,0,0,0,1720123595748412200
1720123595790996900,0,0,0,0,0,0,0,0,0,0,0,0,0,1708787689474,left,acc,-1.3551181554794312,3.907337188720703,8.652645111083984,1669049115223,right,acc,0.2082955539226532,-0.8523358106613159,9.758766174316406,-1,-1,-1,-1,-1,-1,-1,0,0,0,0,0,0,0,1720123595788989700
1720123595824956100,0,0,0,0,0,0,0,0,0,0,0,0,0,1708787689635,left,acc,-1.764526605606079,6.576871871948242,9.457097053527832,1669049115343,right,acc,0.21547815203666687,-0.8427590131759644,9.797073364257812,-1,-1,-1,-1,-1,-1,-1,0,0,0,0,0,0,0,1720123595809957600
1720123595858470200,0,0,0,0,0,0,0,0,0,0,0,0,0,1708787689754,left,acc,-1.745373010635376,6.174646377563477,5.901707172393799,1669049115483,right,acc,0.1412578970193863,-0.8307880163192749,9.78989028930664,-1,-1,-1,-1,-1,-1,-1,0,0,0,0,0,0,0,1720123595850961400
1720123595892507500,0,0,0,0,0,0,0,0,0,0,0,0,0,1708787689915,left,acc,2.4133553504943848,4.434061527252197,7.479485988616943,1669049115630,right,acc,0.1604115068912506,-0.8667010068893433,9.847352027893066,-1,-1,-1,-1,-1,-1,-1,0,0,0,0,0,0,0,1720123595875469000
1720123595926636000,0,0,0,0,0,0,0,0,0,0,0,0,0,1708787690037,left,acc,2.8874073028564453,2.2625205516815186,7.6111674308776855,1669049115765,right,acc,0.19153612852096558,-0.8571242094039917,9.847352027893066,-1,-1,-1,-1,-1,-1,-1,0,0,0,0,0,0,0,1720123595916601000
1720123595960924700,0,0,0,0,0,0,0,0,0,0,0,0,0,1708787690197,left,acc,7.026981830596924,1.2114660739898682,7.309497833251953,1669049115885,right,acc,0.15322890877723694,-0.8331822156906128,9.81143856048584,-1,-1,-1,-1,-1,-1,-1,0,0,0,0,0,0,0,1720123595956927400
1720123595994890700,0,0,0,0,0,0,0,0,0,0,0,0,0,1708787690357,left,acc,7.999027729034424,0.05506663769483566,7.829039573669434,1669049116027,right,acc,0.16519992053508759,-0.8236053586006165,9.821015357971191,-1,-1,-1,-1,-1,-1,-1,0,0,0,0,0,0,0,1720123595977927700
1720123596028902700,0,0,0,0,0,0,0,0,0,0,0,0,0,1708787690516,left,acc,7.422025203704834,-0.08140286058187485,7.682993412017822,1669049116146,right,acc,0.15801730751991272,-0.9265560507774353,9.780313491821289,-1,-1,-1,-1,-1,-1,-1,0,0,0,0,0,0,0,1720123596018923700
1720123596062404500,0,0,0,0,0,0,0,0,0,0,0,0,0,1708787690678,left,acc,4.642356872558594,0.5554547905921936,7.127538681030273,1669049116308,right,acc,0.19153612852096558,-0.8810662031173706,9.787496566772461,-1,-1,-1,-1,-1,-1,-1,0,0,0,0,0,0,0,1720123596038930900
1720123596096401200,0,0,0,0,0,0,0,0,0,0,0,0,0,1708787690839,left,acc,2.7964274883270264,-2.3726539611816406,9.832986831665039,1669049116429,right,acc,0.1628057211637497,-0.8762778043746948,9.77791976928711,-1,-1,-1,-1,-1,-1,-1,0,0,0,0,0,0,0,1720123596084413100
1720123596130403400,0,0,0,0,0,0,0,0,0,0,0,0,0,1708787690958,left,acc,-1.1348515748977661,-0.6703764796257019,10.532093048095703,1669049116529,right,acc,0.1412578970193863,-0.8427590131759644,9.78989028930664,-1,-1,-1,-1,-1,-1,-1,0,0,0,0,0,0,0,1720123596125404000
1720123596163917200,0,0,0,0,0,0,0,0,0,0,0,0,0,1708787691118,left,acc,0.4118026793003082,-0.7015010714530945,10.144232749938965,1669049116607,right,acc,0.17717093229293823,-0.849941611289978,9.806650161743164,-1,-1,-1,-1,-1,-1,-1,0,0,0,0,0,0,0,1720123596145408000
1720123596197917300,0,0,0,0,0,0,0,0,0,0,0,0,0,1708787691299,left,acc,0.4357447028160095,-0.993593692779541,9.96945571899414,1669049116791,right,acc,0.10773907601833344,-0.8259995579719543,9.81143856048584,-1,-1,-1,-1,-1,-1,-1,0,0,0,0,0,0,0,1720123596186919200
1720123596231919000,0,0,0,0,0,0,0,0,0,0,0,0,0,1708787691480,left,acc,0.3974374830722809,-1.0965443849563599,9.710882186889648,1669049116911,right,acc,0.17238251864910126,-0.8571242094039917,9.768342971801758,-1,-1,-1,-1,-1,-1,-1,0,0,0,0,0,0,0,1720123596231919000
1720123596265467800,0,0,0,0,0,0,0,0,0,0,0,0,0,1708787691680,left,acc,0.38546648621559143,-1.01753568649292,9.737217903137207,1669049117010,right,acc,0.17238251864910126,-0.8738836050033569,9.828198432922363,-1,-1,-1,-1,-1,-1,-1,0,0,0,0,0,0,0,1720123596251922200
1720123596299434500,0,0,0,0,0,0,0,0,0,0,0,0,0,1708787691801,left,acc,0.4405331015586853,-1.1013327836990356,9.737217903137207,1669049117171,right,acc,0.19393034279346466,-0.8690952062606812,9.861717224121094,-1,-1,-1,-1,-1,-1,-1,0,0,0,0,0,0,0,1720123596292467300
1720123596333432800,0,0,0,0,0,0,0,0,0,0,0,0,0,1708787691961,left,acc,0.4141969084739685,-1.0414776802062988,9.780313491821289,1669049117330,right,acc,0.16998831927776337,-0.8762778043746948,9.861717224121094,-1,-1,-1,-1,-1,-1,-1,0,0,0,0,0,0,0,1720123596313433800
1720123596366782200,0,0,0,0,0,0,0,0,0,0,0,0,0,1708787692102,left,acc,0.4189853072166443,-1.0845733880996704,9.768342971801758,1669049117471,right,acc,0.11252748221158981,-0.8427590131759644,9.751583099365234,-1,-1,-1,-1,-1,-1,-1,0,0,0,0,0,0,0,1720123596354437300
1720123596400818900,0,0,0,0,0,0,0,0,0,0,0,0,0,1708787692261,left,acc,0.42616790533065796,-1.0414776802062988,9.744400978088379,1669049117595,right,acc,0.15083470940589905,-0.8738836050033569,9.77791976928711,-1,-1,-1,-1,-1,-1,-1,0,0,0,0,0,0,0,1720123596394784000
1720123596434783900,0,0,0,0,0,0,0,0,0,0,0,0,0,1708787692383,left,acc,0.4189853072166443,-1.0773907899856567,9.787496566772461,1669049110825,right,acc,0.181959331035614,-0.8762778043746948,9.787496566772461,-1,-1,-1,-1,-1,-1,-1,0,0,0,0,0,0,0,1720123596419818600
1720123596468336900,0,0,0,0,0,0,0,0,0,0,0,0,0,1708787692543,left,acc,0.40940847992897034,-1.0749965906143188,9.77791976928711,1669049117832,right,acc,0.17238251864910126,-0.8355764150619507,9.775525093078613,-1,-1,-1,-1,-1,-1,-1,0,0,0,0,0,0,0,1720123596461347300
1720123596502306500,0,0,0,0,0,0,0,0,0,0,0,0,0,1708787692704,left,acc,0.4189853072166443,-1.0199298858642578,9.768342971801758,1669049117953,right,acc,0.20111294090747833,-0.8738836050033569,9.782708168029785,-1,-1,-1,-1,-1,-1,-1,0,0,0,0,0,0,0,1720123596502306500
1720123596536340000,0,0,0,0,0,0,0,0,0,0,0,0,0,1708787692824,left,acc,0.4141969084739685,-1.094150185585022,9.739612579345703,1669049118097,right,acc,0.12210428714752197,-0.811634361743927,9.818621635437012,-1,-1,-1,-1,-1,-1,-1,0,0,0,0,0,0,0,1720123596522339600
1720123596570606200,0,0,0,0,0,0,0,0,0,0,0,0,0,1708787692984,left,acc,0.33518823981285095,-1.0797849893569946,9.77791976928711,1669049118256,right,acc,0.18914192914962769,-0.8978256583213806,9.837775230407715,-1,-1,-1,-1,-1,-1,-1,0,0,0,0,0,0,0,1720123596563628300
1720123596604663200,0,0,0,0,0,0,0,0,0,0,0,0,0,1708787693105,left,acc,0.3926490843296051,-1.0438719987869263,9.794678688049316,1669049118376,right,acc,0.11971008777618408,-0.8475474119186401,9.78989028930664,-1,-1,-1,-1,-1,-1,-1,0,0,0,0,0,0,0,1720123596583640500
1720123596638606400,0,0,0,0,0,0,0,0,0,0,0,0,0,1708787693225,left,acc,0.38546648621559143,-1.0869675874710083,9.763554573059082,1669049118534,right,acc,0.21308395266532898,-0.8834604024887085,9.799467086791992,-1,-1,-1,-1,-1,-1,-1,0,0,0,0,0,0,0,1720123596628608100
1720123596672153100,0,0,0,0,0,0,0,0,0,0,0,0,0,1708787693386,left,acc,0.3878606855869293,-1.1300631761550903,9.710882186889648,1669049118636,right,acc,0.17238251864910126,-0.933738648891449,9.763554573059082,-1,-1,-1,-1,-1,-1,-1,0,0,0,0,0,0,0,1720123596670199300
1720123596706118200,0,0,0,0,0,0,0,0,0,0,0,0,0,1708787693547,left,acc,0.4165911078453064,-1.0462661981582642,9.818621635437012,1669049118815,right,acc,0.19871874153614044,-0.7852981686592102,9.825803756713867,-1,-1,-1,-1,-1,-1,-1,0,0,0,0,0,0,0,1720123596690153200
1720123596740116800,0,0,0,0,0,0,0,0,0,0,0,0,0,1708787691022,left,acc,0.0694318488240242,0.1412578970193863,11.496956825256348,1669049118937,right,acc,0.15322890877723694,-0.8307880163192749,9.816226959228516,-1,-1,-1,-1,-1,-1,-1,0,0,0,0,0,0,0,1720123596731117700
1720123596773760400,0,0,0,0,0,0,0,0,0,0,0,0,0,1708787693807,left,acc,0.44771572947502136,-1.091755986213684,9.816226959228516,1669049119058,right,acc,0.14604631066322327,-0.8643068075180054,9.849745750427246,-1,-1,-1,-1,-1,-1,-1,0,0,0,0,0,0,0,1720123596771702000
1720123596807737100,0,0,0,0,0,0,0,0,0,0,0,0,0,1708787693968,left,acc,0.4141969084739685,-1.1276689767837524,9.742006301879883,1669049119179,right,acc,0.09576806426048279,-0.828393816947937,9.780313491821289,-1,-1,-1,-1,-1,-1,-1,0,0,0,0,0,0,0,1720123596796702600
1720123596841778200,0,0,0,0,0,0,0,0,0,0,0,0,0,1708787694129,left,acc,0.3974374830722809,-1.0247182846069336,9.75637149810791,1669049119340,right,acc,0.11013327538967133,-0.8667010068893433,9.830592155456543,-1,-1,-1,-1,-1,-1,-1,0,0,0,0,0,0,0,1720123596837736800
1720123596875364900,0,0,0,0,0,0,0,0,0,0,0,0,0,1708787694250,left,acc,0.38307225704193115,-1.1228805780410767,9.677363395690918,1669049119440,right,acc,0.14844051003456116,-0.8619126081466675,9.768342971801758,-1,-1,-1,-1,-1,-1,-1,0,0,0,0,0,0,0,1720123596858360900
1720123596909329800,0,0,0,0,0,0,0,0,0,0,0,0,0,1708787694409,left,acc,0.3734954595565796,-1.1180921792984009,9.710882186889648,1669049119599,right,acc,0.15322890877723694,-0.8355764150619507,9.84256362915039,-1,-1,-1,-1,-1,-1,-1,0,0,0,0,0,0,0,1720123596899328200
1720123596943121300,0,0,0,0,0,0,0,0,0,0,0,0,0,1708787694589,left,acc,0.35434186458587646,-1.1204863786697388,9.706093788146973,1669049119762,right,acc,0.19393034279346466,-0.8738836050033569,9.861717224121094,-1,-1,-1,-1,-1,-1,-1,0,0,0,0,0,0,0,1720123596940161600
1720123596976630200,0,0,0,0,0,0,0,0,0,0,0,0,0,1708787694712,left,acc,0.40701428055763245,-1.113303780555725,9.710882186889648,1669049119926,right,acc,0.1173158809542656,-0.8619126081466675,9.81143856048584,-1,-1,-1,-1,-1,-1,-1,0,0,0,0,0,0,0,1720123596964628900
1720123597010669200,0,0,0,0,0,0,0,0,0,0,0,0,0,1708787694870,left,acc,0.42616790533065796,-0.993593692779541,9.739612579345703,1669049120123,right,acc,0.14365209639072418,-0.8140285611152649,9.9000244140625,-1,-1,-1,-1,-1,-1,-1,0,0,0,0,0,0,0,1720123597005673500
1720123597044717000,0,0,0,0,0,0,0,0,0,0,0,0,0,1708787695012,left,acc,0.4118026793003082,-1.0582371950149536,9.730035781860352,1669049120300,right,acc,0.17956513166427612,-0.8355764150619507,9.801861763000488,-1,-1,-1,-1,-1,-1,-1,0,0,0,0,0,0,0,1720123597025664700
1720123597078250900,0,0,0,0,0,0,0,0,0,0,0,0,0,1708787695131,left,acc,0.363918662071228,-1.0821791887283325,9.703699111938477,1669049120462,right,acc,0.16998831927776337,-0.8427590131759644,9.847352027893066,-1,-1,-1,-1,-1,-1,-1,0,0,0,0,0,0,0,1720123597067250700
1720123597112251000,0,0,0,0,0,0,0,0,0,0,0,0,0,1708787695253,left,acc,0.42616790533065796,-1.0773907899856567,9.749189376831055,1669049120606,right,acc,0.14844051003456116,-0.8595184087753296,9.792284965515137,-1,-1,-1,-1,-1,-1,-1,0,0,0,0,0,0,0,1720123597108252200
1720123597146254900,0,0,0,0,0,0,0,0,0,0,0,0,0,1708787695409,left,acc,0.38546648621559143,-1.0654197931289673,9.77791976928711,1669049120725,right,acc,0.19393034279346466,-0.8954314589500427,9.84256362915039,-1,-1,-1,-1,-1,-1,-1,0,0,0,0,0,0,0,1720123597128250500
1720123597179765900,0,0,0,0,0,0,0,0,0,0,0,0,0,1708787695554,left,acc,0.40940847992897034,-1.0989385843276978,9.797073364257812,1669049120907,right,acc,0.14365209639072418,-0.9026140570640564,9.828198432922363,-1,-1,-1,-1,-1,-1,-1,0,0,0,0,0,0,0,1720123597173765800
1720123597213766200,0,0,0,0,0,0,0,0,0,0,0,0,0,1708787695774,left,acc,0.3495534360408783,-1.0965443849563599,9.734824180603027,1669049121084,right,acc,0.21787235140800476,-0.8690952062606812,9.830592155456543,-1,-1,-1,-1,-1,-1,-1,0,0,0,0,0,0,0,1720123597193766900
1720123597247773300,0,0,0,0,0,0,0,0,0,0,0,0,0,1708787695814,left,acc,0.43095630407333374,-1.1204863786697388,9.734824180603027,1669049121129,right,acc,0.17238251864910126,-0.8523358106613159,9.77791976928711,-1,-1,-1,-1,-1,-1,-1,0,0,0,0,0,0,0,1720123597234767800
1720123597281295500,0,0,0,0,0,0,0,0,0,0,0,0,0,1708787695736,left,acc,0.38546648621559143,-1.0342950820922852,9.773131370544434,1669049121046,right,acc,0.14365209639072418,-0.8140285611152649,9.775525093078613,-1,-1,-1,-1,-1,-1,-1,0,0,0,0,0,0,0,1720123597276294300
1720123597315296300,0,0,0,0,0,0,0,0,0,0,0,0,0,1708787695838,left,acc,0.44532153010368347,-0.9816226959228516,9.701305389404297,1669049121184,right,acc,0.15322890877723694,-0.9026140570640564,9.794678688049316,-1,-1,-1,-1,-1,-1,-1,0,0,0,0,0,0,0,1720123597296294200
1720123597349301300,0,0,0,0,0,0,0,0,0,0,0,0,0,1708787695694,left,acc,0.3998316824436188,-1.113303780555725,9.751583099365234,1669049121208,right,acc,0.15083470940589905,-0.8810662031173706,9.804255485534668,-1,-1,-1,-1,-1,-1,-1,0,0,0,0,0,0,0,1720123597341296000
1720123597382808800,0,0,0,0,0,0,0,0,0,0,0,0,0,1708787695655,left,acc,0.3758896589279175,-1.0414776802062988,9.732429504394531,1669049121408,right,acc,0.0933738648891449,-0.828393816947937,9.816226959228516,-1,-1,-1,-1,-1,-1,-1,0,0,0,0,0,0,0,1720123597382808800
1720123597416810100,0,0,0,0,0,0,0,0,0,0,0,0,0,1708787695614,left,acc,0.363918662071228,-1.070208191871643,9.782708168029785,1669049121529,right,acc,0.15083470940589905,-0.8140285611152649,9.80904483795166,-1,-1,-1,-1,-1,-1,-1,0,0,0,0,0,0,0,1720123597402808800
1720123597450813800,0,0,0,0,0,0,0,0,0,0,0,0,0,1708787695956,left,acc,0.3758896589279175,-1.1300631761550903,9.770736694335938,1669049121613,right,acc,0.10295066982507706,-0.8451532125473022,9.794678688049316,-1,-1,-1,-1,-1,-1,-1,0,0,0,0,0,0,0,1720123597443815100
1720123597484321600,0,0,0,0,0,0,0,0,0,0,0,0,0,1708787696115,left,acc,0.3495534360408783,-1.1109095811843872,9.703699111938477,1669049121810,right,acc,0.181959331035614,-0.8858546018600464,9.835380554199219,-1,-1,-1,-1,-1,-1,-1,0,0,0,0,0,0,0,1720123597464322600
1720123597518359100,0,0,0,0,0,0,0,0,0,0,0,0,0,1708787696275,left,acc,0.42377370595932007,-1.1085153818130493,9.744400978088379,1669049122012,right,acc,0.15801730751991272,-0.912190854549408,9.77791976928711,-1,-1,-1,-1,-1,-1,-1,0,0,0,0,0,0,0,1720123597505321400
1720123597552400100,0,0,0,0,0,0,0,0,0,0,0,0,0,1708787696434,left,acc,0.33039984107017517,-1.0199298858642578,9.832986831665039,1669049122213,right,acc,0.2059013396501541,-0.8188169598579407,9.837775230407715,-1,-1,-1,-1,-1,-1,-1,0,0,0,0,0,0,0,1720123597550401200
1720123597585979700,0,0,0,0,0,0,0,0,0,0,0,0,0,1708787696557,left,acc,0.38067805767059326,-1.072602391242981,9.785101890563965,1669049122349,right,acc,0.1867477297782898,-0.8595184087753296,9.813833236694336,-1,-1,-1,-1,-1,-1,-1,0,0,0,0,0,0,0,1720123597570976900
1720123597619979500,0,0,0,0,0,0,0,0,0,0,0,0,0,1708787696717,left,acc,0.4189853072166443,-0.9768342971801758,9.737217903137207,1669049122549,right,acc,0.14844051003456116,-0.7852981686592102,9.792284965515137,-1,-1,-1,-1,-1,-1,-1,0,0,0,0,0,0,0,1720123597611946200
1720123597654021900,0,0,0,0,0,0,0,0,0,0,0,0,0,1708787696875,left,acc,0.43335050344467163,-1.0534487962722778,9.804255485534668,1669049122713,right,acc,0.1843535304069519,-0.8523358106613159,9.837775230407715,-1,-1,-1,-1,-1,-1,-1,0,0,0,0,0,0,0,1720123597653022000
1720123597688125100,0,0,0,0,0,0,0,0,0,0,0,0,0,1708787697039,left,acc,0.40462008118629456,-1.0438719987869263,9.765948295593262,1669049122813,right,acc,0.1628057211637497,-0.8619126081466675,9.770736694335938,-1,-1,-1,-1,-1,-1,-1,0,0,0,0,0,0,0,1720123597673156800
1720123597722157600,0,0,0,0,0,0,0,0,0,0,0,0,0,1708787697160,left,acc,0.4141969084739685,-1.1276689767837524,9.813833236694336,1669049122973,right,acc,0.1173158809542656,-0.8427590131759644,9.816226959228516,-1,-1,-1,-1,-1,-1,-1,0,0,0,0,0,0,0,1720123597718159200
1720123597756163200,0,0,0,0,0,0,0,0,0,0,0,0,0,1708787697319,left,acc,0.44771572947502136,-1.039083480834961,9.78989028930664,1669049123131,right,acc,0.1388636976480484,-0.8906430602073669,9.782708168029785,-1,-1,-1,-1,-1,-1,-1,0,0,0,0,0,0,0,1720123597738151800
1720123597789585800,0,0,0,0,0,0,0,0,0,0,0,0,0,1708787697479,left,acc,0.43095630407333374,-1.0319008827209473,9.780313491821289,1669049123274,right,acc,0.17238251864910126,-0.8571242094039917,9.821015357971191,-1,-1,-1,-1,-1,-1,-1,0,0,0,0,0,0,0,1720123597779584500
1720123597823618000,0,0,0,0,0,0,0,0,0,0,0,0,0,1708787697640,left,acc,0.4141969084739685,-1.1180921792984009,9.77791976928711,1669049123414,right,acc,0.17956513166427612,-0.8858546018600464,9.78989028930664,-1,-1,-1,-1,-1,-1,-1,0,0,0,0,0,0,0,1720123597820586300
1720123597857093800,0,0,0,0,0,0,0,0,0,0,0,0,0,1708787697801,left,acc,0.3998316824436188,-1.0965443849563599,9.775525093078613,1669049123555,right,acc,0.16759411990642548,-0.8236053586006165,9.77791976928711,-1,-1,-1,-1,-1,-1,-1,0,0,0,0,0,0,0,1720123597841585000
1720123597891099300,0,0,0,0,0,0,0,0,0,0,0,0,0,1708787697921,left,acc,0.40222588181495667,-1.0821791887283325,9.780313491821289,1669049123656,right,acc,0.10534487664699554,-0.8355764150619507,9.799467086791992,-1,-1,-1,-1,-1,-1,-1,0,0,0,0,0,0,0,1720123597886097300
1720123597925099400,0,0,0,0,0,0,0,0,0,0,0,0,0,1708787698101,left,acc,0.43095630407333374,-1.015141487121582,9.823410034179688,1669049123819,right,acc,0.12210428714752197,-0.8643068075180054,9.75637149810791,-1,-1,-1,-1,-1,-1,-1,0,0,0,0,0,0,0,1720123597906097300
1720123597959163200,0,0,0,0,0,0,0,0,0,0,0,0,0,1708787698262,left,acc,0.6057330369949341,-1.194706678390503,10.093954086303711,1669049123936,right,acc,0.22505496442317963,-0.8834604024887085,9.799467086791992,-1,-1,-1,-1,-1,-1,-1,0,0,0,0,0,0,0,1720123597948113200
1720123597993163000,0,0,0,0,0,0,0,0,0,0,0,0,0,1708787698382,left,acc,0.05267243832349777,-0.7948749661445618,9.945513725280762,1669049123996,right,acc,0.14604631066322327,-0.8595184087753296,9.780313491821289,-1,-1,-1,-1,-1,-1,-1,0,0,0,0,0,0,0,1720123597988162700
1720123598027162700,0,0,0,0,0,0,0,0,0,0,0,0,0,1708787698542,left,acc,0.29209262132644653,-1.192312479019165,9.880870819091797,1669049124158,right,acc,0.16519992053508759,-0.8643068075180054,9.830592155456543,-1,-1,-1,-1,-1,-1,-1,0,0,0,0,0,0,0,1720123598009162500
1720123598060681400,0,0,0,0,0,0,0,0,0,0,0,0,0,1708787698705,left,acc,1.1492167711257935,-0.06464344263076782,10.24239444732666,1669049124297,right,acc,0.15801730751991272,-0.8810662031173706,9.854534149169922,-1,-1,-1,-1,-1,-1,-1,0,0,0,0,0,0,0,1720123598050171200
1720123598094681800,0,0,0,0,0,0,0,0,0,0,0,0,0,1708787698824,left,acc,0.24181437492370605,-0.8738836050033569,9.660603523254395,1669049124438,right,acc,0.1628057211637497,-0.8930372595787048,9.780313491821289,-1,-1,-1,-1,-1,-1,-1,0,0,0,0,0,0,0,1720123598094681800
1720123598128681600,0,0,0,0,0,0,0,0,0,0,0,0,0,1708787698985,left,acc,1.4389152526855469,-1.534683346748352,10.168174743652344,1669049124559,right,acc,0.16519992053508759,-0.8259995579719543,9.797073364257812,-1,-1,-1,-1,-1,-1,-1,0,0,0,0,0,0,0,1720123598115680900
1720123598162197000,0,0,0,0,0,0,0,0,0,0,0,0,0,1708787699144,left,acc,2.717418909072876,-10.261548042297363,7.687781810760498,1669049124696,right,acc,0.16759411990642548,-0.8619126081466675,9.761159896850586,-1,-1,-1,-1,-1,-1,-1,0,0,0,0,0,0,0,1720123598155685700
1720123598196197200,0,0,0,0,0,0,0,0,0,0,0,0,0,1708787699306,left,acc,3.1244332790374756,-16.072275161743164,2.2888567447662354,1669049120505,right,acc,0.1843535304069519,-0.8403648138046265,9.80904483795166,-1,-1,-1,-1,-1,-1,-1,0,0,0,0,0,0,0,1720123598177196300
1720123598230195200,0,0,0,0,0,0,0,0,0,0,0,0,0,1708787699425,left,acc,2.0877439975738525,-9.193734169006348,-2.7964274883270264,1669049124946,right,acc,0.17477671802043915,-0.8930372595787048,9.80904483795166,-1,-1,-1,-1,-1,-1,-1,0,0,0,0,0,0,0,1720123598218194900
1720123598263776000,0,0,0,0,0,0,0,0,0,0,0,0,0,1708787699587,left,acc,1.6687586307525635,-5.523423194885254,2.8347349166870117,1669049125080,right,acc,0.15562310814857483,-0.8978256583213806,9.794678688049316,-1,-1,-1,-1,-1,-1,-1,0,0,0,0,0,0,0,1720123598262774000
1720123598297773100,0,0,0,0,0,0,0,0,0,0,0,0,0,1708787699747,left,acc,-0.7445967197418213,-3.952826976776123,0.35673606395721436,1669049125223,right,acc,0.1867477297782898,-0.8834604024887085,9.821015357971191,-1,-1,-1,-1,-1,-1,-1,0,0,0,0,0,0,0,1720123598283778000
1720123598331739000,0,0,0,0,0,0,0,0,0,0,0,0,0,1708787699868,left,acc,-0.035913024097681046,-10.335768699645996,0.44532153010368347,1669049125300,right,acc,0.16998831927776337,-0.8547300100326538,9.787496566772461,-1,-1,-1,-1,-1,-1,-1,0,0,0,0,0,0,0,1720123598324737200
1720123598365284500,0,0,0,0,0,0,0,0,0,0,0,0,0,1708787700029,left,acc,1.482010841369629,-12.840104103088379,-2.5905263423919678,1669049125481,right,acc,0.21787235140800476,-0.849941611289978,9.835380554199219,-1,-1,-1,-1,-1,-1,-1,0,0,0,0,0,0,0,1720123598365284500
1720123598399286400,0,0,0,0,0,0,0,0,0,0,0,0,0,1708787700207,left,acc,0.4572925269603729,-12.69405746459961,0.730231523513794,1669049125625,right,acc,0.14604631066322327,-0.8379706144332886,9.763554573059082,-1,-1,-1,-1,-1,-1,-1,0,0,0,0,0,0,0,1720123598386284200
1720123598433283800,0,0,0,0,0,0,0,0,0,0,0,0,0,1708787700370,left,acc,2.070984363555908,-7.805097579956055,-0.28969839215278625,1669049125743,right,acc,0.1628057211637497,-0.8882488012313843,9.773131370544434,-1,-1,-1,-1,-1,-1,-1,0,0,0,0,0,0,0,1720123598431296500
1720123598467466700,0,0,0,0,0,0,0,0,0,0,0,0,0,1708787700471,left,acc,0.6320692300796509,-7.879317760467529,1.479616641998291,1669049125904,right,acc,0.16519992053508759,-0.7781155705451965,9.832986831665039,-1,-1,-1,-1,-1,-1,-1,0,0,0,0,0,0,0,1720123598451327500
1720123598501462900,0,0,0,0,0,0,0,0,0,0,0,0,0,1708787700649,left,acc,2.492363929748535,-12.536040306091309,-1.50355863571167,1669049126004,right,acc,0.18914192914962769,-0.8355764150619507,9.775525093078613,-1,-1,-1,-1,-1,-1,-1,0,0,0,0,0,0,0,1720123598492467000
1720123598535437500,0,0,0,0,0,0,0,0,0,0,0,0,0,1708787700811,left,acc,2.185906171798706,-8.621520042419434,-3.1699230670928955,1669049126146,right,acc,0.19632454216480255,-0.8690952062606812,9.813833236694336,-1,-1,-1,-1,-1,-1,-1,0,0,0,0,0,0,0,1720123598533429300
1720123598569683200,0,0,0,0,0,0,0,0,0,0,0,0,0,1708787700911,left,acc,3.098097085952759,-11.070788383483887,0.6751648783683777,1669049126306,right,acc,0.15083470940589905,-0.8595184087753296,9.732429504394531,-1,-1,-1,-1,-1,-1,-1,0,0,0,0,0,0,0,1720123598553467700
1720123598603660200,0,0,0,0,0,0,0,0,0,0,0,0,0,1708787697239,left,acc,0.40940847992897034,-1.039083480834961,9.737217903137207,1669049126426,right,acc,0.16519992053508759,-0.8212111592292786,9.780313491821289,-1,-1,-1,-1,-1,-1,-1,0,0,0,0,0,0,0,1720123598594661100
1720123598637270200,0,0,0,0,0,0,0,0,0,0,0,0,0,1708787701173,left,acc,2.940079689025879,-12.176909446716309,-0.1867477297782898,1669049126585,right,acc,0.17956513166427612,-0.811634361743927,9.77791976928711,-1,-1,-1,-1,-1,-1,-1,0,0,0,0,0,0,0,1720123598619657900
1720123598670828000,0,0,0,0,0,0,0,0,0,0,0,0,0,1708787701313,left,acc,2.2888567447662354,-9.864110946655273,-0.5746083855628967,1669049126708,right,acc,0.15801730751991272,-0.9097966551780701,9.770736694335938,-1,-1,-1,-1,-1,-1,-1,0,0,0,0,0,0,0,1720123598659794100
1720123598704792000,0,0,0,0,0,0,0,0,0,0,0,0,0,1708787701493,left,acc,2.8610711097717285,-9.627084732055664,-0.16519992053508759,1669049126866,right,acc,0.16519992053508759,-0.8930372595787048,9.821015357971191,-1,-1,-1,-1,-1,-1,-1,0,0,0,0,0,0,0,1720123598700791500
1720123598738825100,0,0,0,0,0,0,0,0,0,0,0,0,0,1708787701654,left,acc,2.2577321529388428,-8.631096839904785,2.070984363555908,1669049127009,right,acc,0.15322890877723694,-0.8547300100326538,9.761159896850586,-1,-1,-1,-1,-1,-1,-1,0,0,0,0,0,0,0,1720123598721791400
1720123598772455600,0,0,0,0,0,0,0,0,0,0,0,0,0,1708787701777,left,acc,2.846705913543701,-9.533711433410645,1.7405846118927002,1669049127130,right,acc,0.1412578970193863,-0.8643068075180054,9.80904483795166,-1,-1,-1,-1,-1,-1,-1,0,0,0,0,0,0,0,1720123598762453700
1720123598806455600,0,0,0,0,0,0,0,0,0,0,0,0,0,1708787701935,left,acc,2.853888511657715,-7.558494567871094,6.574477672576904,1669049127247,right,acc,0.12689268589019775,-0.8307880163192749,9.854534149169922,-1,-1,-1,-1,-1,-1,-1,0,0,0,0,0,0,0,1720123598783455100
1720123598840455900,0,0,0,0,0,0,0,0,0,0,0,0,0,1708787702055,left,acc,2.5067291259765625,-5.4875102043151855,9.047688484191895,1669049127409,right,acc,0.20111294090747833,-0.8667010068893433,9.804255485534668,-1,-1,-1,-1,-1,-1,-1,0,0,0,0,0,0,0,1720123598828419700
1720123598873881000,0,0,0,0,0,0,0,0,0,0,0,0,0,1708787702216,left,acc,2.4851813316345215,-2.4827871322631836,9.651026725769043,1669049127531,right,acc,0.1364694982767105,-0.8762778043746948,9.806650161743164,-1,-1,-1,-1,-1,-1,-1,0,0,0,0,0,0,0,1720123598868881800
1720123598907916800,0,0,0,0,0,0,0,0,0,0,0,0,0,1708787702336,left,acc,0.7206547260284424,-0.5410895943641663,10.644620895385742,1669049127649,right,acc,0.1388636976480484,-0.8164227604866028,9.80904483795166,-1,-1,-1,-1,-1,-1,-1,0,0,0,0,0,0,0,1720123598889917200
1720123598941882300,0,0,0,0,0,0,0,0,0,0,0,0,0,1708787702456,left,acc,0.17956513166427612,-0.6057330369949341,9.531316757202148,1669049127732,right,acc,0.18914192914962769,-0.8738836050033569,9.823410034179688,-1,-1,-1,-1,-1,-1,-1,0,0,0,0,0,0,0,1720123598930889000
1720123598975422000,0,0,0,0,0,0,0,0,0,0,0,0,0,1708787702577,left,acc,0.2585737705230713,-1.3024457693099976,9.873687744140625,1669049127850,right,acc,0.2106897532939911,-0.8643068075180054,9.81143856048584,-1,-1,-1,-1,-1,-1,-1,0,0,0,0,0,0,0,1720123598971421200
1720123599009456300,0,0,0,0,0,0,0,0,0,0,0,0,0,1708787702737,left,acc,0.33518823981285095,-1.1899182796478271,9.622296333312988,1669049127973,right,acc,0.10773907601833344,-0.8834604024887085,9.804255485534668,-1,-1,-1,-1,-1,-1,-1,0,0,0,0,0,0,0,1720123598996454800
1720123599043458700,0,0,0,0,0,0,0,0,0,0,0,0,0,1708787702839,left,acc,0.42377370595932007,-2.583343744277954,9.519346237182617,1669049128113,right,acc,0.17717093229293823,-0.8690952062606812,9.801861763000488,-1,-1,-1,-1,-1,-1,-1,0,0,0,0,0,0,0,1720123599037461000
1720123599077076600,0,0,0,0,0,0,0,0,0,0,0,0,0,1708787703018,left,acc,0.05746084079146385,-1.3958195447921753,9.952696800231934,1669049128253,right,acc,0.24181437492370605,-0.8762778043746948,9.804255485534668,-1,-1,-1,-1,-1,-1,-1,0,0,0,0,0,0,0,1720123599056492000
1720123599111078300,0,0,0,0,0,0,0,0,0,0,0,0,0,1708787703118,left,acc,0.08858546614646912,-0.9959878921508789,9.567230224609375,1669049128413,right,acc,0.15083470940589905,-0.8906430602073669,9.794678688049316,-1,-1,-1,-1,-1,-1,-1,0,0,0,0,0,0,0,1720123599098037000
1720123599145067300,0,0,0,0,0,0,0,0,0,0,0,0,0,1708787703299,left,acc,0.11971008777618408,-1.4413094520568848,10.113107681274414,1669049128534,right,acc,0.17717093229293823,-0.8331822156906128,9.80904483795166,-1,-1,-1,-1,-1,-1,-1,0,0,0,0,0,0,0,1720123599139069500
1720123599178653700,0,0,0,0,0,0,0,0,0,0,0,0,0,1708787703400,left,acc,0.4381389021873474,-1.3838485479354858,10.072406768798828,1669049128696,right,acc,0.13407529890537262,-0.8786720037460327,9.763554573059082,-1,-1,-1,-1,-1,-1,-1,0,0,0,0,0,0,0,1720123599163652000
1720123599212653900,0,0,0,0,0,0,0,0,0,0,0,0,0,1708787703560,left,acc,0.3447650372982025,-1.2976573705673218,10.26394271850586,1669049128836,right,acc,0.16519992053508759,-0.828393816947937,9.840168952941895,-1,-1,-1,-1,-1,-1,-1,0,0,0,0,0,0,0,1720123599204618900
1720123599246631200,0,0,0,0,0,0,0,0,0,0,0,0,0,1708787703681,left,acc,0.35673606395721436,-1.335964560508728,9.746794700622559,1669049128996,right,acc,0.09576806426048279,-0.9265560507774353,9.773131370544434,-1,-1,-1,-1,-1,-1,-1,0,0,0,0,0,0,0,1720123599245633200
1720123599280143300,0,0,0,0,0,0,0,0,0,0,0,0,0,1708787703841,left,acc,0.2825157940387726,-1.3670891523361206,9.715670585632324,1669049129097,right,acc,0.16519992053508759,-0.9744400978088379,9.658209800720215,-1,-1,-1,-1,-1,-1,-1,0,0,0,0,0,0,0,1720123599266143900
1720123599313725500,0,0,0,0,0,0,0,0,0,0,0,0,0,1708787703925,left,acc,0.2537853717803955,-1.4053963422775269,9.713275909423828,1669049129215,right,acc,0.038307227194309235,-0.9409212470054626,9.619902610778809,-1,-1,-1,-1,-1,-1,-1,0,0,0,0,0,0,0,1720123599307717000
1720123599347730200,0,0,0,0,0,0,0,0,0,0,0,0,0,1708787704122,left,acc,0.2968810200691223,-1.2713210582733154,9.6989107131958,1669049129341,right,acc,0.1412578970193863,-0.7948749661445618,9.84256362915039,-1,-1,-1,-1,-1,-1,-1,0,0,0,0,0,0,0,1720123599327725100
1720123599381353100,0,0,0,0,0,0,0,0,0,0,0,0,0,1708787704242,left,acc,0.2777273952960968,-1.3718775510787964,9.6989107131958,1669049129498,right,acc,0.1628057211637497,-0.8978256583213806,9.758766174316406,-1,-1,-1,-1,-1,-1,-1,0,0,0,0,0,0,0,1720123599372348900
1720123599415350400,0,0,0,0,0,0,0,0,0,0,0,0,0,1708787704423,left,acc,0.272938996553421,-1.3479355573654175,9.634267807006836,1669049129617,right,acc,0.12689268589019775,-0.8595184087753296,9.780313491821289,-1,-1,-1,-1,-1,-1,-1,0,0,0,0,0,0,0,1720123599414345000
1720123599449314400,0,0,0,0,0,0,0,0,0,0,0,0,0,1708787704584,left,acc,0.2059013396501541,-1.359906554222107,9.715670585632324,1669049129741,right,acc,0.1604115068912506,-0.8571242094039917,9.75637149810791,-1,-1,-1,-1,-1,-1,-1,0,0,0,0,0,0,0,1720123599434345900
1720123599482859500,0,0,0,0,0,0,0,0,0,0,0,0,0,1708787704747,left,acc,0.21787235140800476,-1.3527239561080933,9.713275909423828,1669049129898,right,acc,0.14844051003456116,-0.7972691655158997,9.75637149810791,-1,-1,-1,-1,-1,-1,-1,0,0,0,0,0,0,0,1720123599474863600
1720123599516861100,0,0,0,0,0,0,0,0,0,0,0,0,0,1708787704865,left,acc,0.26575639843940735,-1.4173674583435059,9.727641105651855,1669049129998,right,acc,0.20111294090747833,-0.912190854549408,9.828198432922363,-1,-1,-1,-1,-1,-1,-1,0,0,0,0,0,0,0,1720123599515858400
1720123599550868700,0,0,0,0,0,0,0,0,0,0,0,0,0,1708787705025,left,acc,0.21308395266532898,-1.3120225667953491,9.713275909423828,1669049130162,right,acc,0.16759411990642548,-0.8858546018600464,9.816226959228516,-1,-1,-1,-1,-1,-1,-1,0,0,0,0,0,0,0,1720123599540858700
1720123599584383100,0,0,0,0,0,0,0,0,0,0,0,0,0,1708787705187,left,acc,0.26575639843940735,-1.3958195447921753,9.734824180603027,1669049130280,right,acc,0.13168109953403473,-0.8978256583213806,9.832986831665039,-1,-1,-1,-1,-1,-1,-1,0,0,0,0,0,0,0,1720123599581382500
1720123599618381900,0,0,0,0,0,0,0,0,0,0,0,0,0,1708787705306,left,acc,0.2944868206977844,-1.3455413579940796,9.718064308166504,1669049130399,right,acc,0.1843535304069519,-0.8547300100326538,9.849745750427246,-1,-1,-1,-1,-1,-1,-1,0,0,0,0,0,0,0,1720123599602380800
1720123599652397200,0,0,0,0,0,0,0,0,0,0,0,0,0,1708787705447,left,acc,0.26575639843940735,-1.3551181554794312,9.749189376831055,1669049130563,right,acc,0.1867477297782898,-0.8786720037460327,9.78989028930664,-1,-1,-1,-1,-1,-1,-1,0,0,0,0,0,0,0,1720123599643382900
1720123599686018800,0,0,0,0,0,0,0,0,0,0,0,0,0,1708787705607,left,acc,0.272938996553421,-1.3335703611373901,9.749189376831055,1669049130702,right,acc,0.15562310814857483,-0.8786720037460327,9.78989028930664,-1,-1,-1,-1,-1,-1,-1,0,0,0,0,0,0,0,1720123599684019600
1720123599720016300,0,0,0,0,0,0,0,0,0,0,0,0,0,1708787705728,left,acc,0.28730419278144836,-1.3646949529647827,9.68933391571045,1669049130825,right,acc,0.14844051003456116,-0.7661445140838623,9.761159896850586,-1,-1,-1,-1,-1,-1,-1,0,0,0,0,0,0,0,1720123599705018400
1720123599754024100,0,0,0,0,0,0,0,0,0,0,0,0,0,1708787705889,left,acc,0.26575639843940735,-1.316810965538025,9.72285270690918,1669049130988,right,acc,0.1604115068912506,-0.8930372595787048,9.775525093078613,-1,-1,-1,-1,-1,-1,-1,0,0,0,0,0,0,0,1720123599749992200
1720123599787573300,0,0,0,0,0,0,0,0,0,0,0,0,0,1708787706009,left,acc,0.27054479718208313,-1.3431471586227417,9.732429504394531,1669049131105,right,acc,0.19153612852096558,-0.8930372595787048,9.751583099365234,-1,-1,-1,-1,-1,-1,-1,0,0,0,0,0,0,0,1720123599770549600
1720123599821538400,0,0,0,0,0,0,0,0,0,0,0,0,0,1708787706129,left,acc,0.26575639843940735,-1.2952631711959839,9.80904483795166,1669049131206,right,acc,0.1843535304069519,-0.8259995579719543,9.828198432922363,-1,-1,-1,-1,-1,-1,-1,0,0,0,0,0,0,0,1720123599811539200
1720123599855541500,0,0,0,0,0,0,0,0,0,0,0,0,0,1708787706250,left,acc,0.2944868206977844,-1.3311761617660522,9.72285270690918,1669049131305,right,acc,0.14844051003456116,-0.9145850539207458,9.830592155456543,-1,-1,-1,-1,-1,-1,-1,0,0,0,0,0,0,0,1720123599852540400
1720123599889050400,0,0,0,0,0,0,0,0,0,0,0,0,0,1708787706369,left,acc,0.24660277366638184,-1.3670891523361206,9.734824180603027,1669049131428,right,acc,0.15083470940589905,-0.8810662031173706,9.84256362915039,-1,-1,-1,-1,-1,-1,-1,0,0,0,0,0,0,0,1720123599873049900
1720123599923050600,0,0,0,0,0,0,0,0,0,0,0,0,0,1708787706491,left,acc,0.29209262132644653,-1.314416766166687,9.725247383117676,1669049131526,right,acc,0.18914192914962769,-0.8690952062606812,9.859322547912598,-1,-1,-1,-1,-1,-1,-1,0,0,0,0,0,0,0,1720123598512429300
1720123599957059900,0,0,0,0,0,0,0,0,0,0,0,0,0,1708787706651,left,acc,0.2753331959247589,-1.2665326595306396,9.651026725769043,1669049131627,right,acc,0.12689268589019775,-0.8930372595787048,9.80904483795166,-1,-1,-1,-1,-1,-1,-1,0,0,0,0,0,0,0,1720123599938057300
1720123599991324900,0,0,0,0,0,0,0,0,0,0,0,0,0,1708787706732,left,acc,0.2561795711517334,-1.3431471586227417,9.734824180603027,1669049131706,right,acc,0.2346317619085312,-0.8044517636299133,9.816226959228516,-1,-1,-1,-1,-1,-1,-1,0,0,0,0,0,0,0,1720123599979598300
1720123600025374000,0,0,0,0,0,0,0,0,0,0,0,0,0,1708787706852,left,acc,0.2513911724090576,-1.3192051649093628,9.725247383117676,1669049131851,right,acc,0.14844051003456116,-0.8571242094039917,9.80904483795166,-1,-1,-1,-1,-1,-1,-1,0,0,0,0,0,0,0,1720123600020321400
1720123600058845800,0,0,0,0,0,0,0,0,0,0,0,0,0,1708787707013,left,acc,0.22026655077934265,-1.3048399686813354,9.674968719482422,1669049131947,right,acc,0.15562310814857483,-0.8643068075180054,9.765948295593262,-1,-1,-1,-1,-1,-1,-1,0,0,0,0,0,0,0,1720123600040322000
1720123600092853300,0,0,0,0,0,0,0,0,0,0,0,0,0,1708787707133,left,acc,0.2106897532939911,-1.3479355573654175,9.75637149810791,1669049132112,right,acc,0.17477671802043915,-0.9313444495201111,9.849745750427246,-1,-1,-1,-1,-1,-1,-1,0,0,0,0,0,0,0,1720123600085853600
1720123600126887300,0,0,0,0,0,0,0,0,0,0,0,0,0,1708787707253,left,acc,0.21308395266532898,-1.314416766166687,9.751583099365234,1669049132208,right,acc,0.17956513166427612,-0.8786720037460327,9.823410034179688,-1,-1,-1,-1,-1,-1,-1,0,0,0,0,0,0,0,1720123600126887300
1720123600161197600,0,0,0,0,0,0,0,0,0,0,0,0,0,1708787707413,left,acc,0.2322375625371933,-1.4317326545715332,9.66299819946289,1669049130864,right,acc,0.1412578970193863,-0.8834604024887085,9.797073364257812,-1,-1,-1,-1,-1,-1,-1,0,0,0,0,0,0,0,1720123600146688600
1720123600195200000,0,0,0,0,0,0,0,0,0,0,0,0,0,1708787707534,left,acc,0.19632454216480255,-1.338358759880066,9.758766174316406,1669049132429,right,acc,0.16519992053508759,-0.7733271718025208,9.78989028930664,-1,-1,-1,-1,-1,-1,-1,0,0,0,0,0,0,0,1720123600188198800
1720123600229220800,0,0,0,0,0,0,0,0,0,0,0,0,0,1708787707655,left,acc,0.26336219906806946,-1.3551181554794312,9.718064308166504,1669049132591,right,acc,0.15801730751991272,-0.8427590131759644,9.832986831665039,-1,-1,-1,-1,-1,-1,-1,0,0,0,0,0,0,0,1720123600229220800
1720123600262712600,0,0,0,0,0,0,0,0,0,0,0,0,0,1708787707775,left,acc,0.23702596127986908,-1.3934253454208374,9.758766174316406,1669049132671,right,acc,0.1867477297782898,-0.8643068075180054,9.761159896850586,-1,-1,-1,-1,-1,-1,-1,0,0,0,0,0,0,0,1720123600249204000
1720123600296714500,0,0,0,0,0,0,0,0,0,0,0,0,0,1708787707897,left,acc,0.2968810200691223,-1.3742717504501343,9.742006301879883,1669049132831,right,acc,0.15083470940589905,-0.7805097699165344,9.696516990661621,-1,-1,-1,-1,-1,-1,-1,0,0,0,0,0,0,0,1720123600294714100
1720123600330713700,0,0,0,0,0,0,0,0,0,0,0,0,0,1708787708016,left,acc,0.2537853717803955,-1.357512354850769,9.713275909423828,1669049132934,right,acc,0.13168109953403473,-0.7996633648872375,9.823410034179688,-1,-1,-1,-1,-1,-1,-1,0,0,0,0,0,0,0,1720123600314712400
1720123600364230000,0,0,0,0,0,0,0,0,0,0,0,0,0,1708787708136,left,acc,0.29209262132644653,-1.3000515699386597,9.782708168029785,1669049133013,right,acc,0.1604115068912506,-0.8140285611152649,9.816226959228516,-1,-1,-1,-1,-1,-1,-1,0,0,0,0,0,0,0,1720123600355715800
1720123600398228600,0,0,0,0,0,0,0,0,0,0,0,0,0,1708787708297,left,acc,0.23942017555236816,-1.292868971824646,9.670180320739746,1669049133156,right,acc,0.12928688526153564,-0.8619126081466675,9.78989028930664,-1,-1,-1,-1,-1,-1,-1,0,0,0,0,0,0,0,1720123600397228200
1720123600432227200,0,0,0,0,0,0,0,0,0,0,0,0,0,1708787706209,left,acc,0.21308395266532898,-1.3024457693099976,9.710882186889648,1669049133293,right,acc,0.16998831927776337,-0.8547300100326538,9.787496566772461,-1,-1,-1,-1,-1,-1,-1,0,0,0,0,0,0,0,1720123600417229900
1720123600465741000,0,0,0,0,0,0,0,0,0,0,0,0,0,1708787708537,left,acc,0.26096799969673157,-1.4077905416488647,9.742006301879883,1669049133413,right,acc,0.19153612852096558,-0.8427590131759644,9.835380554199219,-1,-1,-1,-1,-1,-1,-1,0,0,0,0,0,0,0,1720123600461747500
1720123600499742800,0,0,0,0,0,0,0,0,0,0,0,0,0,1708787708699,left,acc,0.2322375625371933,-1.3934253454208374,9.734824180603027,1669049133575,right,acc,0.12449848651885986,-0.8690952062606812,9.81143856048584,-1,-1,-1,-1,-1,-1,-1,0,0,0,0,0,0,0,1720123600482740900
1720123600533743000,0,0,0,0,0,0,0,0,0,0,0,0,0,1708787708819,left,acc,0.2346317619085312,-1.2425906658172607,9.718064308166504,1669049133734,right,acc,0.21787235140800476,-0.8571242094039917,9.749189376831055,-1,-1,-1,-1,-1,-1,-1,0,0,0,0,0,0,0,1720123600523742000
1720123600567300700,0,0,0,0,0,0,0,0,0,0,0,0,0,1708787708980,left,acc,0.28969839215278625,-1.259350061416626,9.720458984375,1669049133814,right,acc,0.2106897532939911,-0.8595184087753296,9.816226959228516,-1,-1,-1,-1,-1,-1,-1,0,0,0,0,0,0,0,1720123600564270500
1720123600601261600,0,0,0,0,0,0,0,0,0,0,0,0,0,1708787709059,left,acc,0.28969839215278625,-1.3479355573654175,9.773131370544434,1669049133915,right,acc,0.15322890877723694,-0.9050082564353943,9.77791976928711,-1,-1,-1,-1,-1,-1,-1,0,0,0,0,0,0,0,1720123600585260800
1720123600635259900,0,0,0,0,0,0,0,0,0,0,0,0,0,1708787709220,left,acc,0.272938996553421,-1.3742717504501343,9.725247383117676,1669049134061,right,acc,0.19871874153614044,-0.8571242094039917,9.806650161743164,-1,-1,-1,-1,-1,-1,-1,0,0,0,0,0,0,0,1720123600626261800
1720123600668604500,0,0,0,0,0,0,0,0,0,0,0,0,0,1708787709381,left,acc,0.23702596127986908,-1.3215993642807007,9.730035781860352,1669049134196,right,acc,0.1388636976480484,-0.849941611289978,9.799467086791992,-1,-1,-1,-1,-1,-1,-1,0,0,0,0,0,0,0,1720123600650267100
1720123600702637000,0,0,0,0,0,0,0,0,0,0,0,0,0,1708787709482,left,acc,0.33518823981285095,-1.3742717504501343,9.718064308166504,1669049134337,right,acc,0.17956513166427612,-0.8523358106613159,9.801861763000488,-1,-1,-1,-1,-1,-1,-1,0,0,0,0,0,0,0,1720123600691640000
1720123600736604800,0,0,0,0,0,0,0,0,0,0,0,0,0,1708787709662,left,acc,0.2825157940387726,-1.314416766166687,9.744400978088379,1669049134478,right,acc,0.12689268589019775,-0.8188169598579407,9.785101890563965,-1,-1,-1,-1,-1,-1,-1,0,0,0,0,0,0,0,1720123600732604500
1720123600770164000,0,0,0,0,0,0,0,0,0,0,0,0,0,1708787709765,left,acc,0.2825157940387726,-1.3862427473068237,9.682151794433594,1669049134618,right,acc,0.15562310814857483,-0.849941611289978,9.849745750427246,-1,-1,-1,-1,-1,-1,-1,0,0,0,0,0,0,0,1720123600752684600
1720123600804160800,0,0,0,0,0,0,0,0,0,0,0,0,0,1708787709904,left,acc,0.2801215946674347,-1.3646949529647827,9.768342971801758,1669049134738,right,acc,0.15801730751991272,-0.8930372595787048,9.84256362915039,-1,-1,-1,-1,-1,-1,-1,0,0,0,0,0,0,0,1720123600794162800
1720123600838198700,0,0,0,0,0,0,0,0,0,0,0,0,0,1708787710004,left,acc,0.2513911724090576,-1.3766659498214722,9.732429504394531,1669049134898,right,acc,0.15322890877723694,-0.8762778043746948,9.806650161743164,-1,-1,-1,-1,-1,-1,-1,0,0,0,0,0,0,0,1720123600819162500
1720123600872515200,0,0,0,0,0,0,0,0,0,0,0,0,0,1708787710164,left,acc,0.22266076505184174,-1.335964560508728,9.780313491821289,1669049135040,right,acc,0.16998831927776337,-0.8954314589500427,9.801861763000488,-1,-1,-1,-1,-1,-1,-1,0,0,0,0,0,0,0,1720123600859163400
1720123600906515200,0,0,0,0,0,0,0,0,0,0,0,0,0,1708787710325,left,acc,0.2753331959247589,-1.414973258972168,9.80904483795166,1669049135141,right,acc,0.14844051003456116,-0.8643068075180054,9.75637149810791,-1,-1,-1,-1,-1,-1,-1,0,0,0,0,0,0,0,1720123600900515100
1720123600940478700,0,0,0,0,0,0,0,0,0,0,0,0,0,1708787710445,left,acc,0.2825157940387726,-1.335964560508728,9.694122314453125,1669049135299,right,acc,0.12449848651885986,-0.8834604024887085,9.813833236694336,-1,-1,-1,-1,-1,-1,-1,0,0,0,0,0,0,0,1720123600921517300
1720123600974463300,0,0,0,0,0,0,0,0,0,0,0,0,0,1708787710607,left,acc,0.2059013396501541,-1.4053963422775269,9.763554573059082,1669049135422,right,acc,0.06224924325942993,-0.8547300100326538,9.821015357971191,-1,-1,-1,-1,-1,-1,-1,0,0,0,0,0,0,0,1720123600962469700
1720123601008464600,0,0,0,0,0,0,0,0,0,0,0,0,0,1708787710765,left,acc,0.26336219906806946,-1.338358759880066,9.710882186889648,1669049135564,right,acc,0.16998831927776337,-0.8906430602073669,9.794678688049316,-1,-1,-1,-1,-1,-1,-1,0,0,0,0,0,0,0,1720123601007463400
1720123601042498400,0,0,0,0,0,0,0,0,0,0,0,0,0,1708787710949,left,acc,0.2513911724090576,-1.3646949529647827,9.81143856048584,1669049135722,right,acc,0.15322890877723694,-0.8475474119186401,9.825803756713867,-1,-1,-1,-1,-1,-1,-1,0,0,0,0,0,0,0,1720123601027466000
1720123601076041200,0,0,0,0,0,0,0,0,0,0,0,0,0,1708787711088,left,acc,0.2585737705230713,-1.359906554222107,9.744400978088379,1669049135882,right,acc,0.20350714027881622,-0.871489405632019,9.832986831665039,-1,-1,-1,-1,-1,-1,-1,0,0,0,0,0,0,0,1720123601069021800
1720123601110038400,0,0,0,0,0,0,0,0,0,0,0,0,0,1708787711208,left,acc,0.304063618183136,-1.2832920551300049,9.749189376831055,1669049136125,right,acc,0.1628057211637497,-0.8954314589500427,9.770736694335938,-1,-1,-1,-1,-1,-1,-1,0,0,0,0,0,0,0,1720123601109021200
1720123601144021600,0,0,0,0,0,0,0,0,0,0,0,0,0,1708787711369,left,acc,0.1604115068912506,-1.403002142906189,9.593565940856934,1669049136345,right,acc,0.1412578970193863,-0.8259995579719543,9.78989028930664,-1,-1,-1,-1,-1,-1,-1,0,0,0,0,0,0,0,1720123601130022600
1720123601177537700,0,0,0,0,0,0,0,0,0,0,0,0,0,1708787711547,left,acc,0.19393034279346466,-1.3623007535934448,9.713275909423828,1669049136546,right,acc,0.14604631066322327,-0.8643068075180054,9.813833236694336,-1,-1,-1,-1,-1,-1,-1,0,0,0,0,0,0,0,1720123601170537800
1720123601211536500,0,0,0,0,0,0,0,0,0,0,0,0,0,1708787711687,left,acc,0.2825157940387726,-1.381454348564148,9.739612579345703,1669049136766,right,acc,0.17956513166427612,-0.8810662031173706,9.804255485534668,-1,-1,-1,-1,-1,-1,-1,0,0,0,0,0,0,0,1720123601195555400
1720123601245541600,0,0,0,0,0,0,0,0,0,0,0,0,0,1708787711809,left,acc,0.21547815203666687,-1.3551181554794312,9.725247383117676,1669049136887,right,acc,0.1388636976480484,-0.8523358106613159,9.797073364257812,-1,-1,-1,-1,-1,-1,-1,0,0,0,0,0,0,0,1720123601236537000
1720123601279052700,0,0,0,0,0,0,0,0,0,0,0,0,0,1708787711971,left,acc,0.26096799969673157,-1.2761094570159912,9.782708168029785,1669049137066,right,acc,0.11013327538967133,-0.7924807667732239,9.821015357971191,-1,-1,-1,-1,-1,-1,-1,0,0,0,0,0,0,0,1720123601277051800
1720123601313052300,0,0,0,0,0,0,0,0,0,0,0,0,0,1708787712131,left,acc,0.2825157940387726,-1.290474772453308,9.713275909423828,1669049137190,right,acc,0.181959331035614,-0.8475474119186401,9.806650161743164,-1,-1,-1,-1,-1,-1,-1,0,0,0,0,0,0,0,1720123601298054500
1720123601347056900,0,0,0,0,0,0,0,0,0,0,0,0,0,1708787712292,left,acc,0.2537853717803955,-1.3479355573654175,9.782708168029785,1669049137328,right,acc,0.14365209639072418,-0.8690952062606812,9.80904483795166,-1,-1,-1,-1,-1,-1,-1,0,0,0,0,0,0,0,1720123601339051000
1720123601380420600,0,0,0,0,0,0,0,0,0,0,0,0,0,1708787712413,left,acc,0.2346317619085312,-1.2545616626739502,9.732429504394531,1669049137472,right,acc,0.22266076505184174,-0.8427590131759644,9.861717224121094,-1,-1,-1,-1,-1,-1,-1,0,0,0,0,0,0,0,1720123601359415500
1720123601414419500,0,0,0,0,0,0,0,0,0,0,0,0,0,1708787712552,left,acc,0.29209262132644653,-1.2952631711959839,9.682151794433594,1669049137590,right,acc,0.09576806426048279,-0.8595184087753296,9.792284965515137,-1,-1,-1,-1,-1,-1,-1,0,0,0,0,0,0,0,1720123601404421300
1720123601448465100,0,0,0,0,0,0,0,0,0,0,0,0,0,1708787712715,left,acc,0.19632454216480255,-1.359906554222107,9.701305389404297,1669049137729,right,acc,0.11971008777618408,-0.8188169598579407,9.75397777557373,-1,-1,-1,-1,-1,-1,-1,0,0,0,0,0,0,0,1720123601445429900
1720123601481943500,0,0,0,0,0,0,0,0,0,0,0,0,0,1708787712837,left,acc,0.2753331959247589,-1.278503656387329,9.75637149810791,1669049137891,right,acc,0.22026655077934265,-0.8523358106613159,9.832986831665039,-1,-1,-1,-1,-1,-1,-1,0,0,0,0,0,0,0,1720123601465956200
1720123601515943200,0,0,0,0,0,0,0,0,0,0,0,0,0,1708787713016,left,acc,0.2801215946674347,-1.41257905960083,9.706093788146973,1669049138092,right,acc,0.15562310814857483,-0.9026140570640564,9.77791976928711,-1,-1,-1,-1,-1,-1,-1,0,0,0,0,0,0,0,1720123601506945800
1720123601549951400,0,0,0,0,0,0,0,0,0,0,0,0,0,1708787713175,left,acc,0.24420857429504395,-1.2497732639312744,9.75637149810791,1669049138291,right,acc,0.1843535304069519,-0.8259995579719543,9.730035781860352,-1,-1,-1,-1,-1,-1,-1,0,0,0,0,0,0,0,1720123601526945000
1720123601583460800,0,0,0,0,0,0,0,0,0,0,0,0,0,1708787713295,left,acc,0.21308395266532898,-1.3311761617660522,9.765948295593262,1669049138392,right,acc,0.1364694982767105,-0.8978256583213806,9.765948295593262,-1,-1,-1,-1,-1,-1,-1,0,0,0,0,0,0,0,1720123601572460000
1720123601617459900,0,0,0,0,0,0,0,0,0,0,0,0,0,1708787713417,left,acc,0.2753331959247589,-1.3311761617660522,9.746794700622559,1669049138554,right,acc,0.19632454216480255,-0.828393816947937,9.852140426635742,-1,-1,-1,-1,-1,-1,-1,0,0,0,0,0,0,0,1720123601613460600
1720123601651465500,0,0,0,0,0,0,0,0,0,0,0,0,0,1708787713376,left,acc,0.26336219906806946,-1.3263877630233765,9.792284965515137,1669049138674,right,acc,0.15801730751991272,-0.8331822156906128,9.787496566772461,-1,-1,-1,-1,-1,-1,-1,0,0,0,0,0,0,0,1720123601633459800
1720123601685665600,0,0,0,0,0,0,0,0,0,0,0,0,0,1708787713336,left,acc,0.2992752194404602,-1.3886369466781616,9.765948295593262,1669049138775,right,acc,0.15562310814857483,-0.8427590131759644,9.751583099365234,-1,-1,-1,-1,-1,-1,-1,0,0,0,0,0,0,0,1720123601674666400
1720123601719665500,0,0,0,0,0,0,0,0,0,0,0,0,0,1708787713255,left,acc,0.24660277366638184,-1.338358759880066,9.658209800720215,1669049138955,right,acc,0.1173158809542656,-0.933738648891449,9.770736694335938,-1,-1,-1,-1,-1,-1,-1,0,0,0,0,0,0,0,1720123601715667100
1720123601753669000,0,0,0,0,0,0,0,0,0,0,0,0,0,1708787713537,left,acc,0.20111294090747833,-1.3527239561080933,9.713275909423828,1669049139033,right,acc,0.17477671802043915,-0.8810662031173706,9.773131370544434,-1,-1,-1,-1,-1,-1,-1,0,0,0,0,0,0,0,1720123601740667800
1720123601787143300,0,0,0,0,0,0,0,0,0,0,0,0,0,1708787713697,left,acc,0.2849099934101105,-1.3670891523361206,9.818621635437012,1669049139194,right,acc,0.12449848651885986,-0.828393816947937,9.775525093078613,-1,-1,-1,-1,-1,-1,-1,0,0,0,0,0,0,0,1720123601781143200
1720123601821141400,0,0,0,0,0,0,0,0,0,0,0,0,0,1708787713861,left,acc,0.15322890877723694,-1.3623007535934448,9.763554573059082,1669049139356,right,acc,0.20111294090747833,-0.8786720037460327,9.78989028930664,-1,-1,-1,-1,-1,-1,-1,0,0,0,0,0,0,0,1720123601801141900
1720123601855146400,0,0,0,0,0,0,0,0,0,0,0,0,0,1708787714019,left,acc,0.23942017555236816,-1.3646949529647827,9.718064308166504,1669049139479,right,acc,0.19871874153614044,-0.8738836050033569,9.80904483795166,-1,-1,-1,-1,-1,-1,-1,0,0,0,0,0,0,0,1720123601842143000
1720123601888656700,0,0,0,0,0,0,0,0,0,0,0,0,0,1708787714179,left,acc,0.21308395266532898,-1.3479355573654175,9.840168952941895,1669049137030,right,acc,0.21547815203666687,-0.8643068075180054,9.818621635437012,-1,-1,-1,-1,-1,-1,-1,0,0,0,0,0,0,0,1720123601883655200
1720123601922657700,0,0,0,0,0,0,0,0,0,0,0,0,0,1708787714299,left,acc,0.24181437492370605,-1.3000515699386597,9.746794700622559,1669049139697,right,acc,0.24181437492370605,-0.8978256583213806,9.813833236694336,-1,-1,-1,-1,-1,-1,-1,0,0,0,0,0,0,0,1720123601903655300
1720123601956732500,0,0,0,0,0,0,0,0,0,0,0,0,0,1708787714457,left,acc,0.3232172429561615,-1.3623007535934448,9.75637149810791,1669049139839,right,acc,0.1843535304069519,-0.8164227604866028,9.77791976928711,-1,-1,-1,-1,-1,-1,-1,0,0,0,0,0,0,0,1720123601948730100
1720123601990748300,0,0,0,0,0,0,0,0,0,0,0,0,0,1708787714622,left,acc,0.2777273952960968,-1.3479355573654175,9.72285270690918,1669049139918,right,acc,0.1149216815829277,-0.8140285611152649,9.761159896850586,-1,-1,-1,-1,-1,-1,-1,0,0,0,0,0,0,0,1720123601989781800
1720123602024892000,0,0,0,0,0,0,0,0,0,0,0,0,0,1708787714761,left,acc,0.2585737705230713,-1.2880805730819702,9.715670585632324,1669049140100,right,acc,0.16519992053508759,-0.871489405632019,9.794678688049316,-1,-1,-1,-1,-1,-1,-1,0,0,0,0,0,0,0,1720123602010905900
1720123602058934000,0,0,0,0,0,0,0,0,0,0,0,0,0,1708787714923,left,acc,0.24899697303771973,-1.4437036514282227,9.813833236694336,1669049140218,right,acc,0.1388636976480484,-0.8259995579719543,9.751583099365234,-1,-1,-1,-1,-1,-1,-1,0,0,0,0,0,0,0,1720123602051947700
1720123602092954300,0,0,0,0,0,0,0,0,0,0,0,0,0,1708787715063,left,acc,0.26815059781074524,-1.3718775510787964,9.68933391571045,1669049140361,right,acc,0.14604631066322327,-0.8619126081466675,9.761159896850586,-1,-1,-1,-1,-1,-1,-1,0,0,0,0,0,0,0,1720123602092954300
1720123602126935600,0,0,0,0,0,0,0,0,0,0,0,0,0,1708787715225,left,acc,0.2322375625371933,-1.3215993642807007,9.765948295593262,1669049140481,right,acc,0.08379705995321274,-0.8619126081466675,9.81143856048584,-1,-1,-1,-1,-1,-1,-1,0,0,0,0,0,0,0,1720123602116946400
1720123602161208900,0,0,0,0,0,0,0,0,0,0,0,0,0,1708787715344,left,acc,0.31842881441116333,-1.216254472732544,9.742006301879883,1669049140599,right,acc,0.1412578970193863,-0.8667010068893433,9.806650161743164,-1,-1,-1,-1,-1,-1,-1,0,0,0,0,0,0,0,1720123602157997200
1720123602195174500,0,0,0,0,0,0,0,0,0,0,0,0,0,1708787715504,left,acc,0.35434186458587646,-1.3670891523361206,9.86889934539795,1669049140782,right,acc,0.15322890877723694,-0.8212111592292786,9.81143856048584,-1,-1,-1,-1,-1,-1,-1,0,0,0,0,0,0,0,1720123602178171900
1720123602229174400,0,0,0,0,0,0,0,0,0,0,0,0,0,1708787715626,left,acc,0.27054479718208313,-1.414973258972168,9.758766174316406,1669049140882,right,acc,0.17238251864910126,-0.9792284965515137,9.792284965515137,-1,-1,-1,-1,-1,-1,-1,0,0,0,0,0,0,0,1720123602219172200
1720123602263498800,0,0,0,0,0,0,0,0,0,0,0,0,0,1708787709983,left,acc,0.2082955539226532,-1.3431471586227417,9.75397777557373,1669049140982,right,acc,0.1604115068912506,-0.9097966551780701,9.837775230407715,-1,-1,-1,-1,-1,-1,-1,0,0,0,0,0,0,0,1720123602260177300
1720123602297534500,0,0,0,0,0,0,0,0,0,0,0,0,0,1708787715807,left,acc,0.2825157940387726,-1.3479355573654175,9.706093788146973,1669049140922,right,acc,0.23702596127986908,-0.9217676520347595,9.749189376831055,-1,-1,-1,-1,-1,-1,-1,0,0,0,0,0,0,0,1720123602284501200
1720123602331498900,0,0,0,0,0,0,0,0,0,0,0,0,0,1708787715967,left,acc,0.2346317619085312,-1.3455413579940796,9.75397777557373,1669049140842,right,acc,0.1867477297782898,-0.849941611289978,9.835380554199219,-1,-1,-1,-1,-1,-1,-1,0,0,0,0,0,0,0,1720123602325505000
1720123602365019100,0,0,0,0,0,0,0,0,0,0,0,0,0,1708787716087,left,acc,0.3471592366695404,-1.5131354331970215,9.859322547912598,1669049140822,right,acc,0.12210428714752197,-0.828393816947937,9.787496566772461,-1,-1,-1,-1,-1,-1,-1,0,0,0,0,0,0,0,1720123602346504500
1720123602399016900,0,0,0,0,0,0,0,0,0,0,0,0,0,1708787716246,left,acc,0.18914192914962769,-1.2713210582733154,9.75637149810791,1669049140742,right,acc,0.14844051003456116,-0.8690952062606812,9.792284965515137,-1,-1,-1,-1,-1,-1,-1,0,0,0,0,0,0,0,1720123602387059000
1720123602433052500,0,0,0,0,0,0,0,0,0,0,0,0,0,1708787716367,left,acc,0.21547815203666687,-1.2976573705673218,9.749189376831055,1669049140699,right,acc,0.17956513166427612,-0.8164227604866028,9.770736694335938,-1,-1,-1,-1,-1,-1,-1,0,0,0,0,0,0,0,1720123602428018400
1720123602466536000,0,0,0,0,0,0,0,0,0,0,0,0,0,1708787716528,left,acc,0.23942017555236816,-1.400607943534851,9.770736694335938,1669049140662,right,acc,0.1867477297782898,-0.9145850539207458,9.821015357971191,-1,-1,-1,-1,-1,-1,-1,0,0,0,0,0,0,0,1720123602449022200
1720123602500537200,0,0,0,0,0,0,0,0,0,0,0,0,0,1708787716669,left,acc,0.22505496442317963,-1.3862427473068237,9.72285270690918,1669049141104,right,acc,0.19632454216480255,-0.8858546018600464,9.830592155456543,-1,-1,-1,-1,-1,-1,-1,0,0,0,0,0,0,0,1720123602493537900
1720123602534557600,0,0,0,0,0,0,0,0,0,0,0,0,0,1708787716831,left,acc,0.26575639843940735,-1.4053963422775269,9.804255485534668,1669049141263,right,acc,0.05985504388809204,-0.6392518281936646,10.63743782043457,-1,-1,-1,-1,-1,-1,-1,0,0,0,0,0,0,0,1720123602514535900
1720123602568642900,0,0,0,0,0,0,0,0,0,0,0,0,0,1708787716950,left,acc,0.2106897532939911,-1.3455413579940796,9.746794700622559,1669049141385,right,acc,0.22266076505184174,-0.5937620401382446,10.129867553710938,-1,-1,-1,-1,-1,-1,-1,0,0,0,0,0,0,0,1720123602555541700
1720123602602643500,0,0,0,0,0,0,0,0,0,0,0,0,0,1708787717090,left,acc,0.26096799969673157,-1.3407529592514038,9.75397777557373,1669049141505,right,acc,0.12928688526153564,-0.7781155705451965,9.976638793945312,-1,-1,-1,-1,-1,-1,-1,0,0,0,0,0,0,0,1720123602596643700
1720123602636643300,0,0,0,0,0,0,0,0,0,0,0,0,0,1708787717190,left,acc,0.2106897532939911,-1.359906554222107,9.718064308166504,1669049141645,right,acc,0.07900865375995636,-0.9313444495201111,10.04846477508545,-1,-1,-1,-1,-1,-1,-1,0,0,0,0,0,0,0,1720123602616660800
1720123602670154200,0,0,0,0,0,0,0,0,0,0,0,0,0,1708787717351,left,acc,0.304063618183136,-1.37906014919281,9.758766174316406,1669049141787,right,acc,-0.23702596127986908,-0.7876923680305481,9.033323287963867,-1,-1,-1,-1,-1,-1,-1,0,0,0,0,0,0,0,1720123602662156400
1720123602704190000,0,0,0,0,0,0,0,0,0,0,0,0,0,1708787717511,left,acc,0.24420857429504395,-1.3311761617660522,9.761159896850586,1669049141945,right,acc,-0.038307227194309235,-0.6775590777397156,10.402806282043457,-1,-1,-1,-1,-1,-1,-1,0,0,0,0,0,0,0,1720123602703190400
1720123602738405700,0,0,0,0,0,0,0,0,0,0,0,0,0,1708787717672,left,acc,0.21308395266532898,-1.3694833517074585,9.780313491821289,1669049142047,right,acc,0.06703764945268631,-0.6967126727104187,10.089165687561035,-1,-1,-1,-1,-1,-1,-1,0,0,0,0,0,0,0,1720123602723408500
1720123602771883000,0,0,0,0,0,0,0,0,0,0,0,0,0,1708787717793,left,acc,0.24899697303771973,-1.2856862545013428,9.816226959228516,1669049142166,right,acc,0.2322375625371933,-0.7038952708244324,9.813833236694336,-1,-1,-1,-1,-1,-1,-1,0,0,0,0,0,0,0,1720123602763883100
1720123602805919600,0,0,0,0,0,0,0,0,0,0,0,0,0,1708787717957,left,acc,0.2585737705230713,-1.3287819623947144,9.765948295593262,1669049142328,right,acc,0.16759411990642548,-0.7015010714530945,9.837775230407715,-1,-1,-1,-1,-1,-1,-1,0,0,0,0,0,0,0,1720123602804920100
1720123602839883900,0,0,0,0,0,0,0,0,0,0,0,0,0,1708787718073,left,acc,0.2968810200691223,-1.357512354850769,9.806650161743164,1669049142467,right,acc,0.15801730751991272,-0.6488286852836609,9.742006301879883,-1,-1,-1,-1,-1,-1,-1,0,0,0,0,0,0,0,1720123602825884000
1720123602874093300,0,0,0,0,0,0,0,0,0,0,0,0,0,1708787718254,left,acc,0.22505496442317963,-1.381454348564148,9.77791976928711,1669049142529,right,acc,0.2346317619085312,-0.7015010714530945,9.624691009521484,-1,-1,-1,-1,-1,-1,-1,0,0,0,0,0,0,0,1720123602870057000
1720123602908057400,0,0,0,0,0,0,0,0,0,0,0,0,0,1708787718352,left,acc,0.29209262132644653,-1.3694833517074585,9.696516990661621,1669049142711,right,acc,0.19871874153614044,-0.6703764796257019,9.68933391571045,-1,-1,-1,-1,-1,-1,-1,0,0,0,0,0,0,0,1720123602891093300
1720123602942057500,0,0,0,0,0,0,0,0,0,0,0,0,0,1708787718516,left,acc,0.2106897532939911,-1.3024457693099976,9.763554573059082,1669049142809,right,acc,0.14365209639072418,-0.7996633648872375,9.639056205749512,-1,-1,-1,-1,-1,-1,-1,0,0,0,0,0,0,0,1720123602932057700
1720123602976052400,0,0,0,0,0,0,0,0,0,0,0,0,0,1708787718675,left,acc,0.21547815203666687,-1.338358759880066,9.75397777557373,1669049142969,right,acc,0.17956513166427612,-0.7326257228851318,9.713275909423828,-1,-1,-1,-1,-1,-1,-1,0,0,0,0,0,0,0,1720123602973071100
1720123603010051300,0,0,0,0,0,0,0,0,0,0,0,0,0,1708787718837,left,acc,0.2944868206977844,-1.3623007535934448,9.727641105651855,1669049143112,right,acc,-0.1149216815829277,-0.3280056416988373,10.99896240234375,-1,-1,-1,-1,-1,-1,-1,0,0,0,0,0,0,0,1720123602994088200
1720123603044050800,0,0,0,0,0,0,0,0,0,0,0,0,0,1708787718956,left,acc,0.28969839215278625,-1.3766659498214722,9.75397777557373,1669049143277,right,acc,0.3423708379268646,-0.1604115068912506,10.050858497619629,-1,-1,-1,-1,-1,-1,-1,0,0,0,0,0,0,0,1720123603038052200
1720123603077568800,0,0,0,0,0,0,0,0,0,0,0,0,0,1708787719119,left,acc,0.20350714027881622,-1.3048399686813354,9.751583099365234,1669049143312,right,acc,0.15322890877723694,-0.4908113479614258,10.034099578857422,-1,-1,-1,-1,-1,-1,-1,0,0,0,0,0,0,0,1720123603059056600
1720123603111568000,0,0,0,0,0,0,0,0,0,0,0,0,0,1708787719297,left,acc,0.20350714027881622,-1.3407529592514038,9.75637149810791,1669049143512,right,acc,0.17477671802043915,-0.5027823448181152,9.950302124023438,-1,-1,-1,-1,-1,-1,-1,0,0,0,0,0,0,0,1720123603099570700
1720123603145568200,0,0,0,0,0,0,0,0,0,0,0,0,0,1708787719397,left,acc,0.26096799969673157,-1.3215993642807007,9.715670585632324,1669049143631,right,acc,-0.20350714027881622,-0.6847416758537292,9.265560150146484,-1,-1,-1,-1,-1,-1,-1,0,0,0,0,0,0,0,1720123603140570000
1720123603179082700,0,0,0,0,0,0,0,0,0,0,0,0,0,1708787719558,left,acc,0.19871874153614044,-1.3503297567367554,9.612719535827637,1669049143772,right,acc,0.2849099934101105,-0.36152446269989014,10.474632263183594,-1,-1,-1,-1,-1,-1,-1,0,0,0,0,0,0,0,1720123603161077600
1720123603213101400,0,0,0,0,0,0,0,0,0,0,0,0,0,1708787719719,left,acc,0.21787235140800476,-1.338358759880066,9.732429504394531,1669049143955,right,acc,0.17717093229293823,-0.7637503147125244,9.849745750427246,-1,-1,-1,-1,-1,-1,-1,0,0,0,0,0,0,0,1720123603206082400
1720123603247086300,0,0,0,0,0,0,0,0,0,0,0,0,0,1708787719879,left,acc,0.26336219906806946,-1.3623007535934448,9.734824180603027,1669049144114,right,acc,0.07661445438861847,-0.7852981686592102,9.911994934082031,-1,-1,-1,-1,-1,-1,-1,0,0,0,0,0,0,0,1720123603227082100
1720123603280599200,0,0,0,0,0,0,0,0,0,0,0,0,0,1708787720002,left,acc,0.2537853717803955,-1.335964560508728,9.775525093078613,1669049144234,right,acc,0.14365209639072418,-0.7757213711738586,9.852140426635742,-1,-1,-1,-1,-1,-1,-1,0,0,0,0,0,0,0,1720123603267600300
1720123603314637000,0,0,0,0,0,0,0,0,0,0,0,0,0,1708787720160,left,acc,0.181959331035614,-1.3479355573654175,9.710882186889648,1669049144356,right,acc,0.15322890877723694,-0.8571242094039917,9.806650161743164,-1,-1,-1,-1,-1,-1,-1,0,0,0,0,0,0,0,1720123603308634300
1720123603348604200,0,0,0,0,0,0,0,0,0,0,0,0,0,1708787720320,left,acc,0.28730419278144836,-1.2880805730819702,9.775525093078613,1669049144537,right,acc,0.009576806798577309,-0.9457096457481384,9.919178009033203,-1,-1,-1,-1,-1,-1,-1,0,0,0,0,0,0,0,1720123603329634200
1720123603382184600,0,0,0,0,0,0,0,0,0,0,0,0,0,1708787720481,left,acc,0.24660277366638184,-1.3479355573654175,9.727641105651855,1669049144657,right,acc,0.0933738648891449,-0.849941611289978,9.730035781860352,-1,-1,-1,-1,-1,-1,-1,0,0,0,0,0,0,0,1720123603370184200
1720123603416252000,0,0,0,0,0,0,0,0,0,0,0,0,0,1708787720621,left,acc,0.24420857429504395,-1.3407529592514038,9.763554573059082,1669049144816,right,acc,0.06703764945268631,-0.790086567401886,9.78989028930664,-1,-1,-1,-1,-1,-1,-1,0,0,0,0,0,0,0,1720123603415220400
1720123603450223200,0,0,0,0,0,0,0,0,0,0,0,0,0,1708787720782,left,acc,0.2849099934101105,-1.3718775510787964,9.684545516967773,1669049144978,right,acc,0.17717093229293823,-0.8906430602073669,9.780313491821289,-1,-1,-1,-1,-1,-1,-1,0,0,0,0,0,0,0,1720123603436217800
1720123603484289300,0,0,0,0,0,0,0,0,0,0,0,0,0,1708787720943,left,acc,0.23702596127986908,-1.3694833517074585,9.732429504394531,1669049145079,right,acc,0.15083470940589905,-0.8475474119186401,9.75637149810791,-1,-1,-1,-1,-1,-1,-1,0,0,0,0,0,0,0,1720123603477317000
1720123603518323100,0,0,0,0,0,0,0,0,0,0,0,0,0,1708787721103,left,acc,0.23942017555236816,-1.3455413579940796,9.746794700622559,1669049145199,right,acc,0.1628057211637497,-0.8140285611152649,9.816226959228516,-1,-1,-1,-1,-1,-1,-1,0,0,0,0,0,0,0,1720123603517322400
1720123603552327700,0,0,0,0,0,0,0,0,0,0,0,0,0,1708787721263,left,acc,0.2322375625371933,-1.3982137441635132,9.770736694335938,1669049145361,right,acc,0.17717093229293823,-0.7757213711738586,9.768342971801758,-1,-1,-1,-1,-1,-1,-1,0,0,0,0,0,0,0,1720123603538322400
1720123603585839500,0,0,0,0,0,0,0,0,0,0,0,0,0,1708787721384,left,acc,0.2561795711517334,-1.359906554222107,9.823410034179688,1669049145481,right,acc,0.11971008777618408,-0.8212111592292786,9.804255485534668,-1,-1,-1,-1,-1,-1,-1,0,0,0,0,0,0,0,1720123603582842100
1720123603619844100,0,0,0,0,0,0,0,0,0,0,0,0,0,1708787721545,left,acc,0.2346317619085312,-1.3335703611373901,9.775525093078613,1669049145639,right,acc,0.2849099934101105,-0.21308395266532898,10.433931350708008,-1,-1,-1,-1,-1,-1,-1,0,0,0,0,0,0,0,1720123603603843100
1720123603653847800,0,0,0,0,0,0,0,0,0,0,0,0,0,1708787721705,left,acc,0.2801215946674347,-1.3623007535934448,9.797073364257812,1669049145762,right,acc,0.19393034279346466,-0.4836287498474121,10.014945983886719,-1,-1,-1,-1,-1,-1,-1,0,0,0,0,0,0,0,1720123603644840300
1720123603687371400,0,0,0,0,0,0,0,0,0,0,0,0,0,1708787721866,left,acc,0.2537853717803955,-1.3718775510787964,9.797073364257812,1669049145941,right,acc,0.4118026793003082,0.31124621629714966,10.278307914733887,-1,-1,-1,-1,-1,-1,-1,0,0,0,0,0,0,0,1720123603685320900
1720123603721320200,0,0,0,0,0,0,0,0,0,0,0,0,0,1708787722026,left,acc,0.2825157940387726,-1.4053963422775269,9.713275909423828,1669049145981,right,acc,-0.7541735172271729,-1.039083480834961,11.5065336227417,-1,-1,-1,-1,-1,-1,-1,0,0,0,0,0,0,0,1720123603706336300
1720123603755323700,0,0,0,0,0,0,0,0,0,0,0,0,0,1708787722147,left,acc,0.26575639843940735,-1.3239935636520386,9.708487510681152,1669049146144,right,acc,0.7709329724311829,-0.7924807667732239,10.651803016662598,-1,-1,-1,-1,-1,-1,-1,0,0,0,0,0,0,0,1720123603751322800
1720123603788731200,0,0,0,0,0,0,0,0,0,0,0,0,0,1708787722307,left,acc,0.272938996553421,-1.3287819623947144,9.75637149810791,1669049146304,right,acc,-2.03507137298584,-5.590460777282715,9.955090522766113,-1,-1,-1,-1,-1,-1,-1,0,0,0,0,0,0,0,1720123603771867700
1720123603822767400,0,0,0,0,0,0,0,0,0,0,0,0,0,1708787722467,left,acc,0.21308395266532898,-1.3024457693099976,9.859322547912598,1669049146423,right,acc,-4.378994941711426,-6.0405707359313965,3.6942532062530518,-1,-1,-1,-1,-1,-1,-1,0,0,0,0,0,0,0,1720123603812731800
1720123603856740000,0,0,0,0,0,0,0,0,0,0,0,0,0,1708787722628,left,acc,0.2059013396501541,-1.2976573705673218,9.77791976928711,1669049146524,right,acc,-2.2601263523101807,-4.908113479614258,6.787561893463135,-1,-1,-1,-1,-1,-1,-1,0,0,0,0,0,0,0,1720123603853740000
1720123603890723200,0,0,0,0,0,0,0,0,0,0,0,0,0,1708787722749,left,acc,0.3208230137825012,-1.3718775510787964,9.619902610778809,1669049146683,right,acc,-3.047818660736084,-5.284003257751465,7.620744228363037,-1,-1,-1,-1,-1,-1,-1,0,0,0,0,0,0,0,1720123603874692700
1720123603924723200,0,0,0,0,0,0,0,0,0,0,0,0,0,0,0,0,0,0,0,1669049146806,right,acc,0.38307225704193115,-3.7660791873931885,8.1139497756958,-1,-1,-1,-1,-1,-1,-1,0,0,0,0,0,0,0,1720123603914724000
1720123603958727300,0,0,0,0,0,0,0,0,0,0,0,0,0,1708787723030,left,acc,0.33039984107017517,-1.2976573705673218,9.765948295593262,1669049146925,right,acc,2.8419175148010254,-5.7341132164001465,8.889671325683594,-1,-1,-1,-1,-1,-1,-1,0,0,0,0,0,0,0,1720123603939757800
1720123603992237900,0,0,0,0,0,0,0,0,0,0,0,0,0,1708787723190,left,acc,0.2106897532939911,-1.338358759880066,9.782708168029785,1669049147108,right,acc,1.7860745191574097,-6.531382083892822,8.501810073852539,-1,-1,-1,-1,-1,-1,-1,0,0,0,0,0,0,0,1720123603980239600
1720123604026251700,0,0,0,0,0,0,0,0,0,0,0,0,0,1708787723352,left,acc,0.2298433631658554,-1.3335703611373901,9.703699111938477,1669049147211,right,acc,1.400607943534851,-4.417302131652832,4.5609540939331055,-1,-1,-1,-1,-1,-1,-1,0,0,0,0,0,0,0,1720123604021272200
1720123604060259200,0,0,0,0,0,0,0,0,0,0,0,0,0,1708787723511,left,acc,0.24181437492370605,-1.335964560508728,9.77791976928711,1669049147371,right,acc,-0.21787235140800476,-8.425195693969727,2.612074136734009,-1,-1,-1,-1,-1,-1,-1,0,0,0,0,0,0,0,1720123604042238600
1720123604094273000,0,0,0,0,0,0,0,0,0,0,0,0,0,1708787723632,left,acc,0.2346317619085312,-1.3120225667953491,9.725247383117676,1669049141906,right,acc,0.2537853717803955,-0.8547300100326538,9.557653427124023,-1,-1,-1,-1,-1,-1,-1,0,0,0,0,0,0,0,1720123604083273600
1720123604128274800,0,0,0,0,0,0,0,0,0,0,0,0,0,1708787723753,left,acc,0.31842881441116333,-1.3886369466781616,9.715670585632324,1669049147588,right,acc,1.2856862545013428,-3.179499864578247,10.067618370056152,-1,-1,-1,-1,-1,-1,-1,0,0,0,0,0,0,0,1720123604128274800
1720123604162320800,0,0,0,0,0,0,0,0,0,0,0,0,0,1708787723913,left,acc,0.23702596127986908,-1.290474772453308,9.765948295593262,1669049147727,right,acc,2.0925323963165283,-4.072536945343018,9.318233489990234,-1,-1,-1,-1,-1,-1,-1,0,0,0,0,0,0,0,1720123604148277200
1720123604196321700,0,0,0,0,0,0,0,0,0,0,0,0,0,1708787724073,left,acc,0.2298433631658554,-1.4053963422775269,9.78989028930664,1669049147865,right,acc,0.3926490843296051,-2.1140801906585693,10.579977035522461,-1,-1,-1,-1,-1,-1,-1,0,0,0,0,0,0,0,1720123604189319700
1720123604230319200,0,0,0,0,0,0,0,0,0,0,0,0,0,1708787724154,left,acc,0.26336219906806946,-1.3479355573654175,9.75637149810791,1669049148007,right,acc,0.26096799969673157,-0.7398083209991455,10.213664054870605,-1,-1,-1,-1,-1,-1,-1,0,0,0,0,0,0,0,1720123604230319200
1720123604263836300,0,0,0,0,0,0,0,0,0,0,0,0,0,1708787724313,left,acc,0.27054479718208313,-1.3000515699386597,9.732429504394531,1669049148147,right,acc,0.2753331959247589,-0.5961562395095825,9.861717224121094,-1,-1,-1,-1,-1,-1,-1,0,0,0,0,0,0,0,1720123604251323000
1720123604297836600,0,0,0,0,0,0,0,0,0,0,0,0,0,1708787724456,left,acc,0.22266076505184174,-1.41257905960083,9.732429504394531,1669049148267,right,acc,0.26336219906806946,-0.5841852426528931,9.856928825378418,-1,-1,-1,-1,-1,-1,-1,0,0,0,0,0,0,0,1720123604291871800
1720123604331835200,0,0,0,0,0,0,0,0,0,0,0,0,0,1708787724575,left,acc,0.24899697303771973,-1.3527239561080933,9.734824180603027,1669049148409,right,acc,0.2753331959247589,-0.5746083855628967,9.849745750427246,-1,-1,-1,-1,-1,-1,-1,0,0,0,0,0,0,0,1720123604315897800
1720123604365350600,0,0,0,0,0,0,0,0,0,0,0,0,0,1708787724735,left,acc,0.2968810200691223,-1.316810965538025,9.725247383117676,1669049148528,right,acc,0.3711012601852417,-0.4884171485900879,9.864110946655273,-1,-1,-1,-1,-1,-1,-1,0,0,0,0,0,0,0,1720123604356839600
1720123604399351100,0,0,0,0,0,0,0,0,0,0,0,0,0,1708787724896,left,acc,0.19632454216480255,-1.37906014919281,9.75397777557373,1669049148649,right,acc,0.3256114423274994,-0.42856210470199585,9.923966407775879,-1,-1,-1,-1,-1,-1,-1,0,0,0,0,0,0,0,1720123604398348700
1720123604433348900,0,0,0,0,0,0,0,0,0,0,0,0,0,1708787725057,left,acc,0.17956513166427612,-1.3646949529647827,9.765948295593262,1669049148811,right,acc,0.3016694188117981,-0.4668693244457245,9.871294021606445,-1,-1,-1,-1,-1,-1,-1,0,0,0,0,0,0,0,1720123604419350700
1720123604466864700,0,0,0,0,0,0,0,0,0,0,0,0,0,1708787725177,left,acc,0.2753331959247589,-1.3072341680526733,9.674968719482422,1669049148950,right,acc,0.31603461503982544,-0.43095630407333374,9.938331604003906,-1,-1,-1,-1,-1,-1,-1,0,0,0,0,0,0,0,1720123604459356900
1720123604500864700,0,0,0,0,0,0,0,0,0,0,0,0,0,1708787725297,left,acc,0.22266076505184174,-1.3551181554794312,9.619902610778809,1669049149071,right,acc,0.2968810200691223,-0.43095630407333374,9.86889934539795,-1,-1,-1,-1,-1,-1,-1,0,0,0,0,0,0,0,1720123604479866600
1720123604534865100,0,0,0,0,0,0,0,0,0,0,0,0,0,1708787725478,left,acc,0.304063618183136,-1.2856862545013428,9.761159896850586,1669049149212,right,acc,0.37828385829925537,-0.4668693244457245,10.005369186401367,-1,-1,-1,-1,-1,-1,-1,0,0,0,0,0,0,0,1720123604524866200
1720123604568381200,0,0,0,0,0,0,0,0,0,0,0,0,0,1708787725638,left,acc,0.2777273952960968,-1.3766659498214722,9.751583099365234,1669049149352,right,acc,0.24181437492370605,-0.45010992884635925,9.911994934082031,-1,-1,-1,-1,-1,-1,-1,0,0,0,0,0,0,0,1720123604566379700
1720123604602381800,0,0,0,0,0,0,0,0,0,0,0,0,0,1708787725758,left,acc,0.2346317619085312,-1.400607943534851,9.818621635437012,1669049149453,right,acc,0.31603461503982544,-0.4908113479614258,9.940725326538086,-1,-1,-1,-1,-1,-1,-1,0,0,0,0,0,0,0,1720123604586404400
1720123604636408000,0,0,0,0,0,0,0,0,0,0,0,0,0,1708787725900,left,acc,0.28969839215278625,-1.3024457693099976,9.739612579345703,1669049149633,right,acc,0.26575639843940735,-0.4620809257030487,9.861717224121094,-1,-1,-1,-1,-1,-1,-1,0,0,0,0,0,0,0,1720123604627380600
1720123604669889000,0,0,0,0,0,0,0,0,0,0,0,0,0,1708787726061,left,acc,0.24420857429504395,-1.3838485479354858,9.72285270690918,1669049149754,right,acc,0.3423708379268646,-0.5171475410461426,9.9000244140625,-1,-1,-1,-1,-1,-1,-1,0,0,0,0,0,0,0,1720123604648385100
1720123604703925000,0,0,0,0,0,0,0,0,0,0,0,0,0,1708787726199,left,acc,0.2992752194404602,-1.3742717504501343,9.703699111938477,1669049149854,right,acc,0.2992752194404602,-0.4812345504760742,9.926360130310059,-1,-1,-1,-1,-1,-1,-1,0,0,0,0,0,0,0,1720123604692889600
1720123604738022500,0,0,0,0,0,0,0,0,0,0,0,0,0,1708787726341,left,acc,0.2346317619085312,-1.2952631711959839,9.775525093078613,1669049150016,right,acc,0.28730419278144836,-0.4644751250743866,9.871294021606445,-1,-1,-1,-1,-1,-1,-1,0,0,0,0,0,0,0,1720123604734023200
1720123604771582800,0,0,0,0,0,0,0,0,0,0,0,0,0,1708787726502,left,acc,0.304063618183136,-1.3239935636520386,9.732429504394531,1669049150156,right,acc,0.2944868206977844,-0.45250412821769714,9.895236015319824,-1,-1,-1,-1,-1,-1,-1,0,0,0,0,0,0,0,1720123604755028900
1720123604805581300,0,0,0,0,0,0,0,0,0,0,0,0,0,1708787726622,left,acc,0.20111294090747833,-1.3239935636520386,9.797073364257812,1669049150236,right,acc,0.31603461503982544,-0.49799394607543945,9.854534149169922,-1,-1,-1,-1,-1,-1,-1,0,0,0,0,0,0,0,1720123604795544800
1720123604839543500,0,0,0,0,0,0,0,0,0,0,0,0,0,1708787726722,left,acc,0.28969839215278625,-1.3694833517074585,9.734824180603027,1669049150377,right,acc,0.3423708379268646,-0.44532153010368347,9.892841339111328,-1,-1,-1,-1,-1,-1,-1,0,0,0,0,0,0,0,1720123604836579000
1720123604873053800,0,0,0,0,0,0,0,0,0,0,0,0,0,1708787726883,left,acc,0.26815059781074524,-1.314416766166687,9.75637149810791,1669049150478,right,acc,0.2561795711517334,-0.49559974670410156,9.926360130310059,-1,-1,-1,-1,-1,-1,-1,0,0,0,0,0,0,0,1720123604861547300
1720123604907056300,0,0,0,0,0,0,0,0,0,0,0,0,0,1708787727043,left,acc,0.23942017555236816,-1.259350061416626,9.634267807006836,1669049150658,right,acc,0.2944868206977844,-0.38307225704193115,9.9000244140625,-1,-1,-1,-1,-1,-1,-1,0,0,0,0,0,0,0,1720123604902091500
1720123604941091800,0,0,0,0,0,0,0,0,0,0,0,0,0,1708787727166,left,acc,0.24660277366638184,-1.359906554222107,9.744400978088379,1669049150759,right,acc,0.23702596127986908,-0.45010992884635925,9.873687744140625,-1,-1,-1,-1,-1,-1,-1,0,0,0,0,0,0,0,1720123604922088900
1720123604974666400,0,0,0,0,0,0,0,0,0,0,0,0,0,1708787727284,left,acc,0.2753331959247589,-1.3072341680526733,9.694122314453125,1669049150899,right,acc,0.26336219906806946,-0.42616790533065796,9.897629737854004,-1,-1,-1,-1,-1,-1,-1,0,0,0,0,0,0,0,1720123604963667800
1720123605008704500,0,0,0,0,0,0,0,0,0,0,0,0,0,1708787727484,left,acc,0.2944868206977844,-1.3934253454208374,9.696516990661621,1669049151040,right,acc,0.2801215946674347,-0.4692635238170624,9.8784761428833,-1,-1,-1,-1,-1,-1,-1,0,0,0,0,0,0,0,1720123605004704600
1720123605042703000,0,0,0,0,0,0,0,0,0,0,0,0,0,1708787727685,left,acc,0.31124621629714966,-1.338358759880066,9.773131370544434,1669049151161,right,acc,0.3064578175544739,-0.4118026793003082,9.871294021606445,-1,-1,-1,-1,-1,-1,-1,0,0,0,0,0,0,0,1720123605024690500
1720123605076260200,0,0,0,0,0,0,0,0,0,0,0,0,0,1708787727890,left,acc,0.2298433631658554,-1.4317326545715332,9.68933391571045,1669049151323,right,acc,0.26575639843940735,-0.4884171485900879,9.818621635437012,-1,-1,-1,-1,-1,-1,-1,0,0,0,0,0,0,0,1720123605070218900
1720123605110253100,0,0,0,0,0,0,0,0,0,0,0,0,0,1708787728068,left,acc,0.2944868206977844,-1.316810965538025,9.742006301879883,1669049151442,right,acc,0.2968810200691223,-0.5770025849342346,9.799467086791992,-1,-1,-1,-1,-1,-1,-1,0,0,0,0,0,0,0,1720123605090254600
1720123605144217700,0,0,0,0,0,0,0,0,0,0,0,0,0,1708787728247,left,acc,0.28730419278144836,-1.3718775510787964,9.77791976928711,1669049151728,right,acc,0.2992752194404602,-0.4836287498474121,9.84495735168457,-1,-1,-1,-1,-1,-1,-1,0,0,0,0,0,0,0,1720123605131219200
1720123605177734400,0,0,0,0,0,0,0,0,0,0,0,0,0,1708787728407,left,acc,0.304063618183136,-1.3694833517074585,9.775525093078613,1669049151729,right,acc,0.27054479718208313,-0.44532153010368347,9.9000244140625,-1,-1,-1,-1,-1,-1,-1,0,0,0,0,0,0,0,1720123605172734400
1720123605211734500,0,0,0,0,0,0,0,0,0,0,0,0,0,1708787728528,left,acc,0.2968810200691223,-1.3934253454208374,9.787496566772461,1669049151805,right,acc,0.26096799969673157,-0.3758896589279175,9.861717224121094,-1,-1,-1,-1,-1,-1,-1,0,0,0,0,0,0,0,1720123605192734700
1720123605245734400,0,0,0,0,0,0,0,0,0,0,0,0,0,1708787728670,left,acc,0.21547815203666687,-1.335964560508728,9.674968719482422,1669049152002,right,acc,0.3280056416988373,-0.38546648621559143,9.86650562286377,-1,-1,-1,-1,-1,-1,-1,0,0,0,0,0,0,0,1720123605237734600
1720123605279271400,0,0,0,0,0,0,0,0,0,0,0,0,0,1708787728849,left,acc,0.2825157940387726,-1.3934253454208374,9.703699111938477,1669049152085,right,acc,0.2992752194404602,-0.4692635238170624,9.840168952941895,-1,-1,-1,-1,-1,-1,-1,0,0,0,0,0,0,0,1720123605279271400
1720123605313271100,0,0,0,0,0,0,0,0,0,0,0,0,0,1708787729013,left,acc,0.1843535304069519,-1.3024457693099976,9.737217903137207,1669049152239,right,acc,0.26336219906806946,-0.4596867263317108,9.892841339111328,-1,-1,-1,-1,-1,-1,-1,0,0,0,0,0,0,0,1720123605299269900
1720123605347275200,0,0,0,0,0,0,0,0,0,0,0,0,0,1708787729129,left,acc,0.24660277366638184,-1.2976573705673218,9.770736694335938,1669049152351,right,acc,0.3280056416988373,-0.47405192255973816,9.832986831665039,-1,-1,-1,-1,-1,-1,-1,0,0,0,0,0,0,0,1720123605340269800
1720123605380800200,0,0,0,0,0,0,0,0,0,0,0,0,0,1708787729291,left,acc,0.3495534360408783,-1.3072341680526733,9.715670585632324,1669049152510,right,acc,0.2992752194404602,-0.5434837937355042,9.854534149169922,-1,-1,-1,-1,-1,-1,-1,0,0,0,0,0,0,0,1720123605360279900
1720123605414798400,0,0,0,0,0,0,0,0,0,0,0,0,0,1708787729430,left,acc,0.33518823981285095,-1.3479355573654175,9.734824180603027,1669049152629,right,acc,0.33997663855552673,-0.4141969084739685,9.859322547912598,-1,-1,-1,-1,-1,-1,-1,0,0,0,0,0,0,0,1720123602071956000
1720123605448771800,0,0,0,0,0,0,0,0,0,0,0,0,0,1708787729551,left,acc,0.19393034279346466,-1.3766659498214722,9.77791976928711,1669049152769,right,acc,0.22266076505184174,-0.47165772318840027,9.873687744140625,-1,-1,-1,-1,-1,-1,-1,0,0,0,0,0,0,0,1720123605446766200
1720123605482280200,0,0,0,0,0,0,0,0,0,0,0,0,0,1708787729711,left,acc,0.2537853717803955,-1.292868971824646,9.770736694335938,1669049152909,right,acc,0.272938996553421,-0.4596867263317108,9.926360130310059,-1,-1,-1,-1,-1,-1,-1,0,0,0,0,0,0,0,1720123605467280500
1720123605516292200,0,0,0,0,0,0,0,0,0,0,0,0,0,1708787727365,left,acc,0.20111294090747833,-1.3694833517074585,9.734824180603027,1669049153010,right,acc,0.26815059781074524,-0.4357447028160095,9.974244117736816,-1,-1,-1,-1,-1,-1,-1,0,0,0,0,0,0,0,1720123605508302800
1720123605550285300,0,0,0,0,0,0,0,0,0,0,0,0,0,1708787729973,left,acc,0.26815059781074524,-1.3455413579940796,9.75637149810791,1669049153150,right,acc,0.20111294090747833,-0.3902548849582672,9.916783332824707,-1,-1,-1,-1,-1,-1,-1,0,0,0,0,0,0,0,1720123605549286700
1720123605583799300,0,0,0,0,0,0,0,0,0,0,0,0,0,1708787730133,left,acc,0.18914192914962769,-1.2737152576446533,9.763554573059082,1669049153292,right,acc,0.2537853717803955,-0.4405331015586853,9.871294021606445,-1,-1,-1,-1,-1,-1,-1,0,0,0,0,0,0,0,1720123605569799800
1720123605617834000,0,0,0,0,0,0,0,0,0,0,0,0,0,1708787730253,left,acc,0.28730419278144836,-1.3239935636520386,9.773131370544434,1669049153351,right,acc,0.2968810200691223,-0.44771572947502136,9.9000244140625,-1,-1,-1,-1,-1,-1,-1,0,0,0,0,0,0,0,1720123605614799800
1720123605651801600,0,0,0,0,0,0,0,0,0,0,0,0,0,1708787730394,left,acc,0.24420857429504395,-1.3503297567367554,9.691728591918945,1669049153512,right,acc,0.2753331959247589,-0.4884171485900879,9.93354320526123,-1,-1,-1,-1,-1,-1,-1,0,0,0,0,0,0,0,1720123605634842200
1720123605685314900,0,0,0,0,0,0,0,0,0,0,0,0,0,1708787730554,left,acc,0.2561795711517334,-1.3694833517074585,9.720458984375,1669049153634,right,acc,0.2753331959247589,-0.4189853072166443,9.847352027893066,-1,-1,-1,-1,-1,-1,-1,0,0,0,0,0,0,0,1720123605676313100
1720123605719314200,0,0,0,0,0,0,0,0,0,0,0,0,0,1708787730715,left,acc,0.2992752194404602,-1.3838485479354858,9.720458984375,1669049153799,right,acc,0.2801215946674347,-0.4644751250743866,9.890447616577148,-1,-1,-1,-1,-1,-1,-1,0,0,0,0,0,0,0,1720123605717315200
1720123605753317600,0,0,0,0,0,0,0,0,0,0,0,0,0,1708787730877,left,acc,0.30885201692581177,-1.3407529592514038,9.794678688049316,1669049153914,right,acc,0.31364041566848755,-0.4429273009300232,9.883264541625977,-1,-1,-1,-1,-1,-1,-1,0,0,0,0,0,0,0,1720123605737313000
1720123605786860700,0,0,0,0,0,0,0,0,0,0,0,0,0,1708787730996,left,acc,0.2513911724090576,-1.3694833517074585,9.720458984375,1669049154039,right,acc,0.2968810200691223,-0.47644615173339844,9.914389610290527,-1,-1,-1,-1,-1,-1,-1,0,0,0,0,0,0,0,1720123605782862300
1720123605820860800,0,0,0,0,0,0,0,0,0,0,0,0,0,1708787731136,left,acc,0.22744916379451752,-1.290474772453308,9.761159896850586,1669049154201,right,acc,0.26575639843940735,-0.4405331015586853,9.897629737854004,-1,-1,-1,-1,-1,-1,-1,0,0,0,0,0,0,0,1720123605802861300
1720123605854864900,0,0,0,0,0,0,0,0,0,0,0,0,0,1708787731278,left,acc,0.24899697303771973,-1.2976573705673218,9.749189376831055,1669049154302,right,acc,0.3447650372982025,-0.507570743560791,9.86650562286377,-1,-1,-1,-1,-1,-1,-1,0,0,0,0,0,0,0,1720123605843861800
1720123605888378200,0,0,0,0,0,0,0,0,0,0,0,0,0,1708787731438,left,acc,0.28730419278144836,-1.400607943534851,9.758766174316406,1669049154462,right,acc,0.33039984107017517,-0.4429273009300232,9.897629737854004,-1,-1,-1,-1,-1,-1,-1,0,0,0,0,0,0,0,1720123605885386700
1720123605922376200,0,0,0,0,0,0,0,0,0,0,0,0,0,1708787731558,left,acc,0.21547815203666687,-1.2976573705673218,9.746794700622559,1669049154623,right,acc,0.3232172429561615,-0.49559974670410156,9.859322547912598,-1,-1,-1,-1,-1,-1,-1,0,0,0,0,0,0,0,1720123605905376100
1720123605956424000,0,0,0,0,0,0,0,0,0,0,0,0,0,1708787731717,left,acc,0.26575639843940735,-1.3215993642807007,9.706093788146973,1669049154720,right,acc,0.31842881441116333,-0.43335050344467163,9.849745750427246,-1,-1,-1,-1,-1,-1,-1,0,0,0,0,0,0,0,1720123605946382300
1720123605989933200,0,0,0,0,0,0,0,0,0,0,0,0,0,1708787731857,left,acc,0.26336219906806946,-1.290474772453308,9.761159896850586,0,0,0,0,0,0,-1,-1,-1,-1,-1,-1,-1,0,0,0,0,0,0,0,1720123605970933000
1720123606023931400,0,0,0,0,0,0,0,0,0,0,0,0,0,1708787732017,left,acc,0.20111294090747833,-1.3934253454208374,9.72285270690918,1669049154959,right,acc,0.304063618183136,-0.4381389021873474,9.892841339111328,-1,-1,-1,-1,-1,-1,-1,0,0,0,0,0,0,0,1720123606011932500
1720123606057939500,0,0,0,0,0,0,0,0,0,0,0,0,0,1708787732117,left,acc,0.21787235140800476,-1.3311761617660522,9.782708168029785,1669049155102,right,acc,0.28730419278144836,-0.4357447028160095,9.880870819091797,-1,-1,-1,-1,-1,-1,-1,0,0,0,0,0,0,0,1720123606052948800
1720123606091980100,0,0,0,0,0,0,0,0,0,0,0,0,0,1708787732297,left,acc,0.304063618183136,-1.2856862545013428,9.691728591918945,1669049155246,right,acc,0.304063618183136,-0.43095630407333374,9.880870819091797,-1,-1,-1,-1,-1,-1,-1,0,0,0,0,0,0,0,1720123606073455800
1720123606125981400,0,0,0,0,0,0,0,0,0,0,0,0,0,1708787732440,left,acc,0.19871874153614044,-1.381454348564148,9.768342971801758,1669049155367,right,acc,0.2849099934101105,-0.4644751250743866,9.923966407775879,-1,-1,-1,-1,-1,-1,-1,0,0,0,0,0,0,0,1720123606113981800
1720123606159986200,0,0,0,0,0,0,0,0,0,0,0,0,0,1708787732601,left,acc,0.27054479718208313,-1.3263877630233765,9.785101890563965,1669049155505,right,acc,0.19632454216480255,-0.4668693244457245,9.847352027893066,-1,-1,-1,-1,-1,-1,-1,0,0,0,0,0,0,0,1720123606158987300
1720123606193495600,0,0,0,0,0,0,0,0,0,0,0,0,0,1708787732742,left,acc,0.22266076505184174,-1.3718775510787964,9.770736694335938,1669049155668,right,acc,0.2537853717803955,-0.5051765441894531,9.797073364257812,-1,-1,-1,-1,-1,-1,-1,0,0,0,0,0,0,0,1720123606179496300
1720123606227495600,0,0,0,0,0,0,0,0,0,0,0,0,0,1708787732863,left,acc,0.2825157940387726,-1.3838485479354858,9.751583099365234,1669049155826,right,acc,0.2513911724090576,-0.4620809257030487,9.821015357971191,-1,-1,-1,-1,-1,-1,-1,0,0,0,0,0,0,0,1720123606220496900
1720123606262010900,0,0,0,0,0,0,0,0,0,0,0,0,0,1708787733023,left,acc,0.2106897532939911,-1.3982137441635132,9.734824180603027,1669049155949,right,acc,0.31842881441116333,-0.45489832758903503,9.832986831665039,-1,-1,-1,-1,-1,-1,-1,0,0,0,0,0,0,0,1720123606262010900
1720123606296016400,0,0,0,0,0,0,0,0,0,0,0,0,0,1708787733185,left,acc,0.24899697303771973,-1.357512354850769,9.775525093078613,1669049156151,right,acc,0.24899697303771973,-0.47644615173339844,9.849745750427246,-1,-1,-1,-1,-1,-1,-1,0,0,0,0,0,0,0,1720123606282017100
1720123606330020000,0,0,0,0,0,0,0,0,0,0,0,0,0,1708787733345,left,acc,0.21308395266532898,-1.3455413579940796,9.782708168029785,1669049156291,right,acc,0.27054479718208313,-0.40940847992897034,9.93354320526123,-1,-1,-1,-1,-1,-1,-1,0,0,0,0,0,0,0,1720123606327025900
1720123606363549400,0,0,0,0,0,0,0,0,0,0,0,0,0,1708787733505,left,acc,0.2585737705230713,-1.278503656387329,9.77791976928711,1669049156451,right,acc,0.2849099934101105,-0.5626373887062073,9.897629737854004,-1,-1,-1,-1,-1,-1,-1,0,0,0,0,0,0,0,1720123606348022200
1720123606397546700,0,0,0,0,0,0,0,0,0,0,0,0,0,1708787733625,left,acc,0.2825157940387726,-1.335964560508728,9.765948295593262,1669049156630,right,acc,0.3232172429561615,-0.4668693244457245,9.84256362915039,-1,-1,-1,-1,-1,-1,-1,0,0,0,0,0,0,0,1720123606388547700
1720123606431546700,0,0,0,0,0,0,0,0,0,0,0,0,0,1708787733766,left,acc,0.2777273952960968,-1.3694833517074585,9.816226959228516,1669049156812,right,acc,0.3208230137825012,-0.45010992884635925,9.919178009033203,-1,-1,-1,-1,-1,-1,-1,0,0,0,0,0,0,0,1720123606429549500
1720123606465068300,0,0,0,0,0,0,0,0,0,0,0,0,0,1708787733930,left,acc,0.23942017555236816,-1.3479355573654175,9.78989028930664,1669049156933,right,acc,0.24899697303771973,-0.42377370595932007,9.801861763000488,-1,-1,-1,-1,-1,-1,-1,0,0,0,0,0,0,0,1720123606450551000
1720123606499067800,0,0,0,0,0,0,0,0,0,0,0,0,0,1708787734047,left,acc,0.29209262132644653,-1.3742717504501343,9.749189376831055,1669049157133,right,acc,0.2753331959247589,-0.40701428055763245,9.873687744140625,-1,-1,-1,-1,-1,-1,-1,0,0,0,0,0,0,0,1720123606491069700
1720123606533068200,0,0,0,0,0,0,0,0,0,0,0,0,0,1708787734208,left,acc,0.22266076505184174,-1.256955862045288,9.696516990661621,1669049157294,right,acc,0.2968810200691223,-0.4692635238170624,9.86889934539795,-1,-1,-1,-1,-1,-1,-1,0,0,0,0,0,0,0,1720123606516069700
1720123606566584900,0,0,0,0,0,0,0,0,0,0,0,0,0,1708787734368,left,acc,0.2753331959247589,-1.357512354850769,9.6989107131958,1669049157437,right,acc,0.2944868206977844,-0.4165911078453064,9.780313491821289,-1,-1,-1,-1,-1,-1,-1,0,0,0,0,0,0,0,1720123606557073300
1720123606600633900,0,0,0,0,0,0,0,0,0,0,0,0,0,1708787734489,left,acc,0.272938996553421,-1.3239935636520386,9.75397777557373,1669049157557,right,acc,0.3256114423274994,-0.42377370595932007,9.856928825378418,-1,-1,-1,-1,-1,-1,-1,0,0,0,0,0,0,0,1720123606597633000
1720123606634634200,0,0,0,0,0,0,0,0,0,0,0,0,0,1708787734649,left,acc,0.22026655077934265,-1.3479355573654175,9.75397777557373,1669049157695,right,acc,0.27054479718208313,-0.43335050344467163,9.840168952941895,-1,-1,-1,-1,-1,-1,-1,0,0,0,0,0,0,0,1720123606618633100
1720123606668228400,0,0,0,0,0,0,0,0,0,0,0,0,0,1708787734809,left,acc,0.17956513166427612,-1.338358759880066,9.804255485534668,1669049157817,right,acc,0.2585737705230713,-0.42856210470199585,9.856928825378418,-1,-1,-1,-1,-1,-1,-1,0,0,0,0,0,0,0,1720123606658674200
1720123606702227200,0,0,0,0,0,0,0,0,0,0,0,0,0,1708787734971,left,acc,0.30885201692581177,-1.3479355573654175,9.746794700622559,1669049157978,right,acc,0.26096799969673157,-0.3926490843296051,9.80904483795166,-1,-1,-1,-1,-1,-1,-1,0,0,0,0,0,0,0,1720123606679263000
1720123606736226600,0,0,0,0,0,0,0,0,0,0,0,0,0,1708787735115,left,acc,0.2537853717803955,-1.3215993642807007,9.780313491821289,1669049158079,right,acc,0.3447650372982025,-0.43335050344467163,9.880870819091797,-1,-1,-1,-1,-1,-1,-1,0,0,0,0,0,0,0,1720123606724227100
1720123606769742100,0,0,0,0,0,0,0,0,0,0,0,0,0,1708787735231,left,acc,0.2753331959247589,-1.359906554222107,9.696516990661621,1669049158200,right,acc,0.31842881441116333,-0.45010992884635925,9.871294021606445,-1,-1,-1,-1,-1,-1,-1,0,0,0,0,0,0,0,1720123606765742900
1720123606803261700,0,0,0,0,0,0,0,0,0,0,0,0,0,1708787735393,left,acc,0.2322375625371933,-1.357512354850769,9.75637149810791,1669049158341,right,acc,0.30885201692581177,-0.4692635238170624,9.873687744140625,-1,-1,-1,-1,-1,-1,-1,0,0,0,0,0,0,0,1720123606785741800
1720123606837262600,0,0,0,0,0,0,0,0,0,0,0,0,0,1708787735552,left,acc,0.2513911724090576,-1.3120225667953491,9.761159896850586,1669049158481,right,acc,0.304063618183136,-0.4189853072166443,9.837775230407715,-1,-1,-1,-1,-1,-1,-1,0,0,0,0,0,0,0,1720123606827262400
1720123606870787700,0,0,0,0,0,0,0,0,0,0,0,0,0,1708787735673,left,acc,0.29209262132644653,-1.4101848602294922,9.765948295593262,1669049158582,right,acc,0.2968810200691223,-0.4620809257030487,9.832986831665039,-1,-1,-1,-1,-1,-1,-1,0,0,0,0,0,0,0,1720123606847260500
1720123606904788700,0,0,0,0,0,0,0,0,0,0,0,0,0,1708787735835,left,acc,0.2322375625371933,-1.335964560508728,9.751583099365234,1669049158722,right,acc,0.26096799969673157,-0.3926490843296051,9.892841339111328,-1,-1,-1,-1,-1,-1,-1,0,0,0,0,0,0,0,1720123606892788100
1720123606938787500,0,0,0,0,0,0,0,0,0,0,0,0,0,1708787735995,left,acc,0.24660277366638184,-1.3862427473068237,9.68933391571045,1669049158878,right,acc,0.26336219906806946,-0.4189853072166443,9.864110946655273,-1,-1,-1,-1,-1,-1,-1,0,0,0,0,0,0,0,1720123606933787800
1720123606972306700,0,0,0,0,0,0,0,0,0,0,0,0,0,1708787736154,left,acc,0.2561795711517334,-1.3120225667953491,9.763554573059082,1669049159022,right,acc,0.27054479718208313,-0.4405331015586853,9.854534149169922,-1,-1,-1,-1,-1,-1,-1,0,0,0,0,0,0,0,1720123606953795400
1720123607006306600,0,0,0,0,0,0,0,0,0,0,0,0,0,1708787736275,left,acc,0.26575639843940735,-1.3096283674240112,9.710882186889648,1669049159161,right,acc,0.31364041566848755,-0.3687070608139038,9.84495735168457,-1,-1,-1,-1,-1,-1,-1,0,0,0,0,0,0,0,1720123606995306300
1720123607040304900,0,0,0,0,0,0,0,0,0,0,0,0,0,1708787736435,left,acc,0.26575639843940735,-1.400607943534851,9.751583099365234,1669049159261,right,acc,0.2561795711517334,-0.47884035110473633,9.861717224121094,-1,-1,-1,-1,-1,-1,-1,0,0,0,0,0,0,0,1720123607036304900
1720123607073858900,0,0,0,0,0,0,0,0,0,0,0,0,0,1708787736556,left,acc,0.3016694188117981,-1.3646949529647827,9.758766174316406,1669049159423,right,acc,0.3495534360408783,-0.4572925269603729,9.856928825378418,-1,-1,-1,-1,-1,-1,-1,0,0,0,0,0,0,0,1720123607060317800
1720123607107892300,0,0,0,0,0,0,0,0,0,0,0,0,0,1708787736756,left,acc,0.2753331959247589,-1.3120225667953491,9.6989107131958,1669049159525,right,acc,0.24660277366638184,-0.45250412821769714,9.837775230407715,-1,-1,-1,-1,-1,-1,-1,0,0,0,0,0,0,0,1720123607101893500
1720123607141859600,0,0,0,0,0,0,0,0,0,0,0,0,0,1708787732805,left,acc,0.22744916379451752,-1.3742717504501343,9.742006301879883,1669049159645,right,acc,0.3256114423274994,-0.4884171485900879,9.847352027893066,-1,-1,-1,-1,-1,-1,-1,0,0,0,0,0,0,0,1720123607121858600
1720123607175372000,0,0,0,0,0,0,0,0,0,0,0,0,0,1708787737117,left,acc,0.2346317619085312,-1.278503656387329,9.72285270690918,1669049159826,right,acc,0.272938996553421,-0.4596867263317108,9.828198432922363,-1,-1,-1,-1,-1,-1,-1,0,0,0,0,0,0,0,1720123607163373200
1720123607209409500,0,0,0,0,0,0,0,0,0,0,0,0,0,1708787737278,left,acc,0.33518823981285095,-1.3215993642807007,9.751583099365234,1669049159946,right,acc,0.2346317619085312,-0.45489832758903503,9.871294021606445,-1,-1,-1,-1,-1,-1,-1,0,0,0,0,0,0,0,1720123607203407800
1720123607243407500,0,0,0,0,0,0,0,0,0,0,0,0,0,1708787737479,left,acc,0.18914192914962769,-1.3623007535934448,9.77791976928711,1669049160118,right,acc,0.2777273952960968,-0.4596867263317108,9.892841339111328,-1,-1,-1,-1,-1,-1,-1,0,0,0,0,0,0,0,1720123607224413000
1720123607277669400,0,0,0,0,0,0,0,0,0,0,0,0,0,1708787737600,left,acc,0.2346317619085312,-1.3623007535934448,9.739612579345703,1669049160263,right,acc,0.2801215946674347,-0.3878606855869293,9.914389610290527,-1,-1,-1,-1,-1,-1,-1,0,0,0,0,0,0,0,1720123607269670600
1720123607311669800,0,0,0,0,0,0,0,0,0,0,0,0,0,1708787737721,left,acc,0.24420857429504395,-1.2952631711959839,9.706093788146973,1669049160353,right,acc,0.3064578175544739,-0.4213795065879822,9.835380554199219,-1,-1,-1,-1,-1,-1,-1,0,0,0,0,0,0,0,1720123607310670000
1720123607345634600,0,0,0,0,0,0,0,0,0,0,0,0,0,1708787737901,left,acc,0.26096799969673157,-1.3311761617660522,9.768342971801758,1669049160509,right,acc,0.31603461503982544,-0.4644751250743866,9.818621635437012,-1,-1,-1,-1,-1,-1,-1,0,0,0,0,0,0,0,1720123607330672000
1720123607379908400,0,0,0,0,0,0,0,0,0,0,0,0,0,1708787738121,left,acc,0.2561795711517334,-1.3551181554794312,9.744400978088379,1669049160629,right,acc,0.3256114423274994,-0.40462008118629456,9.861717224121094,-1,-1,-1,-1,-1,-1,-1,0,0,0,0,0,0,0,1720123607371907600
1720123607413908700,0,0,0,0,0,0,0,0,0,0,0,0,0,1708787738261,left,acc,0.26815059781074524,-1.290474772453308,9.679757118225098,1669049160751,right,acc,0.33039984107017517,-0.5123591423034668,9.86650562286377,-1,-1,-1,-1,-1,-1,-1,0,0,0,0,0,0,0,1720123607412908900
1720123607447912900,0,0,0,0,0,0,0,0,0,0,0,0,0,1708787738422,left,acc,0.2801215946674347,-1.357512354850769,9.718064308166504,1669049160893,right,acc,0.42377370595932007,-0.47644615173339844,9.974244117736816,-1,-1,-1,-1,-1,-1,-1,0,0,0,0,0,0,0,1720123607436908100
1720123607481426100,0,0,0,0,0,0,0,0,0,0,0,0,0,1708787738660,left,acc,0.3208230137825012,-1.3958195447921753,9.739612579345703,1669049160995,right,acc,0.35673606395721436,-0.49320554733276367,9.892841339111328,-1,-1,-1,-1,-1,-1,-1,0,0,0,0,0,0,0,1720123607478428500
1720123607515426900,0,0,0,0,0,0,0,0,0,0,0,0,0,1708787738804,left,acc,0.2561795711517334,-1.3742717504501343,9.751583099365234,1669049161130,right,acc,0.3447650372982025,-0.5578489899635315,9.861717224121094,-1,-1,-1,-1,-1,-1,-1,0,0,0,0,0,0,0,1720123607498429600
1720123607549432700,0,0,0,0,0,0,0,0,0,0,0,0,0,1708787739063,left,acc,0.2585737705230713,-1.3096283674240112,9.746794700622559,1669049161274,right,acc,0.2801215946674347,-0.49559974670410156,9.86889934539795,-1,-1,-1,-1,-1,-1,-1,0,0,0,0,0,0,0,1720123607539429600
1720123607582950500,0,0,0,0,0,0,0,0,0,0,0,0,0,1708787739284,left,acc,0.24660277366638184,-1.3503297567367554,9.751583099365234,1669049161393,right,acc,0.2801215946674347,-0.4429273009300232,9.907206535339355,-1,-1,-1,-1,-1,-1,-1,0,0,0,0,0,0,0,1720123607580950800
1720123607616952400,0,0,0,0,0,0,0,0,0,0,0,0,0,1708787739525,left,acc,0.2585737705230713,-1.3215993642807007,9.801861763000488,1669049161535,right,acc,0.2513911724090576,-0.45250412821769714,9.871294021606445,-1,-1,-1,-1,-1,-1,-1,0,0,0,0,0,0,0,1720123607604949800
1720123607650956700,0,0,0,0,0,0,0,0,0,0,0,0,0,1708787739726,left,acc,0.22505496442317963,-1.403002142906189,9.715670585632324,1669049161654,right,acc,0.33279404044151306,-0.545877993106842,9.8784761428833,-1,-1,-1,-1,-1,-1,-1,0,0,0,0,0,0,0,1720123607645951900
1720123607684469900,0,0,0,0,0,0,0,0,0,0,0,0,0,1708787739907,left,acc,0.2322375625371933,-1.3527239561080933,9.737217903137207,1669049161797,right,acc,0.2322375625371933,-0.4620809257030487,9.873687744140625,-1,-1,-1,-1,-1,-1,-1,0,0,0,0,0,0,0,1720123607666468800
1720123607718469900,0,0,0,0,0,0,0,0,0,0,0,0,0,1708787740027,left,acc,0.27054479718208313,-1.2952631711959839,9.75397777557373,1669049161855,right,acc,0.24899697303771973,-0.45250412821769714,9.840168952941895,-1,-1,-1,-1,-1,-1,-1,0,0,0,0,0,0,0,1720123607707471300
1720123607752475600,0,0,0,0,0,0,0,0,0,0,0,0,0,1708787740227,left,acc,0.2346317619085312,-1.3311761617660522,9.742006301879883,1669049159384,right,acc,0.35434186458587646,-0.45250412821769714,9.856928825378418,-1,-1,-1,-1,-1,-1,-1,0,0,0,0,0,0,0,1720123607748476000
1720123607786235400,0,0,0,0,0,0,0,0,0,0,0,0,0,1708787740387,left,acc,0.2106897532939911,-1.338358759880066,9.765948295593262,1669049162095,right,acc,0.2944868206977844,-0.40940847992897034,9.873687744140625,-1,-1,-1,-1,-1,-1,-1,0,0,0,0,0,0,0,1720123607769710700
1720123607820235100,0,0,0,0,0,0,0,0,0,0,0,0,0,1708787740509,left,acc,0.2537853717803955,-1.3024457693099976,9.806650161743164,1669049162237,right,acc,0.2561795711517334,-0.44771572947502136,9.830592155456543,-1,-1,-1,-1,-1,-1,-1,0,0,0,0,0,0,0,1720123607814236300
1720123607854241300,0,0,0,0,0,0,0,0,0,0,0,0,0,1708787740629,left,acc,0.21787235140800476,-1.3551181554794312,9.746794700622559,1669049162357,right,acc,0.28730419278144836,-0.4405331015586853,9.871294021606445,-1,-1,-1,-1,-1,-1,-1,0,0,0,0,0,0,0,1720123607834235400
1720123607888529200,0,0,0,0,0,0,0,0,0,0,0,0,0,1708787740769,left,acc,0.22266076505184174,-1.381454348564148,9.749189376831055,1669049162479,right,acc,0.31842881441116333,-0.5099649429321289,9.806650161743164,-1,-1,-1,-1,-1,-1,-1,0,0,0,0,0,0,0,1720123607875528000
1720123607922528900,0,0,0,0,0,0,0,0,0,0,0,0,0,1708787740929,left,acc,0.1843535304069519,-1.3120225667953491,9.749189376831055,1669049162637,right,acc,0.28730419278144836,-0.3974374830722809,9.892841339111328,-1,-1,-1,-1,-1,-1,-1,0,0,0,0,0,0,0,1720123607916528000
1720123607956534800,0,0,0,0,0,0,0,0,0,0,0,0,0,1708787741070,left,acc,0.272938996553421,-1.3311761617660522,9.732429504394531,1669049162759,right,acc,0.3016694188117981,-0.4692635238170624,9.849745750427246,-1,-1,-1,-1,-1,-1,-1,0,0,0,0,0,0,0,1720123607936527200
1720123607990738100,0,0,0,0,0,0,0,0,0,0,0,0,0,1708787741231,left,acc,0.1604115068912506,-1.3718775510787964,9.715670585632324,1669049162919,right,acc,0.28969839215278625,-0.395043283700943,9.873687744140625,-1,-1,-1,-1,-1,-1,-1,0,0,0,0,0,0,0,1720123607981739100
1720123608024738800,0,0,0,0,0,0,0,0,0,0,0,0,0,1708787741350,left,acc,0.272938996553421,-1.3742717504501343,9.816226959228516,1669049163040,right,acc,0.31842881441116333,-0.47165772318840027,9.861717224121094,-1,-1,-1,-1,-1,-1,-1,0,0,0,0,0,0,0,1720123608022736800
1720123608058780000,0,0,0,0,0,0,0,0,0,0,0,0,0,1708787741511,left,acc,0.2322375625371933,-1.3287819623947144,9.782708168029785,1669049163180,right,acc,0.3280056416988373,-0.4644751250743866,9.888052940368652,-1,-1,-1,-1,-1,-1,-1,0,0,0,0,0,0,0,1720123608043737300
1720123608092974200,0,0,0,0,0,0,0,0,0,0,0,0,0,1708787741672,left,acc,0.2106897532939911,-1.381454348564148,9.758766174316406,1669049163344,right,acc,0.3232172429561615,-0.5099649429321289,9.80904483795166,-1,-1,-1,-1,-1,-1,-1,0,0,0,0,0,0,0,1720123608083974400
1720123608126974000,0,0,0,0,0,0,0,0,0,0,0,0,0,1708787741831,left,acc,0.2561795711517334,-1.3263877630233765,9.713275909423828,1669049163463,right,acc,0.28730419278144836,-0.4381389021873474,9.823410034179688,-1,-1,-1,-1,-1,-1,-1,0,0,0,0,0,0,0,1720123608124972700
1720123608160978200,0,0,0,0,0,0,0,0,0,0,0,0,0,1708787741951,left,acc,0.22026655077934265,-1.3862427473068237,9.813833236694336,1669049163602,right,acc,0.3663128614425659,-0.4357447028160095,9.84256362915039,-1,-1,-1,-1,-1,-1,-1,0,0,0,0,0,0,0,1720123608145972700
1720123608195007600,0,0,0,0,0,0,0,0,0,0,0,0,0,1708787742070,left,acc,0.23702596127986908,-1.3239935636520386,9.785101890563965,1669049163702,right,acc,0.26815059781074524,-0.3878606855869293,9.854534149169922,-1,-1,-1,-1,-1,-1,-1,0,0,0,0,0,0,0,1720123608191008300
1720123608229024400,0,0,0,0,0,0,0,0,0,0,0,0,0,1708787742191,left,acc,0.22744916379451752,-1.3694833517074585,9.787496566772461,1669049163844,right,acc,0.2561795711517334,-0.45489832758903503,9.801861763000488,-1,-1,-1,-1,-1,-1,-1,0,0,0,0,0,0,0,1720123608211009000
1720123608263014800,0,0,0,0,0,0,0,0,0,0,0,0,0,1708787742352,left,acc,0.3016694188117981,-1.316810965538025,9.749189376831055,1669049164000,right,acc,0.3423708379268646,-0.507570743560791,9.9000244140625,-1,-1,-1,-1,-1,-1,-1,0,0,0,0,0,0,0,1720123608252012900
1720123608296525500,0,0,0,0,0,0,0,0,0,0,0,0,0,1708787742475,left,acc,0.22505496442317963,-1.4197616577148438,9.761159896850586,1669049164081,right,acc,0.30885201692581177,-0.5171475410461426,9.864110946655273,-1,-1,-1,-1,-1,-1,-1,0,0,0,0,0,0,0,1720123608293524000
1720123608330524200,0,0,0,0,0,0,0,0,0,0,0,0,0,1708787742633,left,acc,0.2825157940387726,-1.3862427473068237,9.739612579345703,1669049164261,right,acc,0.24181437492370605,-0.4644751250743866,9.804255485534668,-1,-1,-1,-1,-1,-1,-1,0,0,0,0,0,0,0,1720123608313525200
1720123608364033800,0,0,0,0,0,0,0,0,0,0,0,0,0,1708787742792,left,acc,0.3016694188117981,-1.3670891523361206,9.761159896850586,1669049164389,right,acc,0.3256114423274994,-0.47405192255973816,9.873687744140625,-1,-1,-1,-1,-1,-1,-1,0,0,0,0,0,0,0,1720123608358527500
1720123608398100100,0,0,0,0,0,0,0,0,0,0,0,0,0,1708787742953,left,acc,0.2346317619085312,-1.3455413579940796,9.765948295593262,1669049164484,right,acc,0.2944868206977844,-0.40462008118629456,9.911994934082031,-1,-1,-1,-1,-1,-1,-1,0,0,0,0,0,0,0,1720123608379038200
1720123608432093700,0,0,0,0,0,0,0,0,0,0,0,0,0,1708787743053,left,acc,0.2106897532939911,-1.314416766166687,9.730035781860352,1669049164667,right,acc,0.2298433631658554,-0.45010992884635925,9.765948295593262,-1,-1,-1,-1,-1,-1,-1,0,0,0,0,0,0,0,1720123608420075800
1720123608466136500,0,0,0,0,0,0,0,0,0,0,0,0,0,1708787743194,left,acc,0.28730419278144836,-1.278503656387329,9.864110946655273,1669049164766,right,acc,0.33518823981285095,-0.5099649429321289,9.768342971801758,-1,-1,-1,-1,-1,-1,-1,0,0,0,0,0,0,0,1720123608461046200
1720123608500136700,0,0,0,0,0,0,0,0,0,0,0,0,0,1708787743354,left,acc,0.2849099934101105,-1.3982137441635132,9.761159896850586,1669049164889,right,acc,0.26815059781074524,-0.4884171485900879,9.787496566772461,-1,-1,-1,-1,-1,-1,-1,0,0,0,0,0,0,0,1720123608482138800
1720123608534135700,0,0,0,0,0,0,0,0,0,0,0,0,0,1708787743455,left,acc,0.21308395266532898,-1.381454348564148,9.696516990661621,1669049165047,right,acc,0.31364041566848755,-0.5027823448181152,9.837775230407715,-1,-1,-1,-1,-1,-1,-1,0,0,0,0,0,0,0,1720123608527135900
