OBS Stamps,PDS Time,Pedal 1 Pressure,Pedal 2 Pressure,Pedal 3 Pressure,Pedal 4 Pressure,Pedal 5 Pressure,Pedal 6 Pressure,Pedal 7 Pressure,Pedal 1 Pressed,Pedal 2 Pressed,Pedal 3 Pressed,Pedal 4 Pressed,Pedal 5 Pressesd,Pedal 6 Pressed,Pedal 7 Pressed,TrakStar time,SensorID_0,x_0,y_0,z_0,azimuth_0,elevation_0,roll_0,SensorID_1,x_1,y_1,z_1,azimuth_1,elevation_1,roll_1,SensorID_2,x_2,y_2,z_2,azimuth_2,elevation_2,roll_2,SensorID_3,x_3,y_3,z_3,azimuth_3,elevation_3,roll_3
1721315217500000000,1.721315217461177e+18,-1.0,29.7,-1.0,27.15,-1.0,36.17,13.0,0.0,0.0,0.0,0.0,0.0,0.0,0.0,0.0,0.0,0.0,0.0,0.0,0.0,0.0,0.0,0.0,0.0,0.0,0.0,0.0,0.0,0.0,0.0,0.0,0.0,0.0,0.0,0.0,0.0,0.0,0.0,0.0,0.0,0.0,0.0,0.0
1721315217533333333,1.7213152175098954e+18,-1.0,29.91,-1.0,28.63,-1.0,38.75,14.0,0.0,0.0,0.0,0.0,0.0,0.0,0.0,0.0,0.0,0.0,0.0,0.0,0.0,0.0,0.0,0.0,0.0,0.0,0.0,0.0,0.0,0.0,0.0,0.0,0.0,0.0,0.0,0.0,0.0,0.0,0.0,0.0,0.0,0.0,0.0,0.0
1721315217566666666,1.721315217559567e+18,-1.0,29.91,-1.0,23.65,-1.0,44.61,13.0,0.0,0.0,0.0,0.0,0.0,0.0,0.0,0.0,0.0,0.0,0.0,0.0,0.0,0.0,0.0,0.0,0.0,0.0,0.0,0.0,0.0,0.0,0.0,0.0,0.0,0.0,0.0,0.0,0.0,0.0,0.0,0.0,0.0,0.0,0.0,0.0
1721315217600000000,1.721315217559567e+18,-1.0,29.91,-1.0,23.65,-1.0,44.61,13.0,0.0,0.0,0.0,0.0,0.0,0.0,0.0,0.0,0.0,0.0,0.0,0.0,0.0,0.0,0.0,0.0,0.0,0.0,0.0,0.0,0.0,0.0,0.0,0.0,0.0,0.0,0.0,0.0,0.0,0.0,0.0,0.0,0.0,0.0,0.0,0.0
1721315217633333333,1.7213152176081536e+18,-1.0,29.91,-1.0,23.45,-1.0,42.87,13.0,0.0,0.0,0.0,0.0,0.0,0.0,0.0,0.0,0.0,0.0,0.0,0.0,0.0,0.0,0.0,0.0,0.0,0.0,0.0,0.0,0.0,0.0,0.0,0.0,0.0,0.0,0.0,0.0,0.0,0.0,0.0,0.0,0.0,0.0,0.0,0.0
1721315217666666666,1.721315217657519e+18,-1.0,29.91,-1.0,23.05,-1.0,48.46,14.0,0.0,0.0,0.0,0.0,0.0,0.0,0.0,0.0,0.0,0.0,0.0,0.0,0.0,0.0,0.0,0.0,0.0,0.0,0.0,0.0,0.0,0.0,0.0,0.0,0.0,0.0,0.0,0.0,0.0,0.0,0.0,0.0,0.0,0.0,0.0,0.0
1721315217700000000,1.721315217657519e+18,-1.0,29.91,-1.0,23.05,-1.0,48.46,14.0,0.0,0.0,0.0,0.0,0.0,0.0,0.0,0.0,0.0,0.0,0.0,0.0,0.0,0.0,0.0,0.0,0.0,0.0,0.0,0.0,0.0,0.0,0.0,0.0,0.0,0.0,0.0,0.0,0.0,0.0,0.0,0.0,0.0,0.0,0.0,0.0
1721315217733333333,1.721315217702518e+18,-1.0,29.91,-1.0,23.25,-1.0,66.39,14.0,0.0,0.0,0.0,0.0,0.0,0.0,0.0,0.0,0.0,0.0,0.0,0.0,0.0,0.0,0.0,0.0,0.0,0.0,0.0,0.0,0.0,0.0,0.0,0.0,0.0,0.0,0.0,0.0,0.0,0.0,0.0,0.0,0.0,0.0,0.0,0.0
1721315217766666666,1.7213152177521636e+18,-1.0,29.91,-1.0,23.65,-1.0,69.85,14.0,0.0,0.0,0.0,0.0,0.0,0.0,0.0,0.0,0.0,0.0,0.0,0.0,0.0,0.0,0.0,0.0,0.0,0.0,0.0,0.0,0.0,0.0,0.0,0.0,0.0,0.0,0.0,0.0,0.0,0.0,0.0,0.0,0.0,0.0,0.0,0.0
1721315217800000000,1.7213152177521636e+18,-1.0,29.91,-1.0,23.65,-1.0,69.85,14.0,0.0,0.0,0.0,0.0,0.0,0.0,0.0,0.0,0.0,0.0,0.0,0.0,0.0,0.0,0.0,0.0,0.0,0.0,0.0,0.0,0.0,0.0,0.0,0.0,0.0,0.0,0.0,0.0,0.0,0.0,0.0,0.0,0.0,0.0,0.0,0.0
1721315217833333333,1.721315217801337e+18,-1.0,29.7,-1.0,24.66,-1.0,82.31,14.0,0.0,0.0,0.0,0.0,0.0,0.0,0.0,0.0,0.0,0.0,0.0,0.0,0.0,0.0,0.0,0.0,0.0,0.0,0.0,0.0,0.0,0.0,0.0,0.0,0.0,0.0,0.0,0.0,0.0,0.0,0.0,0.0,0.0,0.0,0.0,0.0
1721315217866666666,1.7213152178504945e+18,-1.0,29.7,-1.0,19.12,-1.0,86.29,13.0,0.0,0.0,0.0,0.0,0.0,0.0,0.0,0.0,0.0,0.0,0.0,0.0,0.0,0.0,0.0,0.0,0.0,0.0,0.0,0.0,0.0,0.0,0.0,0.0,0.0,0.0,0.0,0.0,0.0,0.0,0.0,0.0,0.0,0.0,0.0,0.0
1721315217900000000,1.7213152178990085e+18,-1.0,29.91,-1.0,13.56,-1.0,84.83,13.0,0.0,0.0,0.0,0.0,0.0,0.0,0.0,0.0,0.0,0.0,0.0,0.0,0.0,0.0,0.0,0.0,0.0,0.0,0.0,0.0,0.0,0.0,0.0,0.0,0.0,0.0,0.0,0.0,0.0,0.0,0.0,0.0,0.0,0.0,0.0,0.0
1721315217933333333,1.7213152178990085e+18,-1.0,29.91,-1.0,13.56,-1.0,84.83,13.0,0.0,0.0,0.0,0.0,0.0,0.0,0.0,0.0,0.0,0.0,0.0,0.0,0.0,0.0,0.0,0.0,0.0,0.0,0.0,0.0,0.0,0.0,0.0,0.0,0.0,0.0,0.0,0.0,0.0,0.0,0.0,0.0,0.0,0.0,0.0,0.0
1721315217966666666,1.7213152179481746e+18,-1.0,29.91,-1.0,12.84,-1.0,84.1,13.0,0.0,0.0,0.0,0.0,0.0,0.0,0.0,0.0,0.0,0.0,0.0,0.0,0.0,0.0,0.0,0.0,0.0,0.0,0.0,0.0,0.0,0.0,0.0,0.0,0.0,0.0,0.0,0.0,0.0,0.0,0.0,0.0,0.0,0.0,0.0,0.0
1721315218000000000,1.7213152179977006e+18,-1.0,29.91,-1.0,17.04,-1.0,77.78,14.0,0.0,0.0,0.0,0.0,0.0,0.0,0.0,0.0,0.0,0.0,0.0,0.0,0.0,0.0,0.0,0.0,0.0,0.0,0.0,0.0,0.0,0.0,0.0,0.0,0.0,0.0,0.0,0.0,0.0,0.0,0.0,0.0,0.0,0.0,0.0,0.0
1721315218033333333,1.7213152179977006e+18,-1.0,29.91,-1.0,17.04,-1.0,77.78,14.0,0.0,0.0,0.0,0.0,0.0,0.0,0.0,0.0,0.0,0.0,0.0,0.0,0.0,0.0,0.0,0.0,0.0,0.0,0.0,0.0,0.0,0.0,0.0,0.0,0.0,0.0,0.0,0.0,0.0,0.0,0.0,0.0,0.0,0.0,0.0,0.0
1721315218066666666,1.7213152180467072e+18,-1.0,29.91,-1.0,18.17,-1.0,69.53,13.0,0.0,0.0,0.0,0.0,0.0,0.0,0.0,0.0,0.0,0.0,0.0,0.0,0.0,0.0,0.0,0.0,0.0,0.0,0.0,0.0,0.0,0.0,0.0,0.0,0.0,0.0,0.0,0.0,0.0,0.0,0.0,0.0,0.0,0.0,0.0,0.0
1721315218100000000,1.7213152180958556e+18,-1.0,29.91,-1.0,19.7,-1.0,67.32,13.0,0.0,0.0,0.0,0.0,0.0,0.0,0.0,0.0,0.0,0.0,0.0,0.0,0.0,0.0,0.0,0.0,0.0,0.0,0.0,0.0,0.0,0.0,0.0,0.0,0.0,0.0,0.0,0.0,0.0,0.0,0.0,0.0,0.0,0.0,0.0,0.0
1721315218133333333,1.7213152180958556e+18,-1.0,29.91,-1.0,19.7,-1.0,67.32,13.0,0.0,0.0,0.0,0.0,0.0,0.0,0.0,0.0,0.0,0.0,0.0,0.0,0.0,0.0,0.0,0.0,0.0,0.0,0.0,0.0,0.0,0.0,0.0,0.0,0.0,0.0,0.0,0.0,0.0,0.0,0.0,0.0,0.0,0.0,0.0,0.0
1721315218166666666,1.7213152181449551e+18,-1.0,29.7,-1.0,18.93,-1.0,66.7,14.0,0.0,0.0,0.0,0.0,0.0,0.0,0.0,0.0,0.0,0.0,0.0,0.0,0.0,0.0,0.0,0.0,0.0,0.0,0.0,0.0,0.0,0.0,0.0,0.0,0.0,0.0,0.0,0.0,0.0,0.0,0.0,0.0,0.0,0.0,0.0,0.0
1721315218200000000,1.7213152181939466e+18,-1.0,29.91,-1.0,18.55,-1.0,78.46,14.0,0.0,0.0,0.0,0.0,0.0,0.0,0.0,0.0,0.0,0.0,0.0,0.0,0.0,0.0,0.0,0.0,0.0,0.0,0.0,0.0,0.0,0.0,0.0,0.0,0.0,0.0,0.0,0.0,0.0,0.0,0.0,0.0,0.0,0.0,0.0,0.0
1721315218233333333,1.7213152181939466e+18,-1.0,29.91,-1.0,18.55,-1.0,78.46,14.0,0.0,0.0,0.0,0.0,0.0,0.0,0.0,0.0,0.0,0.0,0.0,0.0,0.0,0.0,0.0,0.0,0.0,0.0,0.0,0.0,0.0,0.0,0.0,0.0,0.0,0.0,0.0,0.0,0.0,0.0,0.0,0.0,0.0,0.0,0.0,0.0
1721315218266666666,1.7213152182434575e+18,-1.0,29.91,-1.0,19.32,-1.0,73.08,14.0,0.0,0.0,0.0,0.0,0.0,0.0,0.0,0.0,0.0,0.0,0.0,0.0,0.0,0.0,0.0,0.0,0.0,0.0,0.0,0.0,0.0,0.0,0.0,0.0,0.0,0.0,0.0,0.0,0.0,0.0,0.0,0.0,0.0,0.0,0.0,0.0
1721315218300000000,1.721315218292982e+18,-1.0,29.91,-1.0,16.29,-1.0,71.45,14.0,0.0,0.0,0.0,0.0,0.0,0.0,0.0,0.0,0.0,0.0,0.0,0.0,0.0,0.0,0.0,0.0,0.0,0.0,0.0,0.0,0.0,0.0,0.0,0.0,0.0,0.0,0.0,0.0,0.0,0.0,0.0,0.0,0.0,0.0,0.0,0.0
1721315218333333333,1.721315218292982e+18,-1.0,29.91,-1.0,16.29,-1.0,71.45,14.0,0.0,0.0,0.0,0.0,0.0,0.0,0.0,0.0,0.0,0.0,0.0,0.0,0.0,0.0,0.0,0.0,0.0,0.0,0.0,0.0,0.0,0.0,0.0,0.0,0.0,0.0,0.0,0.0,0.0,0.0,0.0,0.0,0.0,0.0,0.0,0.0
1721315218366666666,1.7213152183419848e+18,-1.0,29.91,-1.0,17.42,-1.0,73.74,13.0,0.0,0.0,0.0,0.0,0.0,0.0,0.0,0.0,0.0,0.0,0.0,0.0,0.0,0.0,0.0,0.0,0.0,0.0,0.0,0.0,0.0,0.0,0.0,0.0,0.0,0.0,0.0,0.0,0.0,0.0,0.0,0.0,0.0,0.0,0.0,0.0
1721315218400000000,1.7213152183905096e+18,-1.0,29.7,-1.0,18.36,-1.0,88.89,14.0,0.0,0.0,0.0,0.0,0.0,0.0,0.0,0.0,0.0,0.0,0.0,0.0,0.0,0.0,0.0,0.0,0.0,0.0,0.0,0.0,0.0,0.0,0.0,0.0,0.0,0.0,0.0,0.0,0.0,0.0,0.0,0.0,0.0,0.0,0.0,0.0
1721315218433333333,1.7213152183905096e+18,-1.0,29.7,-1.0,18.36,-1.0,88.89,14.0,0.0,0.0,0.0,0.0,0.0,0.0,0.0,0.0,0.0,0.0,0.0,0.0,0.0,0.0,0.0,0.0,0.0,0.0,0.0,0.0,0.0,0.0,0.0,0.0,0.0,0.0,0.0,0.0,0.0,0.0,0.0,0.0,0.0,0.0,0.0,0.0
1721315218466666666,1.7213152184405084e+18,-1.0,29.7,-1.0,18.74,-1.0,90.4,13.0,0.0,0.0,0.0,0.0,0.0,0.0,0.0,0.0,0.0,0.0,0.0,0.0,0.0,0.0,0.0,0.0,0.0,0.0,0.0,0.0,0.0,0.0,0.0,0.0,0.0,0.0,0.0,0.0,0.0,0.0,0.0,0.0,0.0,0.0,0.0,0.0
1721315218500000000,1.721315218485053e+18,-1.0,29.91,-1.0,17.6,-1.0,87.03,14.0,0.0,0.0,0.0,0.0,0.0,0.0,0.0,0.0,0.0,0.0,0.0,0.0,0.0,0.0,0.0,0.0,0.0,0.0,0.0,0.0,0.0,0.0,0.0,0.0,0.0,0.0,0.0,0.0,0.0,0.0,0.0,0.0,0.0,0.0,0.0,0.0
1721315218533333333,1.721315218485053e+18,-1.0,29.91,-1.0,17.6,-1.0,87.03,14.0,0.0,0.0,0.0,0.0,0.0,0.0,0.0,0.0,0.0,0.0,0.0,0.0,0.0,0.0,0.0,0.0,0.0,0.0,0.0,0.0,0.0,0.0,0.0,0.0,0.0,0.0,0.0,0.0,0.0,0.0,0.0,0.0,0.0,0.0,0.0,0.0
1721315218566666666,1.7213152185340603e+18,-1.0,29.91,-1.0,14.82,-1.0,85.19,14.0,0.0,0.0,0.0,0.0,0.0,0.0,0.0,0.0,0.0,0.0,0.0,0.0,0.0,0.0,0.0,0.0,0.0,0.0,0.0,0.0,0.0,0.0,0.0,0.0,0.0,0.0,0.0,0.0,0.0,0.0,0.0,0.0,0.0,0.0,0.0,0.0
1721315218600000000,1.721315218583073e+18,-1.0,29.7,-1.0,14.82,-1.0,84.46,13.0,0.0,0.0,0.0,0.0,0.0,0.0,0.0,0.0,0.0,0.0,0.0,0.0,0.0,0.0,0.0,0.0,0.0,0.0,0.0,0.0,0.0,0.0,0.0,0.0,0.0,0.0,0.0,0.0,0.0,0.0,0.0,0.0,0.0,0.0,0.0,0.0
1721315218633333333,1.7213152186321984e+18,-1.0,29.91,-1.0,15.19,-1.0,81.6,13.0,0.0,0.0,0.0,0.0,0.0,0.0,0.0,0.0,0.0,0.0,0.0,0.0,0.0,0.0,0.0,0.0,0.0,0.0,0.0,0.0,0.0,0.0,0.0,0.0,0.0,0.0,0.0,0.0,0.0,0.0,0.0,0.0,0.0,0.0,0.0,0.0
1721315218666666666,1.7213152186321984e+18,-1.0,29.91,-1.0,15.19,-1.0,81.6,13.0,0.0,0.0,0.0,0.0,0.0,0.0,0.0,0.0,0.0,0.0,0.0,0.0,0.0,0.0,0.0,0.0,0.0,0.0,0.0,0.0,0.0,0.0,0.0,0.0,0.0,0.0,0.0,0.0,0.0,0.0,0.0,0.0,0.0,0.0,0.0,0.0
1721315218700000000,1.721315218682207e+18,-1.0,29.91,-1.0,11.95,-1.0,84.83,14.0,0.0,0.0,0.0,0.0,0.0,0.0,0.0,0.0,0.0,0.0,0.0,0.0,0.0,0.0,0.0,0.0,0.0,0.0,0.0,0.0,0.0,0.0,0.0,0.0,0.0,0.0,0.0,0.0,0.0,0.0,0.0,0.0,0.0,0.0,0.0,0.0
1721315218733333333,1.7213152187313098e+18,-1.0,29.91,-1.0,11.6,-1.0,87.03,14.0,0.0,0.0,0.0,0.0,0.0,0.0,0.0,0.0,0.0,0.0,0.0,0.0,0.0,0.0,0.0,0.0,0.0,0.0,0.0,0.0,0.0,0.0,0.0,0.0,0.0,0.0,0.0,0.0,0.0,0.0,0.0,0.0,0.0,0.0,0.0,0.0
1721315218766666666,1.7213152187313098e+18,-1.0,29.91,-1.0,11.6,-1.0,87.03,14.0,0.0,0.0,0.0,0.0,0.0,0.0,0.0,0.0,0.0,0.0,0.0,0.0,0.0,0.0,0.0,0.0,0.0,0.0,0.0,0.0,0.0,0.0,0.0,0.0,0.0,0.0,0.0,0.0,0.0,0.0,0.0,0.0,0.0,0.0,0.0,0.0
1721315218800000000,1.7213152187803116e+18,-1.0,29.91,-1.0,11.25,-1.0,66.7,13.0,0.0,0.0,0.0,0.0,0.0,0.0,0.0,0.0,0.0,0.0,0.0,0.0,0.0,0.0,0.0,0.0,0.0,0.0,0.0,0.0,0.0,0.0,0.0,0.0,0.0,0.0,0.0,0.0,0.0,0.0,0.0,0.0,0.0,0.0,0.0,0.0
1721315218833333333,1.721315218828861e+18,-1.0,29.91,-1.0,11.43,-1.0,40.18,14.0,0.0,0.0,0.0,0.0,0.0,0.0,0.0,0.0,0.0,0.0,0.0,0.0,0.0,0.0,0.0,0.0,0.0,0.0,0.0,0.0,0.0,0.0,0.0,0.0,0.0,0.0,0.0,0.0,0.0,0.0,0.0,0.0,0.0,0.0,0.0,0.0
1721315218866666666,1.721315218828861e+18,-1.0,29.91,-1.0,11.43,-1.0,40.18,14.0,0.0,0.0,0.0,0.0,0.0,0.0,0.0,0.0,0.0,0.0,0.0,0.0,0.0,0.0,0.0,0.0,0.0,0.0,0.0,0.0,0.0,0.0,0.0,0.0,0.0,0.0,0.0,0.0,0.0,0.0,0.0,0.0,0.0,0.0,0.0,0.0
1721315218900000000,1.721315218877868e+18,-1.0,29.7,-1.0,10.21,-1.0,40.42,13.0,0.0,0.0,0.0,0.0,0.0,0.0,0.0,0.0,0.0,0.0,0.0,0.0,0.0,0.0,0.0,0.0,0.0,0.0,0.0,0.0,0.0,0.0,0.0,0.0,0.0,0.0,0.0,0.0,0.0,0.0,0.0,0.0,0.0,0.0,0.0,0.0
1721315218933333333,1.7213152189273682e+18,-1.0,29.91,-1.0,11.43,-1.0,48.2,14.0,0.0,0.0,0.0,0.0,0.0,0.0,0.0,0.0,0.0,0.0,0.0,0.0,0.0,0.0,0.0,0.0,0.0,0.0,0.0,0.0,0.0,0.0,0.0,0.0,0.0,0.0,0.0,0.0,0.0,0.0,0.0,0.0,0.0,0.0,0.0,0.0
1721315218966666666,1.7213152189273682e+18,-1.0,29.91,-1.0,11.43,-1.0,48.2,14.0,0.0,0.0,0.0,0.0,0.0,0.0,0.0,0.0,0.0,0.0,0.0,0.0,0.0,0.0,0.0,0.0,0.0,0.0,0.0,0.0,0.0,0.0,0.0,0.0,0.0,0.0,0.0,0.0,0.0,0.0,0.0,0.0,0.0,0.0,0.0,0.0
1721315219000000000,1.72131521897637e+18,-1.0,29.91,-1.0,11.78,-1.0,76.08,13.0,0.0,0.0,0.0,0.0,0.0,0.0,0.0,0.0,0.0,0.0,0.0,0.0,0.0,0.0,0.0,0.0,0.0,0.0,0.0,0.0,0.0,0.0,0.0,0.0,0.0,0.0,0.0,0.0,0.0,0.0,0.0,0.0,0.0,0.0,0.0,0.0
1721315219033333333,1.7213152190258862e+18,-1.0,29.91,-1.0,12.48,-1.0,84.83,14.0,0.0,0.0,0.0,0.0,0.0,0.0,0.0,0.0,0.0,0.0,0.0,0.0,0.0,0.0,0.0,0.0,0.0,0.0,0.0,0.0,0.0,0.0,0.0,0.0,0.0,0.0,0.0,0.0,0.0,0.0,0.0,0.0,0.0,0.0,0.0,0.0
1721315219066666666,1.7213152190258862e+18,-1.0,29.91,-1.0,12.48,-1.0,84.83,14.0,0.0,0.0,0.0,0.0,0.0,0.0,0.0,0.0,0.0,0.0,0.0,0.0,0.0,0.0,0.0,0.0,0.0,0.0,0.0,0.0,0.0,0.0,0.0,0.0,0.0,0.0,0.0,0.0,0.0,0.0,0.0,0.0,0.0,0.0,0.0,0.0
1721315219100000000,1.7213152190750607e+18,-1.0,29.91,-1.0,14.1,-1.0,88.51,13.0,0.0,0.0,0.0,0.0,0.0,0.0,0.0,0.0,0.0,0.0,0.0,0.0,0.0,0.0,0.0,0.0,0.0,0.0,0.0,0.0,0.0,0.0,0.0,0.0,0.0,0.0,0.0,0.0,0.0,0.0,0.0,0.0,0.0,0.0,0.0,0.0
1721315219133333333,1.7213152191235436e+18,-1.0,29.91,-1.0,13.56,-1.0,88.89,14.0,0.0,0.0,0.0,0.0,0.0,0.0,0.0,0.0,0.0,0.0,0.0,0.0,0.0,0.0,0.0,0.0,0.0,0.0,0.0,0.0,0.0,0.0,0.0,0.0,0.0,0.0,0.0,0.0,0.0,0.0,0.0,0.0,0.0,0.0,0.0,0.0
1721315219166666666,1.7213152191235436e+18,-1.0,29.91,-1.0,13.56,-1.0,88.89,14.0,0.0,0.0,0.0,0.0,0.0,0.0,0.0,0.0,0.0,0.0,0.0,0.0,0.0,0.0,0.0,0.0,0.0,0.0,0.0,0.0,0.0,0.0,0.0,0.0,0.0,0.0,0.0,0.0,0.0,0.0,0.0,0.0,0.0,0.0,0.0,0.0
1721315219200000000,1.7213152191735665e+18,-1.0,29.91,-1.0,14.1,-1.0,85.19,14.0,0.0,0.0,0.0,0.0,0.0,0.0,0.0,0.0,0.0,0.0,0.0,0.0,0.0,0.0,0.0,0.0,0.0,0.0,0.0,0.0,0.0,0.0,0.0,0.0,0.0,0.0,0.0,0.0,0.0,0.0,0.0,0.0,0.0,0.0,0.0,0.0
1721315219233333333,1.7213152192178665e+18,-1.0,29.91,-1.0,13.92,-1.0,91.16,14.0,0.0,0.0,0.0,0.0,0.0,0.0,0.0,0.0,0.0,0.0,0.0,0.0,0.0,0.0,0.0,0.0,0.0,0.0,0.0,0.0,0.0,0.0,0.0,0.0,0.0,0.0,0.0,0.0,0.0,0.0,0.0,0.0,0.0,0.0,0.0,0.0
1721315219266666666,1.7213152192178665e+18,-1.0,29.91,-1.0,13.92,-1.0,91.16,14.0,0.0,0.0,0.0,0.0,0.0,0.0,0.0,0.0,0.0,0.0,0.0,0.0,0.0,0.0,0.0,0.0,0.0,0.0,0.0,0.0,0.0,0.0,0.0,0.0,0.0,0.0,0.0,0.0,0.0,0.0,0.0,0.0,0.0,0.0,0.0,0.0
1721315219300000000,1.72131521926687e+18,-1.0,29.91,-1.0,13.02,-1.0,84.83,14.0,0.0,0.0,0.0,0.0,0.0,0.0,0.0,0.0,0.0,0.0,0.0,0.0,0.0,0.0,0.0,0.0,0.0,0.0,0.0,0.0,0.0,0.0,0.0,0.0,0.0,0.0,0.0,0.0,0.0,0.0,0.0,0.0,0.0,0.0,0.0,0.0
1721315219333333333,1.721315219316533e+18,-1.0,29.91,-1.0,11.78,-1.0,85.92,13.0,0.0,0.0,0.0,0.0,0.0,0.0,0.0,0.0,0.0,0.0,0.0,0.0,0.0,0.0,0.0,0.0,0.0,0.0,0.0,0.0,0.0,0.0,0.0,0.0,0.0,0.0,0.0,0.0,0.0,0.0,0.0,0.0,0.0,0.0,0.0,0.0
1721315219366666666,1.7213152193655196e+18,-1.0,29.91,-1.0,12.31,-1.0,95.05,14.0,0.0,0.0,0.0,0.0,0.0,0.0,0.0,0.0,0.0,0.0,0.0,0.0,0.0,0.0,0.0,0.0,0.0,0.0,0.0,0.0,0.0,0.0,0.0,0.0,0.0,0.0,0.0,0.0,0.0,0.0,0.0,0.0,0.0,0.0,0.0,0.0
1721315219400000000,1.7213152193655196e+18,-1.0,29.91,-1.0,12.31,-1.0,95.05,14.0,0.0,0.0,0.0,0.0,0.0,0.0,0.0,0.0,0.0,0.0,0.0,0.0,0.0,0.0,0.0,0.0,0.0,0.0,0.0,0.0,0.0,0.0,0.0,0.0,0.0,0.0,0.0,0.0,0.0,0.0,0.0,0.0,0.0,0.0,0.0,0.0
1721315219433333333,1.7213152194150912e+18,-1.0,29.91,-1.0,11.78,-1.0,124.12,14.0,0.0,0.0,0.0,0.0,0.0,0.0,0.0,0.0,0.0,0.0,0.0,0.0,0.0,0.0,0.0,0.0,0.0,0.0,0.0,0.0,0.0,0.0,0.0,0.0,0.0,0.0,0.0,0.0,0.0,0.0,0.0,0.0,0.0,0.0,0.0,0.0
1721315219466666666,1.7213152194150912e+18,-1.0,29.91,-1.0,11.78,-1.0,124.12,14.0,0.0,0.0,0.0,0.0,0.0,0.0,0.0,0.0,0.0,0.0,0.0,0.0,0.0,0.0,0.0,0.0,0.0,0.0,0.0,0.0,0.0,0.0,0.0,0.0,0.0,0.0,0.0,0.0,0.0,0.0,0.0,0.0,0.0,0.0,0.0,0.0
1721315219500000000,1.7213152194681656e+18,-1.0,29.91,-1.0,11.78,-1.0,129.63,14.0,0.0,0.0,0.0,0.0,0.0,0.0,0.0,0.0,0.0,0.0,0.0,0.0,0.0,0.0,0.0,0.0,0.0,0.0,0.0,0.0,0.0,0.0,0.0,0.0,0.0,0.0,0.0,0.0,0.0,0.0,0.0,0.0,0.0,0.0,0.0,0.0
1721315219533333333,1.7213152195177078e+18,-1.0,29.91,-1.0,13.02,-1.0,126.1,14.0,0.0,0.0,0.0,0.0,0.0,0.0,0.0,0.0,0.0,0.0,0.0,0.0,0.0,0.0,0.0,0.0,0.0,0.0,0.0,0.0,0.0,0.0,0.0,0.0,0.0,0.0,0.0,0.0,0.0,0.0,0.0,0.0,0.0,0.0,0.0,0.0
1721315219566666666,1.7213152195177078e+18,-1.0,29.91,-1.0,13.02,-1.0,126.1,14.0,0.0,0.0,0.0,0.0,0.0,0.0,0.0,0.0,0.0,0.0,0.0,0.0,0.0,0.0,0.0,0.0,0.0,0.0,0.0,0.0,0.0,0.0,0.0,0.0,0.0,0.0,0.0,0.0,0.0,0.0,0.0,0.0,0.0,0.0,0.0,0.0
1721315219600000000,1.721315219566709e+18,-1.0,29.91,-1.0,13.02,-1.0,136.97,14.0,0.0,0.0,0.0,0.0,0.0,0.0,0.0,0.0,0.0,0.0,0.0,0.0,0.0,0.0,0.0,0.0,0.0,0.0,0.0,0.0,0.0,0.0,0.0,0.0,0.0,0.0,0.0,0.0,0.0,0.0,0.0,0.0,0.0,0.0,0.0,0.0
1721315219633333333,1.7213152196152307e+18,-1.0,29.91,-1.0,13.92,-1.0,131.69,14.0,0.0,0.0,0.0,0.0,0.0,0.0,0.0,0.0,0.0,0.0,0.0,0.0,0.0,0.0,0.0,0.0,0.0,0.0,0.0,0.0,0.0,0.0,0.0,0.0,0.0,0.0,0.0,0.0,0.0,0.0,0.0,0.0,0.0,0.0,0.0,0.0
1721315219666666666,1.7213152196642396e+18,-1.0,29.91,-1.0,14.1,-1.0,130.14,13.0,0.0,0.0,0.0,0.0,0.0,0.0,0.0,0.0,0.0,0.0,0.0,0.0,0.0,0.0,0.0,0.0,0.0,0.0,0.0,0.0,0.0,0.0,0.0,0.0,0.0,0.0,0.0,0.0,0.0,0.0,0.0,0.0,0.0,0.0,0.0,0.0
1721315219700000000,1.7213152196642396e+18,-1.0,29.91,-1.0,14.1,-1.0,130.14,13.0,0.0,0.0,0.0,0.0,0.0,0.0,0.0,0.0,0.0,0.0,0.0,0.0,0.0,0.0,0.0,0.0,0.0,0.0,0.0,0.0,0.0,0.0,0.0,0.0,0.0,0.0,0.0,0.0,0.0,0.0,0.0,0.0,0.0,0.0,0.0,0.0
1721315219733333333,1.7213152197177848e+18,-1.0,29.91,-1.0,15.37,-1.0,134.83,14.0,0.0,0.0,0.0,0.0,0.0,0.0,0.0,0.0,0.0,0.0,0.0,0.0,0.0,0.0,0.0,0.0,0.0,0.0,0.0,0.0,0.0,0.0,0.0,0.0,0.0,0.0,0.0,0.0,0.0,0.0,0.0,0.0,0.0,0.0,0.0,0.0
1721315219766666666,1.7213152197177848e+18,-1.0,29.91,-1.0,15.37,-1.0,134.83,14.0,0.0,0.0,0.0,0.0,0.0,0.0,0.0,0.0,0.0,0.0,0.0,0.0,0.0,0.0,0.0,0.0,0.0,0.0,0.0,0.0,0.0,0.0,0.0,0.0,0.0,0.0,0.0,0.0,0.0,0.0,0.0,0.0,0.0,0.0,0.0,0.0
1721315219800000000,1.7213152197675238e+18,-1.0,29.91,-1.0,15.56,-1.0,145.26,14.0,0.0,0.0,0.0,0.0,0.0,0.0,0.0,0.0,0.0,0.0,0.0,0.0,0.0,0.0,0.0,0.0,0.0,0.0,0.0,0.0,0.0,0.0,0.0,0.0,0.0,0.0,0.0,0.0,0.0,0.0,0.0,0.0,0.0,0.0,0.0,0.0
1721315219833333333,1.7213152198160868e+18,-1.0,29.91,-1.0,15.56,-1.0,139.14,14.0,0.0,0.0,0.0,0.0,0.0,0.0,0.0,0.0,0.0,0.0,0.0,0.0,0.0,0.0,0.0,0.0,0.0,0.0,0.0,0.0,0.0,0.0,0.0,0.0,0.0,0.0,0.0,0.0,0.0,0.0,0.0,0.0,0.0,0.0,0.0,0.0
1721315219866666666,1.7213152198650732e+18,-1.0,29.91,-1.0,13.56,-1.0,137.51,14.0,0.0,0.0,0.0,0.0,0.0,0.0,0.0,0.0,0.0,0.0,0.0,0.0,0.0,0.0,0.0,0.0,0.0,0.0,0.0,0.0,0.0,0.0,0.0,0.0,0.0,0.0,0.0,0.0,0.0,0.0,0.0,0.0,0.0,0.0,0.0,0.0
1721315219900000000,1.7213152198650732e+18,-1.0,29.91,-1.0,13.56,-1.0,137.51,14.0,0.0,0.0,0.0,0.0,0.0,0.0,0.0,0.0,0.0,0.0,0.0,0.0,0.0,0.0,0.0,0.0,0.0,0.0,0.0,0.0,0.0,0.0,0.0,0.0,0.0,0.0,0.0,0.0,0.0,0.0,0.0,0.0,0.0,0.0,0.0,0.0
1721315219933333333,1.721315219914623e+18,-1.0,29.7,-1.0,13.56,-1.0,132.21,13.0,0.0,0.0,0.0,0.0,0.0,0.0,0.0,0.0,0.0,0.0,0.0,0.0,0.0,0.0,0.0,0.0,0.0,0.0,0.0,0.0,0.0,0.0,0.0,0.0,0.0,0.0,0.0,0.0,0.0,0.0,0.0,0.0,0.0,0.0,0.0,0.0
1721315219966666666,1.721315219914623e+18,-1.0,29.7,-1.0,13.56,-1.0,132.21,13.0,0.0,0.0,0.0,0.0,0.0,0.0,0.0,0.0,0.0,0.0,0.0,0.0,0.0,0.0,0.0,0.0,0.0,0.0,0.0,0.0,0.0,0.0,0.0,0.0,0.0,0.0,0.0,0.0,0.0,0.0,0.0,0.0,0.0,0.0,0.0,0.0
1721315220000000000,1.7213152199676214e+18,-1.0,29.91,-1.0,13.56,-1.0,124.61,14.0,0.0,0.0,0.0,0.0,0.0,0.0,0.0,0.0,0.0,0.0,0.0,0.0,0.0,0.0,0.0,0.0,0.0,0.0,0.0,0.0,0.0,0.0,0.0,0.0,0.0,0.0,0.0,0.0,0.0,0.0,0.0,0.0,0.0,0.0,0.0,0.0
1721315220033333333,1.7213152200171372e+18,-1.0,29.7,-1.0,14.1,-1.0,123.63,13.0,0.0,0.0,0.0,0.0,0.0,0.0,0.0,0.0,0.0,0.0,0.0,0.0,0.0,0.0,0.0,0.0,0.0,0.0,0.0,0.0,0.0,0.0,0.0,0.0,0.0,0.0,0.0,0.0,0.0,0.0,0.0,0.0,0.0,0.0,0.0,0.0
1721315220066666666,1.72131522006615e+18,-1.0,29.7,-1.0,13.38,-1.0,118.34,14.0,0.0,0.0,0.0,0.0,0.0,0.0,0.0,0.0,0.0,0.0,0.0,0.0,0.0,0.0,0.0,0.0,0.0,0.0,0.0,0.0,0.0,0.0,0.0,0.0,0.0,0.0,0.0,0.0,0.0,0.0,0.0,0.0,0.0,0.0,0.0,0.0
1721315220100000000,1.72131522006615e+18,-1.0,29.7,-1.0,13.38,-1.0,118.34,14.0,0.0,0.0,0.0,0.0,0.0,0.0,0.0,0.0,0.0,0.0,0.0,0.0,0.0,0.0,0.0,0.0,0.0,0.0,0.0,0.0,0.0,0.0,0.0,0.0,0.0,0.0,0.0,0.0,0.0,0.0,0.0,0.0,0.0,0.0,0.0,0.0
1721315220133333333,1.7213152201152888e+18,-1.0,29.91,-1.0,16.11,-1.0,108.35,14.0,0.0,0.0,0.0,0.0,0.0,0.0,0.0,0.0,0.0,0.0,0.0,0.0,0.0,0.0,0.0,0.0,0.0,0.0,0.0,0.0,0.0,0.0,0.0,0.0,0.0,0.0,0.0,0.0,0.0,0.0,0.0,0.0,0.0,0.0,0.0,0.0
1721315220166666666,1.721315220164839e+18,-1.0,29.91,-1.0,16.29,-1.0,103.2,13.0,0.0,0.0,0.0,0.0,0.0,0.0,0.0,0.0,0.0,0.0,0.0,0.0,0.0,0.0,0.0,0.0,0.0,0.0,0.0,0.0,0.0,0.0,0.0,0.0,0.0,0.0,0.0,0.0,0.0,0.0,0.0,0.0,0.0,0.0,0.0,0.0
1721315220200000000,1.721315220164839e+18,-1.0,29.91,-1.0,16.29,-1.0,103.2,13.0,0.0,0.0,0.0,0.0,0.0,0.0,0.0,0.0,0.0,0.0,0.0,0.0,0.0,0.0,0.0,0.0,0.0,0.0,0.0,0.0,0.0,0.0,0.0,0.0,0.0,0.0,0.0,0.0,0.0,0.0,0.0,0.0,0.0,0.0,0.0,0.0
1721315220233333333,1.721315220217378e+18,-1.0,29.91,-1.0,15.74,-1.0,110.11,14.0,0.0,0.0,0.0,0.0,0.0,0.0,0.0,0.0,0.0,0.0,0.0,0.0,0.0,0.0,0.0,0.0,0.0,0.0,0.0,0.0,0.0,0.0,0.0,0.0,0.0,0.0,0.0,0.0,0.0,0.0,0.0,0.0,0.0,0.0,0.0,0.0
1721315220266666666,1.7213152202663788e+18,-1.0,29.7,-1.0,16.11,-1.0,116.47,13.0,0.0,0.0,0.0,0.0,0.0,0.0,0.0,0.0,0.0,0.0,0.0,0.0,0.0,0.0,0.0,0.0,0.0,0.0,0.0,0.0,0.0,0.0,0.0,0.0,0.0,0.0,0.0,0.0,0.0,0.0,0.0,0.0,0.0,0.0,0.0,0.0
1721315220300000000,1.7213152202663788e+18,-1.0,29.7,-1.0,16.11,-1.0,116.47,13.0,0.0,0.0,0.0,0.0,0.0,0.0,0.0,0.0,0.0,0.0,0.0,0.0,0.0,0.0,0.0,0.0,0.0,0.0,0.0,0.0,0.0,0.0,0.0,0.0,0.0,0.0,0.0,0.0,0.0,0.0,0.0,0.0,0.0,0.0,0.0,0.0
1721315220333333333,1.7213152203159173e+18,-1.0,29.91,-1.0,15.74,-1.0,126.6,14.0,0.0,0.0,0.0,0.0,0.0,0.0,0.0,0.0,0.0,0.0,0.0,0.0,0.0,0.0,0.0,0.0,0.0,0.0,0.0,0.0,0.0,0.0,0.0,0.0,0.0,0.0,0.0,0.0,0.0,0.0,0.0,0.0,0.0,0.0,0.0,0.0
1721315220366666666,1.721315220364917e+18,-1.0,29.7,-1.0,15.01,-1.0,123.14,14.0,0.0,0.0,0.0,0.0,0.0,0.0,0.0,0.0,0.0,0.0,0.0,0.0,0.0,0.0,0.0,0.0,0.0,0.0,0.0,0.0,0.0,0.0,0.0,0.0,0.0,0.0,0.0,0.0,0.0,0.0,0.0,0.0,0.0,0.0,0.0,0.0
1721315220400000000,1.721315220364917e+18,-1.0,29.7,-1.0,15.01,-1.0,123.14,14.0,0.0,0.0,0.0,0.0,0.0,0.0,0.0,0.0,0.0,0.0,0.0,0.0,0.0,0.0,0.0,0.0,0.0,0.0,0.0,0.0,0.0,0.0,0.0,0.0,0.0,0.0,0.0,0.0,0.0,0.0,0.0,0.0,0.0,0.0,0.0,0.0
1721315220433333333,1.721315220414048e+18,-1.0,29.91,-1.0,15.56,-1.0,127.1,13.0,0.0,0.0,0.0,0.0,0.0,0.0,0.0,0.0,0.0,0.0,0.0,0.0,0.0,0.0,0.0,0.0,0.0,0.0,0.0,0.0,0.0,0.0,0.0,0.0,0.0,0.0,0.0,0.0,0.0,0.0,0.0,0.0,0.0,0.0,0.0,0.0
1721315220466666666,1.721315220463037e+18,-1.0,29.91,-1.0,14.64,-1.0,129.12,14.0,0.0,0.0,0.0,0.0,0.0,0.0,0.0,0.0,0.0,0.0,0.0,0.0,0.0,0.0,0.0,0.0,0.0,0.0,0.0,0.0,0.0,0.0,0.0,0.0,0.0,0.0,0.0,0.0,0.0,0.0,0.0,0.0,0.0,0.0,0.0,0.0
1721315220500000000,1.721315220463037e+18,-1.0,29.91,-1.0,14.64,-1.0,129.12,14.0,0.0,0.0,0.0,0.0,0.0,0.0,0.0,0.0,0.0,0.0,0.0,0.0,0.0,0.0,0.0,0.0,0.0,0.0,0.0,0.0,0.0,0.0,0.0,0.0,0.0,0.0,0.0,0.0,0.0,0.0,0.0,0.0,0.0,0.0,0.0,0.0
1721315220533333333,1.7213152205165844e+18,-1.0,29.91,-1.0,14.82,-1.0,129.12,14.0,0.0,0.0,0.0,0.0,0.0,0.0,0.0,0.0,0.0,0.0,0.0,0.0,0.0,0.0,0.0,0.0,0.0,0.0,0.0,0.0,0.0,0.0,0.0,0.0,0.0,0.0,0.0,0.0,0.0,0.0,0.0,0.0,0.0,0.0,0.0,0.0
1721315220566666666,1.721315220565577e+18,-1.0,29.91,-1.0,15.92,-1.0,128.61,14.0,0.0,0.0,0.0,0.0,0.0,0.0,0.0,0.0,0.0,0.0,0.0,0.0,0.0,0.0,0.0,0.0,0.0,0.0,0.0,0.0,0.0,0.0,0.0,0.0,0.0,0.0,0.0,0.0,0.0,0.0,0.0,0.0,0.0,0.0,0.0,0.0
1721315220600000000,1.721315220565577e+18,-1.0,29.91,-1.0,15.92,-1.0,128.61,14.0,0.0,0.0,0.0,0.0,0.0,0.0,0.0,0.0,0.0,0.0,0.0,0.0,0.0,0.0,0.0,0.0,0.0,0.0,0.0,0.0,0.0,0.0,0.0,0.0,0.0,0.0,0.0,0.0,0.0,0.0,0.0,0.0,0.0,0.0,0.0,0.0
1721315220633333333,1.7213152206151306e+18,-1.0,29.91,-1.0,16.11,-1.0,129.12,14.0,0.0,0.0,0.0,0.0,0.0,0.0,0.0,0.0,0.0,0.0,0.0,0.0,0.0,0.0,0.0,0.0,0.0,0.0,0.0,0.0,0.0,0.0,0.0,0.0,0.0,0.0,0.0,0.0,0.0,0.0,0.0,0.0,0.0,0.0,0.0,0.0
1721315220666666666,1.721315220664136e+18,-1.0,29.7,-1.0,15.74,-1.0,132.21,13.0,0.0,0.0,0.0,0.0,0.0,0.0,0.0,0.0,0.0,0.0,0.0,0.0,0.0,0.0,0.0,0.0,0.0,0.0,0.0,0.0,0.0,0.0,0.0,0.0,0.0,0.0,0.0,0.0,0.0,0.0,0.0,0.0,0.0,0.0,0.0,0.0
1721315220700000000,1.721315220664136e+18,-1.0,29.7,-1.0,15.74,-1.0,132.21,13.0,0.0,0.0,0.0,0.0,0.0,0.0,0.0,0.0,0.0,0.0,0.0,0.0,0.0,0.0,0.0,0.0,0.0,0.0,0.0,0.0,0.0,0.0,0.0,0.0,0.0,0.0,0.0,0.0,0.0,0.0,0.0,0.0,0.0,0.0,0.0,0.0
1721315220733333333,1.7213152207136556e+18,-1.0,29.91,-1.0,16.48,-1.0,131.17,14.0,0.0,0.0,0.0,0.0,0.0,0.0,0.0,0.0,0.0,0.0,0.0,0.0,0.0,0.0,0.0,0.0,0.0,0.0,0.0,0.0,0.0,0.0,0.0,0.0,0.0,0.0,0.0,0.0,0.0,0.0,0.0,0.0,0.0,0.0,0.0,0.0
1721315220766666666,1.7213152207662825e+18,-1.0,29.7,-1.0,16.29,-1.0,133.78,13.0,0.0,0.0,0.0,0.0,0.0,0.0,0.0,0.0,0.0,0.0,0.0,0.0,0.0,0.0,0.0,0.0,0.0,0.0,0.0,0.0,0.0,0.0,0.0,0.0,0.0,0.0,0.0,0.0,0.0,0.0,0.0,0.0,0.0,0.0,0.0,0.0
1721315220800000000,1.7213152207662825e+18,-1.0,29.7,-1.0,16.29,-1.0,133.78,13.0,0.0,0.0,0.0,0.0,0.0,0.0,0.0,0.0,0.0,0.0,0.0,0.0,0.0,0.0,0.0,0.0,0.0,0.0,0.0,0.0,0.0,0.0,0.0,0.0,0.0,0.0,0.0,0.0,0.0,0.0,0.0,0.0,0.0,0.0,0.0,0.0
1721315220833333333,1.7213152208158124e+18,-1.0,29.91,-1.0,15.74,-1.0,129.63,13.0,0.0,0.0,0.0,0.0,0.0,0.0,0.0,0.0,0.0,0.0,0.0,0.0,0.0,0.0,0.0,0.0,0.0,0.0,0.0,0.0,0.0,0.0,0.0,0.0,0.0,0.0,0.0,0.0,0.0,0.0,0.0,0.0,0.0,0.0,0.0,0.0
1721315220866666666,1.721315220864818e+18,-1.0,29.91,-1.0,14.64,-1.0,129.63,14.0,0.0,0.0,0.0,0.0,0.0,0.0,0.0,0.0,0.0,0.0,0.0,0.0,0.0,0.0,0.0,0.0,0.0,0.0,0.0,0.0,0.0,0.0,0.0,0.0,0.0,0.0,0.0,0.0,0.0,0.0,0.0,0.0,0.0,0.0,0.0,0.0
1721315220900000000,1.721315220864818e+18,-1.0,29.91,-1.0,14.64,-1.0,129.63,14.0,0.0,0.0,0.0,0.0,0.0,0.0,0.0,0.0,0.0,0.0,0.0,0.0,0.0,0.0,0.0,0.0,0.0,0.0,0.0,0.0,0.0,0.0,0.0,0.0,0.0,0.0,0.0,0.0,0.0,0.0,0.0,0.0,0.0,0.0,0.0,0.0
1721315220933333333,1.7213152209143652e+18,-1.0,29.91,-1.0,13.02,-1.0,130.66,13.0,0.0,0.0,0.0,0.0,0.0,0.0,0.0,0.0,0.0,0.0,0.0,0.0,0.0,0.0,0.0,0.0,0.0,0.0,0.0,0.0,0.0,0.0,0.0,0.0,0.0,0.0,0.0,0.0,0.0,0.0,0.0,0.0,0.0,0.0,0.0,0.0
1721315220966666666,1.721315220963366e+18,-1.0,29.91,-1.0,14.28,-1.0,127.6,14.0,0.0,0.0,0.0,0.0,0.0,0.0,0.0,0.0,0.0,0.0,0.0,0.0,0.0,0.0,0.0,0.0,0.0,0.0,0.0,0.0,0.0,0.0,0.0,0.0,0.0,0.0,0.0,0.0,0.0,0.0,0.0,0.0,0.0,0.0,0.0,0.0
1721315221000000000,1.721315220963366e+18,-1.0,29.91,-1.0,14.28,-1.0,127.6,14.0,0.0,0.0,0.0,0.0,0.0,0.0,0.0,0.0,0.0,0.0,0.0,0.0,0.0,0.0,0.0,0.0,0.0,0.0,0.0,0.0,0.0,0.0,0.0,0.0,0.0,0.0,0.0,0.0,0.0,0.0,0.0,0.0,0.0,0.0,0.0,0.0
1721315221033333333,1.7213152210159355e+18,-1.0,30.13,-1.0,14.46,-1.0,127.1,14.0,0.0,0.0,0.0,0.0,0.0,0.0,0.0,0.0,0.0,0.0,0.0,0.0,0.0,0.0,0.0,0.0,0.0,0.0,0.0,0.0,0.0,0.0,0.0,0.0,0.0,0.0,0.0,0.0,0.0,0.0,0.0,0.0,0.0,0.0,0.0,0.0
1721315221066666666,1.7213152210659315e+18,-1.0,29.91,-1.0,14.82,-1.0,122.16,14.0,0.0,0.0,0.0,0.0,0.0,0.0,0.0,0.0,0.0,0.0,0.0,0.0,0.0,0.0,0.0,0.0,0.0,0.0,0.0,0.0,0.0,0.0,0.0,0.0,0.0,0.0,0.0,0.0,0.0,0.0,0.0,0.0,0.0,0.0,0.0,0.0
1721315221100000000,1.7213152210659315e+18,-1.0,29.91,-1.0,14.82,-1.0,122.16,14.0,0.0,0.0,0.0,0.0,0.0,0.0,0.0,0.0,0.0,0.0,0.0,0.0,0.0,0.0,0.0,0.0,0.0,0.0,0.0,0.0,0.0,0.0,0.0,0.0,0.0,0.0,0.0,0.0,0.0,0.0,0.0,0.0,0.0,0.0,0.0,0.0
1721315221133333333,1.7213152211144773e+18,-1.0,29.91,-1.0,13.92,-1.0,115.08,13.0,0.0,0.0,0.0,0.0,0.0,0.0,0.0,0.0,0.0,0.0,0.0,0.0,0.0,0.0,0.0,0.0,0.0,0.0,0.0,0.0,0.0,0.0,0.0,0.0,0.0,0.0,0.0,0.0,0.0,0.0,0.0,0.0,0.0,0.0,0.0,0.0
1721315221166666666,1.7213152211634982e+18,-1.0,29.91,-1.0,13.38,-1.0,118.81,13.0,0.0,0.0,0.0,0.0,0.0,0.0,0.0,0.0,0.0,0.0,0.0,0.0,0.0,0.0,0.0,0.0,0.0,0.0,0.0,0.0,0.0,0.0,0.0,0.0,0.0,0.0,0.0,0.0,0.0,0.0,0.0,0.0,0.0,0.0,0.0,0.0
1721315221200000000,1.7213152211634982e+18,-1.0,29.91,-1.0,13.38,-1.0,118.81,13.0,0.0,0.0,0.0,0.0,0.0,0.0,0.0,0.0,0.0,0.0,0.0,0.0,0.0,0.0,0.0,0.0,0.0,0.0,0.0,0.0,0.0,0.0,0.0,0.0,0.0,0.0,0.0,0.0,0.0,0.0,0.0,0.0,0.0,0.0,0.0,0.0
1721315221233333333,1.7213152212130463e+18,-1.0,29.91,-1.0,14.46,-1.0,123.14,14.0,0.0,0.0,0.0,0.0,0.0,0.0,0.0,0.0,0.0,0.0,0.0,0.0,0.0,0.0,0.0,0.0,0.0,0.0,0.0,0.0,0.0,0.0,0.0,0.0,0.0,0.0,0.0,0.0,0.0,0.0,0.0,0.0,0.0,0.0,0.0,0.0
1721315221266666666,1.7213152212660357e+18,-1.0,29.7,-1.0,14.46,-1.0,124.61,14.0,0.0,0.0,0.0,0.0,0.0,0.0,0.0,0.0,0.0,0.0,0.0,0.0,0.0,0.0,0.0,0.0,0.0,0.0,0.0,0.0,0.0,0.0,0.0,0.0,0.0,0.0,0.0,0.0,0.0,0.0,0.0,0.0,0.0,0.0,0.0,0.0
1721315221300000000,1.7213152212660357e+18,-1.0,29.7,-1.0,14.46,-1.0,124.61,14.0,0.0,0.0,0.0,0.0,0.0,0.0,0.0,0.0,0.0,0.0,0.0,0.0,0.0,0.0,0.0,0.0,0.0,0.0,0.0,0.0,0.0,0.0,0.0,0.0,0.0,0.0,0.0,0.0,0.0,0.0,0.0,0.0,0.0,0.0,0.0,0.0
1721315221333333333,1.721315221315135e+18,-1.0,29.91,-1.0,14.28,-1.0,114.62,13.0,0.0,0.0,0.0,0.0,0.0,0.0,0.0,0.0,0.0,0.0,0.0,0.0,0.0,0.0,0.0,0.0,0.0,0.0,0.0,0.0,0.0,0.0,0.0,0.0,0.0,0.0,0.0,0.0,0.0,0.0,0.0,0.0,0.0,0.0,0.0,0.0
1721315221366666666,1.7213152213641372e+18,-1.0,29.91,-1.0,14.28,-1.0,120.24,13.0,0.0,0.0,0.0,0.0,0.0,0.0,0.0,0.0,0.0,0.0,0.0,0.0,0.0,0.0,0.0,0.0,0.0,0.0,0.0,0.0,0.0,0.0,0.0,0.0,0.0,0.0,0.0,0.0,0.0,0.0,0.0,0.0,0.0,0.0,0.0,0.0
1721315221400000000,1.7213152213641372e+18,-1.0,29.91,-1.0,14.28,-1.0,120.24,13.0,0.0,0.0,0.0,0.0,0.0,0.0,0.0,0.0,0.0,0.0,0.0,0.0,0.0,0.0,0.0,0.0,0.0,0.0,0.0,0.0,0.0,0.0,0.0,0.0,0.0,0.0,0.0,0.0,0.0,0.0,0.0,0.0,0.0,0.0,0.0,0.0
1721315221433333333,1.721315221413652e+18,-1.0,29.91,-1.0,14.64,-1.0,120.72,14.0,0.0,0.0,0.0,0.0,0.0,0.0,0.0,0.0,0.0,0.0,0.0,0.0,0.0,0.0,0.0,0.0,0.0,0.0,0.0,0.0,0.0,0.0,0.0,0.0,0.0,0.0,0.0,0.0,0.0,0.0,0.0,0.0,0.0,0.0,0.0,0.0
1721315221466666666,1.7213152214626583e+18,-1.0,29.91,-1.0,14.46,-1.0,115.08,13.0,0.0,0.0,0.0,0.0,0.0,0.0,0.0,0.0,0.0,0.0,0.0,0.0,0.0,0.0,0.0,0.0,0.0,0.0,0.0,0.0,0.0,0.0,0.0,0.0,0.0,0.0,0.0,0.0,0.0,0.0,0.0,0.0,0.0,0.0,0.0,0.0
1721315221500000000,1.7213152214626583e+18,-1.0,29.91,-1.0,14.46,-1.0,115.08,13.0,0.0,0.0,0.0,0.0,0.0,0.0,0.0,0.0,0.0,0.0,0.0,0.0,0.0,0.0,0.0,0.0,0.0,0.0,0.0,0.0,0.0,0.0,0.0,0.0,0.0,0.0,0.0,0.0,0.0,0.0,0.0,0.0,0.0,0.0,0.0,0.0
1721315221533333333,1.7213152215115105e+18,-1.0,29.91,-1.0,15.37,-1.0,107.04,14.0,0.0,0.0,0.0,0.0,0.0,0.0,0.0,0.0,0.0,0.0,0.0,0.0,0.0,0.0,0.0,0.0,0.0,0.0,0.0,0.0,0.0,0.0,0.0,0.0,0.0,0.0,0.0,0.0,0.0,0.0,0.0,0.0,0.0,0.0,0.0,0.0
1721315221566666666,1.7213152215655276e+18,-1.0,29.91,-1.0,15.56,-1.0,107.47,14.0,0.0,0.0,0.0,0.0,0.0,0.0,0.0,0.0,0.0,0.0,0.0,0.0,0.0,0.0,0.0,0.0,0.0,0.0,0.0,0.0,0.0,0.0,0.0,0.0,0.0,0.0,0.0,0.0,0.0,0.0,0.0,0.0,0.0,0.0,0.0,0.0
1721315221600000000,1.7213152215655276e+18,-1.0,29.91,-1.0,15.56,-1.0,107.47,14.0,0.0,0.0,0.0,0.0,0.0,0.0,0.0,0.0,0.0,0.0,0.0,0.0,0.0,0.0,0.0,0.0,0.0,0.0,0.0,0.0,0.0,0.0,0.0,0.0,0.0,0.0,0.0,0.0,0.0,0.0,0.0,0.0,0.0,0.0,0.0,0.0
1721315221633333333,1.721315221614073e+18,-1.0,29.91,-1.0,15.37,-1.0,105.75,13.0,0.0,0.0,0.0,0.0,0.0,0.0,0.0,0.0,0.0,0.0,0.0,0.0,0.0,0.0,0.0,0.0,0.0,0.0,0.0,0.0,0.0,0.0,0.0,0.0,0.0,0.0,0.0,0.0,0.0,0.0,0.0,0.0,0.0,0.0,0.0,0.0
1721315221666666666,1.7213152216630733e+18,-1.0,29.91,-1.0,15.74,-1.0,108.79,14.0,0.0,0.0,0.0,0.0,0.0,0.0,0.0,0.0,0.0,0.0,0.0,0.0,0.0,0.0,0.0,0.0,0.0,0.0,0.0,0.0,0.0,0.0,0.0,0.0,0.0,0.0,0.0,0.0,0.0,0.0,0.0,0.0,0.0,0.0,0.0,0.0
1721315221700000000,1.7213152216630733e+18,-1.0,29.91,-1.0,15.74,-1.0,108.79,14.0,0.0,0.0,0.0,0.0,0.0,0.0,0.0,0.0,0.0,0.0,0.0,0.0,0.0,0.0,0.0,0.0,0.0,0.0,0.0,0.0,0.0,0.0,0.0,0.0,0.0,0.0,0.0,0.0,0.0,0.0,0.0,0.0,0.0,0.0,0.0,0.0
1721315221733333333,1.7213152217126129e+18,-1.0,29.91,-1.0,15.37,-1.0,109.23,14.0,0.0,0.0,0.0,0.0,0.0,0.0,0.0,0.0,0.0,0.0,0.0,0.0,0.0,0.0,0.0,0.0,0.0,0.0,0.0,0.0,0.0,0.0,0.0,0.0,0.0,0.0,0.0,0.0,0.0,0.0,0.0,0.0,0.0,0.0,0.0,0.0
1721315221766666666,1.7213152217616225e+18,-1.0,29.91,-1.0,16.48,-1.0,109.23,13.0,0.0,0.0,0.0,0.0,0.0,0.0,0.0,0.0,0.0,0.0,0.0,0.0,0.0,0.0,0.0,0.0,0.0,0.0,0.0,0.0,0.0,0.0,0.0,0.0,0.0,0.0,0.0,0.0,0.0,0.0,0.0,0.0,0.0,0.0,0.0,0.0
1721315221800000000,1.7213152217616225e+18,-1.0,29.91,-1.0,16.48,-1.0,109.23,13.0,0.0,0.0,0.0,0.0,0.0,0.0,0.0,0.0,0.0,0.0,0.0,0.0,0.0,0.0,0.0,0.0,0.0,0.0,0.0,0.0,0.0,0.0,0.0,0.0,0.0,0.0,0.0,0.0,0.0,0.0,0.0,0.0,0.0,0.0,0.0,0.0
1721315221833333333,1.7213152218151478e+18,-1.0,29.7,-1.0,15.01,-1.0,107.04,13.0,0.0,0.0,0.0,0.0,0.0,0.0,0.0,0.0,0.0,0.0,0.0,0.0,0.0,0.0,0.0,0.0,0.0,0.0,0.0,0.0,0.0,0.0,0.0,0.0,0.0,0.0,0.0,0.0,0.0,0.0,0.0,0.0,0.0,0.0,0.0,0.0
1721315221866666666,1.7213152218641526e+18,-1.0,29.91,-1.0,12.84,-1.0,92.7,13.0,0.0,0.0,0.0,0.0,0.0,0.0,0.0,0.0,0.0,0.0,0.0,0.0,0.0,0.0,0.0,0.0,0.0,0.0,0.0,0.0,0.0,0.0,0.0,0.0,0.0,0.0,0.0,0.0,0.0,0.0,0.0,0.0,0.0,0.0,0.0,0.0
1721315221900000000,1.7213152218641526e+18,-1.0,29.91,-1.0,12.84,-1.0,92.7,13.0,0.0,0.0,0.0,0.0,0.0,0.0,0.0,0.0,0.0,0.0,0.0,0.0,0.0,0.0,0.0,0.0,0.0,0.0,0.0,0.0,0.0,0.0,0.0,0.0,0.0,0.0,0.0,0.0,0.0,0.0,0.0,0.0,0.0,0.0,0.0,0.0
1721315221933333333,1.721315221909697e+18,-1.0,29.91,-1.0,12.13,-1.0,84.1,13.0,0.0,0.0,0.0,0.0,0.0,0.0,0.0,0.0,0.0,0.0,0.0,0.0,0.0,0.0,0.0,0.0,0.0,0.0,0.0,0.0,0.0,0.0,0.0,0.0,0.0,0.0,0.0,0.0,0.0,0.0,0.0,0.0,0.0,0.0,0.0,0.0
1721315221966666666,1.7213152219587034e+18,-1.0,29.91,-1.0,12.84,-1.0,80.2,14.0,0.0,0.0,0.0,0.0,0.0,0.0,0.0,0.0,0.0,0.0,0.0,0.0,0.0,0.0,0.0,0.0,0.0,0.0,0.0,0.0,0.0,0.0,0.0,0.0,0.0,0.0,0.0,0.0,0.0,0.0,0.0,0.0,0.0,0.0,0.0,0.0
1721315222000000000,1.7213152219587034e+18,-1.0,29.91,-1.0,12.84,-1.0,80.2,14.0,0.0,0.0,0.0,0.0,0.0,0.0,0.0,0.0,0.0,0.0,0.0,0.0,0.0,0.0,0.0,0.0,0.0,0.0,0.0,0.0,0.0,0.0,0.0,0.0,0.0,0.0,0.0,0.0,0.0,0.0,0.0,0.0,0.0,0.0,0.0,0.0
1721315222033333333,1.721315222007239e+18,-1.0,29.91,-1.0,13.02,-1.0,83.74,14.0,0.0,0.0,0.0,0.0,0.0,0.0,0.0,0.0,0.0,0.0,0.0,0.0,0.0,0.0,0.0,0.0,0.0,0.0,0.0,0.0,0.0,0.0,0.0,0.0,0.0,0.0,0.0,0.0,0.0,0.0,0.0,0.0,0.0,0.0,0.0,0.0
1721315222066666666,1.7213152220562312e+18,-1.0,29.91,-1.0,12.31,-1.0,83.74,14.0,0.0,0.0,0.0,0.0,0.0,0.0,0.0,0.0,0.0,0.0,0.0,0.0,0.0,0.0,0.0,0.0,0.0,0.0,0.0,0.0,0.0,0.0,0.0,0.0,0.0,0.0,0.0,0.0,0.0,0.0,0.0,0.0,0.0,0.0,0.0,0.0
1721315222100000000,1.7213152220562312e+18,-1.0,29.91,-1.0,12.31,-1.0,83.74,14.0,0.0,0.0,0.0,0.0,0.0,0.0,0.0,0.0,0.0,0.0,0.0,0.0,0.0,0.0,0.0,0.0,0.0,0.0,0.0,0.0,0.0,0.0,0.0,0.0,0.0,0.0,0.0,0.0,0.0,0.0,0.0,0.0,0.0,0.0,0.0,0.0
1721315222133333333,1.7213152221058e+18,-1.0,29.91,-1.0,13.74,-1.0,86.29,14.0,0.0,0.0,0.0,0.0,0.0,0.0,0.0,0.0,0.0,0.0,0.0,0.0,0.0,0.0,0.0,0.0,0.0,0.0,0.0,0.0,0.0,0.0,0.0,0.0,0.0,0.0,0.0,0.0,0.0,0.0,0.0,0.0,0.0,0.0,0.0,0.0
1721315222166666666,1.7213152221547927e+18,-1.0,29.91,-1.0,14.46,-1.0,90.02,14.0,0.0,0.0,0.0,0.0,0.0,0.0,0.0,0.0,0.0,0.0,0.0,0.0,0.0,0.0,0.0,0.0,0.0,0.0,0.0,0.0,0.0,0.0,0.0,0.0,0.0,0.0,0.0,0.0,0.0,0.0,0.0,0.0,0.0,0.0,0.0,0.0
1721315222200000000,1.7213152221547927e+18,-1.0,29.91,-1.0,14.46,-1.0,90.02,14.0,0.0,0.0,0.0,0.0,0.0,0.0,0.0,0.0,0.0,0.0,0.0,0.0,0.0,0.0,0.0,0.0,0.0,0.0,0.0,0.0,0.0,0.0,0.0,0.0,0.0,0.0,0.0,0.0,0.0,0.0,0.0,0.0,0.0,0.0,0.0,0.0
1721315222233333333,1.721315222204335e+18,-1.0,29.91,-1.0,12.84,-1.0,91.16,14.0,0.0,0.0,0.0,0.0,0.0,0.0,0.0,0.0,0.0,0.0,0.0,0.0,0.0,0.0,0.0,0.0,0.0,0.0,0.0,0.0,0.0,0.0,0.0,0.0,0.0,0.0,0.0,0.0,0.0,0.0,0.0,0.0,0.0,0.0,0.0,0.0
1721315222266666666,1.7213152222533353e+18,-1.0,29.91,-1.0,14.82,-1.0,92.7,14.0,0.0,0.0,0.0,0.0,0.0,0.0,0.0,0.0,0.0,0.0,0.0,0.0,0.0,0.0,0.0,0.0,0.0,0.0,0.0,0.0,0.0,0.0,0.0,0.0,0.0,0.0,0.0,0.0,0.0,0.0,0.0,0.0,0.0,0.0,0.0,0.0
1721315222300000000,1.7213152222533353e+18,-1.0,29.91,-1.0,14.82,-1.0,92.7,14.0,0.0,0.0,0.0,0.0,0.0,0.0,0.0,0.0,0.0,0.0,0.0,0.0,0.0,0.0,0.0,0.0,0.0,0.0,0.0,0.0,0.0,0.0,0.0,0.0,0.0,0.0,0.0,0.0,0.0,0.0,0.0,0.0,0.0,0.0,0.0,0.0
1721315222333333333,1.721315222301899e+18,-1.0,29.91,-1.0,14.64,-1.0,93.87,14.0,0.0,0.0,0.0,0.0,0.0,0.0,0.0,0.0,0.0,0.0,0.0,0.0,0.0,0.0,0.0,0.0,0.0,0.0,0.0,0.0,0.0,0.0,0.0,0.0,0.0,0.0,0.0,0.0,0.0,0.0,0.0,0.0,0.0,0.0,0.0,0.0
1721315222366666666,1.721315222351881e+18,-1.0,29.7,-1.0,14.64,-1.0,92.32,13.0,0.0,0.0,0.0,0.0,0.0,0.0,0.0,0.0,0.0,0.0,0.0,0.0,0.0,0.0,0.0,0.0,0.0,0.0,0.0,0.0,0.0,0.0,0.0,0.0,0.0,0.0,0.0,0.0,0.0,0.0,0.0,0.0,0.0,0.0,0.0,0.0
1721315222400000000,1.721315222351881e+18,-1.0,29.7,-1.0,14.64,-1.0,92.32,13.0,0.0,0.0,0.0,0.0,0.0,0.0,0.0,0.0,0.0,0.0,0.0,0.0,0.0,0.0,0.0,0.0,0.0,0.0,0.0,0.0,0.0,0.0,0.0,0.0,0.0,0.0,0.0,0.0,0.0,0.0,0.0,0.0,0.0,0.0,0.0,0.0
1721315222433333333,1.7213152224005038e+18,-1.0,29.7,-1.0,14.46,-1.0,98.65,13.0,0.0,0.0,0.0,0.0,0.0,0.0,0.0,0.0,0.0,0.0,0.0,0.0,0.0,0.0,0.0,0.0,0.0,0.0,0.0,0.0,0.0,0.0,0.0,0.0,0.0,0.0,0.0,0.0,0.0,0.0,0.0,0.0,0.0,0.0,0.0,0.0
1721315222466666666,1.7213152224499932e+18,-1.0,29.91,-1.0,13.02,-1.0,104.04,14.0,0.0,0.0,0.0,0.0,0.0,0.0,0.0,0.0,0.0,0.0,0.0,0.0,0.0,0.0,0.0,0.0,0.0,0.0,0.0,0.0,0.0,0.0,0.0,0.0,0.0,0.0,0.0,0.0,0.0,0.0,0.0,0.0,0.0,0.0,0.0,0.0
1721315222500000000,1.721315222499531e+18,-1.0,29.7,-1.0,12.13,-1.0,105.32,14.0,0.0,0.0,0.0,0.0,0.0,0.0,0.0,0.0,0.0,0.0,0.0,0.0,0.0,0.0,0.0,0.0,0.0,0.0,0.0,0.0,0.0,0.0,0.0,0.0,0.0,0.0,0.0,0.0,0.0,0.0,0.0,0.0,0.0,0.0,0.0,0.0
1721315222533333333,1.721315222499531e+18,-1.0,29.7,-1.0,12.13,-1.0,105.32,14.0,0.0,0.0,0.0,0.0,0.0,0.0,0.0,0.0,0.0,0.0,0.0,0.0,0.0,0.0,0.0,0.0,0.0,0.0,0.0,0.0,0.0,0.0,0.0,0.0,0.0,0.0,0.0,0.0,0.0,0.0,0.0,0.0,0.0,0.0,0.0,0.0
1721315222566666666,1.7213152225485394e+18,-1.0,29.91,-1.0,12.48,-1.0,101.94,14.0,0.0,0.0,0.0,0.0,0.0,0.0,0.0,0.0,0.0,0.0,0.0,0.0,0.0,0.0,0.0,0.0,0.0,0.0,0.0,0.0,0.0,0.0,0.0,0.0,0.0,0.0,0.0,0.0,0.0,0.0,0.0,0.0,0.0,0.0,0.0,0.0
1721315222600000000,1.7213152225485394e+18,-1.0,29.91,-1.0,12.48,-1.0,101.94,14.0,0.0,0.0,0.0,0.0,0.0,0.0,0.0,0.0,0.0,0.0,0.0,0.0,0.0,0.0,0.0,0.0,0.0,0.0,0.0,0.0,0.0,0.0,0.0,0.0,0.0,0.0,0.0,0.0,0.0,0.0,0.0,0.0,0.0,0.0,0.0,0.0
1721315222633333333,1.721315222601603e+18,-1.0,29.7,-1.0,12.48,-1.0,101.11,14.0,0.0,0.0,0.0,0.0,0.0,0.0,0.0,0.0,0.0,0.0,0.0,0.0,0.0,0.0,0.0,0.0,0.0,0.0,0.0,0.0,0.0,0.0,0.0,0.0,0.0,0.0,0.0,0.0,0.0,0.0,0.0,0.0,0.0,0.0,0.0,0.0
1721315222666666666,1.721315222650585e+18,-1.0,29.91,-1.0,12.31,-1.0,103.2,14.0,0.0,0.0,0.0,0.0,0.0,0.0,0.0,0.0,0.0,0.0,0.0,0.0,0.0,0.0,0.0,0.0,0.0,0.0,0.0,0.0,0.0,0.0,0.0,0.0,0.0,0.0,0.0,0.0,0.0,0.0,0.0,0.0,0.0,0.0,0.0,0.0
1721315222700000000,1.721315222650585e+18,-1.0,29.91,-1.0,12.31,-1.0,103.2,14.0,0.0,0.0,0.0,0.0,0.0,0.0,0.0,0.0,0.0,0.0,0.0,0.0,0.0,0.0,0.0,0.0,0.0,0.0,0.0,0.0,0.0,0.0,0.0,0.0,0.0,0.0,0.0,0.0,0.0,0.0,0.0,0.0,0.0,0.0,0.0,0.0
1721315222733333333,1.7213152227001285e+18,-1.0,29.91,-1.0,12.13,-1.0,99.06,13.0,0.0,0.0,0.0,0.0,0.0,0.0,0.0,0.0,0.0,0.0,0.0,0.0,0.0,0.0,0.0,0.0,0.0,0.0,0.0,0.0,0.0,0.0,0.0,0.0,0.0,0.0,0.0,0.0,0.0,0.0,0.0,0.0,0.0,0.0,0.0,0.0
1721315222766666666,1.7213152227488292e+18,-1.0,29.91,-1.0,11.6,-1.0,93.09,13.0,0.0,0.0,0.0,0.0,0.0,0.0,0.0,0.0,0.0,0.0,0.0,0.0,0.0,0.0,0.0,0.0,0.0,0.0,0.0,0.0,0.0,0.0,0.0,0.0,0.0,0.0,0.0,0.0,0.0,0.0,0.0,0.0,0.0,0.0,0.0,0.0
1721315222800000000,1.7213152227982438e+18,-1.0,29.91,-1.0,12.13,-1.0,90.02,13.0,0.0,0.0,0.0,0.0,0.0,0.0,0.0,0.0,0.0,0.0,0.0,0.0,0.0,0.0,0.0,0.0,0.0,0.0,0.0,0.0,0.0,0.0,0.0,0.0,0.0,0.0,0.0,0.0,0.0,0.0,0.0,0.0,0.0,0.0,0.0,0.0
1721315222833333333,1.7213152227982438e+18,-1.0,29.91,-1.0,12.13,-1.0,90.02,13.0,0.0,0.0,0.0,0.0,0.0,0.0,0.0,0.0,0.0,0.0,0.0,0.0,0.0,0.0,0.0,0.0,0.0,0.0,0.0,0.0,0.0,0.0,0.0,0.0,0.0,0.0,0.0,0.0,0.0,0.0,0.0,0.0,0.0,0.0,0.0,0.0
1721315222866666666,1.7213152228472417e+18,-1.0,29.91,-1.0,11.43,-1.0,93.87,13.0,0.0,0.0,0.0,0.0,0.0,0.0,0.0,0.0,0.0,0.0,0.0,0.0,0.0,0.0,0.0,0.0,0.0,0.0,0.0,0.0,0.0,0.0,0.0,0.0,0.0,0.0,0.0,0.0,0.0,0.0,0.0,0.0,0.0,0.0,0.0,0.0
1721315222900000000,1.7213152228917696e+18,-1.0,30.13,-1.0,11.08,-1.0,91.93,14.0,0.0,0.0,0.0,0.0,0.0,0.0,0.0,0.0,0.0,0.0,0.0,0.0,0.0,0.0,0.0,0.0,0.0,0.0,0.0,0.0,0.0,0.0,0.0,0.0,0.0,0.0,0.0,0.0,0.0,0.0,0.0,0.0,0.0,0.0,0.0,0.0
1721315222933333333,1.7213152228917696e+18,-1.0,30.13,-1.0,11.08,-1.0,91.93,14.0,0.0,0.0,0.0,0.0,0.0,0.0,0.0,0.0,0.0,0.0,0.0,0.0,0.0,0.0,0.0,0.0,0.0,0.0,0.0,0.0,0.0,0.0,0.0,0.0,0.0,0.0,0.0,0.0,0.0,0.0,0.0,0.0,0.0,0.0,0.0,0.0
1721315222966666666,1.721315222941773e+18,-1.0,29.91,-1.0,11.6,-1.0,95.44,14.0,0.0,0.0,0.0,0.0,0.0,0.0,0.0,0.0,0.0,0.0,0.0,0.0,0.0,0.0,0.0,0.0,0.0,0.0,0.0,0.0,0.0,0.0,0.0,0.0,0.0,0.0,0.0,0.0,0.0,0.0,0.0,0.0,0.0,0.0,0.0,0.0
1721315223000000000,1.7213152229903396e+18,-1.0,29.91,-1.0,10.73,-1.0,96.24,14.0,0.0,0.0,0.0,0.0,0.0,0.0,0.0,0.0,0.0,0.0,0.0,0.0,0.0,0.0,0.0,0.0,0.0,0.0,0.0,0.0,0.0,0.0,0.0,0.0,0.0,0.0,0.0,0.0,0.0,0.0,0.0,0.0,0.0,0.0,0.0,0.0
1721315223033333333,1.7213152229903396e+18,-1.0,29.91,-1.0,10.73,-1.0,96.24,14.0,0.0,0.0,0.0,0.0,0.0,0.0,0.0,0.0,0.0,0.0,0.0,0.0,0.0,0.0,0.0,0.0,0.0,0.0,0.0,0.0,0.0,0.0,0.0,0.0,0.0,0.0,0.0,0.0,0.0,0.0,0.0,0.0,0.0,0.0,0.0,0.0
1721315223066666666,1.7213152230393354e+18,-1.0,29.91,-1.0,11.08,-1.0,96.64,13.0,0.0,0.0,0.0,0.0,0.0,0.0,0.0,0.0,0.0,0.0,0.0,0.0,0.0,0.0,0.0,0.0,0.0,0.0,0.0,0.0,0.0,0.0,0.0,0.0,0.0,0.0,0.0,0.0,0.0,0.0,0.0,0.0,0.0,0.0,0.0,0.0
1721315223100000000,1.7213152230888745e+18,-1.0,29.91,-1.0,11.78,-1.0,96.24,14.0,0.0,0.0,0.0,0.0,0.0,0.0,0.0,0.0,0.0,0.0,0.0,0.0,0.0,0.0,0.0,0.0,0.0,0.0,0.0,0.0,0.0,0.0,0.0,0.0,0.0,0.0,0.0,0.0,0.0,0.0,0.0,0.0,0.0,0.0,0.0,0.0
1721315223133333333,1.7213152230888745e+18,-1.0,29.91,-1.0,11.78,-1.0,96.24,14.0,0.0,0.0,0.0,0.0,0.0,0.0,0.0,0.0,0.0,0.0,0.0,0.0,0.0,0.0,0.0,0.0,0.0,0.0,0.0,0.0,0.0,0.0,0.0,0.0,0.0,0.0,0.0,0.0,0.0,0.0,0.0,0.0,0.0,0.0,0.0,0.0
1721315223166666666,1.7213152231378742e+18,-1.0,29.91,-1.0,11.95,-1.0,95.84,13.0,0.0,0.0,0.0,0.0,0.0,0.0,0.0,0.0,0.0,0.0,0.0,0.0,0.0,0.0,0.0,0.0,0.0,0.0,0.0,0.0,0.0,0.0,0.0,0.0,0.0,0.0,0.0,0.0,0.0,0.0,0.0,0.0,0.0,0.0,0.0,0.0
1721315223200000000,1.721315223187425e+18,-1.0,29.91,-1.0,12.31,-1.0,91.93,14.0,0.0,0.0,0.0,0.0,0.0,0.0,0.0,0.0,0.0,0.0,0.0,0.0,0.0,0.0,0.0,0.0,0.0,0.0,0.0,0.0,0.0,0.0,0.0,0.0,0.0,0.0,0.0,0.0,0.0,0.0,0.0,0.0,0.0,0.0,0.0,0.0
1721315223233333333,1.721315223187425e+18,-1.0,29.91,-1.0,12.31,-1.0,91.93,14.0,0.0,0.0,0.0,0.0,0.0,0.0,0.0,0.0,0.0,0.0,0.0,0.0,0.0,0.0,0.0,0.0,0.0,0.0,0.0,0.0,0.0,0.0,0.0,0.0,0.0,0.0,0.0,0.0,0.0,0.0,0.0,0.0,0.0,0.0,0.0,0.0
1721315223266666666,1.72131522323642e+18,-1.0,29.7,-1.0,11.78,-1.0,88.89,14.0,0.0,0.0,0.0,0.0,0.0,0.0,0.0,0.0,0.0,0.0,0.0,0.0,0.0,0.0,0.0,0.0,0.0,0.0,0.0,0.0,0.0,0.0,0.0,0.0,0.0,0.0,0.0,0.0,0.0,0.0,0.0,0.0,0.0,0.0,0.0,0.0
1721315223300000000,1.72131522328445e+18,-1.0,29.91,-1.0,11.43,-1.0,86.29,14.0,0.0,0.0,0.0,0.0,0.0,0.0,0.0,0.0,0.0,0.0,0.0,0.0,0.0,0.0,0.0,0.0,0.0,0.0,0.0,0.0,0.0,0.0,0.0,0.0,0.0,0.0,0.0,0.0,0.0,0.0,0.0,0.0,0.0,0.0,0.0,0.0
1721315223333333333,1.72131522328445e+18,-1.0,29.91,-1.0,11.43,-1.0,86.29,14.0,0.0,0.0,0.0,0.0,0.0,0.0,0.0,0.0,0.0,0.0,0.0,0.0,0.0,0.0,0.0,0.0,0.0,0.0,0.0,0.0,0.0,0.0,0.0,0.0,0.0,0.0,0.0,0.0,0.0,0.0,0.0,0.0,0.0,0.0,0.0,0.0
1721315223366666666,1.7213152233349775e+18,-1.0,29.7,-1.0,12.13,-1.0,87.4,13.0,0.0,0.0,0.0,0.0,0.0,0.0,0.0,0.0,0.0,0.0,0.0,0.0,0.0,0.0,0.0,0.0,0.0,0.0,0.0,0.0,0.0,0.0,0.0,0.0,0.0,0.0,0.0,0.0,0.0,0.0,0.0,0.0,0.0,0.0,0.0,0.0
1721315223400000000,1.721315223383981e+18,-1.0,29.91,-1.0,11.6,-1.0,87.03,14.0,0.0,0.0,0.0,0.0,0.0,0.0,0.0,0.0,0.0,0.0,0.0,0.0,0.0,0.0,0.0,0.0,0.0,0.0,0.0,0.0,0.0,0.0,0.0,0.0,0.0,0.0,0.0,0.0,0.0,0.0,0.0,0.0,0.0,0.0,0.0,0.0
1721315223433333333,1.721315223432493e+18,-1.0,29.91,-1.0,11.78,-1.0,89.64,13.0,0.0,0.0,0.0,0.0,0.0,0.0,0.0,0.0,0.0,0.0,0.0,0.0,0.0,0.0,0.0,0.0,0.0,0.0,0.0,0.0,0.0,0.0,0.0,0.0,0.0,0.0,0.0,0.0,0.0,0.0,0.0,0.0,0.0,0.0,0.0,0.0
1721315223466666666,1.721315223432493e+18,-1.0,29.91,-1.0,11.78,-1.0,89.64,13.0,0.0,0.0,0.0,0.0,0.0,0.0,0.0,0.0,0.0,0.0,0.0,0.0,0.0,0.0,0.0,0.0,0.0,0.0,0.0,0.0,0.0,0.0,0.0,0.0,0.0,0.0,0.0,0.0,0.0,0.0,0.0,0.0,0.0,0.0,0.0,0.0
1721315223500000000,1.7213152234825185e+18,-1.0,29.91,-1.0,11.25,-1.0,87.03,14.0,0.0,0.0,0.0,0.0,0.0,0.0,0.0,0.0,0.0,0.0,0.0,0.0,0.0,0.0,0.0,0.0,0.0,0.0,0.0,0.0,0.0,0.0,0.0,0.0,0.0,0.0,0.0,0.0,0.0,0.0,0.0,0.0,0.0,0.0,0.0,0.0
1721315223533333333,1.721315223531069e+18,-1.0,29.91,-1.0,11.43,-1.0,88.14,14.0,0.0,0.0,0.0,0.0,0.0,0.0,0.0,0.0,0.0,0.0,0.0,0.0,0.0,0.0,0.0,0.0,0.0,0.0,0.0,0.0,0.0,0.0,0.0,0.0,0.0,0.0,0.0,0.0,0.0,0.0,0.0,0.0,0.0,0.0,0.0,0.0
1721315223566666666,1.721315223531069e+18,-1.0,29.91,-1.0,11.43,-1.0,88.14,14.0,0.0,0.0,0.0,0.0,0.0,0.0,0.0,0.0,0.0,0.0,0.0,0.0,0.0,0.0,0.0,0.0,0.0,0.0,0.0,0.0,0.0,0.0,0.0,0.0,0.0,0.0,0.0,0.0,0.0,0.0,0.0,0.0,0.0,0.0,0.0,0.0
1721315223600000000,1.7213152235800745e+18,-1.0,29.91,-1.0,10.55,-1.0,78.12,14.0,0.0,0.0,0.0,0.0,0.0,0.0,0.0,0.0,0.0,0.0,0.0,0.0,0.0,0.0,0.0,0.0,0.0,0.0,0.0,0.0,0.0,0.0,0.0,0.0,0.0,0.0,0.0,0.0,0.0,0.0,0.0,0.0,0.0,0.0,0.0,0.0
1721315223633333333,1.721315223625233e+18,-1.0,29.7,-1.0,10.38,-1.0,74.74,14.0,0.0,0.0,0.0,0.0,0.0,0.0,0.0,0.0,0.0,0.0,0.0,0.0,0.0,0.0,0.0,0.0,0.0,0.0,0.0,0.0,0.0,0.0,0.0,0.0,0.0,0.0,0.0,0.0,0.0,0.0,0.0,0.0,0.0,0.0,0.0,0.0
1721315223666666666,1.721315223625233e+18,-1.0,29.7,-1.0,10.38,-1.0,74.74,14.0,0.0,0.0,0.0,0.0,0.0,0.0,0.0,0.0,0.0,0.0,0.0,0.0,0.0,0.0,0.0,0.0,0.0,0.0,0.0,0.0,0.0,0.0,0.0,0.0,0.0,0.0,0.0,0.0,0.0,0.0,0.0,0.0,0.0,0.0,0.0,0.0
1721315223700000000,1.7213152236742472e+18,-1.0,29.91,-1.0,9.69,-1.0,75.74,14.0,0.0,0.0,0.0,0.0,0.0,0.0,0.0,0.0,0.0,0.0,0.0,0.0,0.0,0.0,0.0,0.0,0.0,0.0,0.0,0.0,0.0,0.0,0.0,0.0,0.0,0.0,0.0,0.0,0.0,0.0,0.0,0.0,0.0,0.0,0.0,0.0
1721315223733333333,1.7213152237237632e+18,-1.0,29.91,-1.0,10.21,-1.0,79.5,14.0,0.0,0.0,0.0,0.0,0.0,0.0,0.0,0.0,0.0,0.0,0.0,0.0,0.0,0.0,0.0,0.0,0.0,0.0,0.0,0.0,0.0,0.0,0.0,0.0,0.0,0.0,0.0,0.0,0.0,0.0,0.0,0.0,0.0,0.0,0.0,0.0
1721315223766666666,1.7213152237237632e+18,-1.0,29.91,-1.0,10.21,-1.0,79.5,14.0,0.0,0.0,0.0,0.0,0.0,0.0,0.0,0.0,0.0,0.0,0.0,0.0,0.0,0.0,0.0,0.0,0.0,0.0,0.0,0.0,0.0,0.0,0.0,0.0,0.0,0.0,0.0,0.0,0.0,0.0,0.0,0.0,0.0,0.0,0.0,0.0
1721315223800000000,1.721315223772784e+18,-1.0,29.91,-1.0,11.08,-1.0,82.31,14.0,0.0,0.0,0.0,0.0,0.0,0.0,0.0,0.0,0.0,0.0,0.0,0.0,0.0,0.0,0.0,0.0,0.0,0.0,0.0,0.0,0.0,0.0,0.0,0.0,0.0,0.0,0.0,0.0,0.0,0.0,0.0,0.0,0.0,0.0,0.0,0.0
1721315223833333333,1.7213152238223045e+18,-1.0,29.7,-1.0,11.08,-1.0,83.38,14.0,0.0,0.0,0.0,0.0,0.0,0.0,0.0,0.0,0.0,0.0,0.0,0.0,0.0,0.0,0.0,0.0,0.0,0.0,0.0,0.0,0.0,0.0,0.0,0.0,0.0,0.0,0.0,0.0,0.0,0.0,0.0,0.0,0.0,0.0,0.0,0.0
1721315223866666666,1.7213152238223045e+18,-1.0,29.7,-1.0,11.08,-1.0,83.38,14.0,0.0,0.0,0.0,0.0,0.0,0.0,0.0,0.0,0.0,0.0,0.0,0.0,0.0,0.0,0.0,0.0,0.0,0.0,0.0,0.0,0.0,0.0,0.0,0.0,0.0,0.0,0.0,0.0,0.0,0.0,0.0,0.0,0.0,0.0,0.0,0.0
1721315223900000000,1.721315223870588e+18,-1.0,29.91,-1.0,9.69,-1.0,84.1,13.0,0.0,0.0,0.0,0.0,0.0,0.0,0.0,0.0,0.0,0.0,0.0,0.0,0.0,0.0,0.0,0.0,0.0,0.0,0.0,0.0,0.0,0.0,0.0,0.0,0.0,0.0,0.0,0.0,0.0,0.0,0.0,0.0,0.0,0.0,0.0,0.0
1721315223933333333,1.7213152239201316e+18,-1.0,29.91,-1.0,10.73,-1.0,85.56,14.0,0.0,0.0,0.0,0.0,0.0,0.0,0.0,0.0,0.0,0.0,0.0,0.0,0.0,0.0,0.0,0.0,0.0,0.0,0.0,0.0,0.0,0.0,0.0,0.0,0.0,0.0,0.0,0.0,0.0,0.0,0.0,0.0,0.0,0.0,0.0,0.0
1721315223966666666,1.7213152239201316e+18,-1.0,29.91,-1.0,10.73,-1.0,85.56,14.0,0.0,0.0,0.0,0.0,0.0,0.0,0.0,0.0,0.0,0.0,0.0,0.0,0.0,0.0,0.0,0.0,0.0,0.0,0.0,0.0,0.0,0.0,0.0,0.0,0.0,0.0,0.0,0.0,0.0,0.0,0.0,0.0,0.0,0.0,0.0,0.0
1721315224000000000,1.721315223969136e+18,-1.0,29.91,-1.0,10.55,-1.0,82.67,13.0,0.0,0.0,0.0,0.0,0.0,0.0,0.0,0.0,0.0,0.0,0.0,0.0,0.0,0.0,0.0,0.0,0.0,0.0,0.0,0.0,0.0,0.0,0.0,0.0,0.0,0.0,0.0,0.0,0.0,0.0,0.0,0.0,0.0,0.0,0.0,0.0
1721315224033333333,1.7213152240146716e+18,-1.0,29.7,-1.0,9.86,-1.0,82.67,14.0,0.0,0.0,0.0,0.0,0.0,0.0,0.0,0.0,0.0,0.0,0.0,0.0,0.0,0.0,0.0,0.0,0.0,0.0,0.0,0.0,0.0,0.0,0.0,0.0,0.0,0.0,0.0,0.0,0.0,0.0,0.0,0.0,0.0,0.0,0.0,0.0
1721315224066666666,1.721315224063663e+18,-1.0,29.91,-1.0,11.25,-1.0,85.56,14.0,0.0,0.0,0.0,0.0,0.0,0.0,0.0,0.0,0.0,0.0,0.0,0.0,0.0,0.0,0.0,0.0,0.0,0.0,0.0,0.0,0.0,0.0,0.0,0.0,0.0,0.0,0.0,0.0,0.0,0.0,0.0,0.0,0.0,0.0,0.0,0.0
1721315224100000000,1.721315224063663e+18,-1.0,29.91,-1.0,11.25,-1.0,85.56,14.0,0.0,0.0,0.0,0.0,0.0,0.0,0.0,0.0,0.0,0.0,0.0,0.0,0.0,0.0,0.0,0.0,0.0,0.0,0.0,0.0,0.0,0.0,0.0,0.0,0.0,0.0,0.0,0.0,0.0,0.0,0.0,0.0,0.0,0.0,0.0,0.0
1721315224133333333,1.7213152241132155e+18,-1.0,29.91,-1.0,11.78,-1.0,87.4,14.0,0.0,0.0,0.0,0.0,0.0,0.0,0.0,0.0,0.0,0.0,0.0,0.0,0.0,0.0,0.0,0.0,0.0,0.0,0.0,0.0,0.0,0.0,0.0,0.0,0.0,0.0,0.0,0.0,0.0,0.0,0.0,0.0,0.0,0.0,0.0,0.0
1721315224166666666,1.7213152241623913e+18,-1.0,29.91,-1.0,10.9,-1.0,91.16,13.0,0.0,0.0,0.0,0.0,0.0,0.0,0.0,0.0,0.0,0.0,0.0,0.0,0.0,0.0,0.0,0.0,0.0,0.0,0.0,0.0,0.0,0.0,0.0,0.0,0.0,0.0,0.0,0.0,0.0,0.0,0.0,0.0,0.0,0.0,0.0,0.0
1721315224200000000,1.7213152241623913e+18,-1.0,29.91,-1.0,10.9,-1.0,91.16,13.0,0.0,0.0,0.0,0.0,0.0,0.0,0.0,0.0,0.0,0.0,0.0,0.0,0.0,0.0,0.0,0.0,0.0,0.0,0.0,0.0,0.0,0.0,0.0,0.0,0.0,0.0,0.0,0.0,0.0,0.0,0.0,0.0,0.0,0.0,0.0,0.0
1721315224233333333,1.7213152242109084e+18,-1.0,29.91,-1.0,10.55,-1.0,90.02,14.0,0.0,0.0,0.0,0.0,0.0,0.0,0.0,0.0,0.0,0.0,0.0,0.0,0.0,0.0,0.0,0.0,0.0,0.0,0.0,0.0,0.0,0.0,0.0,0.0,0.0,0.0,0.0,0.0,0.0,0.0,0.0,0.0,0.0,0.0,0.0,0.0
1721315224266666666,1.7213152242599096e+18,-1.0,29.91,-1.0,11.25,-1.0,89.64,14.0,0.0,0.0,0.0,0.0,0.0,0.0,0.0,0.0,0.0,0.0,0.0,0.0,0.0,0.0,0.0,0.0,0.0,0.0,0.0,0.0,0.0,0.0,0.0,0.0,0.0,0.0,0.0,0.0,0.0,0.0,0.0,0.0,0.0,0.0,0.0,0.0
1721315224300000000,1.7213152242599096e+18,-1.0,29.91,-1.0,11.25,-1.0,89.64,14.0,0.0,0.0,0.0,0.0,0.0,0.0,0.0,0.0,0.0,0.0,0.0,0.0,0.0,0.0,0.0,0.0,0.0,0.0,0.0,0.0,0.0,0.0,0.0,0.0,0.0,0.0,0.0,0.0,0.0,0.0,0.0,0.0,0.0,0.0,0.0,0.0
1721315224333333333,1.7213152243096673e+18,-1.0,29.7,-1.0,10.55,-1.0,93.09,14.0,0.0,0.0,0.0,0.0,0.0,0.0,0.0,0.0,0.0,0.0,0.0,0.0,0.0,0.0,0.0,0.0,0.0,0.0,0.0,0.0,0.0,0.0,0.0,0.0,0.0,0.0,0.0,0.0,0.0,0.0,0.0,0.0,0.0,0.0,0.0,0.0
1721315224366666666,1.7213152243586724e+18,-1.0,29.7,-1.0,10.55,-1.0,90.02,14.0,0.0,0.0,0.0,0.0,0.0,0.0,0.0,0.0,0.0,0.0,0.0,0.0,0.0,0.0,0.0,0.0,0.0,0.0,0.0,0.0,0.0,0.0,0.0,0.0,0.0,0.0,0.0,0.0,0.0,0.0,0.0,0.0,0.0,0.0,0.0,0.0
1721315224400000000,1.7213152243586724e+18,-1.0,29.7,-1.0,10.55,-1.0,90.02,14.0,0.0,0.0,0.0,0.0,0.0,0.0,0.0,0.0,0.0,0.0,0.0,0.0,0.0,0.0,0.0,0.0,0.0,0.0,0.0,0.0,0.0,0.0,0.0,0.0,0.0,0.0,0.0,0.0,0.0,0.0,0.0,0.0,0.0,0.0,0.0,0.0
1721315224433333333,1.7213152244071995e+18,-1.0,29.7,-1.0,11.25,-1.0,96.24,14.0,0.0,0.0,0.0,0.0,0.0,0.0,0.0,0.0,0.0,0.0,0.0,0.0,0.0,0.0,0.0,0.0,0.0,0.0,0.0,0.0,0.0,0.0,0.0,0.0,0.0,0.0,0.0,0.0,0.0,0.0,0.0,0.0,0.0,0.0,0.0,0.0
1721315224466666666,1.7213152244561884e+18,-1.0,29.7,-1.0,10.73,-1.0,96.64,14.0,0.0,0.0,0.0,0.0,0.0,0.0,0.0,0.0,0.0,0.0,0.0,0.0,0.0,0.0,0.0,0.0,0.0,0.0,0.0,0.0,0.0,0.0,0.0,0.0,0.0,0.0,0.0,0.0,0.0,0.0,0.0,0.0,0.0,0.0,0.0,0.0
1721315224500000000,1.7213152244561884e+18,-1.0,29.7,-1.0,10.73,-1.0,96.64,14.0,0.0,0.0,0.0,0.0,0.0,0.0,0.0,0.0,0.0,0.0,0.0,0.0,0.0,0.0,0.0,0.0,0.0,0.0,0.0,0.0,0.0,0.0,0.0,0.0,0.0,0.0,0.0,0.0,0.0,0.0,0.0,0.0,0.0,0.0,0.0,0.0
1721315224533333333,1.721315224506393e+18,-1.0,29.91,-1.0,11.08,-1.0,96.64,14.0,0.0,0.0,0.0,0.0,0.0,0.0,0.0,0.0,0.0,0.0,0.0,0.0,0.0,0.0,0.0,0.0,0.0,0.0,0.0,0.0,0.0,0.0,0.0,0.0,0.0,0.0,0.0,0.0,0.0,0.0,0.0,0.0,0.0,0.0,0.0,0.0
1721315224566666666,1.721315224554862e+18,-1.0,29.91,-1.0,12.13,-1.0,95.05,14.0,0.0,0.0,0.0,0.0,0.0,0.0,0.0,0.0,0.0,0.0,0.0,0.0,0.0,0.0,0.0,0.0,0.0,0.0,0.0,0.0,0.0,0.0,0.0,0.0,0.0,0.0,0.0,0.0,0.0,0.0,0.0,0.0,0.0,0.0,0.0,0.0
1721315224600000000,1.721315224554862e+18,-1.0,29.91,-1.0,12.13,-1.0,95.05,14.0,0.0,0.0,0.0,0.0,0.0,0.0,0.0,0.0,0.0,0.0,0.0,0.0,0.0,0.0,0.0,0.0,0.0,0.0,0.0,0.0,0.0,0.0,0.0,0.0,0.0,0.0,0.0,0.0,0.0,0.0,0.0,0.0,0.0,0.0,0.0,0.0
1721315224633333333,1.7213152246003835e+18,-1.0,29.91,-1.0,11.78,-1.0,95.44,14.0,0.0,0.0,0.0,0.0,0.0,0.0,0.0,0.0,0.0,0.0,0.0,0.0,0.0,0.0,0.0,0.0,0.0,0.0,0.0,0.0,0.0,0.0,0.0,0.0,0.0,0.0,0.0,0.0,0.0,0.0,0.0,0.0,0.0,0.0,0.0,0.0
1721315224666666666,1.7213152246493855e+18,-1.0,29.91,-1.0,19.32,-1.0,99.06,14.0,0.0,0.0,0.0,0.0,0.0,0.0,0.0,0.0,0.0,0.0,0.0,0.0,0.0,0.0,0.0,0.0,0.0,0.0,0.0,0.0,0.0,0.0,0.0,0.0,0.0,0.0,0.0,0.0,0.0,0.0,0.0,0.0,0.0,0.0,0.0,0.0
1721315224700000000,1.7213152246493855e+18,-1.0,29.91,-1.0,19.32,-1.0,99.06,14.0,0.0,0.0,0.0,0.0,0.0,0.0,0.0,0.0,0.0,0.0,0.0,0.0,0.0,0.0,0.0,0.0,0.0,0.0,0.0,0.0,0.0,0.0,0.0,0.0,0.0,0.0,0.0,0.0,0.0,0.0,0.0,0.0,0.0,0.0,0.0,0.0
1721315224733333333,1.721315224702476e+18,-1.0,29.91,-1.0,27.36,-1.0,100.7,14.0,0.0,0.0,0.0,0.0,0.0,0.0,0.0,0.0,0.0,0.0,0.0,0.0,0.0,0.0,0.0,0.0,0.0,0.0,0.0,0.0,0.0,0.0,0.0,0.0,0.0,0.0,0.0,0.0,0.0,0.0,0.0,0.0,0.0,0.0,0.0,0.0
1721315224766666666,1.721315224751475e+18,-1.0,29.91,-1.0,24.66,-1.0,104.89,14.0,0.0,0.0,0.0,0.0,0.0,0.0,0.0,0.0,0.0,0.0,0.0,0.0,0.0,0.0,0.0,0.0,0.0,0.0,0.0,0.0,0.0,0.0,0.0,0.0,0.0,0.0,0.0,0.0,0.0,0.0,0.0,0.0,0.0,0.0,0.0,0.0
1721315224800000000,1.721315224751475e+18,-1.0,29.91,-1.0,24.66,-1.0,104.89,14.0,0.0,0.0,0.0,0.0,0.0,0.0,0.0,0.0,0.0,0.0,0.0,0.0,0.0,0.0,0.0,0.0,0.0,0.0,0.0,0.0,0.0,0.0,0.0,0.0,0.0,0.0,0.0,0.0,0.0,0.0,0.0,0.0,0.0,0.0,0.0,0.0
1721315224833333333,1.721315224800996e+18,-1.0,29.7,-1.0,26.1,-1.0,106.18,14.0,0.0,0.0,0.0,0.0,0.0,0.0,0.0,0.0,0.0,0.0,0.0,0.0,0.0,0.0,0.0,0.0,0.0,0.0,0.0,0.0,0.0,0.0,0.0,0.0,0.0,0.0,0.0,0.0,0.0,0.0,0.0,0.0,0.0,0.0,0.0,0.0
1721315224866666666,1.7213152248500014e+18,-1.0,29.91,-1.0,27.99,-1.0,104.89,13.0,0.0,0.0,0.0,0.0,0.0,0.0,0.0,0.0,0.0,0.0,0.0,0.0,0.0,0.0,0.0,0.0,0.0,0.0,0.0,0.0,0.0,0.0,0.0,0.0,0.0,0.0,0.0,0.0,0.0,0.0,0.0,0.0,0.0,0.0,0.0,0.0
1721315224900000000,1.7213152248995425e+18,-1.0,29.91,-1.0,26.31,-1.0,105.75,14.0,0.0,0.0,0.0,0.0,0.0,0.0,0.0,0.0,0.0,0.0,0.0,0.0,0.0,0.0,0.0,0.0,0.0,0.0,0.0,0.0,0.0,0.0,0.0,0.0,0.0,0.0,0.0,0.0,0.0,0.0,0.0,0.0,0.0,0.0,0.0,0.0
1721315224933333333,1.7213152248995425e+18,-1.0,29.91,-1.0,26.31,-1.0,105.75,14.0,0.0,0.0,0.0,0.0,0.0,0.0,0.0,0.0,0.0,0.0,0.0,0.0,0.0,0.0,0.0,0.0,0.0,0.0,0.0,0.0,0.0,0.0,0.0,0.0,0.0,0.0,0.0,0.0,0.0,0.0,0.0,0.0,0.0,0.0,0.0,0.0
1721315224966666666,1.7213152249526067e+18,-1.0,29.91,-1.0,25.28,-1.0,105.75,14.0,0.0,0.0,0.0,0.0,0.0,0.0,0.0,0.0,0.0,0.0,0.0,0.0,0.0,0.0,0.0,0.0,0.0,0.0,0.0,0.0,0.0,0.0,0.0,0.0,0.0,0.0,0.0,0.0,0.0,0.0,0.0,0.0,0.0,0.0,0.0,0.0
1721315225000000000,1.7213152249526067e+18,-1.0,29.91,-1.0,25.28,-1.0,105.75,14.0,0.0,0.0,0.0,0.0,0.0,0.0,0.0,0.0,0.0,0.0,0.0,0.0,0.0,0.0,0.0,0.0,0.0,0.0,0.0,0.0,0.0,0.0,0.0,0.0,0.0,0.0,0.0,0.0,0.0,0.0,0.0,0.0,0.0,0.0,0.0,0.0
1721315225033333333,1.7213152250020275e+18,-1.0,29.7,-1.0,26.1,-1.0,103.62,13.0,0.0,0.0,0.0,0.0,0.0,0.0,0.0,0.0,0.0,0.0,0.0,0.0,0.0,0.0,0.0,0.0,0.0,0.0,0.0,0.0,0.0,0.0,0.0,0.0,0.0,0.0,0.0,0.0,0.0,0.0,0.0,0.0,0.0,0.0,0.0,0.0
1721315225066666666,1.721315225051026e+18,-1.0,29.91,-1.0,28.63,-1.0,104.47,13.0,0.0,0.0,0.0,0.0,0.0,0.0,0.0,0.0,0.0,0.0,0.0,0.0,0.0,0.0,0.0,0.0,0.0,0.0,0.0,0.0,0.0,0.0,0.0,0.0,0.0,0.0,0.0,0.0,0.0,0.0,0.0,0.0,0.0,0.0,0.0,0.0
1721315225100000000,1.7213152250995548e+18,-1.0,29.91,-1.0,32.1,-1.0,104.89,14.0,0.0,0.0,0.0,0.0,0.0,0.0,0.0,0.0,0.0,0.0,0.0,0.0,0.0,0.0,0.0,0.0,0.0,0.0,0.0,0.0,0.0,0.0,0.0,0.0,0.0,0.0,0.0,0.0,0.0,0.0,0.0,0.0,0.0,0.0,0.0,0.0
1721315225133333333,1.7213152250995548e+18,-1.0,29.91,-1.0,32.1,-1.0,104.89,14.0,0.0,0.0,0.0,0.0,0.0,0.0,0.0,0.0,0.0,0.0,0.0,0.0,0.0,0.0,0.0,0.0,0.0,0.0,0.0,0.0,0.0,0.0,0.0,0.0,0.0,0.0,0.0,0.0,0.0,0.0,0.0,0.0,0.0,0.0,0.0,0.0
1721315225166666666,1.721315225149547e+18,-1.0,29.91,-1.0,32.99,-1.0,104.89,14.0,0.0,0.0,0.0,0.0,0.0,0.0,0.0,0.0,0.0,0.0,0.0,0.0,0.0,0.0,0.0,0.0,0.0,0.0,0.0,0.0,0.0,0.0,0.0,0.0,0.0,0.0,0.0,0.0,0.0,0.0,0.0,0.0,0.0,0.0,0.0,0.0
1721315225200000000,1.721315225198062e+18,-1.0,29.7,-1.0,29.7,-1.0,105.75,14.0,0.0,0.0,0.0,0.0,0.0,0.0,0.0,0.0,0.0,0.0,0.0,0.0,0.0,0.0,0.0,0.0,0.0,0.0,0.0,0.0,0.0,0.0,0.0,0.0,0.0,0.0,0.0,0.0,0.0,0.0,0.0,0.0,0.0,0.0,0.0,0.0
1721315225233333333,1.721315225198062e+18,-1.0,29.7,-1.0,29.7,-1.0,105.75,14.0,0.0,0.0,0.0,0.0,0.0,0.0,0.0,0.0,0.0,0.0,0.0,0.0,0.0,0.0,0.0,0.0,0.0,0.0,0.0,0.0,0.0,0.0,0.0,0.0,0.0,0.0,0.0,0.0,0.0,0.0,0.0,0.0,0.0,0.0,0.0,0.0
1721315225266666666,1.7213152252512182e+18,-1.0,29.7,-1.0,21.46,-1.0,106.18,14.0,0.0,0.0,0.0,0.0,0.0,0.0,0.0,0.0,0.0,0.0,0.0,0.0,0.0,0.0,0.0,0.0,0.0,0.0,0.0,0.0,0.0,0.0,0.0,0.0,0.0,0.0,0.0,0.0,0.0,0.0,0.0,0.0,0.0,0.0,0.0,0.0
1721315225300000000,1.7213152252512182e+18,-1.0,29.7,-1.0,21.46,-1.0,106.18,14.0,0.0,0.0,0.0,0.0,0.0,0.0,0.0,0.0,0.0,0.0,0.0,0.0,0.0,0.0,0.0,0.0,0.0,0.0,0.0,0.0,0.0,0.0,0.0,0.0,0.0,0.0,0.0,0.0,0.0,0.0,0.0,0.0,0.0,0.0,0.0,0.0
1721315225333333333,1.7213152253008868e+18,-1.0,29.91,-1.0,9.86,-1.0,104.47,14.0,0.0,0.0,0.0,0.0,0.0,0.0,0.0,0.0,0.0,0.0,0.0,0.0,0.0,0.0,0.0,0.0,0.0,0.0,0.0,0.0,0.0,0.0,0.0,0.0,0.0,0.0,0.0,0.0,0.0,0.0,0.0,0.0,0.0,0.0,0.0,0.0
1721315225366666666,1.7213152253501358e+18,-1.0,29.91,-1.0,11.78,-1.0,101.94,14.0,0.0,0.0,0.0,0.0,0.0,0.0,0.0,0.0,0.0,0.0,0.0,0.0,0.0,0.0,0.0,0.0,0.0,0.0,0.0,0.0,0.0,0.0,0.0,0.0,0.0,0.0,0.0,0.0,0.0,0.0,0.0,0.0,0.0,0.0,0.0,0.0
1721315225400000000,1.721315225398704e+18,-1.0,29.91,-1.0,11.95,-1.0,101.94,14.0,0.0,0.0,0.0,0.0,0.0,0.0,0.0,0.0,0.0,0.0,0.0,0.0,0.0,0.0,0.0,0.0,0.0,0.0,0.0,0.0,0.0,0.0,0.0,0.0,0.0,0.0,0.0,0.0,0.0,0.0,0.0,0.0,0.0,0.0,0.0,0.0
1721315225433333333,1.721315225398704e+18,-1.0,29.91,-1.0,11.95,-1.0,101.94,14.0,0.0,0.0,0.0,0.0,0.0,0.0,0.0,0.0,0.0,0.0,0.0,0.0,0.0,0.0,0.0,0.0,0.0,0.0,0.0,0.0,0.0,0.0,0.0,0.0,0.0,0.0,0.0,0.0,0.0,0.0,0.0,0.0,0.0,0.0,0.0,0.0
1721315225466666666,1.7213152254477046e+18,-1.0,29.91,-1.0,11.6,-1.0,92.7,14.0,0.0,0.0,0.0,0.0,0.0,0.0,0.0,0.0,0.0,0.0,0.0,0.0,0.0,0.0,0.0,0.0,0.0,0.0,0.0,0.0,0.0,0.0,0.0,0.0,0.0,0.0,0.0,0.0,0.0,0.0,0.0,0.0,0.0,0.0,0.0,0.0
1721315225500000000,1.7213152254973824e+18,-1.0,29.91,-1.0,10.73,-1.0,90.02,14.0,0.0,0.0,0.0,0.0,0.0,0.0,0.0,0.0,0.0,0.0,0.0,0.0,0.0,0.0,0.0,0.0,0.0,0.0,0.0,0.0,0.0,0.0,0.0,0.0,0.0,0.0,0.0,0.0,0.0,0.0,0.0,0.0,0.0,0.0,0.0,0.0
1721315225533333333,1.7213152254973824e+18,-1.0,29.91,-1.0,10.73,-1.0,90.02,14.0,0.0,0.0,0.0,0.0,0.0,0.0,0.0,0.0,0.0,0.0,0.0,0.0,0.0,0.0,0.0,0.0,0.0,0.0,0.0,0.0,0.0,0.0,0.0,0.0,0.0,0.0,0.0,0.0,0.0,0.0,0.0,0.0,0.0,0.0,0.0,0.0
1721315225566666666,1.7213152255460833e+18,-1.0,29.91,-1.0,10.73,-1.0,94.65,14.0,0.0,0.0,0.0,0.0,0.0,0.0,0.0,0.0,0.0,0.0,0.0,0.0,0.0,0.0,0.0,0.0,0.0,0.0,0.0,0.0,0.0,0.0,0.0,0.0,0.0,0.0,0.0,0.0,0.0,0.0,0.0,0.0,0.0,0.0,0.0,0.0
1721315225600000000,1.7213152255949722e+18,-1.0,29.91,-1.0,10.55,-1.0,99.47,14.0,0.0,0.0,0.0,0.0,0.0,0.0,0.0,0.0,0.0,0.0,0.0,0.0,0.0,0.0,0.0,0.0,0.0,0.0,0.0,0.0,0.0,0.0,0.0,0.0,0.0,0.0,0.0,0.0,0.0,0.0,0.0,0.0,0.0,0.0,0.0,0.0
1721315225633333333,1.7213152255949722e+18,-1.0,29.91,-1.0,10.55,-1.0,99.47,14.0,0.0,0.0,0.0,0.0,0.0,0.0,0.0,0.0,0.0,0.0,0.0,0.0,0.0,0.0,0.0,0.0,0.0,0.0,0.0,0.0,0.0,0.0,0.0,0.0,0.0,0.0,0.0,0.0,0.0,0.0,0.0,0.0,0.0,0.0,0.0,0.0
1721315225666666666,1.7213152256442058e+18,-1.0,29.7,-1.0,10.9,-1.0,99.47,14.0,0.0,0.0,0.0,0.0,0.0,0.0,0.0,0.0,0.0,0.0,0.0,0.0,0.0,0.0,0.0,0.0,0.0,0.0,0.0,0.0,0.0,0.0,0.0,0.0,0.0,0.0,0.0,0.0,0.0,0.0,0.0,0.0,0.0,0.0,0.0,0.0
1721315225700000000,1.721315225693398e+18,-1.0,29.91,-1.0,10.55,-1.0,97.04,14.0,0.0,0.0,0.0,0.0,0.0,0.0,0.0,0.0,0.0,0.0,0.0,0.0,0.0,0.0,0.0,0.0,0.0,0.0,0.0,0.0,0.0,0.0,0.0,0.0,0.0,0.0,0.0,0.0,0.0,0.0,0.0,0.0,0.0,0.0,0.0,0.0
1721315225733333333,1.721315225693398e+18,-1.0,29.91,-1.0,10.55,-1.0,97.04,14.0,0.0,0.0,0.0,0.0,0.0,0.0,0.0,0.0,0.0,0.0,0.0,0.0,0.0,0.0,0.0,0.0,0.0,0.0,0.0,0.0,0.0,0.0,0.0,0.0,0.0,0.0,0.0,0.0,0.0,0.0,0.0,0.0,0.0,0.0,0.0,0.0
1721315225766666666,1.7213152257425068e+18,-1.0,29.91,-1.0,10.73,-1.0,97.04,14.0,0.0,0.0,0.0,0.0,0.0,0.0,0.0,0.0,0.0,0.0,0.0,0.0,0.0,0.0,0.0,0.0,0.0,0.0,0.0,0.0,0.0,0.0,0.0,0.0,0.0,0.0,0.0,0.0,0.0,0.0,0.0,0.0,0.0,0.0,0.0,0.0
1721315225800000000,1.7213152257875118e+18,-1.0,29.91,-1.0,10.73,-1.0,99.88,14.0,0.0,0.0,0.0,0.0,0.0,0.0,0.0,0.0,0.0,0.0,0.0,0.0,0.0,0.0,0.0,0.0,0.0,0.0,0.0,0.0,0.0,0.0,0.0,0.0,0.0,0.0,0.0,0.0,0.0,0.0,0.0,0.0,0.0,0.0,0.0,0.0
1721315225833333333,1.7213152257875118e+18,-1.0,29.91,-1.0,10.73,-1.0,99.88,14.0,0.0,0.0,0.0,0.0,0.0,0.0,0.0,0.0,0.0,0.0,0.0,0.0,0.0,0.0,0.0,0.0,0.0,0.0,0.0,0.0,0.0,0.0,0.0,0.0,0.0,0.0,0.0,0.0,0.0,0.0,0.0,0.0,0.0,0.0,0.0,0.0
1721315225866666666,1.721315225841024e+18,-1.0,29.7,-1.0,10.21,-1.0,102.36,14.0,0.0,0.0,0.0,0.0,0.0,0.0,0.0,0.0,0.0,0.0,0.0,0.0,0.0,0.0,0.0,0.0,0.0,0.0,0.0,0.0,0.0,0.0,0.0,0.0,0.0,0.0,0.0,0.0,0.0,0.0,0.0,0.0,0.0,0.0,0.0,0.0
1721315225900000000,1.721315225890432e+18,-1.0,29.7,-1.0,10.38,-1.0,102.36,14.0,0.0,0.0,0.0,0.0,0.0,0.0,0.0,0.0,0.0,0.0,0.0,0.0,0.0,0.0,0.0,0.0,0.0,0.0,0.0,0.0,0.0,0.0,0.0,0.0,0.0,0.0,0.0,0.0,0.0,0.0,0.0,0.0,0.0,0.0,0.0,0.0
1721315225933333333,1.721315225890432e+18,-1.0,29.7,-1.0,10.38,-1.0,102.36,14.0,0.0,0.0,0.0,0.0,0.0,0.0,0.0,0.0,0.0,0.0,0.0,0.0,0.0,0.0,0.0,0.0,0.0,0.0,0.0,0.0,0.0,0.0,0.0,0.0,0.0,0.0,0.0,0.0,0.0,0.0,0.0,0.0,0.0,0.0,0.0,0.0
1721315225966666666,1.721315225939423e+18,-1.0,29.7,-1.0,10.21,-1.0,102.36,14.0,0.0,0.0,0.0,0.0,0.0,0.0,0.0,0.0,0.0,0.0,0.0,0.0,0.0,0.0,0.0,0.0,0.0,0.0,0.0,0.0,0.0,0.0,0.0,0.0,0.0,0.0,0.0,0.0,0.0,0.0,0.0,0.0,0.0,0.0,0.0,0.0
1721315226000000000,1.721315225988931e+18,-1.0,29.91,-1.0,9.86,-1.0,101.11,14.0,0.0,0.0,0.0,0.0,0.0,0.0,0.0,0.0,0.0,0.0,0.0,0.0,0.0,0.0,0.0,0.0,0.0,0.0,0.0,0.0,0.0,0.0,0.0,0.0,0.0,0.0,0.0,0.0,0.0,0.0,0.0,0.0,0.0,0.0,0.0,0.0
1721315226033333333,1.721315225988931e+18,-1.0,29.91,-1.0,9.86,-1.0,101.11,14.0,0.0,0.0,0.0,0.0,0.0,0.0,0.0,0.0,0.0,0.0,0.0,0.0,0.0,0.0,0.0,0.0,0.0,0.0,0.0,0.0,0.0,0.0,0.0,0.0,0.0,0.0,0.0,0.0,0.0,0.0,0.0,0.0,0.0,0.0,0.0,0.0
1721315226066666666,1.7213152260379377e+18,-1.0,29.7,-1.0,10.04,-1.0,100.7,13.0,0.0,0.0,0.0,0.0,0.0,0.0,0.0,0.0,0.0,0.0,0.0,0.0,0.0,0.0,0.0,0.0,0.0,0.0,0.0,0.0,0.0,0.0,0.0,0.0,0.0,0.0,0.0,0.0,0.0,0.0,0.0,0.0,0.0,0.0,0.0,0.0
1721315226100000000,1.72131522608696e+18,-1.0,29.91,-1.0,10.38,-1.0,97.44,14.0,0.0,0.0,0.0,0.0,0.0,0.0,0.0,0.0,0.0,0.0,0.0,0.0,0.0,0.0,0.0,0.0,0.0,0.0,0.0,0.0,0.0,0.0,0.0,0.0,0.0,0.0,0.0,0.0,0.0,0.0,0.0,0.0,0.0,0.0,0.0,0.0
1721315226133333333,1.72131522608696e+18,-1.0,29.91,-1.0,10.38,-1.0,97.44,14.0,0.0,0.0,0.0,0.0,0.0,0.0,0.0,0.0,0.0,0.0,0.0,0.0,0.0,0.0,0.0,0.0,0.0,0.0,0.0,0.0,0.0,0.0,0.0,0.0,0.0,0.0,0.0,0.0,0.0,0.0,0.0,0.0,0.0,0.0,0.0,0.0
1721315226166666666,1.7213152261361628e+18,-1.0,29.91,-1.0,10.55,-1.0,89.64,14.0,0.0,0.0,0.0,0.0,0.0,0.0,0.0,0.0,0.0,0.0,0.0,0.0,0.0,0.0,0.0,0.0,0.0,0.0,0.0,0.0,0.0,0.0,0.0,0.0,0.0,0.0,0.0,0.0,0.0,0.0,0.0,0.0,0.0,0.0,0.0,0.0
1721315226200000000,1.7213152261851924e+18,-1.0,29.91,-1.0,10.38,-1.0,89.26,14.0,0.0,0.0,0.0,0.0,0.0,0.0,0.0,0.0,0.0,0.0,0.0,0.0,0.0,0.0,0.0,0.0,0.0,0.0,0.0,0.0,0.0,0.0,0.0,0.0,0.0,0.0,0.0,0.0,0.0,0.0,0.0,0.0,0.0,0.0,0.0,0.0
1721315226233333333,1.7213152261851924e+18,-1.0,29.91,-1.0,10.38,-1.0,89.26,14.0,0.0,0.0,0.0,0.0,0.0,0.0,0.0,0.0,0.0,0.0,0.0,0.0,0.0,0.0,0.0,0.0,0.0,0.0,0.0,0.0,0.0,0.0,0.0,0.0,0.0,0.0,0.0,0.0,0.0,0.0,0.0,0.0,0.0,0.0,0.0,0.0
1721315226266666666,1.7213152262342172e+18,-1.0,29.91,-1.0,10.04,-1.0,85.19,13.0,0.0,0.0,0.0,0.0,0.0,0.0,0.0,0.0,0.0,0.0,0.0,0.0,0.0,0.0,0.0,0.0,0.0,0.0,0.0,0.0,0.0,0.0,0.0,0.0,0.0,0.0,0.0,0.0,0.0,0.0,0.0,0.0,0.0,0.0,0.0,0.0
1721315226300000000,1.7213152262832287e+18,-1.0,29.91,-1.0,9.18,-1.0,85.56,13.0,0.0,0.0,0.0,0.0,0.0,0.0,0.0,0.0,0.0,0.0,0.0,0.0,0.0,0.0,0.0,0.0,0.0,0.0,0.0,0.0,0.0,0.0,0.0,0.0,0.0,0.0,0.0,0.0,0.0,0.0,0.0,0.0,0.0,0.0,0.0,0.0
1721315226333333333,1.7213152263287378e+18,-1.0,29.91,-1.0,9.52,-1.0,85.56,14.0,0.0,0.0,0.0,0.0,0.0,0.0,0.0,0.0,0.0,0.0,0.0,0.0,0.0,0.0,0.0,0.0,0.0,0.0,0.0,0.0,0.0,0.0,0.0,0.0,0.0,0.0,0.0,0.0,0.0,0.0,0.0,0.0,0.0,0.0,0.0,0.0
1721315226366666666,1.7213152263287378e+18,-1.0,29.91,-1.0,9.52,-1.0,85.56,14.0,0.0,0.0,0.0,0.0,0.0,0.0,0.0,0.0,0.0,0.0,0.0,0.0,0.0,0.0,0.0,0.0,0.0,0.0,0.0,0.0,0.0,0.0,0.0,0.0,0.0,0.0,0.0,0.0,0.0,0.0,0.0,0.0,0.0,0.0,0.0,0.0
1721315226400000000,1.7213152263777482e+18,-1.0,29.91,-1.0,10.04,-1.0,95.84,14.0,0.0,0.0,0.0,0.0,0.0,0.0,0.0,1.7213152264e+18,0.0,607.665234,-113.853516,-410.765625,-105.688477,21.071777,136.142578,1.0,641.93291,-166.650293,-409.537793,-109.973145,14.897461,2.15332,2.0,400.719727,-23.775293,-223.46543,-153.786621,33.376465,44.362793,3.0,376.832812,-62.731055,-205.940918,-150.270996,40.671387,-153.808594
1721315226433333333,1.7213152264272535e+18,-1.0,29.91,-1.0,10.21,-1.0,97.44,14.0,0.0,0.0,0.0,0.0,0.0,0.0,0.0,1.7213152264331e+18,0.0,608.446582,-110.17002,-410.988867,-105.183105,21.09375,136.120605,1.0,641.151562,-166.427051,-409.984277,-109.885254,14.743652,2.263184,2.0,399.938379,-24.668262,-223.353809,-152.907715,33.596191,43.879395,3.0,376.386328,-63.958887,-204.824707,-149.985352,40.407715,-154.248047
1721315226466666666,1.7213152264272535e+18,-1.0,29.91,-1.0,10.21,-1.0,97.44,14.0,0.0,0.0,0.0,0.0,0.0,0.0,0.0,1.7213152264661e+18,0.0,609.562793,-107.044629,-411.212109,-104.941406,21.599121,136.120605,1.0,642.379395,-165.422461,-412.439941,-109.665527,14.80957,2.329102,2.0,399.268652,-27.012305,-223.353809,-152.929688,33.618164,43.681641,3.0,375.939844,-66.30293,-204.15498,-150.842285,39.770508,-155.280762
1721315226500000000,1.7213152264762714e+18,-1.0,29.91,-1.0,10.55,-1.0,100.7,13.0,0.0,0.0,0.0,0.0,0.0,0.0,0.0,1.7213152264992e+18,0.0,609.22793,-111.397852,-412.439941,-106.171875,22.192383,135.351562,1.0,641.039941,-164.417871,-416.904785,-110.236816,14.655762,1.933594,2.0,397.594336,-28.909863,-223.911914,-152.995605,33.134766,43.769531,3.0,374.600391,-67.865625,-204.378223,-151.611328,38.605957,-156.181641
1721315226533333333,1.7213152265255447e+18,-1.0,29.91,-1.0,11.25,-1.0,84.83,14.0,0.0,0.0,0.0,0.0,0.0,0.0,0.0,1.7213152265323e+18,0.0,605.544434,-116.644043,-407.640234,-106.479492,22.214355,133.967285,1.0,639.142383,-163.971387,-421.704492,-109.929199,12.084961,2.988281,2.0,396.031641,-28.575,-224.135156,-152.446289,32.563477,44.01123,3.0,374.042285,-67.865625,-203.820117,-151.325684,37.683105,-156.203613
1721315226566666666,1.7213152265255447e+18,-1.0,29.91,-1.0,11.25,-1.0,84.83,14.0,0.0,0.0,0.0,0.0,0.0,0.0,0.0,1.7213152265653998e+18,0.0,603.423633,-108.718945,-410.877246,-105.952148,24.016113,133.571777,1.0,643.718848,-163.748145,-415.900195,-108.479004,10.546875,3.977051,2.0,395.138672,-25.784473,-223.242188,-151.149902,32.102051,44.274902,3.0,374.153906,-65.856445,-202.703906,-150.46875,37.287598,-156.09375
1721315226600000000,1.721315226574553e+18,-1.0,29.91,-1.0,11.6,-1.0,79.5,14.0,0.0,0.0,0.0,0.0,0.0,0.0,0.0,1.7213152265984e+18,0.0,604.874707,-110.393262,-413.667773,-107.028809,25.202637,133.330078,1.0,644.276953,-165.868945,-417.016406,-108.984375,10.349121,3.647461,2.0,394.692187,-25.114746,-223.577051,-150.710449,31.135254,44.67041,3.0,373.372559,-64.405371,-202.815527,-150.227051,36.914062,-156.533203
1721315226633333333,1.7213152266240689e+18,-1.0,29.91,-1.0,11.6,-1.0,91.16,13.0,0.0,0.0,0.0,0.0,0.0,0.0,0.0,1.7213152266315e+18,0.0,604.651465,-114.076758,-415.230469,-108.039551,25.3125,132.583008,1.0,644.835059,-166.31543,-419.583691,-109.841309,8.459473,2.856445,2.0,393.017871,-23.663672,-224.47002,-150.05127,29.223633,45.593262,3.0,372.144727,-64.182129,-202.369043,-149.831543,36.320801,-156.51123
1721315226666666666,1.7213152266240689e+18,-1.0,29.91,-1.0,11.6,-1.0,91.16,13.0,0.0,0.0,0.0,0.0,0.0,0.0,0.0,1.7213152266645998e+18,0.0,603.08877,-114.411621,-415.230469,-108.149414,25.817871,131.660156,1.0,643.718848,-168.771094,-420.588281,-109.621582,6.306152,3.427734,2.0,392.571387,-20.315039,-224.023535,-148.930664,28.190918,46.164551,3.0,372.591211,-63.28916,-201.141211,-148.886719,36.101074,-156.313477
1721315226700000000,1.7213152266730598e+18,-1.0,29.7,-1.0,11.25,-1.0,98.25,13.0,0.0,0.0,0.0,0.0,0.0,0.0,0.0,1.7213152266976e+18,0.0,604.093359,-109.611914,-412.439941,-107.86377,28.081055,130.561523,1.0,642.156152,-167.32002,-420.811523,-109.138184,5.822754,3.537598,2.0,392.348145,-19.310449,-223.242188,-148.579102,27.883301,46.208496,3.0,372.814453,-62.731055,-199.690137,-148.666992,36.166992,-156.75293
1721315226733333333,1.721315226721594e+18,-1.0,29.91,-1.0,11.25,-1.0,97.84,14.0,0.0,0.0,0.0,0.0,0.0,0.0,0.0,1.7213152267307e+18,0.0,606.772266,-113.518652,-410.20752,-109.006348,28.916016,129.309082,1.0,644.835059,-167.989746,-420.699902,-109.313965,5.778809,3.537598,2.0,392.236523,-19.868555,-222.572461,-148.754883,27.663574,46.142578,3.0,372.702832,-63.512402,-198.350684,-149.0625,35.969238,-157.126465
1721315226766666666,1.721315226721594e+18,-1.0,29.91,-1.0,11.25,-1.0,97.84,14.0,0.0,0.0,0.0,0.0,0.0,0.0,0.0,1.7213152267637998e+18,0.0,605.544434,-112.848926,-412.216699,-109.182129,28.498535,128.452148,1.0,643.718848,-173.682422,-420.588281,-109.907227,4.416504,3.405762,2.0,391.678418,-19.42207,-221.567871,-148.754883,27.509766,46.098633,3.0,372.256348,-63.735645,-197.792578,-149.370117,35.595703,-157.478027
1721315226800000000,1.7213152267706043e+18,-1.0,29.91,-1.0,10.38,-1.0,102.36,13.0,0.0,0.0,0.0,0.0,0.0,0.0,0.0,1.7213152267969e+18,0.0,604.763086,-111.28623,-413.444531,-108.61084,28.520508,128.364258,1.0,643.94209,-173.124316,-421.146387,-109.182129,3.537598,3.603516,2.0,391.790039,-18.752344,-220.563281,-148.64502,27.773438,46.032715,3.0,372.591211,-62.954297,-196.676367,-149.172363,35.705566,-157.565918
1721315226833333333,1.7213152268197686e+18,-1.0,29.7,-1.0,9.86,-1.0,100.7,14.0,0.0,0.0,0.0,0.0,0.0,0.0,0.0,1.7213152268299e+18,0.0,605.990918,-114.3,-412.886426,-108.61084,28.78418,128.320312,1.0,643.94209,-171.896484,-422.039355,-108.742676,3.449707,3.515625,2.0,392.459766,-19.868555,-218.330859,-148.952637,28.256836,46.054688,3.0,372.702832,-63.065918,-195.225293,-149.370117,35.859375,-157.741699
1721315226866666666,1.7213152268197686e+18,-1.0,29.7,-1.0,9.86,-1.0,100.7,14.0,0.0,0.0,0.0,0.0,0.0,0.0,0.0,1.7213152268629998e+18,0.0,607.107129,-119.992676,-413.444531,-109.533691,28.916016,127.529297,1.0,645.504785,-173.570801,-423.043945,-108.742676,3.120117,3.427734,2.0,392.459766,-20.873145,-216.544922,-149.282227,28.410645,46.032715,3.0,372.702832,-63.847266,-193.88584,-149.743652,35.925293,-157.91748
1721315226900000000,1.7213152268697718e+18,-1.0,29.91,-1.0,9.86,-1.0,101.94,14.0,0.0,0.0,0.0,0.0,0.0,0.0,0.0,1.7213152268998e+18,0.0,606.995508,-118.541602,-416.34668,-108.918457,28.103027,126.89209,1.0,647.625586,-180.491309,-421.816113,-108.347168,0.703125,3.735352,2.0,392.124902,-20.538281,-215.205469,-149.260254,28.498535,45.944824,3.0,372.591211,-63.958887,-192.434766,-149.80957,36.013184,-157.961426
1721315226933333333,1.721315226918294e+18,-1.0,29.91,-1.0,9.86,-1.0,102.78,14.0,0.0,0.0,0.0,0.0,0.0,0.0,0.0,1.7213152269328e+18,0.0,609.22793,-115.639453,-415.230469,-107.490234,27.861328,127.397461,1.0,649.07666,-178.928613,-423.267187,-107.20459,0.351562,4.042969,2.0,392.90625,-20.091797,-213.084668,-149.194336,28.981934,45.900879,3.0,372.926074,-63.512402,-191.095312,-149.72168,36.386719,-158.071289
1721315226966666666,1.721315226918294e+18,-1.0,29.91,-1.0,9.86,-1.0,102.78,14.0,0.0,0.0,0.0,0.0,0.0,0.0,0.0,1.7213152269659e+18,0.0,611.125488,-116.644043,-414.895605,-107.380371,27.839355,127.55127,1.0,650.862598,-182.277246,-424.606641,-107.490234,0.527344,4.130859,2.0,393.464355,-20.649902,-211.633594,-149.567871,29.267578,45.812988,3.0,373.037695,-63.735645,-190.425586,-150.095215,36.518555,-158.378906
1721315227000000000,1.721315226967285e+18,-1.0,29.91,-1.0,9.18,-1.0,106.18,14.0,0.0,0.0,0.0,0.0,0.0,0.0,0.0,1.721315226999e+18,0.0,612.464941,-116.867285,-417.909375,-107.53418,26.982422,127.111816,1.0,652.536914,-186.407227,-425.387988,-107.973633,-0.241699,4.020996,2.0,393.352734,-20.649902,-211.410352,-149.655762,29.20166,45.791016,3.0,372.702832,-63.958887,-190.202344,-150.292969,36.298828,-158.57666
1721315227033333333,1.7213152270168335e+18,-1.0,29.91,-1.0,10.38,-1.0,105.75,14.0,0.0,0.0,0.0,0.0,0.0,0.0,0.0,1.7213152270320998e+18,0.0,613.246289,-107.15625,-425.053125,-106.171875,26.345215,126.23291,1.0,652.648535,-183.951562,-426.504199,-107.468262,-0.74707,3.669434,2.0,393.241113,-20.538281,-211.29873,-149.633789,29.179688,45.812988,3.0,372.926074,-63.624023,-189.755859,-150.227051,36.254883,-158.642578
1721315227066666666,1.7213152270658235e+18,-1.0,29.91,-1.0,10.55,-1.0,107.47,14.0,0.0,0.0,0.0,0.0,0.0,0.0,0.0,1.7213152270651e+18,0.0,615.478711,-103.249512,-426.727441,-105.512695,26.279297,126.23291,1.0,651.197461,-181.049414,-430.299316,-107.160645,-0.395508,2.988281,2.0,393.352734,-20.42666,-211.187109,-149.611816,29.20166,45.791016,3.0,373.48418,-63.28916,-189.420996,-150.205078,36.320801,-158.708496
1721315227100000000,1.7213152270658235e+18,-1.0,29.91,-1.0,10.55,-1.0,107.47,14.0,0.0,0.0,0.0,0.0,0.0,0.0,0.0,1.7213152270982e+18,0.0,616.594922,-105.481934,-427.285547,-106.12793,26.169434,126.14502,1.0,652.202051,-184.509668,-434.094434,-108.039551,0.021973,2.460938,2.0,393.799219,-20.315039,-210.963867,-149.765625,29.20166,45.74707,3.0,373.930664,-63.400781,-189.532617,-150.710449,36.188965,-159.038086
1721315227133333333,1.7213152271189814e+18,-1.0,29.91,-1.0,10.9,-1.0,109.67,14.0,0.0,0.0,0.0,0.0,0.0,0.0,0.0,1.7213152271313e+18,0.0,615.032227,-109.723535,-428.736621,-107.248535,25.246582,125.793457,1.0,650.974219,-185.960742,-433.536328,-108.786621,-0.483398,2.285156,2.0,394.357324,-20.203418,-211.187109,-150.05127,28.806152,45.791016,3.0,374.153906,-63.624023,-189.86748,-151.083984,35.81543,-159.169922
1721315227166666666,1.7213152271189814e+18,-1.0,29.91,-1.0,10.9,-1.0,109.67,14.0,0.0,0.0,0.0,0.0,0.0,0.0,0.0,1.7213152271644e+18,0.0,614.808984,-106.709766,-429.852832,-106.940918,25.334473,125.925293,1.0,650.639355,-183.058594,-433.424707,-108.391113,-0.41748,2.416992,2.0,394.91543,-19.198828,-211.521973,-149.765625,28.674316,45.856934,3.0,375.158496,-62.954297,-189.532617,-150.842285,35.859375,-159.082031
1721315227200000000,1.7213152271679816e+18,-1.0,30.13,-1.0,10.55,-1.0,104.89,14.0,0.0,0.0,0.0,0.0,0.0,0.0,0.0,1.7213152271974e+18,0.0,616.594922,-105.481934,-428.736621,-106.809082,25.64209,126.254883,1.0,651.08584,-182.054004,-433.647949,-108.325195,-0.197754,2.504883,2.0,395.696777,-19.198828,-211.521973,-149.853516,28.520508,45.922852,3.0,375.716602,-62.954297,-189.532617,-150.952148,35.81543,-159.213867
1721315227233333333,1.7213152272172636e+18,-1.0,29.91,-1.0,10.9,-1.0,107.04,14.0,0.0,0.0,0.0,0.0,0.0,0.0,0.0,1.7213152272305e+18,0.0,617.934375,-106.598145,-428.513379,-107.20459,25.795898,126.386719,1.0,653.206641,-181.719141,-434.875781,-108.764648,0.395508,2.592773,2.0,396.031641,-19.198828,-212.30332,-150.117188,27.861328,45.922852,3.0,376.60957,-63.28916,-190.090723,-151.281738,35.266113,-159.345703
1721315227266666666,1.721315227266266e+18,-1.0,29.7,-1.0,10.9,-1.0,108.79,14.0,0.0,0.0,0.0,0.0,0.0,0.0,0.0,1.7213152272636e+18,0.0,617.599512,-107.044629,-427.732031,-107.380371,25.532227,126.584473,1.0,651.978809,-182.500488,-434.429297,-109.204102,0.197754,2.878418,2.0,395.92002,-18.640723,-212.638184,-150.05127,27.268066,46.010742,3.0,376.944434,-63.400781,-190.202344,-151.259766,34.606934,-159.169922
1721315227300000000,1.721315227266266e+18,-1.0,29.7,-1.0,10.9,-1.0,108.79,14.0,0.0,0.0,0.0,0.0,0.0,0.0,0.0,1.7213152272967e+18,0.0,617.934375,-102.468164,-427.732031,-106.54541,25.839844,127.177734,1.0,650.750977,-177.031055,-434.429297,-108.259277,0.439453,3.22998,2.0,396.366504,-17.859375,-212.638184,-149.919434,27.04834,45.856934,3.0,378.060645,-62.396191,-190.425586,-150.930176,34.299316,-159.125977
1721315227333333333,1.7213152273158067e+18,-1.0,29.7,-1.0,11.08,-1.0,111.0,14.0,0.0,0.0,0.0,0.0,0.0,0.0,0.0,1.7213152273297e+18,0.0,617.153027,-102.02168,-428.513379,-106.831055,26.499023,127.463379,1.0,651.08584,-175.914844,-437.108203,-108.325195,1.40625,3.449707,2.0,396.812988,-18.41748,-212.638184,-150.227051,26.520996,45.461426,3.0,378.730371,-62.954297,-190.537207,-151.347656,33.706055,-159.32373
1721315227366666666,1.7213152273648056e+18,-1.0,29.91,-1.0,11.43,-1.0,108.35,14.0,0.0,0.0,0.0,0.0,0.0,0.0,0.0,1.7213152273664998e+18,0.0,614.920605,-103.137891,-430.076074,-107.248535,26.213379,127.463379,1.0,653.09502,-177.58916,-437.331445,-108.786621,1.428223,3.80127,2.0,396.366504,-17.970996,-213.642773,-150.161133,25.224609,45.175781,3.0,378.395508,-62.619434,-191.541797,-151.501465,32.453613,-159.521484
1721315227400000000,1.7213152273648056e+18,-1.0,29.91,-1.0,11.43,-1.0,108.35,14.0,0.0,0.0,0.0,0.0,0.0,0.0,0.0,1.7213152273996e+18,0.0,614.808984,-103.695996,-429.62959,-106.633301,25.751953,128.254395,1.0,653.429883,-176.138086,-435.545508,-108.457031,1.208496,4.394531,2.0,396.254883,-16.408301,-213.531152,-149.567871,24.697266,45.087891,3.0,378.61875,-60.833496,-191.87666,-151.018066,32.058105,-159.65332
1721315227433333333,1.7213152274183378e+18,-1.0,29.91,-1.0,11.43,-1.0,108.35,14.0,0.0,0.0,0.0,0.0,0.0,0.0,0.0,1.7213152274326e+18,0.0,613.916016,-106.263281,-428.959863,-106.501465,25.883789,129.133301,1.0,654.992578,-176.807812,-434.317676,-108.347168,1.516113,5.163574,2.0,396.254883,-15.626953,-213.866016,-149.348145,24.213867,44.802246,3.0,379.065234,-61.056738,-191.653418,-151.018066,31.948242,-159.785156
1721315227466666666,1.7213152274183378e+18,-1.0,29.91,-1.0,11.43,-1.0,108.35,14.0,0.0,0.0,0.0,0.0,0.0,0.0,0.0,1.7213152274656998e+18,0.0,614.697363,-113.183789,-425.499609,-107.226562,25.817871,129.682617,1.0,657.001758,-182.277246,-432.75498,-109.094238,1.757812,5.625,2.0,396.254883,-15.850195,-213.977637,-149.414062,23.708496,44.692383,3.0,379.734961,-62.731055,-190.648828,-151.259766,31.816406,-159.763184
1721315227500000000,1.721315227467385e+18,-1.0,29.7,-1.0,11.6,-1.0,105.75,13.0,0.0,0.0,0.0,0.0,0.0,0.0,0.0,1.7213152274988e+18,0.0,614.808984,-114.634863,-423.825293,-107.402344,25.554199,129.814453,1.0,656.108789,-185.179395,-432.420117,-109.533691,1.384277,5.668945,2.0,395.696777,-15.850195,-213.977637,-149.326172,23.312988,44.868164,3.0,379.511719,-62.954297,-190.425586,-151.12793,31.530762,-159.65332
1721315227533333333,1.7213152275169298e+18,-1.0,29.91,-1.0,11.43,-1.0,107.91,14.0,0.0,0.0,0.0,0.0,0.0,0.0,0.0,1.7213152275318e+18,0.0,614.697363,-114.969727,-423.043945,-107.160645,25.400391,130.100098,1.0,655.21582,-185.625879,-431.63877,-109.467773,1.318359,5.756836,2.0,395.473535,-15.403711,-213.977637,-149.106445,23.225098,45.0,3.0,379.511719,-62.731055,-190.313965,-150.908203,31.530762,-159.56543
1721315227566666666,1.72131522756593e+18,-1.0,29.7,-1.0,11.43,-1.0,107.91,14.0,0.0,0.0,0.0,0.0,0.0,0.0,0.0,1.7213152275648998e+18,0.0,615.143848,-115.974316,-422.932324,-107.160645,25.466309,130.297852,1.0,655.439062,-185.625879,-431.303906,-109.467773,1.560059,5.866699,2.0,395.585156,-15.403711,-213.866016,-149.084473,23.24707,45.043945,3.0,379.62334,-62.731055,-190.202344,-150.908203,31.552734,-159.543457
1721315227600000000,1.72131522756593e+18,-1.0,29.7,-1.0,11.43,-1.0,107.91,14.0,0.0,0.0,0.0,0.0,0.0,0.0,0.0,1.721315227598e+18,0.0,615.813574,-116.30918,-423.043945,-107.29248,25.532227,130.275879,1.0,656.778516,-186.518848,-431.415527,-109.665527,1.82373,5.866699,2.0,395.696777,-15.515332,-213.754395,-149.128418,23.225098,45.087891,3.0,379.62334,-62.842676,-190.202344,-150.952148,31.552734,-159.56543
1721315227633333333,1.721315227614447e+18,-1.0,29.91,-1.0,11.78,-1.0,108.35,14.0,0.0,0.0,0.0,0.0,0.0,0.0,0.0,1.7213152276311e+18,0.0,615.590332,-116.867285,-422.709082,-107.380371,25.400391,130.253906,1.0,656.778516,-187.74668,-430.187695,-109.819336,1.625977,5.95459,2.0,395.585156,-15.403711,-213.754395,-149.106445,23.15918,45.175781,3.0,379.511719,-62.842676,-190.313965,-150.952148,31.530762,-159.587402
1721315227666666666,1.721315227614447e+18,-1.0,29.91,-1.0,11.78,-1.0,108.35,14.0,0.0,0.0,0.0,0.0,0.0,0.0,0.0,1.7213152276640998e+18,0.0,615.478711,-116.085938,-422.262598,-107.182617,25.378418,130.297852,1.0,657.113379,-186.853711,-428.848242,-109.555664,1.647949,6.174316,2.0,395.585156,-15.068848,-213.866016,-148.996582,23.181152,45.219727,3.0,379.511719,-62.731055,-190.313965,-150.908203,31.530762,-159.587402
1721315227700000000,1.721315227667449e+18,-1.0,29.91,-1.0,12.31,-1.0,104.47,14.0,0.0,0.0,0.0,0.0,0.0,0.0,0.0,1.7213152276972e+18,0.0,615.925195,-115.639453,-421.816113,-107.138672,25.488281,130.319824,1.0,657.894727,-186.518848,-429.183105,-109.577637,1.999512,6.196289,2.0,395.696777,-15.29209,-213.977637,-149.040527,23.203125,45.219727,3.0,379.511719,-62.842676,-190.202344,-150.930176,31.552734,-159.631348
1721315227733333333,1.7213152277168218e+18,-1.0,29.91,-1.0,11.78,-1.0,107.04,14.0,0.0,0.0,0.0,0.0,0.0,0.0,0.0,1.7213152277303e+18,0.0,615.813574,-114.858105,-422.374219,-107.20459,25.510254,130.166016,1.0,658.006348,-186.853711,-430.076074,-109.775391,2.06543,6.04248,2.0,395.585156,-15.403711,-213.977637,-149.084473,23.15918,45.219727,3.0,379.511719,-62.842676,-190.202344,-150.996094,31.530762,-159.675293
1721315227766666666,1.7213152277658186e+18,-1.0,29.91,-1.0,11.6,-1.0,107.47,14.0,0.0,0.0,0.0,0.0,0.0,0.0,0.0,1.7213152277634002e+18,0.0,615.478711,-113.072168,-423.267187,-107.094727,25.510254,130.03418,1.0,657.559863,-185.960742,-430.745801,-109.599609,1.779785,5.976562,2.0,395.585156,-15.180469,-213.977637,-149.040527,23.15918,45.241699,3.0,379.511719,-62.731055,-190.202344,-150.974121,31.508789,-159.697266
1721315227800000000,1.7213152277658186e+18,-1.0,29.91,-1.0,11.6,-1.0,107.47,14.0,0.0,0.0,0.0,0.0,0.0,0.0,0.0,1.7213152277964e+18,0.0,615.255469,-110.951367,-423.713672,-106.896973,25.72998,130.012207,1.0,657.225,-182.72373,-431.862012,-109.094238,1.82373,5.888672,2.0,395.696777,-14.957227,-213.754395,-148.996582,23.24707,45.241699,3.0,379.62334,-62.731055,-190.090723,-150.908203,31.530762,-159.697266
1721315227833333333,1.7213152278153362e+18,-1.0,29.91,-1.0,11.43,-1.0,105.75,14.0,0.0,0.0,0.0,0.0,0.0,0.0,0.0,1.7213152278332e+18,0.0,615.590332,-111.062988,-424.383398,-107.116699,25.949707,129.924316,1.0,657.448242,-182.946973,-432.085254,-109.248047,1.977539,5.910645,2.0,395.808398,-15.068848,-213.642773,-149.040527,23.291016,45.241699,3.0,379.62334,-62.731055,-190.313965,-150.996094,31.530762,-159.873047
1721315227866666666,1.7213152278643364e+18,-1.0,29.91,-1.0,10.9,-1.0,104.89,14.0,0.0,0.0,0.0,0.0,0.0,0.0,0.0,1.7213152278663002e+18,0.0,615.36709,-111.174609,-425.61123,-107.314453,25.751953,129.70459,1.0,657.894727,-183.616699,-431.862012,-109.445801,1.845703,5.910645,2.0,395.808398,-15.068848,-213.754395,-149.0625,23.269043,45.241699,3.0,379.400098,-62.731055,-190.537207,-151.040039,31.442871,-159.960938
1721315227900000000,1.7213152278643364e+18,-1.0,29.91,-1.0,10.9,-1.0,104.89,14.0,0.0,0.0,0.0,0.0,0.0,0.0,0.0,1.7213152278993e+18,0.0,614.474121,-109.500293,-426.61582,-107.072754,25.686035,129.616699,1.0,657.336621,-182.165625,-432.196875,-109.226074,1.779785,5.932617,2.0,395.808398,-14.845605,-213.754395,-148.996582,23.291016,45.263672,3.0,379.511719,-62.507812,-190.537207,-150.952148,31.464844,-159.98291
1721315227933333333,1.7213152279178586e+18,-1.0,29.91,-1.0,10.73,-1.0,104.04,14.0,0.0,0.0,0.0,0.0,0.0,0.0,0.0,1.7213152279324e+18,0.0,614.139258,-109.500293,-426.950684,-107.050781,25.773926,129.638672,1.0,657.448242,-180.937793,-432.866602,-109.116211,1.933594,5.910645,2.0,395.92002,-14.845605,-213.754395,-149.018555,23.334961,45.307617,3.0,379.511719,-62.396191,-190.537207,-150.952148,31.552734,-160.048828
1721315227966666666,1.7213152279178586e+18,-1.0,29.91,-1.0,10.73,-1.0,104.04,14.0,0.0,0.0,0.0,0.0,0.0,0.0,0.0,1.7213152279655002e+18,0.0,614.3625,-110.17002,-427.285547,-107.160645,25.773926,129.616699,1.0,657.783105,-180.826172,-433.536328,-109.160156,1.999512,5.822754,2.0,395.92002,-15.068848,-213.754395,-149.0625,23.356934,45.307617,3.0,379.511719,-62.619434,-190.425586,-151.083984,31.574707,-160.114746
1721315228000000000,1.7213152279668598e+18,-1.0,29.91,-1.0,10.73,-1.0,104.04,14.0,0.0,0.0,0.0,0.0,0.0,0.0,0.0,1.7213152279986e+18,0.0,614.585742,-109.835156,-427.508789,-107.116699,25.64209,129.594727,1.0,657.001758,-181.161035,-433.982812,-109.226074,1.779785,5.734863,2.0,395.696777,-15.068848,-213.977637,-149.106445,23.312988,45.307617,3.0,379.511719,-62.619434,-190.425586,-151.105957,31.552734,-160.114746
1721315228033333333,1.7213152280163776e+18,-1.0,29.91,-1.0,11.25,-1.0,107.47,14.0,0.0,0.0,0.0,0.0,0.0,0.0,0.0,1.7213152280316e+18,0.0,614.139258,-108.049219,-427.955273,-106.743164,25.64209,129.616699,1.0,655.997168,-179.933203,-433.647949,-108.852539,1.669922,5.800781,2.0,395.585156,-14.957227,-214.089258,-149.0625,23.378906,45.32959,3.0,379.511719,-62.507812,-190.537207,-151.062012,31.574707,-160.136719
1721315228066666666,1.7213152280653855e+18,-1.0,29.91,-1.0,10.55,-1.0,107.04,14.0,0.0,0.0,0.0,0.0,0.0,0.0,0.0,1.7213152280647e+18,0.0,614.3625,-107.714355,-427.732031,-106.743164,25.751953,129.660645,1.0,656.555273,-180.156445,-433.424707,-108.896484,1.82373,5.844727,2.0,395.696777,-15.180469,-213.977637,-149.128418,23.422852,45.32959,3.0,379.511719,-62.731055,-190.537207,-151.171875,31.662598,-160.224609
1721315228100000000,1.7213152280653855e+18,-1.0,29.91,-1.0,10.55,-1.0,107.04,14.0,0.0,0.0,0.0,0.0,0.0,0.0,0.0,1.7213152280978e+18,0.0,614.3625,-108.384082,-427.508789,-106.875,25.708008,129.660645,1.0,656.778516,-180.268066,-433.647949,-109.050293,1.911621,5.756836,2.0,395.585156,-15.29209,-213.977637,-149.172363,23.422852,45.351562,3.0,379.288477,-63.177539,-190.648828,-151.325684,31.59668,-160.268555
1721315228133333333,1.7213152281147295e+18,-1.0,29.91,-1.0,11.78,-1.0,107.47,14.0,0.0,0.0,0.0,0.0,0.0,0.0,0.0,1.7213152281309e+18,0.0,614.027637,-108.718945,-427.397168,-106.896973,25.598145,129.70459,1.0,656.555273,-179.709961,-432.978223,-108.984375,1.82373,5.778809,2.0,395.473535,-15.403711,-213.977637,-149.172363,23.422852,45.395508,3.0,379.176855,-63.28916,-190.648828,-151.325684,31.59668,-160.268555
1721315228166666666,1.7213152281147295e+18,-1.0,29.91,-1.0,11.78,-1.0,107.47,14.0,0.0,0.0,0.0,0.0,0.0,0.0,0.0,1.7213152281639e+18,0.0,613.916016,-108.049219,-426.950684,-106.721191,25.64209,129.770508,1.0,656.443652,-179.040234,-432.196875,-108.808594,1.867676,5.910645,2.0,395.585156,-15.29209,-213.866016,-149.128418,23.510742,45.461426,3.0,379.400098,-63.28916,-190.537207,-151.259766,31.662598,-160.290527
1721315228200000000,1.7213152281677286e+18,-1.0,29.91,-1.0,12.48,-1.0,106.61,14.0,0.0,0.0,0.0,0.0,0.0,0.0,0.0,1.721315228197e+18,0.0,613.916016,-108.830566,-426.280957,-106.875,25.773926,129.814453,1.0,656.22041,-181.049414,-432.308496,-109.072266,1.933594,5.932617,2.0,395.696777,-15.738574,-213.866016,-149.216309,23.554688,45.483398,3.0,379.400098,-63.512402,-190.425586,-151.347656,31.728516,-160.378418
1721315228233333333,1.7213152282170547e+18,-1.0,29.91,-1.0,13.2,-1.0,101.94,14.0,0.0,0.0,0.0,0.0,0.0,0.0,0.0,1.7213152282301e+18,0.0,613.804395,-109.611914,-425.834473,-107.028809,25.664062,129.79248,1.0,655.997168,-182.835352,-432.531738,-109.313965,1.801758,5.888672,2.0,395.585156,-15.850195,-213.866016,-149.238281,23.510742,45.549316,3.0,379.288477,-63.624023,-190.537207,-151.369629,31.640625,-160.378418
1721315228266666666,1.7213152282659003e+18,-1.0,29.7,-1.0,13.56,-1.0,98.25,14.0,0.0,0.0,0.0,0.0,0.0,0.0,0.0,1.7213152282631e+18,0.0,613.916016,-109.500293,-425.387988,-106.896973,25.598145,129.902344,1.0,655.439062,-182.612109,-432.196875,-109.204102,1.779785,5.95459,2.0,395.696777,-15.850195,-213.977637,-149.150391,23.510742,45.65918,3.0,379.176855,-63.400781,-190.537207,-151.303711,31.618652,-160.356445
1721315228300000000,1.7213152282659003e+18,-1.0,29.7,-1.0,13.56,-1.0,98.25,14.0,0.0,0.0,0.0,0.0,0.0,0.0,0.0,1.7213152282999002e+18,0.0,614.3625,-109.946777,-425.387988,-106.875,25.664062,130.078125,1.0,654.880957,-182.835352,-432.085254,-109.401855,2.548828,6.064453,2.0,395.808398,-15.961816,-213.866016,-149.128418,23.57666,45.703125,3.0,379.288477,-63.177539,-190.425586,-151.237793,31.640625,-160.290527
1721315228333333333,1.721315228314957e+18,-1.0,29.91,-1.0,13.56,-1.0,97.84,13.0,0.0,0.0,0.0,0.0,0.0,0.0,0.0,1.721315228333e+18,0.0,615.143848,-111.732715,-425.276367,-107.116699,25.64209,130.166016,1.0,657.001758,-186.518848,-429.294727,-109.973145,2.768555,6.37207,2.0,395.808398,-16.073438,-213.866016,-149.150391,23.57666,45.74707,3.0,379.400098,-63.177539,-190.648828,-151.193848,31.508789,-160.004883
1721315228366666666,1.7213152283604815e+18,-1.0,29.91,-1.0,13.74,-1.0,98.65,13.0,0.0,0.0,0.0,0.0,0.0,0.0,0.0,1.721315228366e+18,0.0,614.808984,-112.514062,-425.61123,-107.20459,25.444336,130.12207,1.0,657.225,-186.965332,-428.513379,-110.039062,2.570801,6.416016,2.0,395.808398,-16.073438,-213.977637,-148.996582,23.48877,46.296387,3.0,379.62334,-62.619434,-190.313965,-150.622559,31.157227,-158.686523
1721315228400000000,1.7213152283604815e+18,-1.0,29.91,-1.0,13.74,-1.0,98.65,13.0,0.0,0.0,0.0,0.0,0.0,0.0,0.0,1.7213152283991002e+18,0.0,613.692773,-110.839746,-426.392578,-106.896973,25.378418,130.100098,1.0,656.890137,-184.844531,-428.401758,-109.6875,2.548828,6.416016,2.0,396.924609,-14.733984,-213.754395,-148.557129,23.444824,47.263184,3.0,380.516309,-62.061328,-189.644238,-150.314941,31.047363,-157.741699
1721315228433333333,1.721315228408902e+18,-1.0,29.91,-1.0,13.74,-1.0,98.25,14.0,0.0,0.0,0.0,0.0,0.0,0.0,0.0,1.7213152284322e+18,0.0,614.585742,-110.17002,-425.61123,-106.896973,25.510254,130.275879,1.0,657.783105,-182.612109,-429.294727,-109.511719,2.878418,6.328125,2.0,397.705957,-15.403711,-214.089258,-149.0625,22.91748,47.658691,3.0,381.186035,-62.396191,-189.420996,-150.710449,30.52002,-157.346191
1721315228466666666,1.7213152284624202e+18,-1.0,29.91,-1.0,13.74,-1.0,101.53,14.0,0.0,0.0,0.0,0.0,0.0,0.0,0.0,1.7213152284653e+18,0.0,615.478711,-110.058398,-424.941504,-107.028809,25.356445,130.297852,1.0,658.787695,-180.60293,-429.517969,-109.489746,2.900391,6.196289,2.0,397.482715,-14.510742,-215.31709,-149.084473,21.379395,47.922363,3.0,381.186035,-62.28457,-189.86748,-150.996094,29.465332,-157.434082
1721315228500000000,1.7213152284624202e+18,-1.0,29.91,-1.0,13.74,-1.0,101.53,14.0,0.0,0.0,0.0,0.0,0.0,0.0,0.0,1.7213152284983002e+18,0.0,615.478711,-109.388672,-425.387988,-106.875,24.873047,130.209961,1.0,658.452832,-179.263477,-429.62959,-109.643555,2.592773,6.218262,2.0,398.264062,-12.389941,-214.982227,-148.381348,21.115723,47.922363,3.0,382.525488,-61.614844,-189.309375,-150.688477,29.179688,-157.609863
1721315228533333333,1.721315228511247e+18,-1.0,29.91,-1.0,13.38,-1.0,90.78,14.0,0.0,0.0,0.0,0.0,0.0,0.0,0.0,1.7213152285314e+18,0.0,616.818164,-105.14707,-425.053125,-106.325684,25.026855,130.231934,1.0,657.894727,-176.919434,-430.857422,-109.445801,2.680664,6.130371,2.0,398.487305,-11.608594,-215.651953,-148.249512,20.76416,47.592773,3.0,383.418457,-60.610254,-190.090723,-150.556641,28.981934,-158.115234
1721315228566666666,1.7213152285567324e+18,-1.0,29.91,-1.0,13.74,-1.0,90.02,14.0,0.0,0.0,0.0,0.0,0.0,0.0,0.0,1.7213152285645e+18,0.0,618.157617,-105.035449,-424.941504,-106.831055,25.246582,130.209961,1.0,658.117969,-177.58916,-432.531738,-110.039062,2.856445,5.910645,2.0,398.04082,-12.166699,-217.103027,-148.710938,20.148926,47.131348,3.0,384.199805,-60.833496,-190.648828,-150.908203,28.740234,-158.400879
1721315228600000000,1.7213152285567324e+18,-1.0,29.91,-1.0,13.74,-1.0,90.02,14.0,0.0,0.0,0.0,0.0,0.0,0.0,0.0,1.7213152285976e+18,0.0,618.157617,-104.923828,-426.61582,-107.819824,24.257812,129.660645,1.0,658.564453,-176.249707,-431.63877,-110.632324,2.197266,5.625,2.0,397.817578,-12.501562,-217.661133,-148.886719,19.753418,47.175293,3.0,384.088184,-60.945117,-191.541797,-151.171875,28.256836,-158.422852
1721315228633333333,1.7213152286060206e+18,-1.0,29.91,-1.0,13.74,-1.0,85.56,14.0,0.0,0.0,0.0,0.0,0.0,0.0,0.0,1.7213152286306e+18,0.0,618.715723,-103.137891,-426.169336,-107.62207,23.708496,129.990234,1.0,657.113379,-171.003516,-429.852832,-110.43457,2.175293,5.515137,2.0,398.375684,-11.943457,-217.549512,-148.73291,19.973145,47.15332,3.0,384.646289,-61.056738,-191.87666,-151.171875,28.278809,-158.400879
1721315228666666666,1.7213152286550193e+18,-1.0,29.91,-1.0,13.02,-1.0,86.29,14.0,0.0,0.0,0.0,0.0,0.0,0.0,0.0,1.7213152286637002e+18,0.0,619.831934,-102.133301,-425.053125,-107.775879,23.90625,130.12207,1.0,656.666895,-168.994336,-430.522559,-110.500488,2.966309,5.229492,2.0,399.04541,-12.501562,-217.32627,-148.996582,20.126953,47.021484,3.0,385.204395,-61.391602,-192.099902,-151.347656,28.366699,-158.466797
1721315228700000000,1.7213152286550193e+18,-1.0,29.91,-1.0,13.02,-1.0,86.29,14.0,0.0,0.0,0.0,0.0,0.0,0.0,0.0,1.7213152286968e+18,0.0,620.724902,-103.249512,-424.941504,-108.171387,23.291016,130.209961,1.0,658.899316,-169.552441,-431.527148,-111.071777,3.537598,4.921875,2.0,399.157031,-13.729395,-217.549512,-149.47998,19.929199,46.977539,3.0,385.427637,-61.726465,-192.099902,-151.633301,28.344727,-158.554688
1721315228733333333,1.7213152287040538e+18,-1.0,29.91,-1.0,13.02,-1.0,84.83,14.0,0.0,0.0,0.0,0.0,0.0,0.0,0.0,1.7213152287298998e+18,0.0,619.273828,-105.14707,-424.048535,-108.259277,21.643066,130.693359,1.0,658.452832,-171.45,-430.969043,-111.708984,3.361816,4.96582,2.0,399.268652,-13.506152,-217.661133,-149.458008,19.885254,47.109375,3.0,385.316016,-61.949707,-192.211523,-151.743164,28.168945,-158.422852
1721315228766666666,1.7213152287530473e+18,-1.0,29.7,-1.0,13.02,-1.0,81.25,14.0,0.0,0.0,0.0,0.0,0.0,0.0,0.0,1.7213152287666e+18,0.0,616.148438,-100.682227,-422.932324,-107.380371,21.555176,131.176758,1.0,657.001758,-167.766504,-429.406348,-111.269531,3.779297,5.339355,2.0,399.380273,-13.28291,-217.661133,-149.370117,19.973145,47.131348,3.0,385.427637,-61.726465,-192.323145,-151.655273,28.212891,-158.378906
1721315228800000000,1.7213152287530473e+18,-1.0,29.7,-1.0,13.02,-1.0,81.25,14.0,0.0,0.0,0.0,0.0,0.0,0.0,0.0,1.7213152287997e+18,0.0,618.938965,-101.240332,-421.816113,-107.446289,21.643066,132.165527,1.0,661.913086,-165.980566,-427.62041,-111.51123,5.537109,5.976562,2.0,399.715137,-13.952637,-217.549512,-149.501953,20.10498,47.15332,3.0,385.427637,-61.726465,-192.546387,-151.699219,28.234863,-158.400879
1721315228833333333,1.7213152288025782e+18,-1.0,29.91,-1.0,12.84,-1.0,81.25,14.0,0.0,0.0,0.0,0.0,0.0,0.0,0.0,1.7213152288328e+18,0.0,618.045996,-98.673047,-421.369629,-107.160645,20.961914,132.824707,1.0,660.908496,-166.31543,-426.950684,-111.84082,5.844727,5.756836,2.0,399.491895,-14.2875,-217.32627,-149.589844,20.061035,47.175293,3.0,385.204395,-61.726465,-192.658008,-151.787109,28.168945,-158.400879
1721315228866666666,1.721315228851579e+18,-1.0,29.91,-1.0,13.56,-1.0,87.03,13.0,0.0,0.0,0.0,0.0,0.0,0.0,0.0,1.7213152288658e+18,0.0,616.148438,-94.654687,-420.811523,-106.062012,20.654297,133.308105,1.0,657.225,-165.087598,-424.606641,-111.555176,6.28418,6.020508,2.0,399.380273,-13.952637,-217.549512,-149.436035,20.039062,47.197266,3.0,384.981152,-61.838086,-192.769629,-151.765137,28.081055,-158.312988
1721315228900000000,1.721315228851579e+18,-1.0,29.91,-1.0,13.56,-1.0,87.03,13.0,0.0,0.0,0.0,0.0,0.0,0.0,0.0,1.7213152288989e+18,0.0,614.250879,-97.668457,-417.909375,-105.754395,20.939941,133.725586,1.0,653.429883,-159.394922,-420.923145,-110.192871,7.77832,6.130371,2.0,399.491895,-12.948047,-217.549512,-149.084473,20.192871,47.241211,3.0,385.092773,-61.726465,-192.546387,-151.699219,28.168945,-158.225098
1721315228933333333,1.7213152289011067e+18,-1.0,29.7,-1.0,13.2,-1.0,89.26,14.0,0.0,0.0,0.0,0.0,0.0,0.0,0.0,1.721315228932e+18,0.0,612.35332,-102.468164,-415.230469,-106.54541,21.708984,133.681641,1.0,652.425293,-161.180859,-422.262598,-110.917969,8.525391,5.471191,2.0,399.491895,-13.171289,-217.437891,-149.172363,20.170898,47.263184,3.0,385.092773,-61.838086,-192.434766,-151.743164,28.212891,-158.24707
1721315228966666666,1.7213152289501074e+18,-1.0,29.91,-1.0,13.38,-1.0,91.16,14.0,0.0,0.0,0.0,0.0,0.0,0.0,0.0,1.7213152289651e+18,0.0,609.22793,-103.584375,-414.114258,-106.853027,21.687012,133.505859,1.0,649.969629,-161.962207,-421.146387,-110.917969,8.041992,5.361328,2.0,399.04541,-13.28291,-217.32627,-149.194336,20.039062,47.351074,3.0,384.869531,-61.949707,-192.434766,-151.787109,28.146973,-158.203125
1721315229000000000,1.7213152289996288e+18,-1.0,29.91,-1.0,13.74,-1.0,92.32,14.0,0.0,0.0,0.0,0.0,0.0,0.0,0.0,1.7213152289981e+18,0.0,607.888477,-100.458984,-413.891016,-106.083984,21.84082,133.637695,1.0,649.07666,-159.283301,-419.806934,-110.214844,7.932129,5.537109,2.0,398.933789,-12.948047,-217.214648,-148.996582,20.061035,47.504883,3.0,384.75791,-61.726465,-192.211523,-151.655273,28.168945,-158.049316
1721315229033333333,1.7213152289996288e+18,-1.0,29.91,-1.0,13.74,-1.0,92.32,14.0,0.0,0.0,0.0,0.0,0.0,0.0,0.0,1.7213152290312e+18,0.0,609.451172,-96.552246,-413.444531,-105.380859,22.434082,133.813477,1.0,649.188281,-157.385742,-418.690723,-109.753418,8.459473,5.646973,2.0,398.933789,-13.059668,-217.103027,-149.040527,20.083008,47.504883,3.0,384.869531,-61.838086,-191.765039,-151.633301,28.278809,-157.895508
1721315229066666666,1.7213152290486277e+18,-1.0,29.91,-1.0,13.92,-1.0,92.7,13.0,0.0,0.0,0.0,0.0,0.0,0.0,0.0,1.7213152290643e+18,0.0,610.344141,-96.775488,-413.444531,-105.490723,22.390137,133.857422,1.0,648.853418,-159.394922,-419.583691,-110.10498,8.459473,5.493164,2.0,398.933789,-13.28291,-216.991406,-149.128418,20.061035,47.526855,3.0,384.646289,-62.061328,-191.765039,-151.765137,28.212891,-157.82959
1721315229100000000,1.7213152290971538e+18,-1.0,29.91,-1.0,13.92,-1.0,88.51,14.0,0.0,0.0,0.0,0.0,0.0,0.0,0.0,1.7213152290973e+18,0.0,609.786035,-95.994141,-414.002637,-105.446777,22.08252,133.747559,1.0,648.295312,-160.287891,-419.47207,-110.280762,8.195801,5.515137,2.0,398.822168,-13.171289,-217.103027,-149.172363,19.907227,47.746582,3.0,384.311426,-62.061328,-191.87666,-151.809082,28.037109,-157.675781
1721315229133333333,1.7213152290971538e+18,-1.0,29.91,-1.0,13.92,-1.0,88.51,14.0,0.0,0.0,0.0,0.0,0.0,0.0,0.0,1.7213152291304e+18,0.0,609.562793,-91.640918,-414.449121,-104.787598,21.950684,133.769531,1.0,647.737207,-159.506543,-418.46748,-110.061035,7.976074,5.778809,2.0,399.157031,-12.836426,-217.214648,-149.040527,20.039062,47.834473,3.0,384.534668,-61.726465,-191.765039,-151.655273,28.081055,-157.631836
1721315229166666666,1.7213152291461527e+18,-1.0,29.91,-1.0,14.46,-1.0,88.89,14.0,0.0,0.0,0.0,0.0,0.0,0.0,0.0,1.7213152291635e+18,0.0,610.23252,-91.529297,-414.449121,-104.853516,22.060547,133.703613,1.0,648.741797,-157.943848,-419.360449,-109.885254,8.02002,5.646973,2.0,399.491895,-13.171289,-217.103027,-149.128418,20.10498,47.856445,3.0,384.646289,-61.726465,-191.765039,-151.655273,28.125,-157.653809
1721315229200000000,1.721315229195203e+18,-1.0,29.91,-1.0,13.74,-1.0,73.08,14.0,0.0,0.0,0.0,0.0,0.0,0.0,0.0,1.7213152291966e+18,0.0,609.786035,-94.319824,-416.235059,-105.46875,21.621094,132.956543,1.0,648.406934,-158.948437,-420.811523,-110.302734,7.272949,5.097656,2.0,399.491895,-13.28291,-216.991406,-149.260254,20.083008,47.8125,3.0,384.646289,-61.726465,-191.765039,-151.699219,28.103027,-157.697754
1721315229233333333,1.721315229195203e+18,-1.0,29.91,-1.0,13.74,-1.0,73.08,14.0,0.0,0.0,0.0,0.0,0.0,0.0,0.0,1.7213152292333e+18,0.0,609.22793,-92.757129,-417.128027,-105.424805,21.379395,132.231445,1.0,648.295312,-153.479004,-421.816113,-109.709473,6.679688,4.680176,2.0,399.268652,-13.059668,-217.103027,-149.216309,20.061035,47.790527,3.0,384.646289,-61.614844,-191.87666,-151.677246,28.081055,-157.697754
1721315229266666666,1.7213152292451953e+18,-1.0,29.91,-1.0,13.2,-1.0,69.85,14.0,0.0,0.0,0.0,0.0,0.0,0.0,0.0,1.7213152292664e+18,0.0,610.009277,-91.529297,-416.681543,-105.161133,21.51123,132.341309,1.0,648.853418,-150.800098,-421.704492,-109.226074,6.899414,4.63623,2.0,399.380273,-12.948047,-217.103027,-149.172363,20.10498,47.790527,3.0,384.75791,-61.503223,-191.765039,-151.633301,28.125,-157.719727
1721315229300000000,1.721315229294291e+18,-1.0,29.91,-1.0,13.38,-1.0,77.44,14.0,0.0,0.0,0.0,0.0,0.0,0.0,0.0,1.7213152292995e+18,0.0,611.125488,-91.306055,-416.904785,-105.424805,21.687012,132.231445,1.0,650.974219,-151.804688,-421.48125,-109.643555,7.272949,4.438477,2.0,399.380273,-13.171289,-216.879785,-149.260254,20.148926,47.746582,3.0,384.75791,-61.503223,-191.87666,-151.699219,28.146973,-157.763672
1721315229333333333,1.721315229294291e+18,-1.0,29.91,-1.0,13.38,-1.0,77.44,14.0,0.0,0.0,0.0,0.0,0.0,0.0,0.0,1.7213152293325e+18,0.0,611.34873,-91.417676,-416.569922,-105.79834,21.137695,131.945801,1.0,649.523145,-152.586035,-421.034766,-110.302734,6.943359,4.086914,2.0,399.157031,-13.171289,-216.879785,-149.304199,20.148926,47.790527,3.0,384.646289,-61.614844,-191.87666,-151.743164,28.103027,-157.807617
1721315229366666666,1.721315229339302e+18,-1.0,29.7,-1.0,13.2,-1.0,89.64,14.0,0.0,0.0,0.0,0.0,0.0,0.0,0.0,1.7213152293656e+18,0.0,612.018457,-87.064453,-417.016406,-105.249023,21.09375,131.901855,1.0,648.630176,-149.795508,-422.374219,-109.929199,6.745605,3.999023,2.0,399.268652,-12.948047,-216.879785,-149.194336,20.170898,47.8125,3.0,384.75791,-61.503223,-191.988281,-151.699219,28.125,-157.785645
1721315229400000000,1.721315229388295e+18,-1.0,29.91,-1.0,13.56,-1.0,92.32,14.0,0.0,0.0,0.0,0.0,0.0,0.0,0.0,1.7213152293987e+18,0.0,612.241699,-85.055273,-416.569922,-105.270996,21.42334,131.901855,1.0,648.965039,-148.456055,-422.932324,-109.819336,6.943359,3.955078,2.0,399.268652,-13.171289,-216.879785,-149.216309,20.258789,47.834473,3.0,384.75791,-61.503223,-191.87666,-151.699219,28.168945,-157.785645
1721315229433333333,1.721315229388295e+18,-1.0,29.91,-1.0,13.56,-1.0,92.32,14.0,0.0,0.0,0.0,0.0,0.0,0.0,0.0,1.7213152294317998e+18,0.0,612.799805,-85.501758,-417.239648,-106.083984,21.577148,131.506348,1.0,649.634766,-148.679297,-422.820703,-110.456543,7.185059,3.691406,2.0,399.268652,-13.617773,-216.879785,-149.348145,20.236816,47.856445,3.0,384.646289,-61.838086,-192.099902,-151.809082,28.146973,-157.807617
1721315229466666666,1.7213152294376143e+18,-1.0,29.7,-1.0,13.56,-1.0,87.77,14.0,0.0,0.0,0.0,0.0,0.0,0.0,0.0,1.7213152294648e+18,0.0,612.241699,-88.627148,-416.904785,-106.831055,20.852051,131.044922,1.0,649.188281,-149.01416,-420.923145,-110.874023,6.921387,3.55957,2.0,399.04541,-13.394531,-217.103027,-149.282227,20.126953,47.944336,3.0,384.534668,-61.949707,-192.323145,-151.831055,28.103027,-157.807617
1721315229500000000,1.721315229486632e+18,-1.0,29.91,-1.0,13.56,-1.0,80.9,13.0,0.0,0.0,0.0,0.0,0.0,0.0,0.0,1.7213152294979e+18,0.0,613.134668,-88.403906,-415.230469,-106.611328,20.939941,131.19873,1.0,649.07666,-146.112012,-420.365039,-110.412598,7.141113,3.515625,2.0,398.933789,-12.501562,-217.661133,-149.040527,20.148926,47.966309,3.0,384.534668,-61.949707,-192.323145,-151.787109,28.103027,-157.763672
1721315229533333333,1.721315229486632e+18,-1.0,29.91,-1.0,13.56,-1.0,80.9,13.0,0.0,0.0,0.0,0.0,0.0,0.0,0.0,1.7213152295309998e+18,0.0,615.36709,-89.073633,-411.770215,-106.787109,21.379395,131.418457,1.0,652.202051,-145.330664,-420.030176,-110.500488,7.954102,3.295898,2.0,399.04541,-12.948047,-217.549512,-149.128418,20.148926,47.966309,3.0,384.534668,-62.061328,-192.323145,-151.831055,28.103027,-157.785645
1721315229566666666,1.721315229536154e+18,-1.0,29.7,-1.0,14.28,-1.0,88.89,14.0,0.0,0.0,0.0,0.0,0.0,0.0,0.0,1.7213152295641e+18,0.0,616.483301,-89.966602,-409.649414,-106.984863,21.181641,131.352539,1.0,653.541504,-147.674707,-417.35127,-111.09375,7.954102,3.120117,2.0,399.04541,-13.28291,-217.437891,-149.238281,20.083008,48.010254,3.0,384.534668,-62.061328,-192.323145,-151.875,28.059082,-157.807617
1721315229600000000,1.7213152295851633e+18,-1.0,29.91,-1.0,14.46,-1.0,84.1,14.0,0.0,0.0,0.0,0.0,0.0,0.0,0.0,1.7213152295971e+18,0.0,615.590332,-88.73877,-409.537793,-106.655273,20.830078,131.19873,1.0,652.202051,-147.00498,-416.34668,-110.830078,7.514648,2.878418,2.0,398.933789,-13.171289,-217.772754,-149.194336,19.929199,48.032227,3.0,384.423047,-62.061328,-192.323145,-151.875,27.993164,-157.807617
1721315229633333333,1.7213152295851633e+18,-1.0,29.91,-1.0,14.46,-1.0,84.1,14.0,0.0,0.0,0.0,0.0,0.0,0.0,0.0,1.7213152296301998e+18,0.0,615.701953,-87.287695,-409.426172,-106.281738,20.76416,131.330566,1.0,652.425293,-142.763379,-414.672363,-110.061035,7.712402,2.900391,2.0,398.933789,-12.948047,-217.661133,-149.150391,19.995117,48.032227,3.0,384.534668,-61.949707,-192.211523,-151.831055,28.015137,-157.807617
1721315229666666666,1.7213152296342162e+18,-1.0,29.91,-1.0,14.46,-1.0,88.89,14.0,0.0,0.0,0.0,0.0,0.0,0.0,0.0,1.7213152296633e+18,0.0,618.827344,-87.064453,-407.751855,-106.12793,20.786133,131.77002,1.0,654.21123,-144.995801,-414.002637,-110.632324,8.261719,2.944336,2.0,399.157031,-13.394531,-217.549512,-149.238281,20.01709,48.032227,3.0,384.534668,-62.061328,-192.211523,-151.853027,28.015137,-157.82959
1721315229700000000,1.721315229683215e+18,-1.0,29.91,-1.0,14.46,-1.0,88.89,14.0,0.0,0.0,0.0,0.0,0.0,0.0,0.0,1.7213152297e+18,0.0,620.836523,-88.180664,-406.635645,-106.259766,19.621582,132.209473,1.0,652.425293,-149.907129,-412.551562,-111.796875,8.151855,2.944336,2.0,399.04541,-13.729395,-217.437891,-149.326172,19.973145,48.054199,3.0,384.423047,-62.061328,-192.211523,-151.918945,27.971191,-157.82959
1721315229733333333,1.7213152297324047e+18,-1.0,29.7,-1.0,14.1,-1.0,88.14,14.0,0.0,0.0,0.0,0.0,0.0,0.0,0.0,1.7213152297331e+18,0.0,619.385449,-85.501758,-409.761035,-105.710449,19.050293,132.1875,1.0,652.09043,-148.121191,-412.551562,-111.599121,8.151855,2.922363,2.0,399.157031,-13.617773,-217.437891,-149.282227,19.995117,48.076172,3.0,384.534668,-62.061328,-192.099902,-151.875,27.971191,-157.785645
1721315229766666666,1.7213152297324047e+18,-1.0,29.7,-1.0,14.1,-1.0,88.14,14.0,0.0,0.0,0.0,0.0,0.0,0.0,0.0,1.7213152297662e+18,0.0,619.608691,-86.72959,-410.988867,-106.083984,18.852539,132.011719,1.0,654.992578,-144.437695,-411.993457,-111.269531,8.76709,2.900391,2.0,399.268652,-13.506152,-217.437891,-149.238281,20.039062,48.098145,3.0,384.646289,-62.061328,-191.988281,-151.831055,28.037109,-157.785645
1721315229800000000,1.721315229781412e+18,-1.0,29.91,-1.0,14.1,-1.0,90.78,14.0,0.0,0.0,0.0,0.0,0.0,0.0,0.0,1.7213152297992998e+18,0.0,618.380859,-89.85498,-412.774805,-106.809082,18.413086,131.879883,1.0,657.225,-143.656348,-413.221289,-111.42334,9.162598,2.790527,2.0,399.268652,-13.617773,-217.437891,-149.260254,20.039062,48.098145,3.0,384.646289,-62.172949,-191.87666,-151.853027,28.037109,-157.807617
1721315229833333333,1.72131522983095e+18,-1.0,29.91,-1.0,14.46,-1.0,90.78,13.0,0.0,0.0,0.0,0.0,0.0,0.0,0.0,1.7213152298323e+18,0.0,616.929785,-90.636328,-412.439941,-106.589355,17.094727,132.539062,1.0,656.666895,-144.326074,-412.998047,-111.51123,8.986816,2.768555,2.0,399.380273,-13.394531,-217.32627,-149.194336,20.039062,48.208008,3.0,384.646289,-62.172949,-191.87666,-151.831055,28.015137,-157.785645
1721315229866666666,1.72131522983095e+18,-1.0,29.91,-1.0,14.46,-1.0,90.78,13.0,0.0,0.0,0.0,0.0,0.0,0.0,0.0,1.7213152298654e+18,0.0,621.171387,-86.283105,-409.426172,-105.512695,16.281738,133.59375,1.0,656.22041,-144.326074,-412.105078,-111.445312,9.09668,2.856445,2.0,399.603516,-12.948047,-217.214648,-148.974609,20.192871,48.339844,3.0,384.75791,-62.061328,-191.87666,-151.765137,28.037109,-157.785645
1721315229900000000,1.7213152298799631e+18,-1.0,29.91,-1.0,14.64,-1.0,92.32,14.0,0.0,0.0,0.0,0.0,0.0,0.0,0.0,1.7213152298984998e+18,0.0,628.203516,-89.296875,-412.551562,-107.006836,15.732422,133.220215,1.0,652.983398,-172.901074,-408.309961,-114.697266,9.162598,4.152832,2.0,399.826758,-13.28291,-217.103027,-149.128418,20.236816,48.361816,3.0,384.869531,-61.838086,-191.87666,-151.787109,28.081055,-157.807617
1721315229933333333,1.7213152299284736e+18,-1.0,29.91,-1.0,14.64,-1.0,85.19,14.0,0.0,0.0,0.0,0.0,0.0,0.0,0.0,1.7213152299315e+18,0.0,620.166797,-88.403906,-411.32373,-107.138672,14.501953,134.165039,1.0,658.006348,-165.087598,-407.528613,-114.56543,10.129395,3.955078,2.0,399.715137,-14.175879,-216.768164,-149.47998,20.061035,48.581543,3.0,384.869531,-61.838086,-191.988281,-151.831055,28.015137,-157.807617
1721315229966666666,1.7213152299284736e+18,-1.0,29.91,-1.0,14.64,-1.0,85.19,14.0,0.0,0.0,0.0,0.0,0.0,0.0,0.0,1.7213152299646e+18,0.0,617.153027,-81.929883,-410.319141,-105.842285,14.260254,134.890137,1.0,658.117969,-156.492773,-408.19834,-113.752441,10.327148,3.427734,2.0,399.938379,-13.171289,-217.214648,-149.238281,19.951172,48.735352,3.0,385.427637,-61.391602,-192.434766,-151.787109,27.751465,-157.587891
1721315230000000000,1.7213152299784776e+18,-1.0,29.7,-1.0,14.28,-1.0,85.56,14.0,0.0,0.0,0.0,0.0,0.0,0.0,0.0,1.7213152299977e+18,0.0,617.041406,-81.260156,-411.100488,-105.710449,14.458008,134.956055,1.0,657.001758,-145.442285,-410.095898,-112.741699,10.898438,2.504883,2.0,400.719727,-12.724805,-217.661133,-149.216309,19.885254,48.713379,3.0,386.320605,-60.945117,-192.211523,-151.721191,27.597656,-157.324219
1721315230033333333,1.721315230027503e+18,-1.0,29.91,-1.0,13.74,-1.0,85.56,14.0,0.0,0.0,0.0,0.0,0.0,0.0,0.0,1.7213152300308e+18,0.0,617.711133,-83.604199,-410.877246,-106.303711,14.72168,135.021973,1.0,658.452832,-144.326074,-411.100488,-112.939453,11.271973,1.977539,2.0,401.166211,-12.948047,-219.112207,-149.699707,19.006348,48.581543,3.0,386.878711,-61.391602,-192.546387,-152.094727,26.740723,-156.928711
1721315230066666666,1.721315230027503e+18,-1.0,29.91,-1.0,13.74,-1.0,85.56,14.0,0.0,0.0,0.0,0.0,0.0,0.0,0.0,1.7213152300638e+18,0.0,617.599512,-84.608789,-410.542383,-106.54541,14.655762,135.043945,1.0,656.22041,-147.00498,-410.542383,-113.356934,10.568848,1.669922,2.0,400.161621,-12.27832,-220.340039,-149.370117,17.841797,49.152832,3.0,386.878711,-60.721875,-194.220703,-151.831055,25.202637,-156.159668
1721315230100000000,1.7213152300765038e+18,-1.0,29.91,-1.0,13.56,-1.0,84.83,13.0,0.0,0.0,0.0,0.0,0.0,0.0,0.0,1.7213152300969e+18,0.0,617.487891,-83.827441,-410.877246,-106.325684,14.633789,135.109863,1.0,654.992578,-143.098242,-410.988867,-112.609863,10.50293,1.647949,2.0,401.05459,-9.934277,-222.684082,-148.249512,16.940918,49.855957,3.0,388.77627,-59.15918,-194.555566,-150.600586,24.104004,-154.599609
1721315230133333333,1.7213152301216197e+18,-1.0,29.91,-1.0,13.38,-1.0,86.66,14.0,0.0,0.0,0.0,0.0,0.0,0.0,0.0,1.72131523013e+18,0.0,617.711133,-85.055273,-410.765625,-106.21582,14.831543,135.461426,1.0,654.769336,-140.084473,-411.658594,-112.17041,10.964355,1.604004,2.0,401.947559,-10.380762,-224.47002,-147.810059,15.710449,50.844727,3.0,390.450586,-59.270801,-194.89043,-150.029297,22.763672,-153.061523
1721315230166666666,1.7213152301216197e+18,-1.0,29.91,-1.0,13.38,-1.0,86.66,14.0,0.0,0.0,0.0,0.0,0.0,0.0,0.0,1.7213152301631e+18,0.0,617.934375,-87.957422,-410.654004,-106.699219,14.963379,135.549316,1.0,655.21582,-140.084473,-412.439941,-112.368164,11.513672,1.428223,2.0,401.947559,-8.594824,-227.037305,-146.843262,13.930664,51.811523,3.0,392.013281,-59.270801,-195.89502,-149.414062,20.983887,-152.138672
1721315230200000000,1.721315230170628e+18,-1.0,29.91,-1.0,13.74,-1.0,88.51,14.0,0.0,0.0,0.0,0.0,0.0,0.0,0.0,1.7213152301998e+18,0.0,617.041406,-88.850391,-410.542383,-106.809082,14.831543,135.505371,1.0,655.104199,-141.089062,-411.435352,-112.456055,11.381836,1.582031,2.0,402.728906,-6.13916,-228.6,-145.656738,12.875977,52.536621,3.0,392.794629,-56.926758,-196.899609,-148.601074,19.577637,-151.962891
1721315230233333333,1.7213152302196554e+18,-1.0,29.91,-1.0,13.92,-1.0,88.51,14.0,0.0,0.0,0.0,0.0,0.0,0.0,0.0,1.7213152302328998e+18,0.0,615.032227,-88.292285,-410.877246,-106.589355,14.897461,135.505371,1.0,654.322852,-139.303125,-410.319141,-111.796875,11.469727,1.779785,2.0,405.072949,-4.799707,-229.158105,-145.085449,12.919922,53.349609,3.0,395.473535,-55.029199,-196.341504,-147.897949,19.35791,-151.413574
1721315230266666666,1.7213152302196554e+18,-1.0,29.91,-1.0,13.92,-1.0,88.51,14.0,0.0,0.0,0.0,0.0,0.0,0.0,0.0,1.721315230266e+18,0.0,614.139258,-90.747949,-409.761035,-106.984863,15.336914,135.593262,1.0,654.099609,-138.968262,-410.877246,-111.774902,12.128906,1.560059,2.0,408.533203,-5.915918,-229.269727,-145.810547,13.31543,54.602051,3.0,398.598926,-54.805957,-196.229883,-148.161621,19.489746,-150.578613
1721315230300000000,1.7213152302686546e+18,-1.0,29.7,-1.0,13.56,-1.0,91.16,14.0,0.0,0.0,0.0,0.0,0.0,0.0,0.0,1.721315230299e+18,0.0,614.3625,-92.310645,-408.979687,-107.182617,15.227051,135.637207,1.0,653.876367,-140.419336,-409.984277,-112.104492,12.194824,1.538086,2.0,411.993457,-5.804297,-228.488379,-146.469727,14.106445,56.184082,3.0,400.942969,-54.247852,-196.118262,-148.688965,19.841309,-149.194336
1721315230333333333,1.7213152303176686e+18,-1.0,29.7,-1.0,13.38,-1.0,93.48,14.0,0.0,0.0,0.0,0.0,0.0,0.0,0.0,1.7213152303320998e+18,0.0,614.250879,-91.529297,-409.20293,-106.962891,15.183105,135.681152,1.0,653.541504,-141.312305,-407.975098,-112.038574,12.084961,1.757812,2.0,416.458301,-3.01377,-227.372168,-146.777344,15.666504,56.66748,3.0,405.854297,-52.685156,-195.113672,-149.216309,20.917969,-148.337402
1721315230366666666,1.7213152303176686e+18,-1.0,29.7,-1.0,13.38,-1.0,93.48,14.0,0.0,0.0,0.0,0.0,0.0,0.0,0.0,1.7213152303652e+18,0.0,614.027637,-90.524707,-409.20293,-106.589355,15.46875,135.834961,1.0,653.429883,-143.433105,-406.077539,-111.972656,12.216797,2.175293,2.0,421.258008,-5.357812,-224.916504,-148.754883,16.853027,56.491699,3.0,408.421582,-52.796777,-195.336914,-150.930176,21.489258,-148.601074
1721315230400000000,1.7213152303666693e+18,-1.0,29.91,-1.0,13.38,-1.0,93.48,14.0,0.0,0.0,0.0,0.0,0.0,0.0,0.0,1.7213152303983e+18,0.0,615.255469,-93.650098,-408.086719,-107.006836,15.710449,135.966797,1.0,655.439062,-148.790918,-404.961328,-112.543945,12.524414,2.504883,2.0,423.267187,-5.692676,-223.577051,-150.864258,16.875,55.195312,3.0,411.100488,-51.792187,-195.560156,-152.973633,21.577148,-149.414062
1721315230433333333,1.7213152304161905e+18,-1.0,29.91,-1.0,13.2,-1.0,100.7,14.0,0.0,0.0,0.0,0.0,0.0,0.0,0.0,1.7213152304312998e+18,0.0,615.36709,-93.87334,-407.975098,-107.094727,15.688477,135.944824,1.0,654.880957,-150.241992,-405.296191,-112.785645,12.304688,2.351074,2.0,425.61123,-4.688086,-222.46084,-152.578125,16.765137,54.052734,3.0,413.667773,-50.899219,-196.899609,-154.973145,21.159668,-150.644531
1721315230466666666,1.7213152304651876e+18,-1.0,29.91,-1.0,13.56,-1.0,96.64,14.0,0.0,0.0,0.0,0.0,0.0,0.0,0.0,1.7213152304644e+18,0.0,615.143848,-93.091992,-408.19834,-106.940918,15.754395,135.98877,1.0,654.322852,-149.237402,-405.854297,-112.521973,12.282715,2.241211,2.0,429.852832,-3.795117,-221.121387,-153.852539,17.182617,53.283691,3.0,417.239648,-49.336523,-198.797168,-156.467285,20.961914,-152.160645
1721315230500000000,1.7213152304651876e+18,-1.0,29.91,-1.0,13.56,-1.0,96.64,14.0,0.0,0.0,0.0,0.0,0.0,0.0,0.0,1.7213152304975e+18,0.0,615.36709,-93.315234,-408.533203,-107.050781,16.018066,135.900879,1.0,654.546094,-148.679297,-405.742676,-112.390137,12.436523,2.197266,2.0,432.978223,-5.804297,-220.228418,-156.203613,17.402344,52.404785,3.0,418.46748,-47.104102,-200.359863,-158.378906,20.786133,-153.413086
1721315230533333333,1.7213152305147162e+18,-1.0,29.7,-1.0,13.38,-1.0,94.65,14.0,0.0,0.0,0.0,0.0,0.0,0.0,0.0,1.7213152305306002e+18,0.0,614.3625,-95.436035,-410.095898,-107.644043,16.105957,135.41748,1.0,655.21582,-148.456055,-405.631055,-112.565918,12.546387,1.977539,2.0,434.76416,-6.474023,-220.674902,-157.82959,17.20459,52.492676,3.0,417.239648,-42.416016,-203.03877,-158.90625,19.797363,-153.435059
1721315230566666666,1.7213152305637268e+18,-1.0,29.7,-1.0,13.38,-1.0,97.44,14.0,0.0,0.0,0.0,0.0,0.0,0.0,0.0,1.7213152305636e+18,0.0,613.246289,-95.212793,-410.430762,-107.731934,15.79834,135.219727,1.0,653.653125,-147.786328,-405.965918,-112.719727,12.216797,1.647949,2.0,437.554688,-7.366992,-220.674902,-158.796387,17.731934,53.151855,3.0,424.49502,-46.99248,-199.913379,-159.873047,20.76416,-151.611328
1721315230600000000,1.7213152305637268e+18,-1.0,29.7,-1.0,13.38,-1.0,97.44,14.0,0.0,0.0,0.0,0.0,0.0,0.0,0.0,1.7213152305967e+18,0.0,613.581152,-92.86875,-410.20752,-107.358398,15.930176,135.263672,1.0,653.541504,-145.219043,-405.854297,-112.302246,12.304688,1.625977,2.0,440.568457,-5.804297,-220.228418,-159.038086,18.654785,53.305664,3.0,426.727441,-46.657617,-200.806348,-160.400391,21.049805,-151.523438
1721315230633333333,1.7213152306127575e+18,-1.0,29.7,-1.0,13.56,-1.0,100.29,14.0,0.0,0.0,0.0,0.0,0.0,0.0,0.0,1.7213152306298002e+18,0.0,614.027637,-92.533887,-410.095898,-107.380371,16.12793,135.263672,1.0,654.322852,-145.442285,-405.631055,-112.412109,12.480469,1.625977,2.0,442.354395,-7.255371,-219.670312,-160.048828,18.94043,53.459473,3.0,427.62041,-46.211133,-201.02959,-160.993652,21.159668,-151.743164
1721315230666666666,1.7213152306617574e+18,-1.0,29.91,-1.0,13.38,-1.0,99.06,14.0,0.0,0.0,0.0,0.0,0.0,0.0,0.0,1.7213152306665e+18,0.0,614.139258,-92.199023,-411.100488,-107.512207,16.149902,135.0,1.0,654.657715,-146.446875,-406.412402,-112.785645,12.458496,1.428223,2.0,441.90791,-5.804297,-220.898145,-160.136719,18.522949,53.898926,3.0,427.843652,-45.206543,-202.145801,-160.97168,20.632324,-151.523438
1721315230700000000,1.7213152306617574e+18,-1.0,29.91,-1.0,13.38,-1.0,99.06,14.0,0.0,0.0,0.0,0.0,0.0,0.0,0.0,1.7213152306996e+18,0.0,613.804395,-90.971191,-411.770215,-107.336426,16.105957,134.934082,1.0,654.099609,-147.228223,-406.18916,-112.82959,12.304688,1.494141,2.0,442.577637,-3.01377,-220.116797,-159.631348,19.050293,53.833008,3.0,428.848242,-42.8625,-201.810937,-160.510254,20.874023,-151.479492
1721315230733333333,1.7213152307113044e+18,-1.0,29.91,-1.0,13.74,-1.0,97.84,14.0,0.0,0.0,0.0,0.0,0.0,0.0,0.0,1.7213152307327002e+18,0.0,613.916016,-90.078223,-411.770215,-107.182617,16.281738,135.021973,1.0,654.099609,-147.116602,-406.524023,-112.697754,12.348633,1.516113,2.0,444.475195,-1.674316,-219.781934,-159.763184,19.819336,53.569336,3.0,429.406348,-41.523047,-201.699316,-160.664062,21.313477,-151.787109
1721315230766666666,1.7213152307603034e+18,-1.0,29.91,-1.0,13.56,-1.0,106.61,14.0,0.0,0.0,0.0,0.0,0.0,0.0,0.0,1.7213152307657e+18,0.0,614.474121,-90.636328,-411.546973,-107.29248,16.369629,135.065918,1.0,654.992578,-147.339844,-407.082129,-112.719727,12.414551,1.516113,2.0,446.484375,-2.00918,-217.437891,-160.444336,21.269531,53.745117,3.0,428.178516,-40.406836,-201.476074,-161.235352,21.972656,-151.655273
1721315230800000000,1.7213152307603034e+18,-1.0,29.91,-1.0,13.56,-1.0,106.61,14.0,0.0,0.0,0.0,0.0,0.0,0.0,0.0,1.7213152307988e+18,0.0,614.250879,-91.529297,-412.32832,-107.490234,16.171875,134.934082,1.0,655.662305,-147.228223,-407.528613,-112.741699,12.282715,1.516113,2.0,444.810059,-0.669727,-215.205469,-160.334473,22.697754,54.206543,3.0,427.397168,-39.067383,-200.917969,-160.883789,22.82959,-151.12793
1721315230833333333,1.72131523081382e+18,-1.0,29.91,-1.0,13.38,-1.0,107.47,14.0,0.0,0.0,0.0,0.0,0.0,0.0,0.0,1.7213152308319e+18,0.0,614.3625,-90.524707,-412.774805,-107.270508,16.083984,135.021973,1.0,654.657715,-147.00498,-407.416992,-112.521973,12.23877,1.625977,2.0,445.814648,1.451074,-214.647363,-159.938965,24.169922,54.206543,3.0,428.401758,-37.951172,-197.680957,-160.532227,24.499512,-150.79834
1721315230866666666,1.7213152308628234e+18,-1.0,29.91,-1.0,14.82,-1.0,105.75,14.0,0.0,0.0,0.0,0.0,0.0,0.0,0.0,1.721315230865e+18,0.0,615.701953,-90.85957,-413.109668,-107.314453,16.171875,135.197754,1.0,654.880957,-146.781738,-407.863477,-112.5,12.348633,1.582031,2.0,447.600586,0.558105,-210.852246,-160.576172,25.620117,54.074707,3.0,427.508789,-34.825781,-196.787988,-160.554199,25.356445,-151.523438
1721315230900000000,1.7213152308628234e+18,-1.0,29.91,-1.0,14.82,-1.0,105.75,14.0,0.0,0.0,0.0,0.0,0.0,0.0,0.0,1.721315230898e+18,0.0,616.260059,-91.86416,-412.998047,-107.512207,16.12793,135.197754,1.0,655.439062,-147.116602,-407.975098,-112.587891,12.348633,1.538086,2.0,446.707617,2.120801,-208.17334,-160.554199,26.169434,53.986816,3.0,426.504199,-34.044434,-195.225293,-160.554199,25.817871,-151.633301
1721315230933333333,1.721315230912355e+18,-1.0,29.91,-1.0,15.19,-1.0,101.53,14.0,0.0,0.0,0.0,0.0,0.0,0.0,0.0,1.7213152309311e+18,0.0,615.925195,-94.766309,-412.998047,-107.819824,15.732422,135.32959,1.0,655.662305,-148.790918,-407.751855,-112.807617,12.041016,1.625977,2.0,446.707617,4.12998,-203.150391,-160.444336,27.333984,53.525391,3.0,425.387988,-31.923633,-190.983691,-160.070801,26.916504,-152.358398
1721315230966666666,1.7213152309613686e+18,-1.0,29.91,-1.0,15.56,-1.0,99.88,14.0,0.0,0.0,0.0,0.0,0.0,0.0,0.0,1.7213152309642e+18,0.0,615.813574,-93.761719,-413.667773,-107.556152,15.776367,135.41748,1.0,656.332031,-148.567676,-406.970508,-112.631836,12.062988,1.801758,2.0,447.154102,6.920508,-197.457715,-160.576172,28.146973,52.119141,3.0,425.276367,-29.802832,-187.076953,-160.114746,27.487793,-153.984375
1721315231000000000,1.7213152309613686e+18,-1.0,29.91,-1.0,15.56,-1.0,99.88,14.0,0.0,0.0,0.0,0.0,0.0,0.0,0.0,1.7213152309973e+18,0.0,616.594922,-93.984961,-413.444531,-107.644043,15.952148,135.461426,1.0,657.113379,-150.911719,-406.747266,-112.939453,12.194824,1.867676,2.0,446.372754,5.915918,-192.769629,-161.916504,28.059082,50.317383,3.0,424.718262,-28.463379,-183.058594,-161.169434,27.685547,-156.665039
1721315231033333333,1.721315231009883e+18,-1.0,29.91,-1.0,16.11,-1.0,102.36,14.0,0.0,0.0,0.0,0.0,0.0,0.0,0.0,1.7213152310303e+18,0.0,616.37168,-94.87793,-413.667773,-107.819824,15.88623,135.373535,1.0,657.225,-153.144141,-406.970508,-113.24707,12.062988,1.757812,2.0,444.251953,9.822656,-189.197754,-161.762695,27.46582,49.152832,3.0,424.048535,-28.128516,-179.821582,-161.38916,27.180176,-157.543945
1721315231066666666,1.7213152310592924e+18,-1.0,29.91,-1.0,16.48,-1.0,103.2,14.0,0.0,0.0,0.0,0.0,0.0,0.0,0.0,1.7213152310634e+18,0.0,616.148438,-94.989551,-413.667773,-107.753906,15.776367,135.395508,1.0,657.113379,-153.590625,-406.412402,-113.15918,11.821289,1.801758,2.0,444.140332,13.841016,-185.625879,-161.411133,27.333984,48.14209,3.0,424.383398,-26.677441,-176.807812,-161.279297,26.938477,-158.466797
1721315231100000000,1.7213152310592924e+18,-1.0,29.91,-1.0,16.48,-1.0,103.2,14.0,0.0,0.0,0.0,0.0,0.0,0.0,0.0,1.7213152310965e+18,0.0,616.594922,-94.87793,-412.998047,-107.600098,15.842285,135.527344,1.0,657.113379,-152.697656,-406.524023,-112.961426,11.931152,1.801758,2.0,443.91709,14.399121,-184.398047,-162.04834,26.367188,47.109375,3.0,425.499609,-25.672852,-175.468359,-161.674805,26.05957,-160.268555
1721315231133333333,1.7213152311088136e+18,-1.0,29.7,-1.0,16.67,-1.0,102.78,14.0,0.0,0.0,0.0,0.0,0.0,0.0,0.0,1.7213152311332e+18,0.0,617.264648,-97.780078,-410.765625,-107.95166,15.88623,135.615234,1.0,657.225,-153.367383,-406.077539,-113.15918,12.150879,1.757812,2.0,440.345215,17.412891,-183.951562,-161.938477,24.521484,46.450195,3.0,425.053125,-25.784473,-176.361328,-161.960449,24.257812,-161.740723
1721315231166666666,1.721315231161811e+18,-1.0,29.7,-1.0,16.48,-1.0,103.62,14.0,0.0,0.0,0.0,0.0,0.0,0.0,0.0,1.7213152311663002e+18,0.0,616.929785,-97.221973,-409.984277,-107.973633,15.666504,135.483398,1.0,656.332031,-154.371973,-405.742676,-113.400879,11.975098,1.669922,2.0,438.670898,21.208008,-183.281836,-161.213379,23.598633,45.878906,3.0,424.941504,-23.998535,-177.365918,-161.477051,23.071289,-162.487793
1721315231200000000,1.721315231161811e+18,-1.0,29.7,-1.0,16.48,-1.0,103.62,14.0,0.0,0.0,0.0,0.0,0.0,0.0,0.0,1.7213152311994e+18,0.0,616.929785,-95.994141,-409.761035,-107.709961,15.754395,135.593262,1.0,655.662305,-153.367383,-405.519434,-113.137207,11.953125,1.669922,2.0,439.229004,23.775293,-183.058594,-160.949707,23.181152,45.065918,3.0,425.61123,-21.096387,-177.477539,-161.169434,22.609863,-163.410645
1721315231233333333,1.7213152312113329e+18,-1.0,29.7,-1.0,16.48,-1.0,106.18,14.0,0.0,0.0,0.0,0.0,0.0,0.0,0.0,1.7213152312067e+18,0.0,616.929785,-95.994141,-409.761035,-107.687988,15.776367,135.593262,1.0,655.773926,-152.920898,-405.519434,-113.071289,12.019043,1.647949,2.0,439.229004,23.886914,-183.281836,-161.081543,23.027344,44.868164,3.0,425.722852,-20.649902,-177.700781,-161.257324,22.456055,-163.630371
1721315231266666666,1.7213152312603364e+18,-1.0,29.91,-1.0,17.04,-1.0,107.47,14.0,0.0,0.0,0.0,0.0,0.0,0.0,0.0,1.7213152312655002e+18,0.0,617.264648,-97.891699,-410.430762,-108.039551,15.930176,135.351562,1.0,658.006348,-153.813867,-406.18916,-113.291016,12.348633,1.516113,2.0,437.666309,26.342578,-185.067773,-161.433105,21.51123,44.121094,3.0,425.722852,-18.863965,-179.59834,-161.674805,20.742188,-163.916016
1721315231300000000,1.7213152312603364e+18,-1.0,29.91,-1.0,17.04,-1.0,107.47,14.0,0.0,0.0,0.0,0.0,0.0,0.0,0.0,1.7213152312986e+18,0.0,616.483301,-97.333594,-410.20752,-107.973633,15.864258,135.285645,1.0,656.778516,-155.934668,-406.747266,-113.554688,12.062988,1.450195,2.0,437.443066,29.244727,-186.295605,-160.751953,21.203613,44.187012,3.0,426.839062,-16.29668,-179.486719,-160.97168,20.632324,-163.652344
1721315231333333333,1.721315231308875e+18,-1.0,29.7,-1.0,16.85,-1.0,107.91,14.0,0.0,0.0,0.0,0.0,0.0,0.0,0.0,1.7213152313317e+18,0.0,616.483301,-96.217383,-409.537793,-107.753906,16.018066,135.395508,1.0,656.555273,-155.599805,-406.635645,-113.356934,12.128906,1.538086,2.0,437.889551,31.58877,-185.849121,-160.378418,21.247559,44.121094,3.0,427.732031,-14.399121,-179.263477,-160.686035,20.544434,-163.828125
1721315231366666666,1.721315231357886e+18,-1.0,29.91,-1.0,16.67,-1.0,107.47,14.0,0.0,0.0,0.0,0.0,0.0,0.0,0.0,1.7213152313648e+18,0.0,617.934375,-96.887109,-409.537793,-107.86377,16.369629,135.549316,1.0,658.899316,-154.483594,-407.082129,-113.181152,12.700195,1.516113,2.0,438.559277,33.70957,-185.402637,-160.488281,21.071777,44.187012,3.0,428.625,-12.724805,-179.263477,-160.839844,20.192871,-164.157715
1721315231400000000,1.721315231357886e+18,-1.0,29.91,-1.0,16.67,-1.0,107.47,14.0,0.0,0.0,0.0,0.0,0.0,0.0,0.0,1.7213152313978e+18,0.0,617.934375,-97.780078,-410.20752,-108.039551,16.281738,135.41748,1.0,658.564453,-154.595215,-407.305371,-113.334961,12.722168,1.362305,2.0,438.001172,36.500098,-187.076953,-160.048828,20.500488,44.780273,3.0,428.513379,-11.385352,-180.491309,-160.664062,19.35791,-163.696289
1721315231433333333,1.7213152314114017e+18,-1.0,29.91,-1.0,17.42,-1.0,102.78,13.0,0.0,0.0,0.0,0.0,0.0,0.0,0.0,1.7213152314309002e+18,0.0,617.711133,-97.780078,-411.100488,-108.017578,16.21582,135.395508,1.0,657.894727,-154.483594,-407.416992,-113.291016,12.612305,1.362305,2.0,439.452246,39.402246,-187.188574,-159.32373,20.961914,45.131836,3.0,430.187695,-9.15293,-180.044824,-159.98291,19.709473,-163.322754
1721315231466666666,1.7213152314604142e+18,-1.0,29.91,-1.0,17.79,-1.0,101.53,14.0,0.0,0.0,0.0,0.0,0.0,0.0,0.0,1.721315231464e+18,0.0,617.711133,-97.333594,-411.658594,-107.95166,16.369629,135.373535,1.0,657.448242,-153.590625,-407.863477,-113.137207,12.678223,1.296387,2.0,441.238184,38.844141,-187.300195,-159.521484,21.159668,45.439453,3.0,431.63877,-7.14375,-179.709961,-159.763184,19.907227,-163.344727
1721315231500000000,1.7213152314604142e+18,-1.0,29.91,-1.0,17.79,-1.0,101.53,14.0,0.0,0.0,0.0,0.0,0.0,0.0,0.0,1.721315231497e+18,0.0,617.264648,-98.449805,-411.993457,-108.215332,16.435547,135.307617,1.0,657.113379,-153.925488,-408.533203,-113.269043,12.766113,1.252441,2.0,441.90791,38.844141,-188.974512,-159.675293,20.808105,45.791016,3.0,431.862012,-6.808887,-181.161035,-159.938965,19.423828,-163.015137
1721315231533333333,1.721315231509932e+18,-1.0,29.7,-1.0,17.04,-1.0,101.53,14.0,0.0,0.0,0.0,0.0,0.0,0.0,0.0,1.7213152315301002e+18,0.0,616.260059,-99.342773,-412.439941,-108.413086,16.281738,135.219727,1.0,656.22041,-154.930078,-408.644824,-113.422852,12.590332,1.296387,2.0,441.796289,43.085742,-190.202344,-158.620605,20.610352,46.230469,3.0,432.308496,-5.692676,-181.830762,-159.455566,19.116211,-162.180176
1721315231566666666,1.721315231558938e+18,-1.0,29.91,-1.0,17.23,-1.0,103.2,14.0,0.0,0.0,0.0,0.0,0.0,0.0,0.0,1.7213152315632e+18,0.0,615.590332,-99.789258,-412.32832,-108.303223,16.21582,135.395508,1.0,655.104199,-151.804688,-408.868066,-112.719727,12.436523,1.494141,2.0,443.024121,46.434375,-190.760449,-157.807617,20.895996,46.472168,3.0,434.206055,-2.902148,-181.384277,-158.620605,19.467773,-161.784668
1721315231600000000,1.721315231558938e+18,-1.0,29.91,-1.0,17.23,-1.0,103.2,14.0,0.0,0.0,0.0,0.0,0.0,0.0,0.0,1.7213152315999e+18,0.0,616.260059,-100.570605,-411.546973,-108.413086,16.479492,135.637207,1.0,655.885547,-150.800098,-408.756445,-112.609863,12.941895,1.516113,2.0,444.92168,45.987891,-192.546387,-157.939453,20.720215,47.043457,3.0,435.880371,-2.344043,-182.388867,-158.686523,19.423828,-161.520996
1721315231633333333,1.7213152316082273e+18,-1.0,29.91,-1.0,17.04,-1.0,102.78,14.0,0.0,0.0,0.0,0.0,0.0,0.0,0.0,1.721315231633e+18,0.0,616.148438,-102.133301,-411.212109,-108.720703,16.369629,135.637207,1.0,656.332031,-152.362793,-408.309961,-112.983398,12.963867,1.494141,2.0,444.028711,45.764648,-194.332324,-157.587891,20.302734,48.295898,3.0,435.099023,-1.897559,-184.286426,-158.181152,18.830566,-160.400391
1721315231666666666,1.7213152316612283e+18,-1.0,29.91,-1.0,17.23,-1.0,100.7,14.0,0.0,0.0,0.0,0.0,0.0,0.0,0.0,1.7213152316661e+18,0.0,615.813574,-101.686816,-411.32373,-108.676758,16.259766,135.637207,1.0,656.108789,-152.697656,-407.863477,-113.071289,12.875977,1.494141,2.0,445.368164,48.778418,-195.89502,-156.357422,20.742188,49.042969,3.0,436.661719,0.334863,-184.956152,-157.08252,19.27002,-159.455566
1721315231700000000,1.7213152316612283e+18,-1.0,29.91,-1.0,17.23,-1.0,100.7,14.0,0.0,0.0,0.0,0.0,0.0,0.0,0.0,1.7213152316992e+18,0.0,616.260059,-99.231152,-410.542383,-108.237305,16.391602,135.834961,1.0,656.22041,-151.804688,-407.19375,-112.873535,12.919922,1.582031,2.0,446.149512,49.894629,-196.899609,-155.917969,20.961914,49.262695,3.0,437.554688,1.562695,-184.73291,-156.687012,19.6875,-159.038086
1721315231733333333,1.721315231710288e+18,-1.0,29.7,-1.0,17.23,-1.0,101.53,14.0,0.0,0.0,0.0,0.0,0.0,0.0,0.0,1.7213152317322e+18,0.0,616.929785,-99.566016,-410.319141,-108.325195,16.479492,135.856934,1.0,657.113379,-151.358203,-406.858887,-112.895508,13.139648,1.582031,2.0,446.484375,48.890039,-198.350684,-156.09375,20.983887,49.680176,3.0,436.550098,2.120801,-186.295605,-156.665039,19.445801,-158.532715
1721315231766666666,1.7213152317592996e+18,-1.0,29.7,-1.0,17.23,-1.0,99.06,13.0,0.0,0.0,0.0,0.0,0.0,0.0,0.0,1.7213152317653e+18,0.0,616.37168,-100.682227,-410.319141,-108.544922,16.369629,135.74707,1.0,657.001758,-152.251172,-405.742676,-113.137207,13.139648,1.560059,2.0,445.033301,50.675977,-200.248242,-155.412598,20.720215,50.471191,3.0,434.987402,2.232422,-189.420996,-156.291504,18.808594,-157.609863
1721315231800000000,1.7213152317592996e+18,-1.0,29.7,-1.0,17.23,-1.0,99.06,13.0,0.0,0.0,0.0,0.0,0.0,0.0,0.0,1.7213152317984e+18,0.0,616.036816,-101.351953,-409.984277,-108.544922,16.281738,135.812988,1.0,656.666895,-152.139551,-404.738086,-113.093262,13.139648,1.625977,2.0,445.92627,53.912988,-201.699316,-154.248047,21.335449,51.130371,3.0,436.103613,4.688086,-189.644238,-155.126953,19.555664,-156.906738
1721315231833333333,1.7213152318088177e+18,-1.0,29.91,-1.0,17.23,-1.0,99.88,14.0,0.0,0.0,0.0,0.0,0.0,0.0,0.0,1.7213152318315e+18,0.0,616.260059,-101.910059,-408.756445,-108.566895,16.435547,135.922852,1.0,657.113379,-152.362793,-403.398633,-112.961426,13.249512,1.801758,2.0,445.92627,52.796777,-202.592285,-154.511719,21.533203,51.416016,3.0,435.433887,5.246191,-190.648828,-155.126953,19.665527,-156.84082
1721315231866666666,1.7213152318578063e+18,-1.0,29.7,-1.0,17.23,-1.0,101.53,14.0,0.0,0.0,0.0,0.0,0.0,0.0,0.0,1.7213152318645e+18,0.0,617.041406,-104.030859,-407.863477,-109.072266,16.633301,135.769043,1.0,657.894727,-154.595215,-402.840527,-113.356934,13.447266,1.867676,2.0,444.92168,52.573535,-204.266602,-154.599609,21.313477,51.921387,3.0,434.206055,5.13457,-192.769629,-155.302734,19.335938,-156.533203
1721315231900000000,1.7213152318578063e+18,-1.0,29.7,-1.0,17.23,-1.0,101.53,14.0,0.0,0.0,0.0,0.0,0.0,0.0,0.0,1.7213152318976e+18,0.0,616.594922,-105.14707,-406.858887,-109.335938,16.413574,135.725098,1.0,657.448242,-155.934668,-402.282422,-113.510742,13.227539,1.889648,2.0,443.470605,55.587305,-205.382812,-153.830566,21.291504,52.602539,3.0,433.313086,7.478613,-194.667187,-154.555664,19.094238,-155.895996
1721315231933333333,1.7213152319073454e+18,-1.0,29.91,-1.0,16.48,-1.0,101.11,14.0,0.0,0.0,0.0,0.0,0.0,0.0,0.0,1.7213152319307e+18,0.0,616.594922,-103.807617,-406.635645,-109.050293,16.479492,135.812988,1.0,657.225,-155.711426,-402.394043,-113.356934,13.117676,1.889648,2.0,443.91709,58.377832,-206.16416,-153.149414,21.708984,52.822266,3.0,433.871191,10.15752,-194.332324,-153.918457,19.753418,-155.698242
1721315231966666666,1.721315231956347e+18,-1.0,29.7,-1.0,16.48,-1.0,101.11,14.0,0.0,0.0,0.0,0.0,0.0,0.0,0.0,1.7213152319638e+18,0.0,616.929785,-102.914648,-406.970508,-108.94043,16.677246,135.74707,1.0,657.671484,-155.264941,-402.505664,-113.312988,13.337402,1.801758,2.0,443.693848,58.712695,-208.061719,-153.413086,21.42334,52.712402,3.0,433.424707,10.380762,-195.671777,-154.226074,19.577637,-155.895996
1721315232000000000,1.721315231956347e+18,-1.0,29.7,-1.0,16.48,-1.0,101.11,14.0,0.0,0.0,0.0,0.0,0.0,0.0,0.0,1.7213152319968e+18,0.0,617.264648,-102.468164,-407.528613,-108.984375,16.699219,135.571289,1.0,658.452832,-155.599805,-403.845117,-113.554688,13.359375,1.538086,2.0,441.573047,59.382422,-210.629004,-153.522949,20.67627,53.173828,3.0,432.196875,10.269141,-197.792578,-154.35791,18.962402,-155.76416
1721315232033333333,1.7213152320058665e+18,-1.0,29.91,-1.0,15.56,-1.0,102.36,14.0,0.0,0.0,0.0,0.0,0.0,0.0,0.0,1.7213152320299e+18,0.0,616.929785,-100.905469,-408.533203,-108.852539,16.611328,135.373535,1.0,657.448242,-154.818457,-405.519434,-113.532715,13.07373,1.318359,2.0,441.90791,60.721875,-211.410352,-153.193359,20.720215,53.415527,3.0,432.085254,10.938867,-198.685547,-154.02832,18.786621,-155.632324
1721315232066666666,1.7213152320588654e+18,-1.0,29.7,-1.0,17.23,-1.0,103.62,14.0,0.0,0.0,0.0,0.0,0.0,0.0,0.0,1.721315232063e+18,0.0,616.260059,-98.784668,-409.537793,-108.588867,16.677246,135.197754,1.0,656.555273,-153.255762,-406.077539,-113.269043,13.07373,1.252441,2.0,442.019531,60.945117,-211.745215,-153.215332,20.720215,53.305664,3.0,432.420117,11.496973,-198.908789,-153.918457,18.852539,-156.005859
1721315232100000000,1.7213152320588654e+18,-1.0,29.7,-1.0,17.23,-1.0,103.62,14.0,0.0,0.0,0.0,0.0,0.0,0.0,0.0,1.7213152320997e+18,0.0,616.594922,-98.114941,-410.319141,-108.632812,16.809082,135.043945,1.0,657.113379,-152.920898,-406.524023,-113.312988,13.205566,1.164551,2.0,440.90332,59.270801,-212.191699,-154.116211,19.995117,52.646484,3.0,431.63877,8.818066,-201.252832,-155.43457,17.995605,-158.181152
1721315232133333333,1.7213152321083963e+18,-1.0,29.91,-1.0,17.42,-1.0,104.04,14.0,0.0,0.0,0.0,0.0,0.0,0.0,0.0,1.7213152321328e+18,0.0,616.036816,-98.449805,-410.988867,-108.808594,16.501465,134.846191,1.0,657.448242,-153.367383,-406.747266,-113.598633,13.029785,1.098633,2.0,439.005762,56.257031,-213.084668,-155.083008,19.116211,51.877441,3.0,431.080664,7.478613,-200.806348,-155.742188,17.709961,-158.774414
1721315232166666666,1.7213152321573947e+18,-1.0,29.91,-1.0,17.42,-1.0,103.2,14.0,0.0,0.0,0.0,0.0,0.0,0.0,0.0,1.7213152321659e+18,0.0,616.260059,-97.780078,-411.32373,-108.544922,16.281738,135.0,1.0,657.001758,-151.469824,-407.19375,-113.378906,12.963867,1.120605,2.0,440.568457,55.252441,-212.414941,-155.566406,19.665527,50.998535,3.0,431.750391,7.032129,-201.252832,-156.005859,18.193359,-159.675293
1721315232200000000,1.7213152321573947e+18,-1.0,29.91,-1.0,17.42,-1.0,103.2,14.0,0.0,0.0,0.0,0.0,0.0,0.0,0.0,1.7213152321989998e+18,0.0,617.041406,-97.221973,-410.877246,-108.413086,16.413574,135.175781,1.0,657.001758,-150.688477,-407.082129,-113.225098,13.07373,1.120605,2.0,441.126562,48.778418,-211.410352,-157.653809,19.753418,49.724121,3.0,431.63877,0.446484,-203.03877,-158.203125,18.566895,-161.213379
1721315232233333333,1.7213152322065513e+18,-1.0,29.91,-1.0,17.98,-1.0,101.94,14.0,0.0,0.0,0.0,0.0,0.0,0.0,0.0,1.721315232232e+18,0.0,617.264648,-97.556836,-410.542383,-108.566895,16.479492,135.197754,1.0,657.336621,-150.576855,-407.528613,-113.334961,13.183594,1.032715,2.0,439.340625,43.86709,-212.638184,-158.994141,19.226074,48.603516,3.0,431.192285,-2.790527,-203.150391,-159.389648,18.808594,-162.246094
1721315232266666666,1.7213152322549535e+18,-1.0,29.7,-1.0,17.98,-1.0,101.53,14.0,0.0,0.0,0.0,0.0,0.0,0.0,0.0,1.7213152322651e+18,0.0,616.706543,-97.780078,-410.430762,-108.676758,16.325684,135.197754,1.0,656.890137,-151.134961,-407.528613,-113.444824,13.051758,1.010742,2.0,439.117383,39.513867,-212.526562,-159.89502,19.6875,47.373047,3.0,430.187695,-5.804297,-203.708496,-160.092773,19.094238,-163.322754
1721315232300000000,1.7213152322549535e+18,-1.0,29.7,-1.0,17.98,-1.0,101.53,14.0,0.0,0.0,0.0,0.0,0.0,0.0,0.0,1.7213152322981998e+18,0.0,616.594922,-95.88252,-411.546973,-108.369141,16.369629,135.197754,1.0,656.890137,-150.241992,-407.640234,-113.15918,12.919922,1.07666,2.0,441.349805,34.937402,-210.740625,-161.037598,21.247559,45.769043,3.0,429.517969,-10.827246,-202.927148,-161.235352,20.126953,-164.443359
1721315232333333333,1.7213152323049362e+18,-1.0,29.7,-1.0,17.42,-1.0,96.24,14.0,0.0,0.0,0.0,0.0,0.0,0.0,0.0,1.7213152323312e+18,0.0,616.483301,-96.329004,-411.658594,-108.479004,16.523438,135.219727,1.0,656.555273,-149.349023,-408.644824,-113.049316,13.139648,0.944824,2.0,441.573047,28.686621,-210.740625,-162.861328,22.060547,44.143066,3.0,428.401758,-17.189648,-202.480664,-163.081055,20.610352,-165.058594
1721315232366666666,1.7213152323539937e+18,-1.0,29.48,-1.0,17.98,-1.0,92.32,14.0,0.0,0.0,0.0,0.0,0.0,0.0,0.0,1.7213152323643e+18,0.0,616.036816,-96.552246,-411.658594,-108.632812,16.567383,135.153809,1.0,656.666895,-150.01875,-409.20293,-113.225098,13.139648,0.856934,2.0,439.452246,22.770703,-209.512793,-163.828125,22.719727,43.813477,3.0,427.843652,-22.770703,-202.369043,-164.11377,20.939941,-165.014648
1721315232400000000,1.7213152323539937e+18,-1.0,29.48,-1.0,17.98,-1.0,92.32,14.0,0.0,0.0,0.0,0.0,0.0,0.0,0.0,1.7213152323973998e+18,0.0,615.701953,-96.440625,-411.658594,-108.588867,16.479492,135.131836,1.0,656.443652,-150.800098,-408.979687,-113.24707,12.98584,0.878906,2.0,439.89873,19.756934,-207.615234,-163.959961,24.060059,43.198242,3.0,425.61123,-23.552051,-201.587695,-163.828125,21.533203,-165.563965
1721315232433333333,1.721315232402596e+18,-1.0,29.91,-1.0,17.98,-1.0,91.93,14.0,0.0,0.0,0.0,0.0,0.0,0.0,0.0,1.7213152324305e+18,0.0,616.036816,-96.887109,-410.988867,-108.479004,16.523438,135.32959,1.0,656.108789,-150.688477,-408.086719,-113.093262,12.98584,1.010742,2.0,440.121973,15.29209,-206.275781,-164.597168,24.829102,42.539062,3.0,424.271777,-26.007715,-201.252832,-164.091797,21.928711,-166.35498
1721315232466666666,1.7213152324523525e+18,-1.0,29.7,-1.0,18.55,-1.0,87.03,14.0,0.0,0.0,0.0,0.0,0.0,0.0,0.0,1.7213152324635e+18,0.0,616.929785,-100.458984,-409.649414,-108.896484,16.633301,135.527344,1.0,656.666895,-153.255762,-406.858887,-113.334961,13.161621,1.142578,2.0,439.340625,11.496973,-205.047949,-165.080566,24.873047,42.1875,3.0,423.49043,-29.691211,-200.248242,-164.553223,21.884766,-166.904297
1721315232500000000,1.7213152324523525e+18,-1.0,29.7,-1.0,18.55,-1.0,87.03,14.0,0.0,0.0,0.0,0.0,0.0,0.0,0.0,1.7213152324965998e+18,0.0,616.706543,-102.468164,-409.20293,-109.160156,16.369629,135.549316,1.0,656.443652,-156.381152,-406.300781,-113.752441,12.875977,1.164551,2.0,436.438477,10.15752,-203.262012,-164.838867,24.785156,41.835938,3.0,421.146387,-32.370117,-198.573926,-164.597168,21.687012,-167.277832
1721315232533333333,1.7213152325011433e+18,-1.0,29.91,-1.0,18.17,-1.0,90.4,14.0,0.0,0.0,0.0,0.0,0.0,0.0,0.0,1.7213152325297e+18,0.0,616.483301,-102.02168,-409.426172,-109.02832,16.325684,135.549316,1.0,656.22041,-156.381152,-405.965918,-113.664551,12.788086,1.208496,2.0,436.326855,11.050488,-200.025,-164.311523,25.576172,40.847168,3.0,421.146387,-32.258496,-195.671777,-164.069824,22.390137,-168.222656
1721315232566666666,1.72131523255064e+18,-1.0,29.7,-1.0,17.79,-1.0,93.48,14.0,0.0,0.0,0.0,0.0,0.0,0.0,0.0,1.7213152325664e+18,0.0,616.483301,-101.686816,-409.314551,-108.896484,16.369629,135.571289,1.0,656.666895,-155.376562,-405.631055,-113.466797,12.963867,1.274414,2.0,436.438477,7.255371,-195.113672,-165.783691,25.949707,39.528809,3.0,420.030176,-34.825781,-191.988281,-165.366211,22.609863,-169.672852
1721315232600000000,1.7213152325996623e+18,-1.0,29.91,-1.0,17.79,-1.0,95.84,13.0,0.0,0.0,0.0,0.0,0.0,0.0,0.0,1.7213152325995e+18,0.0,616.818164,-102.133301,-409.091309,-109.006348,16.435547,135.593262,1.0,657.894727,-155.376562,-405.742676,-113.57666,13.183594,1.208496,2.0,434.652539,7.255371,-192.323145,-166.333008,25.72998,38.693848,3.0,418.46748,-35.495508,-189.755859,-165.783691,22.214355,-170.068359
1721315232633333333,1.7213152325996623e+18,-1.0,29.91,-1.0,17.79,-1.0,95.84,13.0,0.0,0.0,0.0,0.0,0.0,0.0,0.0,1.7213152326326e+18,0.0,616.483301,-102.691406,-408.868066,-109.094238,16.325684,135.593262,1.0,657.671484,-156.046289,-404.961328,-113.752441,13.051758,1.208496,2.0,433.536328,8.259961,-189.420996,-166.135254,25.795898,38.320312,3.0,418.46748,-34.267676,-187.188574,-165.322266,22.346191,-170.266113
1721315232666666666,1.7213152326491284e+18,-1.0,29.91,-1.0,17.42,-1.0,97.04,14.0,0.0,0.0,0.0,0.0,0.0,0.0,0.0,1.7213152326656998e+18,0.0,616.036816,-102.02168,-408.979687,-108.918457,16.325684,135.615234,1.0,657.671484,-155.488184,-404.738086,-113.554688,13.029785,1.274414,2.0,434.317676,10.715625,-186.518848,-165.476074,26.257324,38.320312,3.0,419.248828,-32.146875,-184.286426,-164.597168,22.895508,-170.48584
1721315232700000000,1.721315232697764e+18,-1.0,29.91,-1.0,17.98,-1.0,96.24,13.0,0.0,0.0,0.0,0.0,0.0,0.0,0.0,1.7213152326987e+18,0.0,616.148438,-102.133301,-409.314551,-109.006348,16.45752,135.571289,1.0,657.894727,-155.15332,-404.626465,-113.532715,13.205566,1.252441,2.0,434.206055,11.162109,-184.398047,-165.585938,26.147461,38.166504,3.0,418.579102,-32.370117,-182.72373,-164.94873,22.873535,-170.947266
1721315232733333333,1.721315232697764e+18,-1.0,29.91,-1.0,17.98,-1.0,96.24,13.0,0.0,0.0,0.0,0.0,0.0,0.0,0.0,1.7213152327318e+18,0.0,616.036816,-101.910059,-410.430762,-109.094238,16.435547,135.373535,1.0,658.117969,-154.818457,-405.18457,-113.708496,13.271484,1.07666,2.0,432.866602,12.948047,-183.616699,-165.19043,25.795898,38.342285,3.0,417.574512,-31.58877,-181.495898,-164.772949,22.609863,-170.705566
1721315232766666666,1.7213152327465436e+18,-1.0,29.7,-1.0,18.17,-1.0,95.84,14.0,0.0,0.0,0.0,0.0,0.0,0.0,0.0,1.7213152327649e+18,0.0,615.925195,-100.458984,-410.765625,-108.830566,16.281738,135.351562,1.0,657.894727,-153.925488,-405.631055,-113.554688,13.07373,1.032715,2.0,432.866602,16.519922,-182.054004,-164.267578,26.169434,38.496094,3.0,417.686133,-28.909863,-179.040234,-163.894043,22.983398,-170.397949
1721315232800000000,1.7213152327957412e+18,-1.0,29.7,-1.0,17.79,-1.0,99.06,14.0,0.0,0.0,0.0,0.0,0.0,0.0,0.0,1.721315232798e+18,0.0,616.483301,-99.231152,-410.877246,-108.566895,16.391602,135.527344,1.0,658.117969,-151.916309,-406.747266,-113.137207,13.161621,1.054688,2.0,433.313086,18.305859,-180.156445,-163.981934,26.630859,38.562012,3.0,418.244238,-26.677441,-177.58916,-163.520508,23.48877,-170.705566
1721315232833333333,1.7213152327957412e+18,-1.0,29.7,-1.0,17.79,-1.0,99.06,14.0,0.0,0.0,0.0,0.0,0.0,0.0,0.0,1.721315232831e+18,0.0,617.264648,-99.789258,-410.654004,-108.69873,16.589355,135.703125,1.0,659.010937,-151.804688,-407.640234,-113.225098,13.491211,1.07666,2.0,432.643359,19.645312,-178.705371,-164.025879,26.762695,38.693848,3.0,417.35127,-25.896094,-177.142676,-163.806152,23.554688,-171.166992
1721315232866666666,1.7213152328453422e+18,-1.0,29.91,-1.0,17.6,-1.0,101.11,14.0,0.0,0.0,0.0,0.0,0.0,0.0,0.0,1.7213152328641e+18,0.0,617.153027,-99.342773,-411.658594,-108.764648,16.523438,135.571289,1.0,658.899316,-152.697656,-408.086719,-113.422852,13.381348,1.054688,2.0,431.303906,22.100977,-177.365918,-163.54248,27.114258,39.221191,3.0,416.235059,-24.221777,-176.361328,-163.54248,23.664551,-171.057129
1721315232900000000,1.7213152328943854e+18,-1.0,29.91,-1.0,17.79,-1.0,101.11,14.0,0.0,0.0,0.0,0.0,0.0,0.0,0.0,1.7213152328972e+18,0.0,616.37168,-97.221973,-412.774805,-108.435059,16.523438,135.483398,1.0,658.341211,-152.362793,-408.309961,-113.269043,13.293457,1.120605,2.0,432.420117,24.44502,-175.245117,-162.993164,28.234863,39.440918,3.0,416.569922,-20.984766,-173.905664,-162.70752,24.675293,-170.90332
1721315232933333333,1.7213152328943854e+18,-1.0,29.91,-1.0,17.79,-1.0,101.11,14.0,0.0,0.0,0.0,0.0,0.0,0.0,0.0,1.7213152329303e+18,0.0,616.260059,-95.88252,-413.891016,-108.171387,16.633301,135.505371,1.0,658.22959,-150.465234,-409.426172,-112.895508,13.535156,1.274414,2.0,433.201465,23.328809,-172.789453,-163.674316,29.223633,39.199219,3.0,416.123437,-20.203418,-172.342969,-163.059082,25.400391,-171.101074
1721315232966666666,1.7213152329430385e+18,-1.0,29.91,-1.0,17.79,-1.0,103.2,13.0,0.0,0.0,0.0,0.0,0.0,0.0,0.0,1.7213152329633e+18,0.0,616.260059,-96.775488,-414.783984,-108.303223,16.655273,135.505371,1.0,659.010937,-151.246582,-409.426172,-113.027344,13.666992,1.296387,2.0,432.196875,23.552051,-172.008105,-163.894043,29.421387,39.111328,3.0,415.118848,-20.42666,-171.673242,-163.300781,25.466309,-170.859375
1721315233000000000,1.7213152329927734e+18,-1.0,29.91,-1.0,17.79,-1.0,103.2,14.0,0.0,0.0,0.0,0.0,0.0,0.0,0.0,1.7213152329964e+18,0.0,614.808984,-98.226562,-415.900195,-108.479004,16.369629,135.461426,1.0,658.22959,-152.474414,-409.426172,-113.181152,13.40332,1.274414,2.0,431.750391,23.998535,-170.780273,-163.586426,29.772949,39.418945,3.0,414.895605,-19.980176,-170.44541,-163.015137,25.708008,-170.463867
1721315233033333333,1.7213152329927734e+18,-1.0,29.91,-1.0,17.79,-1.0,103.2,14.0,0.0,0.0,0.0,0.0,0.0,0.0,0.0,1.7213152330332e+18,0.0,613.692773,-96.887109,-416.011816,-107.973633,16.325684,135.725098,1.0,656.890137,-152.02793,-409.984277,-112.785645,13.161621,1.384277,2.0,432.420117,25.003125,-167.989746,-163.059082,30.52002,39.484863,3.0,415.34209,-18.529102,-168.101367,-162.333984,26.367188,-170.222168
1721315233066666666,1.7213152330458056e+18,-1.0,29.91,-1.0,17.79,-1.0,101.94,14.0,0.0,0.0,0.0,0.0,0.0,0.0,0.0,1.7213152330662e+18,0.0,614.3625,-98.114941,-415.230469,-108.105469,16.45752,135.878906,1.0,656.666895,-152.251172,-410.877246,-112.785645,13.293457,1.318359,2.0,432.75498,24.44502,-165.868945,-163.520508,30.805664,39.001465,3.0,415.118848,-18.752344,-166.761914,-162.553711,26.542969,-170.48584
1721315233100000000,1.7213152330950287e+18,-1.0,29.91,-1.0,17.42,-1.0,100.7,14.0,0.0,0.0,0.0,0.0,0.0,0.0,0.0,1.7213152330992998e+18,0.0,614.697363,-98.896289,-414.783984,-108.237305,16.45752,135.900879,1.0,656.22041,-153.590625,-410.988867,-113.027344,13.249512,1.296387,2.0,431.973633,24.779883,-165.31084,-163.45459,30.695801,39.023438,3.0,414.560742,-18.752344,-166.092187,-162.597656,26.345215,-170.375977
1721315233133333333,1.7213152330950287e+18,-1.0,29.91,-1.0,17.42,-1.0,100.7,14.0,0.0,0.0,0.0,0.0,0.0,0.0,0.0,1.7213152331324e+18,0.0,614.585742,-99.342773,-414.783984,-108.193359,16.303711,135.966797,1.0,655.662305,-155.041699,-410.095898,-113.115234,13.029785,1.450195,2.0,431.973633,26.119336,-163.971387,-162.861328,31.157227,39.287109,3.0,414.560742,-17.747754,-164.529492,-162.180176,26.542969,-170.046387
1721315233166666666,1.7213152331442112e+18,-1.0,29.91,-1.0,16.67,-1.0,101.11,14.0,0.0,0.0,0.0,0.0,0.0,0.0,0.0,1.7213152331654e+18,0.0,614.474121,-99.454395,-415.007227,-108.039551,16.281738,136.120605,1.0,655.662305,-156.046289,-408.644824,-112.983398,13.051758,1.801758,2.0,433.313086,27.458789,-161.850586,-162.421875,32.080078,39.638672,3.0,415.230469,-16.073438,-162.520312,-161.762695,27.202148,-169.73877
1721315233200000000,1.721315233193588e+18,-1.0,29.91,-1.0,21.26,-1.0,101.11,14.0,0.0,0.0,0.0,0.0,0.0,0.0,0.0,1.7213152331984998e+18,0.0,614.920605,-101.128711,-414.560742,-108.28125,16.501465,136.186523,1.0,657.671484,-159.394922,-406.858887,-113.24707,13.249512,2.087402,2.0,433.871191,28.128516,-161.180859,-162.268066,32.585449,40.605469,3.0,414.783984,-15.180469,-161.29248,-161.608887,27.531738,-168.815918
1721315233233333333,1.721315233193588e+18,-1.0,29.91,-1.0,21.26,-1.0,101.11,14.0,0.0,0.0,0.0,0.0,0.0,0.0,0.0,1.7213152332316e+18,0.0,614.920605,-101.798437,-414.449121,-108.413086,16.413574,136.186523,1.0,657.671484,-160.399512,-406.524023,-113.444824,13.183594,2.06543,2.0,433.424707,31.142285,-161.738965,-161.125488,32.607422,41.901855,3.0,414.002637,-13.059668,-161.627344,-160.378418,27.421875,-167.124023
1721315233266666666,1.7213152332427617e+18,-1.0,29.91,-1.0,29.27,-1.0,101.94,14.0,0.0,0.0,0.0,0.0,0.0,0.0,0.0,1.7213152332647e+18,0.0,614.585742,-101.686816,-414.002637,-108.303223,16.325684,136.318359,1.0,657.113379,-159.841406,-406.524023,-113.312988,13.139648,2.087402,2.0,433.982812,34.602539,-161.738965,-159.741211,32.629395,42.714844,3.0,414.560742,-10.380762,-160.622754,-159.23584,27.685547,-166.311035
1721315233300000000,1.7213152332918602e+18,-1.0,29.7,-1.0,25.48,-1.0,102.78,14.0,0.0,0.0,0.0,0.0,0.0,0.0,0.0,1.7213152332976998e+18,0.0,614.3625,-102.02168,-413.667773,-108.259277,16.45752,136.472168,1.0,657.225,-159.17168,-406.858887,-113.203125,13.227539,2.06543,2.0,434.317676,35.495508,-162.743555,-159.455566,32.189941,42.93457,3.0,415.453711,-9.376172,-161.069238,-158.884277,27.46582,-166.113281
1721315233333333333,1.7213152332918602e+18,-1.0,29.7,-1.0,25.48,-1.0,102.78,14.0,0.0,0.0,0.0,0.0,0.0,0.0,0.0,1.7213152333308e+18,0.0,615.032227,-103.695996,-412.886426,-108.479004,16.479492,136.538086,1.0,657.671484,-159.394922,-407.082129,-113.24707,13.249512,2.043457,2.0,432.085254,37.504687,-164.864355,-158.884277,30.871582,43.154297,3.0,415.230469,-8.483203,-161.962207,-158.532715,26.499023,-165.827637
1721315233366666666,1.7213152333447982e+18,-1.0,30.13,-1.0,12.48,-1.0,104.04,14.0,0.0,0.0,0.0,0.0,0.0,0.0,0.0,1.7213152333639e+18,0.0,614.250879,-103.919238,-412.886426,-108.588867,16.303711,136.428223,1.0,656.778516,-160.957617,-407.305371,-113.422852,12.875977,1.999512,2.0,431.303906,41.076562,-166.31543,-157.763672,30.146484,43.439941,3.0,416.011816,-6.13916,-162.855176,-157.434082,25.598145,-165.410156
1721315233400000000,1.7213152333942277e+18,-1.0,29.91,-1.0,13.92,-1.0,104.47,14.0,0.0,0.0,0.0,0.0,0.0,0.0,0.0,1.7213152333970002e+18,0.0,613.469531,-103.472754,-413.667773,-108.457031,16.237793,136.318359,1.0,655.997168,-159.729785,-407.751855,-113.049316,12.65625,1.977539,2.0,432.196875,44.536816,-167.543262,-156.555176,29.94873,43.879395,3.0,417.128027,-3.906738,-163.748145,-156.445312,25.378418,-164.970703
1721315233433333333,1.7213152333942277e+18,-1.0,29.91,-1.0,13.92,-1.0,104.47,14.0,0.0,0.0,0.0,0.0,0.0,0.0,0.0,1.72131523343e+18,0.0,613.692773,-103.695996,-413.779395,-108.522949,16.325684,136.340332,1.0,656.778516,-160.17627,-407.975098,-113.093262,12.766113,2.043457,2.0,432.531738,45.429785,-169.105957,-156.335449,29.772949,44.230957,3.0,417.574512,-2.902148,-164.417871,-156.181641,25.268555,-164.619141
1721315233466666666,1.7213152334433848e+18,-1.0,29.91,-1.0,17.04,-1.0,103.2,14.0,0.0,0.0,0.0,0.0,0.0,0.0,0.0,1.7213152334631e+18,0.0,613.581152,-103.919238,-414.225879,-108.69873,16.303711,136.208496,1.0,657.448242,-160.734375,-408.19834,-113.334961,12.810059,1.999512,2.0,431.973633,46.99248,-171.45,-155.500488,29.267578,45.307617,3.0,417.239648,-1.785937,-165.868945,-155.544434,24.697266,-163.54248
1721315233500000000,1.7213152334927311e+18,-1.0,29.91,-1.0,17.42,-1.0,104.89,14.0,0.0,0.0,0.0,0.0,0.0,0.0,0.0,1.7213152334999002e+18,0.0,613.692773,-102.691406,-414.672363,-108.522949,16.12793,136.186523,1.0,657.336621,-156.604395,-408.756445,-112.939453,12.788086,2.043457,2.0,433.089844,51.01084,-172.789453,-153.852539,29.685059,46.208496,3.0,418.020996,1.339453,-165.980566,-154.116211,24.938965,-162.312012
1721315233533333333,1.7213152334927311e+18,-1.0,29.91,-1.0,17.42,-1.0,104.89,14.0,0.0,0.0,0.0,0.0,0.0,0.0,0.0,1.7213152335329e+18,0.0,613.916016,-101.01709,-414.225879,-108.237305,16.237793,136.252441,1.0,657.448242,-154.483594,-409.761035,-112.543945,12.941895,2.087402,2.0,433.313086,52.685156,-174.128906,-153.237305,29.794922,46.713867,3.0,418.355859,3.125391,-165.980566,-153.435059,25.136719,-161.762695
1721315233566666666,1.721315233541635e+18,-1.0,29.7,-1.0,17.98,-1.0,106.18,14.0,0.0,0.0,0.0,0.0,0.0,0.0,0.0,1.721315233566e+18,0.0,614.139258,-101.351953,-413.667773,-108.391113,16.369629,136.296387,1.0,657.783105,-155.823047,-410.095898,-112.785645,13.051758,2.06543,2.0,432.866602,53.02002,-175.356738,-153.039551,29.487305,47.373047,3.0,418.132617,3.460254,-166.761914,-153.369141,24.938965,-161.38916
1721315233600000000,1.721315233594893e+18,-1.0,29.91,-1.0,17.79,-1.0,106.61,14.0,0.0,0.0,0.0,0.0,0.0,0.0,0.0,1.7213152335991002e+18,0.0,614.027637,-101.128711,-413.667773,-108.457031,16.325684,136.252441,1.0,657.783105,-156.827637,-410.430762,-112.939453,12.875977,2.021484,2.0,432.308496,55.029199,-176.58457,-152.116699,29.179688,48.449707,3.0,417.462891,5.13457,-167.878125,-152.600098,24.345703,-160.444336
1721315233633333333,1.721315233594893e+18,-1.0,29.91,-1.0,17.79,-1.0,106.61,14.0,0.0,0.0,0.0,0.0,0.0,0.0,0.0,1.7213152336322e+18,0.0,614.027637,-99.677637,-414.114258,-108.149414,16.259766,136.274414,1.0,657.336621,-155.488184,-411.100488,-112.653809,12.700195,1.999512,2.0,433.089844,57.708105,-176.249707,-151.391602,29.53125,48.80127,3.0,418.132617,8.259961,-167.32002,-151.567383,24.587402,-159.851074
1721315233666666666,1.7213152336438853e+18,-1.0,29.91,-1.0,17.79,-1.0,106.18,14.0,0.0,0.0,0.0,0.0,0.0,0.0,0.0,1.7213152336652e+18,0.0,614.585742,-100.347363,-414.114258,-108.193359,16.391602,136.40625,1.0,657.113379,-154.595215,-411.770215,-112.565918,12.832031,1.955566,2.0,433.313086,58.15459,-176.472949,-151.567383,29.53125,48.80127,3.0,418.579102,9.15293,-167.32002,-151.523438,24.697266,-159.807129
1721315233700000000,1.7213152336931e+18,-1.0,29.7,-1.0,17.42,-1.0,106.61,14.0,0.0,0.0,0.0,0.0,0.0,0.0,0.0,1.7213152336983e+18,0.0,615.032227,-103.584375,-413.556152,-108.69873,16.303711,136.560059,1.0,657.225,-155.488184,-411.770215,-112.763672,12.897949,1.933594,2.0,432.308496,58.15459,-176.696191,-151.611328,29.179688,49.262695,3.0,418.132617,9.599414,-167.878125,-151.567383,24.455566,-159.697266
1721315233733333333,1.7213152336931e+18,-1.0,29.7,-1.0,17.42,-1.0,106.61,14.0,0.0,0.0,0.0,0.0,0.0,0.0,0.0,1.7213152337314e+18,0.0,614.3625,-103.249512,-414.002637,-108.786621,16.21582,136.472168,1.0,656.666895,-156.827637,-411.546973,-113.005371,12.766113,1.955566,2.0,431.527148,60.387012,-177.142676,-150.864258,29.135742,49.87793,3.0,417.128027,11.162109,-168.547852,-150.974121,24.147949,-159.104004
1721315233766666666,1.72131523374201e+18,-1.0,29.91,-1.0,17.6,-1.0,107.47,14.0,0.0,0.0,0.0,0.0,0.0,0.0,0.0,1.7213152337645e+18,0.0,613.916016,-101.463574,-414.114258,-108.457031,16.259766,136.560059,1.0,655.773926,-156.939258,-410.654004,-112.91748,12.700195,2.043457,2.0,432.420117,61.168359,-177.924023,-150.534668,29.333496,50.251465,3.0,417.35127,12.948047,-168.882715,-150.336914,24.32373,-158.708496
1721315233800000000,1.721315233791804e+18,-1.0,29.91,-1.0,17.04,-1.0,105.32,14.0,0.0,0.0,0.0,0.0,0.0,0.0,0.0,1.7213152337975e+18,0.0,615.143848,-102.914648,-412.774805,-108.566895,16.413574,136.845703,1.0,656.332031,-156.604395,-410.095898,-112.91748,12.897949,2.109375,2.0,432.196875,60.945117,-178.59375,-150.776367,29.245605,50.339355,3.0,417.128027,13.059668,-169.664062,-150.46875,24.367676,-158.664551
1721315233833333333,1.721315233791804e+18,-1.0,29.91,-1.0,17.04,-1.0,105.32,14.0,0.0,0.0,0.0,0.0,0.0,0.0,0.0,1.7213152338306e+18,0.0,614.920605,-105.14707,-411.770215,-108.874512,16.281738,136.867676,1.0,656.332031,-157.943848,-409.537793,-113.181152,12.919922,2.131348,2.0,430.745801,61.838086,-181.049414,-150.600586,28.586426,50.734863,3.0,416.123437,12.836426,-171.003516,-150.556641,23.950195,-158.422852
1721315233866666666,1.7213152338447992e+18,-1.0,29.91,-1.0,16.67,-1.0,103.2,14.0,0.0,0.0,0.0,0.0,0.0,0.0,0.0,1.7213152338637e+18,0.0,614.3625,-105.258691,-411.658594,-108.874512,16.171875,136.867676,1.0,655.773926,-158.613574,-409.20293,-113.24707,12.766113,2.15332,2.0,431.527148,63.28916,-182.946973,-150.205078,28.652344,51.196289,3.0,416.235059,13.841016,-172.231348,-150.117188,23.884277,-157.983398
1721315233900000000,1.7213152338938867e+18,-1.0,29.91,-1.0,17.04,-1.0,102.36,14.0,0.0,0.0,0.0,0.0,0.0,0.0,0.0,1.7213152338968e+18,0.0,614.250879,-104.812207,-411.658594,-108.720703,16.171875,136.889648,1.0,655.885547,-158.055469,-408.868066,-113.071289,12.810059,2.15332,2.0,431.862012,63.735645,-184.174805,-150.270996,28.476562,51.28418,3.0,416.793164,14.957227,-173.905664,-149.941406,23.818359,-158.15918
1721315233933333333,1.7213152338938867e+18,-1.0,29.91,-1.0,17.04,-1.0,102.36,14.0,0.0,0.0,0.0,0.0,0.0,0.0,0.0,1.7213152339298e+18,0.0,614.3625,-105.258691,-411.658594,-108.830566,16.259766,136.845703,1.0,656.778516,-159.841406,-407.975098,-113.356934,13.007812,2.06543,2.0,431.080664,62.731055,-188.528027,-150.88623,27.421875,51.108398,3.0,416.793164,13.617773,-179.263477,-150.842285,22.807617,-159.016113
1721315233966666666,1.7213152339425894e+18,-1.0,29.91,-1.0,16.67,-1.0,97.04,14.0,0.0,0.0,0.0,0.0,0.0,0.0,0.0,1.7213152339666e+18,0.0,613.916016,-105.816797,-411.435352,-108.962402,16.105957,136.691895,1.0,655.997168,-161.29248,-407.975098,-113.598633,12.678223,1.867676,2.0,429.741211,63.735645,-192.658008,-150.600586,26.38916,51.306152,3.0,416.569922,12.724805,-182.500488,-150.79834,22.038574,-159.104004
1721315234000000000,1.7213152339923604e+18,-1.0,29.91,-1.0,16.48,-1.0,96.24,14.0,0.0,0.0,0.0,0.0,0.0,0.0,0.0,1.7213152339996e+18,0.0,614.474121,-105.705176,-410.877246,-108.808594,15.996094,136.779785,1.0,656.22041,-160.845996,-407.416992,-113.444824,12.612305,1.999512,2.0,430.299316,64.070508,-194.443945,-150.402832,26.520996,51.152344,3.0,418.020996,13.171289,-183.951562,-150.490723,22.412109,-159.301758
1721315234033333333,1.7213152339923604e+18,-1.0,29.91,-1.0,16.48,-1.0,96.24,14.0,0.0,0.0,0.0,0.0,0.0,0.0,0.0,1.7213152340327002e+18,0.0,614.808984,-105.370312,-410.654004,-108.742676,16.12793,136.801758,1.0,656.555273,-160.957617,-407.19375,-113.444824,12.810059,2.06543,2.0,431.63877,60.387012,-196.676367,-151.45752,26.586914,50.734863,3.0,418.579102,10.604004,-186.965332,-151.435547,22.368164,-159.960938
1721315234066666666,1.721315234041659e+18,-1.0,29.91,-1.0,15.92,-1.0,90.4,13.0,0.0,0.0,0.0,0.0,0.0,0.0,0.0,1.7213152340658e+18,0.0,615.590332,-106.263281,-410.654004,-108.918457,16.12793,136.82373,1.0,657.001758,-161.180859,-407.863477,-113.598633,12.919922,1.999512,2.0,431.080664,56.703516,-199.132031,-152.29248,26.235352,50.493164,3.0,417.574512,8.259961,-189.309375,-152.006836,21.950684,-160.356445
1721315234100000000,1.7213152340905042e+18,-1.0,29.7,-1.0,15.74,-1.0,93.48,14.0,0.0,0.0,0.0,0.0,0.0,0.0,0.0,1.7213152340989e+18,0.0,615.813574,-105.14707,-412.216699,-108.830566,15.864258,136.647949,1.0,657.001758,-161.29248,-408.533203,-113.686523,12.722168,1.911621,2.0,431.750391,56.033789,-201.02959,-152.53418,26.411133,49.96582,3.0,418.244238,6.697266,-189.979102,-152.160645,22.302246,-160.554199
1721315234133333333,1.7213152340905042e+18,-1.0,29.7,-1.0,15.74,-1.0,93.48,14.0,0.0,0.0,0.0,0.0,0.0,0.0,0.0,1.7213152341319002e+18,0.0,615.590332,-102.803027,-412.663184,-108.413086,15.88623,136.713867,1.0,656.443652,-160.17627,-408.868066,-113.444824,12.678223,1.933594,2.0,433.75957,52.908398,-201.699316,-153.479004,27.04834,49.064941,3.0,419.248828,3.683496,-190.983691,-152.973633,22.807617,-161.257324
1721315234166666666,1.7213152341351398e+18,-1.0,29.91,-1.0,15.56,-1.0,93.48,14.0,0.0,0.0,0.0,0.0,0.0,0.0,0.0,1.721315234165e+18,0.0,615.813574,-102.914648,-412.774805,-108.500977,16.018066,136.691895,1.0,657.113379,-160.511133,-409.20293,-113.554688,12.832031,1.955566,2.0,435.099023,46.99248,-201.922559,-154.951172,27.158203,48.581543,3.0,419.695312,-0.669727,-191.653418,-154.248047,22.983398,-161.894531
1721315234200000000,1.721315234185223e+18,-1.0,29.7,-1.0,15.56,-1.0,88.51,14.0,0.0,0.0,0.0,0.0,0.0,0.0,0.0,1.7213152341981e+18,0.0,615.701953,-102.691406,-413.33291,-108.654785,15.996094,136.494141,1.0,657.783105,-161.850586,-409.872656,-113.818359,12.766113,1.911621,2.0,433.536328,43.978711,-202.257422,-155.412598,26.674805,48.251953,3.0,418.46748,-3.683496,-192.769629,-154.907227,22.697754,-162.13623
1721315234233333333,1.721315234185223e+18,-1.0,29.7,-1.0,15.56,-1.0,88.51,14.0,0.0,0.0,0.0,0.0,0.0,0.0,0.0,1.7213152342312e+18,0.0,615.701953,-101.01709,-414.672363,-108.61084,15.930176,136.450195,1.0,657.336621,-161.069238,-410.765625,-113.884277,12.766113,1.977539,2.0,433.871191,40.964941,-202.480664,-155.76416,26.564941,47.48291,3.0,419.248828,-6.585645,-192.769629,-155.236816,23.291016,-162.13623
1721315234266666666,1.7213152342334377e+18,-1.0,29.91,-1.0,16.29,-1.0,88.14,14.0,0.0,0.0,0.0,0.0,0.0,0.0,0.0,1.7213152342642e+18,0.0,615.36709,-98.673047,-415.230469,-108.457031,16.193848,136.691895,1.0,657.001758,-157.050879,-409.426172,-113.378906,13.31543,2.438965,2.0,434.652539,36.72334,-202.703906,-156.730957,26.213379,46.713867,3.0,419.695312,-10.715625,-192.434766,-156.203613,23.730469,-162.531738
1721315234300000000,1.7213152342821993e+18,-1.0,29.7,-1.0,16.29,-1.0,90.02,14.0,0.0,0.0,0.0,0.0,0.0,0.0,0.0,1.7213152342973002e+18,0.0,615.478711,-102.02168,-415.34209,-109.445801,16.501465,136.955566,1.0,659.122559,-156.492773,-409.872656,-113.994141,14.172363,2.48291,2.0,434.76416,31.142285,-203.485254,-157.895508,25.686035,46.384277,3.0,419.137207,-14.175879,-192.992871,-157.214355,23.752441,-163.168945
1721315234333333333,1.7213152343317524e+18,-1.0,29.7,-1.0,16.48,-1.0,91.16,14.0,0.0,0.0,0.0,0.0,0.0,0.0,0.0,1.7213152343304e+18,0.0,611.906836,-104.477344,-416.011816,-110.192871,15.996094,136.999512,1.0,658.452832,-158.278711,-410.319141,-114.389648,13.842773,2.548828,2.0,433.75957,27.905273,-204.266602,-158.203125,25.224609,46.164551,3.0,418.020996,-17.747754,-194.109082,-157.82959,23.312988,-163.322754
1721315234366666666,1.7213152343317524e+18,-1.0,29.7,-1.0,16.48,-1.0,91.16,14.0,0.0,0.0,0.0,0.0,0.0,0.0,0.0,1.7213152343635e+18,0.0,611.013867,-104.812207,-412.886426,-109.973145,16.347656,138.339844,1.0,656.666895,-156.716016,-410.430762,-113.884277,13.601074,3.14209,2.0,434.317676,25.896094,-204.15498,-158.049316,25.708008,45.527344,3.0,418.690723,-19.980176,-193.774219,-157.719727,23.730469,-163.322754
1721315234400000000,1.7213152343811103e+18,-1.0,29.7,-1.0,16.67,-1.0,90.4,14.0,0.0,0.0,0.0,0.0,0.0,0.0,0.0,1.7213152343965002e+18,0.0,615.590332,-108.607324,-407.863477,-110.874023,17.95166,140.141602,1.0,657.894727,-157.608984,-412.998047,-114.411621,15.754395,4.658203,2.0,434.317676,21.989355,-204.378223,-158.752441,25.598145,45.065918,3.0,418.020996,-23.663672,-193.550977,-158.400879,23.950195,-163.674316
1721315234433333333,1.72131523443063e+18,-1.0,29.91,-1.0,16.48,-1.0,85.19,14.0,0.0,0.0,0.0,0.0,0.0,0.0,0.0,1.7213152344333e+18,0.0,615.590332,-117.983496,-403.733496,-113.291016,18.764648,141.437988,1.0,660.796875,-159.060059,-410.877246,-115.466309,17.687988,5.888672,2.0,433.089844,19.087207,-204.601465,-158.950195,25.290527,45.197754,3.0,416.681543,-26.119336,-193.550977,-158.620605,23.664551,-163.54248
1721315234466666666,1.72131523443063e+18,-1.0,29.91,-1.0,16.48,-1.0,85.19,14.0,0.0,0.0,0.0,0.0,0.0,0.0,0.0,1.7213152344664e+18,0.0,611.795215,-123.006445,-403.956738,-114.367676,18.369141,141.591797,1.0,659.569043,-158.613574,-406.858887,-115.598145,18.215332,6.416016,2.0,431.973633,18.863965,-204.601465,-158.598633,25.224609,45.153809,3.0,415.565332,-26.230957,-193.439355,-158.181152,23.620605,-163.564453
1721315234500000000,1.7213152344797563e+18,-1.0,29.7,-1.0,16.85,-1.0,86.29,13.0,0.0,0.0,0.0,0.0,0.0,0.0,0.0,1.7213152344994e+18,0.0,609.116309,-124.792383,-403.621875,-115.686035,19.445801,142.075195,1.0,657.783105,-152.586035,-399.268652,-115.180664,20.43457,7.932129,2.0,431.63877,19.310449,-203.485254,-158.312988,25.576172,44.846191,3.0,415.788574,-26.677441,-192.323145,-158.115234,24.213867,-164.069824
1721315234533333333,1.721315234528772e+18,-1.0,29.91,-1.0,16.67,-1.0,93.48,13.0,0.0,0.0,0.0,0.0,0.0,0.0,0.0,1.7213152345325e+18,0.0,611.571973,-119.992676,-403.06377,-117.993164,22.060547,142.053223,1.0,660.573633,-150.576855,-398.264062,-116.674805,22.983398,7.712402,2.0,431.750391,17.636133,-203.373633,-158.774414,25.598145,44.780273,3.0,415.34209,-27.793652,-192.323145,-158.642578,24.257812,-164.509277
1721315234566666666,1.721315234528772e+18,-1.0,29.91,-1.0,16.67,-1.0,93.48,13.0,0.0,0.0,0.0,0.0,0.0,0.0,0.0,1.7213152345656e+18,0.0,608.334961,-126.355078,-397.817578,-120.080566,21.950684,142.426758,1.0,659.569043,-154.706836,-395.027051,-118.300781,23.422852,7.624512,2.0,431.192285,16.966406,-203.485254,-158.884277,25.510254,44.912109,3.0,414.560742,-28.909863,-192.211523,-158.862305,24.147949,-164.443359
1721315234600000000,1.721315234577265e+18,-1.0,29.91,-1.0,16.48,-1.0,97.44,14.0,0.0,0.0,0.0,0.0,0.0,0.0,0.0,1.7213152345987e+18,0.0,605.656055,-128.364258,-397.929199,-120.915527,21.906738,142.338867,1.0,658.341211,-154.260352,-389.334375,-119.091797,24.477539,8.085938,2.0,430.522559,17.412891,-202.927148,-158.510742,26.081543,45.351562,3.0,414.3375,-29.021484,-191.87666,-158.774414,24.191895,-164.399414
1721315234633333333,1.7213152346264673e+18,-1.0,30.13,-1.0,16.11,-1.0,98.65,13.0,0.0,0.0,0.0,0.0,0.0,0.0,0.0,1.7213152346317e+18,0.0,606.883887,-129.59209,-395.92002,-121.047363,22.17041,142.712402,1.0,660.127148,-151.02334,-386.990332,-118.762207,25.576172,8.283691,2.0,431.63877,15.626953,-200.806348,-158.840332,27.575684,45.812988,3.0,414.560742,-28.463379,-191.988281,-158.48877,24.411621,-164.838867
1721315234666666666,1.7213152346264673e+18,-1.0,30.13,-1.0,16.11,-1.0,98.65,13.0,0.0,0.0,0.0,0.0,0.0,0.0,0.0,1.7213152346648e+18,0.0,607.776855,-132.605859,-394.692187,-122.145996,22.719727,142.646484,1.0,663.252539,-151.02334,-389.669238,-119.399414,26.433105,7.712402,2.0,433.201465,12.166699,-199.466895,-159.960938,29.20166,46.340332,3.0,414.895605,-29.021484,-191.87666,-158.664551,24.719238,-165.344238
1721315234700000000,1.7213152346762102e+18,-1.0,29.91,-1.0,16.11,-1.0,101.11,14.0,0.0,0.0,0.0,0.0,0.0,0.0,0.0,1.7213152346979e+18,0.0,605.767676,-137.293945,-394.022461,-123.200684,22.346191,142.624512,1.0,662.694434,-152.920898,-389.222754,-119.94873,26.30127,7.558594,2.0,433.089844,12.613184,-199.02041,-160.004883,30.717773,46.516113,3.0,414.225879,-30.026074,-191.318555,-159.082031,25.224609,-165.212402
1721315234733333333,1.7213152347249485e+18,-1.0,29.7,-1.0,15.56,-1.0,100.29,13.0,0.0,0.0,0.0,0.0,0.0,0.0,0.0,1.7213152347309e+18,0.0,605.656055,-137.293945,-394.245703,-123.046875,22.258301,142.734375,1.0,662.806055,-152.362793,-388.77627,-119.750977,26.191406,7.624512,2.0,436.77334,13.506152,-196.453125,-159.938965,33.640137,46.625977,3.0,413.667773,-29.802832,-186.965332,-159.433594,28.520508,-165.058594
1721315234766666666,1.7213152347249485e+18,-1.0,29.7,-1.0,15.56,-1.0,100.29,13.0,0.0,0.0,0.0,0.0,0.0,0.0,0.0,1.721315234764e+18,0.0,606.325781,-135.619629,-394.134082,-122.717285,22.412109,142.800293,1.0,662.806055,-152.362793,-388.553027,-119.619141,26.279297,7.69043,2.0,439.89873,8.14834,-192.211523,-161.894531,36.364746,46.582031,3.0,412.439941,-30.695801,-185.625879,-160.620117,30.432129,-165.60791
1721315234800000000,1.7213152347746747e+18,-1.0,29.91,-1.0,16.29,-1.0,100.7,14.0,0.0,0.0,0.0,0.0,0.0,0.0,0.0,1.7213152347971e+18,0.0,606.772266,-134.615039,-394.580566,-122.739258,22.587891,142.712402,1.0,663.252539,-153.367383,-389.334375,-119.882812,26.38916,7.536621,2.0,439.117383,5.915918,-188.304785,-163.190918,38.562012,46.428223,3.0,411.546973,-29.802832,-184.063184,-160.905762,32.145996,-164.970703
1721315234833333333,1.7213152348272942e+18,-1.0,29.7,-1.0,15.92,-1.0,101.94,14.0,0.0,0.0,0.0,0.0,0.0,0.0,0.0,1.7213152348302e+18,0.0,606.660645,-134.056934,-395.138672,-122.717285,22.456055,142.646484,1.0,663.140918,-153.03252,-389.780859,-119.904785,26.257324,7.426758,2.0,439.787109,6.920508,-184.286426,-163.234863,40.715332,46.230469,3.0,411.435352,-28.463379,-179.486719,-160.795898,34.387207,-164.289551
1721315234866666666,1.7213152348272942e+18,-1.0,29.7,-1.0,15.92,-1.0,101.94,14.0,0.0,0.0,0.0,0.0,0.0,0.0,0.0,1.7213152348632e+18,0.0,606.21416,-132.047754,-396.143262,-122.34375,22.368164,142.646484,1.0,663.029297,-151.02334,-390.785449,-119.53125,26.235352,7.316895,2.0,441.238184,7.032129,-179.486719,-163.432617,42.429199,45.922852,3.0,412.105078,-26.230957,-174.798633,-160.400391,36.276855,-164.179688
1721315234900000000,1.721315234877199e+18,-1.0,29.91,-1.0,15.92,-1.0,103.2,14.0,0.0,0.0,0.0,0.0,0.0,0.0,0.0,1.7213152349e+18,0.0,606.660645,-132.159375,-397.03623,-122.431641,22.478027,142.624512,1.0,663.029297,-149.795508,-391.455176,-119.421387,26.433105,7.229004,2.0,441.014941,5.246191,-175.356738,-164.421387,43.022461,45.41748,3.0,411.212109,-26.789062,-171.338379,-160.861816,37.067871,-164.641113
1721315234933333333,1.7213152349256123e+18,-1.0,29.91,-1.0,15.37,-1.0,104.47,14.0,0.0,0.0,0.0,0.0,0.0,0.0,0.0,1.7213152349331e+18,0.0,607.107129,-133.275586,-397.03623,-122.651367,22.346191,142.77832,1.0,663.140918,-149.907129,-392.124902,-119.53125,26.433105,7.141113,2.0,439.563867,4.799707,-171.896484,-164.816895,42.890625,45.351562,3.0,409.872656,-27.905273,-169.329199,-161.30127,36.958008,-164.729004
1721315234966666666,1.7213152349256123e+18,-1.0,29.91,-1.0,15.37,-1.0,104.47,14.0,0.0,0.0,0.0,0.0,0.0,0.0,0.0,1.7213152349661e+18,0.0,607.107129,-130.931543,-397.929199,-122.475586,22.324219,143.371582,1.0,662.806055,-148.679297,-392.683008,-119.399414,26.38916,7.250977,2.0,440.233594,7.478613,-168.547852,-164.619141,43.088379,44.956055,3.0,410.095898,-26.119336,-165.757324,-160.993652,37.111816,-164.794922
1721315235000000000,1.7213152349745216e+18,-1.0,29.7,-1.0,14.82,-1.0,101.11,14.0,0.0,0.0,0.0,0.0,0.0,0.0,0.0,1.7213152349992e+18,0.0,608.334961,-127.471289,-397.929199,-122.365723,23.071289,143.986816,1.0,663.587402,-145.442285,-393.352734,-119.091797,26.982422,7.844238,2.0,441.238184,8.036719,-164.194629,-165.19043,43.286133,44.384766,3.0,410.430762,-25.114746,-161.515723,-161.147461,37.22168,-165.124512
1721315235033333333,1.7213152350240896e+18,-1.0,29.7,-1.0,14.82,-1.0,99.47,14.0,0.0,0.0,0.0,0.0,0.0,0.0,0.0,1.7213152350323e+18,0.0,608.893066,-131.60127,-396.254883,-123.310547,23.291016,144.250488,1.0,665.261719,-147.228223,-394.468945,-119.926758,27.663574,7.888184,2.0,440.233594,8.259961,-161.850586,-165.60791,42.626953,44.230957,3.0,410.20752,-25.337988,-159.729785,-161.696777,36.606445,-165.476074
1721315235066666666,1.7213152350240896e+18,-1.0,29.7,-1.0,14.82,-1.0,99.47,14.0,0.0,0.0,0.0,0.0,0.0,0.0,0.0,1.7213152350653998e+18,0.0,606.995508,-133.72207,-396.812988,-123.903809,22.851562,144.09668,1.0,662.582812,-151.134961,-393.91084,-120.585938,27.224121,8.063965,2.0,438.894141,9.15293,-160.734375,-165.366211,41.77002,44.230957,3.0,409.761035,-25.003125,-159.394922,-161.740723,35.617676,-165.476074
1721315235100000000,1.721315235073604e+18,-1.0,29.91,-1.0,15.01,-1.0,100.29,14.0,0.0,0.0,0.0,0.0,0.0,0.0,0.0,1.7213152350984e+18,0.0,606.995508,-133.945312,-397.03623,-123.684082,22.719727,144.250488,1.0,661.466602,-151.134961,-394.134082,-120.256348,27.004395,8.151855,2.0,439.787109,12.613184,-159.729785,-164.443359,41.572266,44.077148,3.0,411.100488,-22.993945,-158.501953,-161.05957,35.332031,-165.498047
1721315235133333333,1.721315235122685e+18,-1.0,29.91,-1.0,15.19,-1.0,102.78,14.0,0.0,0.0,0.0,0.0,0.0,0.0,0.0,1.7213152351315e+18,0.0,607.441992,-133.945312,-396.143262,-123.574219,22.851562,144.360352,1.0,661.466602,-150.911719,-394.134082,-120.146484,27.070312,8.129883,2.0,440.233594,13.394531,-159.394922,-164.619141,41.088867,43.681641,3.0,411.770215,-22.770703,-158.055469,-161.323242,34.870605,-165.827637
1721315235166666666,1.721315235122685e+18,-1.0,29.91,-1.0,15.19,-1.0,102.78,14.0,0.0,0.0,0.0,0.0,0.0,0.0,0.0,1.7213152351645998e+18,0.0,607.107129,-134.949902,-396.366504,-123.793945,22.82959,144.294434,1.0,661.913086,-152.362793,-393.91084,-120.432129,27.202148,7.932129,2.0,439.675488,13.171289,-160.957617,-164.509277,40.187988,44.121094,3.0,411.770215,-23.217187,-158.836816,-161.257324,33.881836,-165.344238
1721315235200000000,1.721315235176075e+18,-1.0,29.91,-1.0,15.19,-1.0,104.89,14.0,0.0,0.0,0.0,0.0,0.0,0.0,0.0,1.7213152351977e+18,0.0,604.986328,-134.949902,-398.487305,-123.991699,22.478027,143.942871,1.0,661.35498,-153.479004,-393.464355,-120.541992,27.026367,7.976074,2.0,439.787109,15.180469,-161.962207,-163.630371,39.770508,44.802246,3.0,412.216699,-21.766113,-159.17168,-160.488281,33.354492,-164.553223
1721315235233333333,1.7213152352247332e+18,-1.0,29.7,-1.0,15.37,-1.0,101.94,14.0,0.0,0.0,0.0,0.0,0.0,0.0,0.0,1.7213152352307e+18,0.0,604.874707,-133.833691,-397.482715,-123.706055,22.521973,144.272461,1.0,661.466602,-151.693066,-393.129492,-120.234375,27.158203,8.041992,2.0,441.014941,17.30127,-161.738965,-162.839355,40.03418,45.219727,3.0,413.109668,-19.756934,-159.17168,-159.829102,33.464355,-164.267578
1721315235266666666,1.7213152352247332e+18,-1.0,29.7,-1.0,15.37,-1.0,101.94,14.0,0.0,0.0,0.0,0.0,0.0,0.0,0.0,1.7213152352637998e+18,0.0,605.321191,-139.749609,-392.683008,-124.936523,23.203125,145.063477,1.0,663.252539,-150.688477,-390.785449,-120.476074,28.278809,8.327637,2.0,441.90791,16.854785,-161.069238,-163.146973,40.187988,45.307617,3.0,413.444531,-19.533691,-159.394922,-160.004883,33.398438,-164.311523
1721315235300000000,1.7213152352741545e+18,-1.0,29.91,-1.0,15.01,-1.0,109.23,14.0,0.0,0.0,0.0,0.0,0.0,0.0,0.0,1.7213152352969e+18,0.0,605.097949,-146.223633,-390.89707,-126.584473,23.071289,145.415039,1.0,665.596582,-157.497363,-387.436816,-121.772461,28.87207,9.18457,2.0,441.349805,17.636133,-161.404102,-162.663574,39.946289,45.966797,3.0,413.556152,-19.087207,-159.394922,-159.873047,33.112793,-163.894043
1721315235333333333,1.7213152353233838e+18,-1.0,29.7,-1.0,15.37,-1.0,113.25,14.0,0.0,0.0,0.0,0.0,0.0,0.0,0.0,1.72131523533e+18,0.0,603.646875,-143.767969,-391.566797,-126.716309,23.181152,145.327148,1.0,665.708203,-158.836816,-386.878711,-121.816406,28.87207,9.536133,2.0,441.461426,19.980176,-161.962207,-161.455078,40.012207,46.691895,3.0,414.3375,-17.747754,-158.836816,-159.038086,33.178711,-163.256836
1721315235366666666,1.7213152353233838e+18,-1.0,29.7,-1.0,15.37,-1.0,113.25,14.0,0.0,0.0,0.0,0.0,0.0,0.0,0.0,1.7213152353629998e+18,0.0,602.530664,-140.307715,-393.129492,-126.518555,23.554688,145.085449,1.0,665.261719,-156.046289,-386.76709,-121.530762,29.377441,9.404297,2.0,442.689258,21.542871,-162.185449,-160.708008,40.319824,47.109375,3.0,415.230469,-16.185059,-158.390332,-158.334961,33.442383,-162.927246
1721315235400000000,1.7213152353723318e+18,-1.0,29.91,-1.0,15.37,-1.0,115.54,14.0,0.0,0.0,0.0,0.0,0.0,0.0,0.0,1.7213152353998e+18,0.0,602.08418,-142.093652,-394.245703,-127.199707,23.796387,144.711914,1.0,666.37793,-155.488184,-384.75791,-122.080078,30.432129,9.118652,2.0,442.9125,21.877734,-161.738965,-160.290527,40.407715,47.636719,3.0,415.118848,-15.068848,-158.613574,-157.895508,33.354492,-162.399902
1721315235433333333,1.721315235425626e+18,-1.0,29.7,-1.0,14.64,-1.0,112.8,14.0,0.0,0.0,0.0,0.0,0.0,0.0,0.0,1.7213152354328998e+18,0.0,600.298242,-142.875,-394.803809,-127.727051,23.598633,144.51416,1.0,665.261719,-154.930078,-384.981152,-122.34375,30.388184,8.942871,2.0,442.131152,23.217187,-162.520312,-159.104004,40.12207,48.80127,3.0,415.007227,-13.506152,-158.278711,-156.643066,32.980957,-160.839844
1721315235466666666,1.721315235425626e+18,-1.0,29.7,-1.0,14.64,-1.0,112.8,14.0,0.0,0.0,0.0,0.0,0.0,0.0,0.0,1.7213152354659e+18,0.0,600.744727,-141.535547,-393.687598,-127.463379,23.818359,144.84375,1.0,664.703613,-152.586035,-385.427637,-122.01416,30.498047,8.942871,2.0,442.800879,26.677441,-162.408691,-157.258301,40.253906,49.921875,3.0,415.788574,-10.715625,-157.497363,-154.819336,33.024902,-159.345703
1721315235500000000,1.721315235474234e+18,-1.0,29.7,-1.0,14.64,-1.0,115.54,14.0,0.0,0.0,0.0,0.0,0.0,0.0,0.0,1.721315235499e+18,0.0,602.307422,-141.647168,-392.459766,-127.770996,24.411621,144.997559,1.0,664.703613,-150.576855,-386.320605,-121.992188,31.003418,8.657227,2.0,443.024121,28.240137,-162.631934,-156.730957,40.03418,50.383301,3.0,415.676953,-10.380762,-156.827637,-154.335938,33.00293,-158.708496
1721315235533333333,1.7213152355233498e+18,-1.0,29.91,-1.0,15.92,-1.0,119.29,14.0,0.0,0.0,0.0,0.0,0.0,0.0,0.0,1.7213152355320998e+18,0.0,602.530664,-143.544727,-392.013281,-128.71582,24.587402,144.689941,1.0,665.819824,-150.800098,-386.543848,-122.541504,31.420898,8.239746,2.0,441.796289,30.026074,-164.083008,-155.632324,39.067383,51.262207,3.0,415.118848,-9.599414,-157.497363,-153.720703,32.34375,-158.115234
1721315235566666666,1.7213152355233498e+18,-1.0,29.91,-1.0,15.92,-1.0,119.29,14.0,0.0,0.0,0.0,0.0,0.0,0.0,0.0,1.7213152355651e+18,0.0,601.860937,-142.986621,-391.678418,-129.001465,24.345703,144.42627,1.0,664.926855,-150.353613,-386.097363,-122.805176,31.398926,8.063965,2.0,440.90332,33.70957,-164.864355,-153.808594,38.474121,52.119141,3.0,415.007227,-7.590234,-158.16709,-152.29248,31.618652,-157.324219
1721315235600000000,1.7213152355734382e+18,-1.0,29.91,-1.0,16.11,-1.0,120.24,14.0,0.0,0.0,0.0,0.0,0.0,0.0,0.0,1.7213152355982e+18,0.0,602.307422,-141.423926,-391.566797,-128.781738,24.477539,144.404297,1.0,664.145508,-147.228223,-385.427637,-122.519531,31.662598,7.888184,2.0,440.90332,37.616309,-165.980566,-152.248535,38.29834,52.668457,3.0,415.565332,-5.022949,-157.720605,-150.88623,31.552734,-156.730957
1721315235633333333,1.7213152356225206e+18,-1.0,29.91,-1.0,17.04,-1.0,122.16,14.0,0.0,0.0,0.0,0.0,0.0,0.0,0.0,1.7213152356313e+18,0.0,603.08877,-141.758789,-390.89707,-129.089355,24.807129,144.250488,1.0,665.37334,-147.674707,-384.423047,-122.937012,32.255859,7.646484,2.0,440.345215,37.281445,-166.985156,-152.314453,37.990723,52.756348,3.0,415.453711,-4.576465,-157.832227,-150.688477,31.442871,-156.51123
1721315235666666666,1.7213152356225206e+18,-1.0,29.91,-1.0,17.04,-1.0,122.16,14.0,0.0,0.0,0.0,0.0,0.0,0.0,0.0,1.7213152356644e+18,0.0,602.977148,-138.186914,-391.678418,-129.309082,24.851074,143.789062,1.0,665.37334,-147.674707,-385.427637,-123.706055,32.387695,6.965332,2.0,438.670898,38.620898,-168.547852,-151.369629,37.507324,53.657227,3.0,414.449121,-4.12998,-158.725195,-150.249023,30.849609,-155.698242
1721315235700000000,1.7213152356758687e+18,-1.0,29.7,-1.0,16.67,-1.0,129.63,14.0,0.0,0.0,0.0,0.0,0.0,0.0,0.0,1.7213152356974e+18,0.0,603.646875,-137.852051,-391.120312,-129.462891,24.675293,143.920898,1.0,663.699023,-143.544727,-383.641699,-123.618164,32.541504,6.635742,2.0,438.559277,42.304395,-169.105957,-149.699707,37.770996,54.536133,3.0,414.672363,-1.451074,-158.613574,-148.820801,30.915527,-154.533691
1721315235733333333,1.7213152357247398e+18,-1.0,29.91,-1.0,16.11,-1.0,134.83,14.0,0.0,0.0,0.0,0.0,0.0,0.0,0.0,1.7213152357305e+18,0.0,604.763086,-139.303125,-389.557617,-129.990234,25.092773,143.920898,1.0,663.922266,-141.423926,-382.637109,-123.706055,33.112793,6.416016,2.0,438.670898,42.974121,-169.552441,-149.39209,37.924805,54.953613,3.0,414.672363,1.00459,-158.390332,-148.007812,31.135254,-154.072266
1721315235766666666,1.7213152357247398e+18,-1.0,29.91,-1.0,16.11,-1.0,134.83,14.0,0.0,0.0,0.0,0.0,0.0,0.0,0.0,1.7213152357636e+18,0.0,605.20957,-146.000391,-387.660059,-131.85791,25.444336,143.569336,1.0,664.926855,-142.316895,-382.190625,-124.628906,33.640137,5.866699,2.0,437.219824,43.86709,-171.115137,-148.974609,37.375488,55.634766,3.0,413.667773,2.120801,-158.836816,-147.700195,30.893555,-153.720703
1721315235800000000,1.721315235773415e+18,-1.0,29.7,-1.0,16.29,-1.0,133.25,14.0,0.0,0.0,0.0,0.0,0.0,0.0,0.0,1.7213152357967e+18,0.0,604.316602,-147.786328,-388.77627,-132.451172,24.873047,143.327637,1.0,663.029297,-142.875,-382.190625,-125.244141,33.552246,5.471191,2.0,436.103613,46.099512,-172.566211,-147.590332,36.958008,56.953125,3.0,412.216699,3.460254,-159.618164,-146.601562,30.410156,-152.666016
1721315235833333333,1.721315235822929e+18,-1.0,29.91,-1.0,17.04,-1.0,121.68,14.0,0.0,0.0,0.0,0.0,0.0,0.0,0.0,1.7213152358297e+18,0.0,603.870117,-146.223633,-388.77627,-132.1875,24.960938,143.305664,1.0,660.573633,-140.419336,-381.409277,-124.82666,33.771973,5.405273,2.0,436.661719,49.113281,-172.231348,-146.206055,37.265625,57.897949,3.0,412.551562,6.13916,-159.283301,-145.151367,30.60791,-151.853027
1721315235866666666,1.721315235822929e+18,-1.0,29.91,-1.0,17.04,-1.0,121.68,14.0,0.0,0.0,0.0,0.0,0.0,0.0,0.0,1.7213152358664998e+18,0.0,603.981738,-146.223633,-388.218164,-132.319336,25.400391,143.239746,1.0,661.578223,-142.540137,-380.516309,-124.892578,34.519043,5.405273,2.0,436.661719,49.336523,-172.566211,-145.92041,37.331543,58.447266,3.0,411.881836,6.808887,-159.841406,-144.689941,30.629883,-151.523438
1721315235900000000,1.7213152358719242e+18,-1.0,29.91,-1.0,17.6,-1.0,108.35,13.0,0.0,0.0,0.0,0.0,0.0,0.0,0.0,1.7213152358996e+18,0.0,602.419043,-147.451465,-388.664648,-132.802734,25.64209,143.041992,1.0,662.694434,-144.549316,-381.074414,-125.134277,34.584961,5.317383,2.0,434.652539,50.341113,-175.021875,-145.063477,36.518555,59.238281,3.0,410.542383,6.808887,-160.845996,-144.228516,30.124512,-150.974121
1721315235933333333,1.7213152359214415e+18,-1.0,30.13,-1.0,17.6,-1.0,103.62,14.0,0.0,0.0,0.0,0.0,0.0,0.0,0.0,1.7213152359326e+18,0.0,601.972559,-149.237402,-388.106543,-132.780762,25.64209,143.503418,1.0,662.471191,-145.219043,-380.62793,-125.112305,34.584961,5.537109,2.0,434.317676,51.568945,-175.356738,-144.09668,36.474609,60.117188,3.0,410.095898,8.371582,-160.511133,-143.10791,30.080566,-150.227051
1721315235966666666,1.7213152359214415e+18,-1.0,30.13,-1.0,17.6,-1.0,103.62,14.0,0.0,0.0,0.0,0.0,0.0,0.0,0.0,1.7213152359656998e+18,0.0,603.870117,-152.02793,-384.311426,-132.077637,26.674805,145.217285,1.0,662.35957,-144.214453,-375.046875,-123.706055,35.595703,7.382812,2.0,434.317676,52.573535,-175.691602,-143.613281,36.364746,60.534668,3.0,410.095898,9.711035,-160.845996,-142.404785,30.168457,-150.095215
1721315236000000000,1.7213152359704402e+18,-1.0,29.91,-1.0,17.6,-1.0,99.06,14.0,0.0,0.0,0.0,0.0,0.0,0.0,0.0,1.7213152359988e+18,0.0,602.419043,-153.144141,-383.641699,-132.93457,28.190918,145.546875,1.0,664.926855,-148.232812,-373.930664,-124.013672,36.826172,7.910156,2.0,434.206055,52.238672,-176.696191,-144.030762,36.013184,60.205078,3.0,410.095898,9.376172,-161.29248,-142.580566,30.102539,-150.336914
1721315236033333333,1.721315236018976e+18,-1.0,29.91,-1.0,17.79,-1.0,93.87,13.0,0.0,0.0,0.0,0.0,0.0,0.0,0.0,1.7213152360319e+18,0.0,601.972559,-152.474414,-383.976562,-133.110352,28.103027,145.524902,1.0,664.703613,-148.790918,-374.712012,-124.189453,36.694336,7.756348,2.0,432.420117,52.573535,-179.933203,-144.624023,34.584961,59.0625,3.0,409.649414,7.255371,-163.859766,-143.283691,29.223633,-151.237793
1721315236066666666,1.721315236018976e+18,-1.0,29.91,-1.0,17.79,-1.0,93.87,13.0,0.0,0.0,0.0,0.0,0.0,0.0,0.0,1.7213152360648998e+18,0.0,602.753906,-151.693066,-383.864941,-132.692871,28.146973,145.876465,1.0,664.36875,-148.567676,-374.935254,-124.035645,36.584473,7.800293,2.0,431.973633,52.01543,-182.165625,-144.953613,33.903809,57.875977,3.0,411.212109,5.804297,-166.873535,-143.789062,28.78418,-152.578125
1721315236100000000,1.721315236068976e+18,-1.0,29.91,-1.0,17.6,-1.0,82.31,14.0,0.0,0.0,0.0,0.0,0.0,0.0,0.0,1.721315236098e+18,0.0,603.200391,-151.469824,-383.641699,-132.407227,28.432617,146.118164,1.0,664.480371,-147.674707,-375.046875,-123.728027,36.738281,7.800293,2.0,432.866602,48.331934,-184.621289,-146.491699,33.376465,56.469727,3.0,411.993457,3.571875,-169.664062,-144.931641,28.476562,-154.204102
1721315236133333333,1.7213152361175173e+18,-1.0,29.91,-1.0,17.79,-1.0,75.41,14.0,0.0,0.0,0.0,0.0,0.0,0.0,0.0,1.7213152361311e+18,0.0,603.423633,-155.264941,-383.083594,-132.890625,28.54248,146.293945,1.0,666.154687,-148.567676,-373.707422,-123.75,37.045898,8.10791,2.0,432.866602,45.429785,-187.411816,-147.832031,32.519531,55.26123,3.0,411.435352,-0.446484,-173.45918,-146.513672,27.531738,-155.500488
1721315236166666666,1.7213152361665162e+18,-1.0,29.7,-1.0,17.79,-1.0,75.41,14.0,0.0,0.0,0.0,0.0,0.0,0.0,0.0,1.7213152361642002e+18,0.0,603.08877,-155.934668,-383.418457,-133.088379,28.410645,146.315918,1.0,666.712793,-149.349023,-374.48877,-123.837891,36.936035,8.151855,2.0,433.089844,42.416016,-190.983691,-148.710938,31.970215,54.51416,3.0,412.105078,-4.12998,-176.696191,-147.612305,27.092285,-156.09375
1721315236200000000,1.7213152361665162e+18,-1.0,29.7,-1.0,17.79,-1.0,75.41,14.0,0.0,0.0,0.0,0.0,0.0,0.0,0.0,1.7213152361972e+18,0.0,602.977148,-155.488184,-383.306836,-132.956543,28.410645,146.447754,1.0,666.37793,-148.567676,-375.828223,-123.640137,36.870117,8.041992,2.0,434.540918,38.397656,-194.443945,-149.941406,31.860352,53.569336,3.0,414.002637,-6.920508,-179.59834,-148.491211,27.399902,-156.862793
1721315236233333333,1.7213152362157033e+18,-1.0,29.7,-1.0,18.17,-1.0,69.53,13.0,0.0,0.0,0.0,0.0,0.0,0.0,0.0,1.7213152362303e+18,0.0,603.870117,-156.269531,-383.418457,-133.154297,28.608398,146.535645,1.0,666.601172,-148.567676,-376.497949,-123.859863,37.177734,7.756348,2.0,435.322266,31.812012,-198.01582,-152.050781,31.376953,52.426758,3.0,414.895605,-11.162109,-183.72832,-150.249023,27.421875,-158.049316
1721315236266666666,1.7213152362646994e+18,-1.0,29.7,-1.0,18.17,-1.0,58.91,14.0,0.0,0.0,0.0,0.0,0.0,0.0,0.0,1.7213152362634002e+18,0.0,603.981738,-158.055469,-383.976562,-133.791504,28.564453,146.315918,1.0,666.712793,-149.349023,-376.944434,-124.365234,37.243652,7.316895,2.0,434.094434,28.016895,-202.815527,-152.841797,30.124512,51.767578,3.0,414.449121,-15.850195,-188.639648,-151.677246,26.872559,-158.532715
1721315236300000000,1.7213152362646994e+18,-1.0,29.7,-1.0,18.17,-1.0,58.91,14.0,0.0,0.0,0.0,0.0,0.0,0.0,0.0,1.7213152362965e+18,0.0,602.977148,-157.943848,-385.7625,-134.055176,28.234863,146.052246,1.0,665.931445,-149.01416,-376.60957,-124.49707,37.045898,7.141113,2.0,434.652539,23.552051,-207.726855,-153.654785,29.311523,50.625,3.0,415.118848,-20.42666,-191.541797,-152.578125,26.850586,-158.752441
1721315236333333333,1.7213152363147802e+18,-1.0,29.91,-1.0,17.98,-1.0,54.11,14.0,0.0,0.0,0.0,0.0,0.0,0.0,0.0,1.7213152363332e+18,0.0,603.200391,-156.269531,-385.539258,-133.747559,28.344727,146.074219,1.0,665.931445,-147.00498,-376.386328,-124.123535,37.111816,7.141113,2.0,434.76416,18.305859,-212.191699,-154.951172,28.344727,48.867188,3.0,416.458301,-24.44502,-194.778809,-153.764648,26.784668,-159.960938
1721315236366666666,1.721315236363782e+18,-1.0,29.91,-1.0,18.17,-1.0,51.11,14.0,0.0,0.0,0.0,0.0,0.0,0.0,0.0,1.7213152363663002e+18,0.0,603.535254,-155.599805,-385.7625,-133.769531,28.476562,146.030273,1.0,666.712793,-146.112012,-376.60957,-124.211426,37.397461,6.877441,2.0,434.206055,12.166699,-215.763574,-156.42334,27.487793,47.8125,3.0,416.681543,-30.807422,-199.466895,-155.522461,25.949707,-161.169434
1721315236400000000,1.721315236363782e+18,-1.0,29.91,-1.0,18.17,-1.0,51.11,14.0,0.0,0.0,0.0,0.0,0.0,0.0,0.0,1.7213152363993e+18,0.0,603.08877,-155.264941,-386.543848,-133.857422,28.344727,145.898438,1.0,666.712793,-145.107422,-376.721191,-124.321289,37.331543,6.61377,2.0,433.089844,9.041309,-218.330859,-156.84082,27.026367,47.526855,3.0,415.453711,-35.272266,-204.824707,-156.313477,24.65332,-161.762695
1721315236433333333,1.7213152364129595e+18,-1.0,29.7,-1.0,17.79,-1.0,60.66,14.0,0.0,0.0,0.0,0.0,0.0,0.0,0.0,1.7213152364324e+18,0.0,602.642285,-154.818457,-386.990332,-133.703613,28.168945,145.986328,1.0,666.712793,-144.326074,-376.721191,-124.189453,37.265625,6.679688,2.0,433.536328,7.813477,-219.781934,-156.730957,27.531738,47.06543,3.0,415.900195,-37.169824,-206.16416,-156.357422,24.807129,-162.202148
1721315236466666666,1.7213152364619594e+18,-1.0,29.91,-1.0,16.48,-1.0,55.22,14.0,0.0,0.0,0.0,0.0,0.0,0.0,0.0,1.7213152364655002e+18,0.0,602.753906,-154.260352,-386.990332,-133.615723,28.278809,146.030273,1.0,666.712793,-143.991211,-376.832812,-124.123535,37.375488,6.635742,2.0,434.540918,3.01377,-220.786523,-157.807617,27.817383,46.647949,3.0,416.011816,-41.188184,-207.280371,-157.5,24.851074,-163.037109
1721315236500000000,1.7213152364619594e+18,-1.0,29.91,-1.0,16.48,-1.0,55.22,14.0,0.0,0.0,0.0,0.0,0.0,0.0,0.0,1.7213152364986e+18,0.0,603.08877,-154.595215,-387.101953,-133.725586,28.322754,145.986328,1.0,666.824414,-145.107422,-376.944434,-124.299316,37.441406,6.547852,2.0,434.094434,-0.558105,-221.567871,-158.620605,27.531738,46.428223,3.0,415.007227,-44.090332,-209.066309,-158.466797,24.521484,-163.696289
1721315236533333333,1.721315236511012e+18,-1.0,29.91,-1.0,16.29,-1.0,54.66,14.0,0.0,0.0,0.0,0.0,0.0,0.0,0.0,1.7213152365316e+18,0.0,602.865527,-154.818457,-387.660059,-133.813477,28.146973,145.92041,1.0,666.489551,-145.777148,-377.502539,-124.365234,37.22168,6.481934,2.0,433.424707,-1.785937,-220.898145,-158.950195,27.46582,46.07666,3.0,414.895605,-45.094922,-206.833887,-158.620605,25.048828,-163.87207
1721315236566666666,1.7213152365600133e+18,-1.0,29.91,-1.0,16.48,-1.0,54.38,13.0,0.0,0.0,0.0,0.0,0.0,0.0,0.0,1.7213152365647e+18,0.0,602.419043,-154.483594,-388.218164,-133.681641,28.059082,145.92041,1.0,665.931445,-145.330664,-377.725781,-124.123535,37.111816,6.503906,2.0,432.866602,-1.674316,-216.544922,-159.038086,27.883301,44.824219,3.0,414.560742,-45.87627,-202.592285,-158.928223,26.38916,-164.926758
1721315236600000000,1.7213152365600133e+18,-1.0,29.91,-1.0,16.48,-1.0,54.38,13.0,0.0,0.0,0.0,0.0,0.0,0.0,0.0,1.7213152365978e+18,0.0,602.753906,-154.818457,-387.994922,-133.681641,28.168945,146.030273,1.0,666.154687,-146.112012,-378.507129,-124.057617,37.265625,6.525879,2.0,433.424707,-4.911328,-211.856836,-160.158691,28.190918,43.549805,3.0,414.3375,-47.438965,-200.025,-159.785156,27.004395,-166.003418
1721315236633333333,1.721315236609531e+18,-1.0,29.91,-1.0,17.23,-1.0,60.07,14.0,0.0,0.0,0.0,0.0,0.0,0.0,0.0,1.7213152366309e+18,0.0,603.423633,-155.15332,-387.77168,-133.681641,28.212891,146.052246,1.0,666.37793,-147.786328,-379.958203,-124.343262,37.133789,6.350098,2.0,431.080664,-5.13457,-207.838477,-160.268555,28.234863,42.802734,3.0,412.663184,-48.331934,-197.680957,-160.158691,27.092285,-166.618652
1721315236666666666,1.721315236658534e+18,-1.0,29.91,-1.0,16.85,-1.0,65.46,14.0,0.0,0.0,0.0,0.0,0.0,0.0,0.0,1.7213152366639e+18,0.0,603.758496,-154.930078,-387.77168,-133.615723,28.146973,146.096191,1.0,666.154687,-148.232812,-379.734961,-124.321289,36.936035,6.416016,2.0,431.080664,-4.464844,-202.592285,-159.807129,29.597168,42.714844,3.0,411.770215,-47.885449,-192.88125,-159.675293,27.949219,-166.838379
1721315236700000000,1.721315236658534e+18,-1.0,29.91,-1.0,16.85,-1.0,65.46,14.0,0.0,0.0,0.0,0.0,0.0,0.0,0.0,1.721315236697e+18,0.0,604.20498,-154.483594,-386.208984,-133.198242,28.234863,146.513672,1.0,665.931445,-146.893359,-378.730371,-123.728027,36.914062,6.635742,2.0,431.080664,-4.018359,-196.564746,-159.609375,31.398926,43.088379,3.0,410.654004,-46.545996,-187.858301,-159.016113,29.333496,-166.92627
1721315236733333333,1.7213152367030487e+18,-1.0,29.7,-1.0,16.85,-1.0,73.74,14.0,0.0,0.0,0.0,0.0,0.0,0.0,0.0,1.7213152367301e+18,0.0,604.316602,-155.711426,-385.204395,-133.242188,28.388672,146.711426,1.0,666.824414,-148.121191,-377.837402,-123.662109,37.155762,6.723633,2.0,430.299316,-5.581055,-192.88125,-160.114746,33.068848,43.549805,3.0,408.533203,-45.429785,-184.063184,-158.774414,30.344238,-167.036133
1721315236766666666,1.721315236753046e+18,-1.0,29.91,-1.0,16.29,-1.0,87.03,14.0,0.0,0.0,0.0,0.0,0.0,0.0,0.0,1.7213152367632e+18,0.0,603.646875,-156.827637,-384.75791,-133.395996,28.278809,146.755371,1.0,666.601172,-150.241992,-376.944434,-123.925781,37.089844,6.767578,2.0,428.513379,-4.464844,-188.528027,-159.499512,34.82666,44.494629,3.0,405.854297,-45.094922,-180.268066,-158.071289,30.915527,-166.223145
1721315236800000000,1.721315236753046e+18,-1.0,29.91,-1.0,16.29,-1.0,87.03,14.0,0.0,0.0,0.0,0.0,0.0,0.0,0.0,1.7213152367999002e+18,0.0,603.646875,-157.1625,-384.646289,-133.242188,28.146973,146.90918,1.0,666.712793,-149.795508,-376.721191,-123.771973,37.045898,6.833496,2.0,427.62041,-0.334863,-184.621289,-157.873535,36.760254,45.0,3.0,403.510254,-40.071973,-176.696191,-156.005859,32.34375,-165.366211
1721315236833333333,1.7213152368015342e+18,-1.0,29.91,-1.0,16.11,-1.0,91.16,14.0,0.0,0.0,0.0,0.0,0.0,0.0,0.0,1.721315236833e+18,0.0,603.870117,-157.050879,-384.199805,-133.066406,28.256836,147.041016,1.0,667.159277,-148.790918,-376.944434,-123.530273,37.111816,6.811523,2.0,425.61123,0.0,-181.719141,-157.412109,37.55127,45.351562,3.0,400.942969,-38.397656,-173.682422,-155.083008,33.222656,-164.816895
1721315236866666666,1.7213152368505362e+18,-1.0,29.7,-1.0,15.92,-1.0,92.32,14.0,0.0,0.0,0.0,0.0,0.0,0.0,0.0,1.7213152368661e+18,0.0,604.20498,-157.497363,-383.864941,-133.132324,28.344727,147.041016,1.0,667.38252,-149.683887,-377.725781,-123.706055,37.133789,6.569824,2.0,421.927734,1.451074,-180.156445,-156.51123,37.507324,45.944824,3.0,398.264062,-37.951172,-171.226758,-154.335938,33.354492,-164.333496
1721315236900000000,1.7213152368505362e+18,-1.0,29.7,-1.0,15.92,-1.0,92.32,14.0,0.0,0.0,0.0,0.0,0.0,0.0,0.0,1.7213152368991002e+18,0.0,604.093359,-158.278711,-383.976562,-133.198242,28.168945,147.041016,1.0,667.270898,-150.465234,-377.167676,-123.771973,36.870117,6.591797,2.0,419.360449,4.576465,-178.59375,-154.973145,37.705078,46.516113,3.0,396.031641,-36.165234,-169.44082,-153.237305,33.398438,-164.025879
1721315236933333333,1.7213152369000648e+18,-1.0,29.7,-1.0,15.74,-1.0,91.93,13.0,0.0,0.0,0.0,0.0,0.0,0.0,0.0,1.7213152369322e+18,0.0,604.093359,-157.943848,-384.311426,-133.066406,28.146973,147.062988,1.0,666.824414,-151.134961,-376.944434,-123.640137,36.738281,6.767578,2.0,418.132617,6.362402,-176.58457,-154.116211,38.254395,46.560059,3.0,394.357324,-35.049023,-165.980566,-152.160645,34.145508,-163.674316
1721315236966666666,1.721315236949062e+18,-1.0,29.91,-1.0,15.74,-1.0,90.78,14.0,0.0,0.0,0.0,0.0,0.0,0.0,0.0,1.7213152369653e+18,0.0,603.758496,-157.497363,-384.423047,-133.044434,28.234863,146.99707,1.0,667.047656,-151.693066,-376.944434,-123.662109,36.848145,6.767578,2.0,416.681543,6.697266,-174.128906,-154.182129,38.803711,46.208496,3.0,392.794629,-34.71416,-163.30166,-152.138672,34.650879,-163.87207
1721315237000000000,1.7213152369981263e+18,-1.0,29.7,-1.0,15.74,-1.0,91.55,14.0,0.0,0.0,0.0,0.0,0.0,0.0,0.0,1.7213152369984e+18,0.0,603.535254,-157.385742,-384.981152,-133.110352,28.190918,146.90918,1.0,667.829004,-152.02793,-377.279297,-123.75,36.848145,6.679688,2.0,413.891016,7.590234,-172.119727,-154.072266,38.95752,46.142578,3.0,390.562207,-34.379297,-162.29707,-152.160645,34.519043,-163.916016
1721315237033333333,1.7213152369981263e+18,-1.0,29.7,-1.0,15.74,-1.0,91.55,14.0,0.0,0.0,0.0,0.0,0.0,0.0,0.0,1.7213152370314e+18,0.0,603.08877,-157.1625,-385.874121,-133.088379,27.993164,146.931152,1.0,667.940625,-150.01875,-377.837402,-123.464355,36.672363,6.591797,2.0,413.221289,9.041309,-169.664062,-153.61084,39.572754,46.07666,3.0,389.557617,-33.039844,-160.17627,-151.611328,34.870605,-163.78418
1721315237066666666,1.7213152370471288e+18,-1.0,29.91,-1.0,15.92,-1.0,94.65,14.0,0.0,0.0,0.0,0.0,0.0,0.0,0.0,1.7213152370645e+18,0.0,601.749316,-155.488184,-388.218164,-132.495117,27.79541,147.041016,1.0,667.829004,-146.558496,-377.725781,-122.651367,36.672363,6.723633,2.0,413.109668,10.269141,-166.761914,-153.654785,40.209961,45.703125,3.0,389.445996,-31.58877,-157.608984,-151.54541,35.57373,-164.179688
1721315237100000000,1.7213152370966413e+18,-1.0,29.91,-1.0,13.92,-1.0,97.04,14.0,0.0,0.0,0.0,0.0,0.0,0.0,0.0,1.7213152370976e+18,0.0,602.195801,-152.809277,-390.785449,-132.363281,27.993164,146.623535,1.0,669.056836,-145.219043,-378.841992,-122.541504,36.89209,6.61377,2.0,412.774805,10.492383,-164.864355,-154.248047,40.385742,45.109863,3.0,389.222754,-31.142285,-155.376562,-152.072754,35.969238,-164.882812
1721315237133333333,1.7213152370966413e+18,-1.0,29.91,-1.0,13.92,-1.0,97.04,14.0,0.0,0.0,0.0,0.0,0.0,0.0,0.0,1.7213152371307e+18,0.0,602.530664,-153.479004,-391.120312,-132.473145,27.861328,146.601562,1.0,668.721973,-145.330664,-380.069824,-122.783203,36.760254,6.394043,2.0,411.658594,10.827246,-163.078418,-154.555664,40.275879,44.736328,3.0,388.329785,-31.253906,-154.260352,-152.468262,35.793457,-165.27832
1721315237166666666,1.7213152371456566e+18,-1.0,29.91,-1.0,17.98,-1.0,100.29,14.0,0.0,0.0,0.0,0.0,0.0,0.0,0.0,1.7213152371637002e+18,0.0,602.865527,-153.702246,-391.008691,-132.385254,27.773438,146.755371,1.0,667.717383,-145.777148,-380.404687,-122.651367,36.496582,6.547852,2.0,412.105078,12.166699,-160.957617,-154.313965,40.671387,44.472656,3.0,388.664648,-29.691211,-152.474414,-152.160645,36.14502,-165.432129
1721315237200000000,1.7213152371946527e+18,-1.0,29.7,-1.0,15.19,-1.0,99.06,14.0,0.0,0.0,0.0,0.0,0.0,0.0,0.0,1.7213152371968e+18,0.0,602.977148,-152.809277,-390.450586,-132.165527,27.927246,146.90918,1.0,667.270898,-144.214453,-381.409277,-122.299805,36.540527,6.569824,2.0,412.886426,13.059668,-157.943848,-154.533691,41.330566,44.01123,3.0,388.999512,-28.909863,-150.688477,-152.314453,36.628418,-165.629883
1721315237233333333,1.7213152371946527e+18,-1.0,29.7,-1.0,15.19,-1.0,99.06,14.0,0.0,0.0,0.0,0.0,0.0,0.0,0.0,1.7213152372298998e+18,0.0,603.423633,-153.255762,-390.338965,-132.209473,27.971191,146.975098,1.0,667.38252,-144.88418,-382.190625,-122.519531,36.672363,6.459961,2.0,413.109668,13.617773,-156.269531,-154.885254,41.682129,43.791504,3.0,388.999512,-28.463379,-148.456055,-152.62207,37.133789,-165.629883
1721315237266666666,1.7213152372441843e+18,-1.0,29.7,-1.0,13.92,-1.0,98.65,13.0,0.0,0.0,0.0,0.0,0.0,0.0,0.0,1.7213152372666e+18,0.0,603.312012,-153.813867,-390.562207,-132.1875,27.729492,147.128906,1.0,666.936035,-146.670117,-382.079004,-122.67334,36.430664,6.547852,2.0,412.663184,13.952637,-154.371973,-154.709473,42.121582,44.34082,3.0,388.106543,-27.123926,-146.335254,-152.182617,37.595215,-164.992676
1721315237300000000,1.7213152372931889e+18,-1.0,29.7,-1.0,18.36,-1.0,101.94,14.0,0.0,0.0,0.0,0.0,0.0,0.0,0.0,1.7213152372997e+18,0.0,603.200391,-154.037109,-390.004102,-131.616211,27.531738,147.65625,1.0,666.266309,-146.558496,-382.190625,-122.277832,36.23291,6.789551,2.0,412.998047,15.961816,-152.139551,-153.918457,43.17627,45.043945,3.0,388.218164,-24.779883,-144.326074,-151.171875,38.496094,-163.959961
1721315237333333333,1.7213152372931889e+18,-1.0,29.7,-1.0,18.36,-1.0,101.94,14.0,0.0,0.0,0.0,0.0,0.0,0.0,0.0,1.7213152373328e+18,0.0,603.981738,-153.925488,-389.669238,-131.484375,27.729492,147.766113,1.0,666.043066,-147.00498,-381.855762,-122.102051,36.320801,6.921387,2.0,413.109668,16.743164,-150.465234,-153.896484,43.857422,45.395508,3.0,387.660059,-24.221777,-143.209863,-151.149902,38.913574,-163.300781
1721315237366666666,1.7213152373423222e+18,-1.0,29.7,-1.0,18.36,-1.0,104.47,14.0,0.0,0.0,0.0,0.0,0.0,0.0,0.0,1.7213152373658e+18,0.0,603.870117,-153.925488,-390.338965,-131.594238,27.685547,147.634277,1.0,666.601172,-148.344434,-381.297656,-122.233887,36.276855,7.009277,2.0,412.32832,17.747754,-149.683887,-153.544922,43.989258,46.120605,3.0,386.432227,-23.328809,-142.540137,-150.776367,38.781738,-162.224121
1721315237400000000,1.721315237395341e+18,-1.0,29.91,-1.0,17.42,-1.0,116.47,14.0,0.0,0.0,0.0,0.0,0.0,0.0,0.0,1.7213152373989e+18,0.0,603.08877,-153.702246,-391.120312,-131.616211,27.509766,147.524414,1.0,666.601172,-149.460645,-380.739551,-122.255859,36.14502,7.163086,2.0,411.770215,20.315039,-149.237402,-152.490234,44.033203,46.933594,3.0,386.097363,-20.538281,-141.200684,-149.545898,38.891602,-161.147461
1721315237433333333,1.721315237395341e+18,-1.0,29.91,-1.0,17.42,-1.0,116.47,14.0,0.0,0.0,0.0,0.0,0.0,0.0,0.0,1.721315237432e+18,0.0,602.642285,-154.14873,-390.89707,-131.550293,27.487793,147.678223,1.0,666.489551,-149.795508,-380.069824,-122.080078,36.14502,7.382812,2.0,411.435352,22.324219,-149.125781,-151.721191,44.099121,47.680664,3.0,385.7625,-17.747754,-140.307715,-148.601074,39.089355,-160.510254
1721315237466666666,1.721315237444659e+18,-1.0,29.91,-1.0,16.85,-1.0,125.6,14.0,0.0,0.0,0.0,0.0,0.0,0.0,0.0,1.7213152374651e+18,0.0,602.977148,-155.488184,-390.115723,-131.726074,27.531738,147.788086,1.0,667.494141,-150.800098,-379.734961,-122.145996,36.254883,7.470703,2.0,410.319141,23.998535,-149.572266,-151.391602,43.725586,48.361816,3.0,384.311426,-15.961816,-140.196094,-148.117676,38.913574,-160.136719
1721315237500000000,1.7213152374941112e+18,-1.0,29.7,-1.0,15.74,-1.0,118.81,14.0,0.0,0.0,0.0,0.0,0.0,0.0,0.0,1.7213152374981e+18,0.0,602.977148,-157.274121,-389.445996,-132.011719,27.355957,147.854004,1.0,668.275488,-154.818457,-378.507129,-122.585449,36.14502,7.602539,2.0,408.644824,25.896094,-150.241992,-150.908203,43.154297,48.955078,3.0,382.637109,-14.399121,-140.977441,-147.65625,38.342285,-159.609375
1721315237533333333,1.7213152374941112e+18,-1.0,29.7,-1.0,15.74,-1.0,118.81,14.0,0.0,0.0,0.0,0.0,0.0,0.0,0.0,1.7213152375312e+18,0.0,603.535254,-156.716016,-389.222754,-131.879883,27.333984,147.963867,1.0,668.163867,-155.041699,-377.837402,-122.431641,36.057129,7.712402,2.0,408.421582,28.686621,-150.353613,-150.029297,43.220215,49.460449,3.0,382.74873,-11.831836,-141.758789,-146.777344,38.320312,-159.104004
1721315237566666666,1.7213152375426406e+18,-1.0,29.7,-1.0,15.56,-1.0,108.79,13.0,0.0,0.0,0.0,0.0,0.0,0.0,0.0,1.7213152375643e+18,0.0,603.758496,-156.269531,-388.999512,-131.813965,27.443848,147.963867,1.0,668.387109,-153.925488,-377.167676,-122.145996,36.210938,7.712402,2.0,407.863477,30.360937,-151.02334,-149.677734,43.154297,49.614258,3.0,382.525488,-10.380762,-142.428516,-146.469727,38.276367,-158.840332
1721315237600000000,1.7213152375926356e+18,-1.0,29.91,-1.0,15.56,-1.0,104.47,14.0,0.0,0.0,0.0,0.0,0.0,0.0,0.0,1.7213152375974e+18,0.0,603.535254,-156.716016,-388.999512,-131.989746,27.509766,147.854004,1.0,669.949805,-154.037109,-377.167676,-122.519531,36.716309,7.316895,2.0,407.19375,31.923633,-153.479004,-149.370117,42.714844,49.899902,3.0,381.63252,-9.376172,-144.214453,-146.228027,37.792969,-158.312988
1721315237633333333,1.7213152375926356e+18,-1.0,29.91,-1.0,15.56,-1.0,104.47,14.0,0.0,0.0,0.0,0.0,0.0,0.0,0.0,1.7213152376304e+18,0.0,602.977148,-157.385742,-388.887891,-132.1875,27.355957,147.832031,1.0,669.280078,-155.041699,-376.386328,-122.76123,36.540527,7.316895,2.0,405.854297,34.379297,-155.934668,-148.293457,42.385254,50.822754,3.0,380.962793,-7.925098,-145.442285,-145.458984,37.353516,-157.258301
1721315237666666666,1.721315237645141e+18,-1.0,29.7,-1.0,15.74,-1.0,106.18,13.0,0.0,0.0,0.0,0.0,0.0,0.0,0.0,1.7213152376635e+18,0.0,603.200391,-156.716016,-388.664648,-132.011719,27.355957,147.897949,1.0,669.056836,-153.813867,-376.60957,-122.475586,36.430664,7.36084,2.0,406.18916,37.393066,-157.050879,-147.019043,42.692871,51.657715,3.0,381.186035,-4.911328,-145.88877,-144.228516,37.63916,-156.357422
1721315237700000000,1.7213152376941435e+18,-1.0,29.91,-1.0,15.56,-1.0,117.87,14.0,0.0,0.0,0.0,0.0,0.0,0.0,0.0,1.7213152376966e+18,0.0,603.200391,-156.604395,-388.218164,-132.011719,27.46582,147.919922,1.0,668.945215,-153.144141,-376.497949,-122.365723,36.496582,7.338867,2.0,406.300781,37.839551,-157.832227,-147.084961,42.758789,51.833496,3.0,380.851172,-3.683496,-146.893359,-144.294434,37.595215,-156.313477
1721315237733333333,1.7213152376941435e+18,-1.0,29.91,-1.0,15.56,-1.0,117.87,14.0,0.0,0.0,0.0,0.0,0.0,0.0,0.0,1.7213152377333e+18,0.0,602.865527,-156.716016,-388.441406,-132.253418,27.443848,147.744141,1.0,669.280078,-153.590625,-376.60957,-122.563477,36.518555,7.250977,2.0,405.631055,38.955762,-158.836816,-146.99707,42.495117,52.272949,3.0,380.069824,-2.678906,-147.674707,-144.360352,37.177734,-156.071777
1721315237766666666,1.7213152377436736e+18,-1.0,29.7,-1.0,15.37,-1.0,118.81,14.0,0.0,0.0,0.0,0.0,0.0,0.0,0.0,1.7213152377664e+18,0.0,602.977148,-155.711426,-388.999512,-132.209473,27.246094,147.590332,1.0,668.721973,-153.255762,-377.502539,-122.585449,36.364746,7.141113,2.0,405.519434,41.188184,-159.394922,-146.491699,42.495117,52.668457,3.0,379.846582,-0.446484,-148.00957,-143.833008,37.089844,-155.786133
1721315237800000000,1.7213152377926715e+18,-1.0,29.7,-1.0,15.37,-1.0,117.87,14.0,0.0,0.0,0.0,0.0,0.0,0.0,0.0,1.7213152377995e+18,0.0,603.312012,-154.371973,-389.669238,-131.967773,27.290039,147.546387,1.0,668.275488,-151.916309,-378.730371,-122.34375,36.298828,7.053223,2.0,405.854297,43.420605,-159.506543,-146.184082,42.670898,52.822266,3.0,380.181445,1.562695,-147.897949,-143.415527,37.287598,-155.610352
1721315237833333333,1.7213152377926715e+18,-1.0,29.7,-1.0,15.37,-1.0,117.87,14.0,0.0,0.0,0.0,0.0,0.0,0.0,0.0,1.7213152378326e+18,0.0,603.423633,-154.037109,-390.562207,-132.011719,27.355957,147.414551,1.0,668.49873,-151.916309,-379.176855,-122.409668,36.408691,6.965332,2.0,405.519434,44.87168,-159.953027,-146.425781,42.495117,52.800293,3.0,379.846582,2.567285,-148.456055,-143.635254,37.133789,-155.720215
1721315237866666666,1.7213152378421898e+18,-1.0,29.91,-1.0,14.64,-1.0,114.16,14.0,0.0,0.0,0.0,0.0,0.0,0.0,0.0,1.7213152378656e+18,0.0,603.312012,-153.702246,-391.455176,-132.099609,27.246094,147.216797,1.0,668.833594,-151.916309,-379.62334,-122.497559,36.342773,6.899414,2.0,404.738086,46.880859,-160.622754,-146.118164,42.121582,53.283691,3.0,379.176855,3.795117,-149.237402,-143.525391,36.694336,-155.522461
1721315237900000000,1.7213152378912028e+18,-1.0,29.91,-1.0,14.28,-1.0,107.47,13.0,0.0,0.0,0.0,0.0,0.0,0.0,0.0,1.7213152378987e+18,0.0,603.423633,-152.697656,-391.566797,-131.923828,27.202148,147.216797,1.0,668.49873,-150.800098,-380.293066,-122.277832,36.210938,6.921387,2.0,404.961328,48.443555,-161.180859,-145.59082,42.077637,53.723145,3.0,379.958203,5.692676,-149.460645,-142.888184,36.716309,-155.148926
1721315237933333333,1.7213152378912028e+18,-1.0,29.91,-1.0,14.28,-1.0,107.47,13.0,0.0,0.0,0.0,0.0,0.0,0.0,0.0,1.7213152379317998e+18,0.0,603.646875,-152.139551,-391.678418,-131.726074,27.268066,147.304688,1.0,667.605762,-149.460645,-381.074414,-121.992188,36.276855,6.855469,2.0,405.296191,49.224902,-161.962207,-145.612793,41.989746,53.723145,3.0,380.293066,6.808887,-150.241992,-142.77832,36.716309,-155.214844
1721315237966666666,1.7213152379447283e+18,-1.0,29.91,-1.0,14.28,-1.0,107.47,14.0,0.0,0.0,0.0,0.0,0.0,0.0,0.0,1.7213152379649e+18,0.0,603.646875,-152.362793,-392.124902,-131.835938,27.290039,147.260742,1.0,667.940625,-149.460645,-381.409277,-122.124023,36.386719,6.723633,2.0,405.18457,49.894629,-164.083008,-145.766602,41.44043,53.613281,3.0,380.293066,7.255371,-152.02793,-142.998047,36.254883,-155.43457
1721315238000000000,1.7213152379940298e+18,-1.0,29.91,-1.0,14.1,-1.0,109.67,14.0,0.0,0.0,0.0,0.0,0.0,0.0,0.0,1.7213152379979e+18,0.0,603.200391,-153.144141,-392.013281,-131.945801,27.158203,147.282715,1.0,667.494141,-150.241992,-381.63252,-122.321777,36.298828,6.657715,2.0,405.18457,50.341113,-166.31543,-145.546875,40.78125,53.898926,3.0,380.404687,7.255371,-153.925488,-142.932129,35.595703,-155.43457
1721315238033333333,1.7213152379940298e+18,-1.0,29.91,-1.0,14.1,-1.0,109.67,14.0,0.0,0.0,0.0,0.0,0.0,0.0,0.0,1.7213152380309998e+18,0.0,603.423633,-152.920898,-391.455176,-131.748047,27.13623,147.436523,1.0,666.712793,-149.683887,-382.74873,-122.036133,36.166992,6.679688,2.0,405.854297,51.568945,-167.32002,-145.129395,40.627441,54.228516,3.0,381.186035,8.036719,-155.15332,-142.44873,35.48584,-155.368652
1721315238066666666,1.721315238043066e+18,-1.0,29.91,-1.0,13.92,-1.0,107.47,14.0,0.0,0.0,0.0,0.0,0.0,0.0,0.0,1.7213152380641e+18,0.0,603.981738,-153.925488,-390.673828,-131.704102,27.246094,147.634277,1.0,666.489551,-149.572266,-382.413867,-121.970215,36.364746,6.679688,2.0,406.077539,50.452734,-168.994336,-145.634766,40.231934,54.052734,3.0,381.520898,7.478613,-157.1625,-142.910156,35.15625,-155.961914
1721315238100000000,1.7213152380920742e+18,-1.0,29.91,-1.0,13.92,-1.0,102.36,14.0,0.0,0.0,0.0,0.0,0.0,0.0,0.0,1.7213152380971e+18,0.0,604.20498,-156.046289,-390.338965,-131.967773,27.224121,147.744141,1.0,666.266309,-150.800098,-382.079004,-122.299805,36.430664,6.547852,2.0,405.631055,49.448145,-172.231348,-146.096191,39.309082,53.657227,3.0,381.409277,5.804297,-159.841406,-143.569336,34.299316,-156.643066
1721315238133333333,1.7213152380920742e+18,-1.0,29.91,-1.0,13.92,-1.0,102.36,14.0,0.0,0.0,0.0,0.0,0.0,0.0,0.0,1.7213152381301998e+18,0.0,603.758496,-156.716016,-390.115723,-131.967773,27.070312,147.875977,1.0,665.819824,-151.916309,-381.520898,-122.409668,36.276855,6.61377,2.0,405.296191,49.113281,-174.352148,-146.140137,38.671875,53.129883,3.0,382.413867,4.799707,-162.073828,-143.723145,33.75,-157.104492
1721315238166666666,1.7213152381415905e+18,-1.0,29.91,-1.0,13.92,-1.0,97.84,13.0,0.0,0.0,0.0,0.0,0.0,0.0,0.0,1.7213152381633e+18,0.0,603.312012,-156.716016,-389.111133,-131.77002,27.114258,148.07373,1.0,665.931445,-150.911719,-381.520898,-122.189941,36.320801,6.635742,2.0,406.18916,48.220312,-176.919434,-146.491699,38.210449,52.185059,3.0,383.75332,3.348633,-164.083008,-144.206543,33.574219,-157.763672
1721315238200000000,1.7213152381905876e+18,-1.0,29.7,-1.0,13.92,-1.0,97.04,14.0,0.0,0.0,0.0,0.0,0.0,0.0,0.0,1.7213152382e+18,0.0,603.535254,-157.274121,-388.329785,-131.967773,27.37793,148.051758,1.0,666.37793,-151.358203,-381.855762,-122.387695,36.5625,6.416016,2.0,406.747266,45.318164,-180.156445,-147.480469,37.419434,51.328125,3.0,383.976562,0.669727,-167.878125,-145.327148,32.980957,-158.840332
1721315238233333333,1.7213152381905876e+18,-1.0,29.7,-1.0,13.92,-1.0,97.04,14.0,0.0,0.0,0.0,0.0,0.0,0.0,0.0,1.7213152382331e+18,0.0,603.423633,-157.608984,-388.329785,-132.077637,27.268066,148.007812,1.0,666.489551,-152.251172,-381.744141,-122.563477,36.474609,6.350098,2.0,406.747266,41.969531,-183.616699,-148.161621,36.650391,51.04248,3.0,384.199805,-1.674316,-170.891895,-145.986328,32.475586,-159.411621
1721315238266666666,1.7213152382391e+18,-1.0,29.91,-1.0,13.74,-1.0,94.26,14.0,0.0,0.0,0.0,0.0,0.0,0.0,0.0,1.7213152382662e+18,0.0,603.312012,-157.608984,-388.553027,-131.989746,27.180176,148.051758,1.0,666.154687,-151.916309,-380.62793,-122.409668,36.408691,6.459961,2.0,407.975098,40.295215,-185.625879,-148.864746,36.804199,50.20752,3.0,385.874121,-4.018359,-172.45459,-146.645508,32.76123,-160.070801
1721315238300000000,1.7213152382881032e+18,-1.0,29.91,-1.0,13.92,-1.0,95.84,14.0,0.0,0.0,0.0,0.0,0.0,0.0,0.0,1.7213152382992998e+18,0.0,603.758496,-156.939258,-388.553027,-131.923828,27.290039,148.007812,1.0,666.043066,-151.693066,-379.400098,-122.34375,36.5625,6.525879,2.0,409.649414,35.272266,-186.74209,-150.996094,37.001953,48.779297,3.0,387.548437,-8.259961,-174.575391,-148.447266,32.783203,-161.235352
1721315238333333333,1.7213152382881032e+18,-1.0,29.91,-1.0,13.92,-1.0,95.84,14.0,0.0,0.0,0.0,0.0,0.0,0.0,0.0,1.7213152383323e+18,0.0,604.428223,-157.050879,-388.106543,-132.055664,27.37793,147.941895,1.0,666.712793,-153.03252,-379.176855,-122.76123,36.804199,6.306152,2.0,409.984277,31.365527,-188.416406,-152.380371,36.716309,47.614746,3.0,387.883301,-12.055078,-177.254297,-150.05127,32.211914,-162.399902
1721315238366666666,1.7213152383376212e+18,-1.0,29.91,-1.0,13.74,-1.0,95.44,14.0,0.0,0.0,0.0,0.0,0.0,0.0,0.0,1.7213152383654e+18,0.0,603.870117,-157.274121,-388.218164,-132.297363,27.180176,147.788086,1.0,666.936035,-154.371973,-377.837402,-123.024902,36.628418,6.328125,2.0,410.654004,27.793652,-189.309375,-153.61084,36.738281,46.428223,3.0,388.553027,-14.622363,-178.705371,-151.083984,32.01416,-163.498535
1721315238400000000,1.7213152383866368e+18,-1.0,29.91,-1.0,13.74,-1.0,97.84,14.0,0.0,0.0,0.0,0.0,0.0,0.0,0.0,1.7213152383984998e+18,0.0,603.535254,-155.934668,-388.77627,-132.077637,27.092285,147.744141,1.0,667.605762,-152.697656,-377.167676,-122.519531,36.518555,6.525879,2.0,412.216699,25.337988,-188.862891,-154.533691,37.067871,45.109863,3.0,390.227344,-17.747754,-178.705371,-152.094727,32.299805,-164.487305
1721315238433333333,1.7213152383866368e+18,-1.0,29.91,-1.0,13.74,-1.0,97.84,14.0,0.0,0.0,0.0,0.0,0.0,0.0,0.0,1.7213152384316e+18,0.0,603.758496,-155.488184,-388.77627,-132.055664,27.158203,147.678223,1.0,668.052246,-152.474414,-377.056055,-122.431641,36.606445,6.525879,2.0,413.33291,20.538281,-188.193164,-156.357422,37.133789,43.879395,3.0,390.785449,-22.547461,-179.151855,-153.962402,32.34375,-165.9375
1721315238466666666,1.7213152384361577e+18,-1.0,29.91,-1.0,13.74,-1.0,96.64,14.0,0.0,0.0,0.0,0.0,0.0,0.0,0.0,1.7213152384646e+18,0.0,603.646875,-156.269531,-389.222754,-132.275391,27.092285,147.546387,1.0,668.833594,-153.367383,-377.837402,-122.695312,36.606445,6.37207,2.0,412.774805,17.412891,-188.528027,-157.258301,36.848145,43.242188,3.0,390.89707,-25.56123,-179.263477,-154.841309,32.211914,-166.662598
1721315238500000000,1.721315238485168e+18,-1.0,29.7,-1.0,13.74,-1.0,95.05,13.0,0.0,0.0,0.0,0.0,0.0,0.0,0.0,1.7213152384977e+18,0.0,602.977148,-156.381152,-390.115723,-132.341309,26.828613,147.480469,1.0,668.833594,-153.367383,-378.060645,-122.651367,36.430664,6.416016,2.0,413.667773,14.957227,-187.188574,-157.609863,37.441406,42.868652,3.0,391.120312,-27.012305,-178.928613,-155.192871,32.475586,-167.189941
1721315238533333333,1.721315238485168e+18,-1.0,29.7,-1.0,13.74,-1.0,95.05,13.0,0.0,0.0,0.0,0.0,0.0,0.0,0.0,1.7213152385308e+18,0.0,602.753906,-155.376562,-390.450586,-132.143555,26.850586,147.480469,1.0,668.610352,-151.469824,-378.172266,-122.321777,36.452637,6.394043,2.0,414.449121,13.841016,-186.183984,-157.741699,37.858887,42.736816,3.0,392.013281,-29.467969,-177.477539,-155.654297,33.178711,-167.651367
1721315238566666666,1.7213152385347123e+18,-1.0,29.91,-1.0,13.74,-1.0,90.4,14.0,0.0,0.0,0.0,0.0,0.0,0.0,0.0,1.7213152385639e+18,0.0,603.200391,-155.264941,-390.115723,-132.209473,27.004395,147.436523,1.0,668.721973,-150.576855,-378.172266,-122.299805,36.628418,6.262207,2.0,415.34209,9.599414,-184.286426,-158.796387,38.430176,42.319336,3.0,392.013281,-32.481738,-176.138086,-156.577148,33.662109,-168.266602
1721315238600000000,1.7213152385837322e+18,-1.0,29.91,-1.0,14.64,-1.0,92.7,14.0,0.0,0.0,0.0,0.0,0.0,0.0,0.0,1.7213152385969e+18,0.0,603.646875,-154.818457,-390.450586,-132.253418,26.960449,147.370605,1.0,668.387109,-150.130371,-379.400098,-122.409668,36.5625,6.086426,2.0,415.565332,6.250781,-182.388867,-159.455566,38.803711,42.1875,3.0,391.455176,-34.490918,-175.133496,-157.08252,33.837891,-168.508301
1721315238633333333,1.7213152386322552e+18,-1.0,29.91,-1.0,14.82,-1.0,95.05,13.0,0.0,0.0,0.0,0.0,0.0,0.0,0.0,1.72131523863e+18,0.0,603.535254,-154.14873,-390.89707,-132.121582,26.872559,147.392578,1.0,667.717383,-149.125781,-380.293066,-122.189941,36.430664,6.064453,2.0,416.235059,4.464844,-179.933203,-159.938965,39.572754,41.44043,3.0,391.678418,-35.495508,-173.682422,-157.346191,34.453125,-168.903809
1721315238666666666,1.7213152386322552e+18,-1.0,29.91,-1.0,14.82,-1.0,95.05,13.0,0.0,0.0,0.0,0.0,0.0,0.0,0.0,1.7213152386631e+18,0.0,603.312012,-153.925488,-391.566797,-132.011719,26.938477,147.414551,1.0,667.159277,-147.228223,-381.186035,-121.838379,36.5625,6.020508,2.0,417.016406,1.339453,-176.472949,-161.520996,40.407715,39.902344,3.0,392.571387,-37.393066,-170.780273,-158.312988,35.266113,-169.541016
1721315238700000000,1.7213152386772562e+18,-1.0,29.7,-1.0,14.82,-1.0,98.25,13.0,0.0,0.0,0.0,0.0,0.0,0.0,0.0,1.7213152386998e+18,0.0,603.870117,-155.15332,-391.678418,-132.1875,27.092285,147.480469,1.0,667.829004,-148.00957,-380.516309,-121.882324,36.650391,6.086426,2.0,416.904785,-0.781348,-173.235937,-162.421875,40.693359,39.265137,3.0,391.90166,-39.067383,-168.324609,-159.279785,35.463867,-170.200195
1721315238733333333,1.72131523873081e+18,-1.0,30.13,-1.0,14.82,-1.0,104.04,14.0,0.0,0.0,0.0,0.0,0.0,0.0,0.0,1.7213152387328998e+18,0.0,604.093359,-155.711426,-391.231934,-132.253418,27.026367,147.590332,1.0,667.494141,-148.121191,-380.851172,-121.970215,36.518555,6.020508,2.0,416.793164,-0.892969,-170.668652,-162.37793,40.847168,39.155273,3.0,391.678418,-39.737109,-166.203809,-159.32373,35.551758,-170.134277
1721315238766666666,1.72131523873081e+18,-1.0,30.13,-1.0,14.82,-1.0,104.04,14.0,0.0,0.0,0.0,0.0,0.0,0.0,0.0,1.721315238766e+18,0.0,603.870117,-155.599805,-389.89248,-132.077637,27.13623,147.854004,1.0,666.712793,-147.451465,-381.520898,-121.750488,36.408691,5.998535,2.0,417.128027,0.223242,-166.985156,-162.092285,41.264648,38.803711,3.0,392.236523,-39.067383,-163.190039,-159.060059,35.969238,-170.266113
1721315238800000000,1.7213152387798067e+18,-1.0,29.91,-1.0,14.82,-1.0,106.61,14.0,0.0,0.0,0.0,0.0,0.0,0.0,0.0,1.721315238799e+18,0.0,603.870117,-157.608984,-387.77168,-132.319336,27.487793,148.051758,1.0,667.159277,-149.125781,-381.409277,-121.816406,36.518555,6.064453,2.0,417.462891,-0.223242,-164.194629,-162.399902,41.484375,38.583984,3.0,392.459766,-38.620898,-160.17627,-159.169922,36.276855,-170.529785
1721315238833333333,1.7213152388293568e+18,-1.0,29.91,-1.0,14.82,-1.0,106.61,14.0,0.0,0.0,0.0,0.0,0.0,0.0,0.0,1.7213152388320998e+18,0.0,603.423633,-158.948437,-387.77168,-132.626953,27.46582,147.919922,1.0,667.717383,-151.804688,-380.516309,-122.058105,36.386719,6.108398,2.0,416.681543,0.111621,-162.966797,-162.158203,41.220703,38.979492,3.0,391.790039,-38.397656,-158.613574,-158.972168,36.101074,-170.310059
1721315238866666666,1.7213152388293568e+18,-1.0,29.91,-1.0,14.82,-1.0,106.61,14.0,0.0,0.0,0.0,0.0,0.0,0.0,0.0,1.7213152388652e+18,0.0,603.312012,-159.506543,-387.548437,-132.60498,27.312012,148.051758,1.0,667.159277,-153.03252,-379.846582,-122.124023,36.14502,6.240234,2.0,416.458301,1.785937,-160.957617,-161.279297,41.330566,39.594727,3.0,391.566797,-37.393066,-156.939258,-158.334961,36.188965,-170.024414
1721315238900000000,1.7213152388783565e+18,-1.0,29.91,-1.0,14.64,-1.0,104.89,14.0,0.0,0.0,0.0,0.0,0.0,0.0,0.0,1.7213152388983e+18,0.0,603.758496,-158.501953,-387.660059,-132.297363,27.290039,148.117676,1.0,667.047656,-152.697656,-379.734961,-121.992188,36.166992,6.28418,2.0,416.458301,4.241602,-159.506543,-160.510254,41.572266,39.836426,3.0,391.455176,-35.941992,-155.041699,-157.851562,36.496582,-169.958496
1721315238933333333,1.721315238927972e+18,-1.0,29.91,-1.0,17.6,-1.0,104.04,13.0,0.0,0.0,0.0,0.0,0.0,0.0,0.0,1.7213152389312998e+18,0.0,604.316602,-158.278711,-387.660059,-132.297363,27.399902,148.095703,1.0,667.605762,-153.479004,-379.176855,-122.124023,36.320801,6.306152,2.0,416.34668,4.688086,-158.055469,-160.620117,41.879883,39.814453,3.0,391.120312,-35.272266,-153.925488,-157.939453,36.694336,-170.090332
1721315238966666666,1.721315238927972e+18,-1.0,29.91,-1.0,17.6,-1.0,104.04,13.0,0.0,0.0,0.0,0.0,0.0,0.0,0.0,1.7213152389644e+18,0.0,604.316602,-158.836816,-387.325195,-132.429199,27.355957,148.095703,1.0,667.940625,-154.595215,-377.61416,-122.34375,36.320801,6.306152,2.0,415.453711,5.692676,-156.269531,-160.3125,42.253418,40.407715,3.0,390.227344,-34.379297,-152.362793,-157.785645,36.782227,-169.73877
1721315239000000000,1.7213152389808927e+18,-1.0,29.91,-1.0,23.65,-1.0,104.04,14.0,0.0,0.0,0.0,0.0,0.0,0.0,0.0,1.7213152389975e+18,0.0,604.093359,-158.501953,-386.655469,-132.341309,27.333984,148.139648,1.0,667.717383,-154.260352,-376.60957,-122.167969,36.254883,6.437988,2.0,415.788574,7.813477,-153.702246,-159.719238,43.352051,40.979004,3.0,390.115723,-31.700391,-149.460645,-157.104492,37.770996,-169.255371
1721315239033333333,1.7213152390304015e+18,-1.0,29.91,-1.0,32.77,-1.0,121.68,14.0,0.0,0.0,0.0,0.0,0.0,0.0,0.0,1.7213152390306002e+18,0.0,603.870117,-157.608984,-386.878711,-132.253418,27.399902,148.07373,1.0,668.275488,-153.702246,-376.60957,-121.948242,36.364746,6.481934,2.0,416.458301,8.706445,-150.800098,-159.89502,44.494629,41.066895,3.0,390.338965,-30.026074,-146.446875,-157.08252,38.95752,-169.189453
1721315239066666666,1.7213152390304015e+18,-1.0,29.91,-1.0,32.77,-1.0,121.68,14.0,0.0,0.0,0.0,0.0,0.0,0.0,0.0,1.7213152390636e+18,0.0,603.981738,-156.827637,-387.548437,-132.275391,27.46582,147.919922,1.0,669.391699,-155.15332,-376.497949,-122.102051,36.408691,6.481934,2.0,416.123437,9.041309,-147.674707,-160.268555,45.219727,41.242676,3.0,388.999512,-29.57959,-143.656348,-157.302246,39.550781,-168.903809
1721315239100000000,1.721315239079407e+18,-1.0,29.91,-1.0,35.71,-1.0,123.14,14.0,0.0,0.0,0.0,0.0,0.0,0.0,0.0,1.7213152390967e+18,0.0,603.535254,-155.823047,-389.222754,-132.253418,27.158203,147.722168,1.0,669.056836,-155.711426,-377.725781,-122.277832,36.123047,6.350098,2.0,416.011816,10.15752,-144.214453,-160.114746,45.944824,41.506348,3.0,388.441406,-28.686621,-140.307715,-156.862793,40.166016,-168.244629
1721315239133333333,1.721315239127931e+18,-1.0,29.7,-1.0,27.99,-1.0,115.08,13.0,0.0,0.0,0.0,0.0,0.0,0.0,0.0,1.7213152391298002e+18,0.0,602.865527,-155.934668,-389.89248,-131.967773,27.004395,147.854004,1.0,668.275488,-155.599805,-378.172266,-121.992188,35.947266,6.459961,2.0,416.458301,11.943457,-140.642578,-159.719238,46.889648,41.572266,3.0,388.77627,-26.677441,-136.512598,-156.225586,41.176758,-167.937012
1721315239166666666,1.721315239127931e+18,-1.0,29.7,-1.0,27.99,-1.0,115.08,13.0,0.0,0.0,0.0,0.0,0.0,0.0,0.0,1.7213152391665e+18,0.0,602.753906,-156.15791,-390.785449,-131.923828,27.13623,147.810059,1.0,668.945215,-155.599805,-378.730371,-121.904297,36.079102,6.481934,2.0,416.34668,12.613184,-136.959082,-160.048828,47.614746,41.396484,3.0,387.994922,-25.56123,-133.610449,-156.401367,41.85791,-168.156738
1721315239200000000,1.7213152391769324e+18,-1.0,29.91,-1.0,13.38,-1.0,114.62,13.0,0.0,0.0,0.0,0.0,0.0,0.0,0.0,1.7213152391996e+18,0.0,602.08418,-155.711426,-391.678418,-132.055664,27.070312,147.590332,1.0,669.614941,-155.488184,-379.176855,-121.92627,36.101074,6.437988,2.0,414.783984,13.28291,-134.72666,-159.98291,47.834473,41.572266,3.0,386.320605,-25.003125,-132.270996,-156.335449,41.791992,-167.67334
1721315239233333333,1.7213152392300362e+18,-1.0,29.91,-1.0,13.74,-1.0,111.0,14.0,0.0,0.0,0.0,0.0,0.0,0.0,0.0,1.7213152392327002e+18,0.0,602.307422,-155.264941,-392.124902,-131.945801,26.916504,147.678223,1.0,669.280078,-154.706836,-380.293066,-121.838379,35.947266,6.416016,2.0,414.560742,14.733984,-132.382617,-159.213867,48.647461,42.253418,3.0,386.097363,-22.993945,-129.815332,-155.368652,42.583008,-166.552734
1721315239266666666,1.7213152392300362e+18,-1.0,29.91,-1.0,13.74,-1.0,111.0,14.0,0.0,0.0,0.0,0.0,0.0,0.0,0.0,1.7213152392658e+18,0.0,603.423633,-154.595215,-391.343555,-131.660156,27.070312,148.007812,1.0,668.610352,-152.697656,-381.297656,-121.508789,36.013184,6.394043,2.0,414.672363,16.185059,-130.819922,-158.730469,49.460449,42.758789,3.0,385.539258,-21.654492,-127.806152,-154.841309,43.308105,-165.651855
1721315239300000000,1.721315239280028e+18,-1.0,29.91,-1.0,13.74,-1.0,109.23,14.0,0.0,0.0,0.0,0.0,0.0,0.0,0.0,1.7213152392988e+18,0.0,603.758496,-155.15332,-391.120312,-131.726074,27.180176,148.07373,1.0,668.833594,-152.251172,-381.520898,-121.618652,36.210938,6.28418,2.0,414.225879,17.30127,-131.154785,-158.642578,49.680176,43.044434,3.0,384.423047,-20.538281,-128.029395,-154.621582,43.395996,-164.816895
1721315239333333333,1.721315239328555e+18,-1.0,29.91,-1.0,12.48,-1.0,107.04,13.0,0.0,0.0,0.0,0.0,0.0,0.0,0.0,1.7213152393319e+18,0.0,603.535254,-154.930078,-391.790039,-131.748047,26.960449,148.029785,1.0,668.49873,-153.03252,-381.63252,-121.838379,36.14502,6.240234,2.0,412.998047,18.975586,-132.047754,-157.5,49.438477,44.516602,3.0,383.195215,-18.863965,-127.917773,-153.544922,43.242188,-163.300781
1721315239366666666,1.721315239328555e+18,-1.0,29.91,-1.0,12.48,-1.0,107.04,13.0,0.0,0.0,0.0,0.0,0.0,0.0,0.0,1.721315239365e+18,0.0,603.312012,-152.251172,-393.241113,-131.220703,26.674805,148.07373,1.0,668.275488,-153.03252,-381.63252,-121.706543,36.035156,6.350098,2.0,412.998047,22.770703,-132.047754,-155.720215,49.746094,45.944824,3.0,383.418457,-15.626953,-127.471289,-151.875,43.637695,-162.04834
1721315239400000000,1.721315239377551e+18,-1.0,29.91,-1.0,11.25,-1.0,107.47,13.0,0.0,0.0,0.0,0.0,0.0,0.0,0.0,1.7213152393981e+18,0.0,603.08877,-151.02334,-393.91084,-131.088867,26.806641,147.98584,1.0,668.387109,-152.139551,-381.409277,-121.508789,36.123047,6.394043,2.0,412.774805,24.556641,-132.829102,-155.34668,49.702148,46.494141,3.0,382.971973,-13.729395,-128.364258,-151.413574,43.615723,-161.608887
1721315239433333333,1.7213152394276567e+18,-1.0,29.91,-1.0,12.84,-1.0,95.05,13.0,0.0,0.0,0.0,0.0,0.0,0.0,0.0,1.7213152394311e+18,0.0,603.08877,-152.697656,-393.687598,-131.330566,26.828613,148.029785,1.0,668.721973,-153.479004,-381.074414,-121.662598,36.166992,6.437988,2.0,411.770215,26.454199,-134.391797,-154.841309,49.262695,47.15332,3.0,382.190625,-12.27832,-129.59209,-151.018066,43.220215,-161.147461
1721315239466666666,1.7213152394276567e+18,-1.0,29.91,-1.0,12.84,-1.0,95.05,13.0,0.0,0.0,0.0,0.0,0.0,0.0,0.0,1.7213152394642e+18,0.0,602.865527,-153.479004,-393.464355,-131.462402,26.71875,148.051758,1.0,667.940625,-155.041699,-381.186035,-121.882324,35.969238,6.416016,2.0,411.32373,28.463379,-135.842871,-153.720703,48.911133,48.22998,3.0,381.744141,-10.604004,-130.708301,-150.13916,42.780762,-160.246582
1721315239500000000,1.721315239476646e+18,-1.0,29.7,-1.0,12.48,-1.0,93.87,13.0,0.0,0.0,0.0,0.0,0.0,0.0,0.0,1.7213152394973e+18,0.0,602.753906,-153.702246,-393.017871,-131.374512,26.674805,148.183594,1.0,667.047656,-154.706836,-381.186035,-121.772461,35.947266,6.416016,2.0,411.993457,30.695801,-136.512598,-152.731934,49.064941,48.88916,3.0,382.302246,-7.925098,-131.489648,-149.106445,42.868652,-159.609375
1721315239533333333,1.7213152395251855e+18,-1.0,29.7,-1.0,12.48,-1.0,97.44,14.0,0.0,0.0,0.0,0.0,0.0,0.0,0.0,1.7213152395304e+18,0.0,603.08877,-155.488184,-391.566797,-131.572266,26.894531,148.381348,1.0,666.936035,-153.367383,-381.744141,-121.68457,36.188965,6.262207,2.0,412.105078,32.146875,-137.963672,-152.512207,48.933105,49.064941,3.0,382.190625,-6.362402,-132.159375,-148.886719,42.802734,-159.389648
1721315239566666666,1.7213152395251855e+18,-1.0,29.7,-1.0,12.48,-1.0,97.44,14.0,0.0,0.0,0.0,0.0,0.0,0.0,0.0,1.7213152395634e+18,0.0,603.535254,-158.16709,-390.338965,-132.033691,26.982422,148.513184,1.0,666.712793,-154.483594,-381.744141,-121.92627,36.210938,6.174316,2.0,410.988867,33.821191,-139.749609,-152.006836,48.361816,49.570312,3.0,381.297656,-5.581055,-133.163965,-148.557129,42.1875,-158.686523
1721315239600000000,1.721315239574192e+18,-1.0,29.91,-1.0,12.84,-1.0,100.7,13.0,0.0,0.0,0.0,0.0,0.0,0.0,0.0,1.7213152395965e+18,0.0,603.200391,-158.836816,-390.227344,-132.077637,26.828613,148.557129,1.0,666.489551,-154.706836,-381.63252,-122.036133,36.14502,6.130371,2.0,411.100488,35.941992,-141.200684,-150.908203,48.164062,50.493164,3.0,381.520898,-3.237012,-133.72207,-147.480469,42.055664,-157.851562
1721315239633333333,1.7213152396237376e+18,-1.0,29.7,-1.0,12.84,-1.0,101.94,14.0,0.0,0.0,0.0,0.0,0.0,0.0,0.0,1.7213152396332e+18,0.0,603.200391,-158.278711,-389.557617,-131.879883,26.872559,148.666992,1.0,666.712793,-154.483594,-380.739551,-121.772461,36.166992,6.306152,2.0,411.32373,37.504687,-141.535547,-150.46875,48.22998,50.778809,3.0,381.63252,-1.562695,-134.168555,-147.019043,42.121582,-157.565918
1721315239666666666,1.7213152396237376e+18,-1.0,29.7,-1.0,12.84,-1.0,101.94,14.0,0.0,0.0,0.0,0.0,0.0,0.0,0.0,1.7213152396663002e+18,0.0,603.758496,-158.390332,-388.999512,-131.923828,27.026367,148.666992,1.0,667.270898,-154.595215,-380.516309,-121.816406,36.342773,6.28418,2.0,410.877246,38.286035,-142.205273,-150.556641,48.054199,50.668945,3.0,381.297656,-0.892969,-135.173145,-147.150879,41.879883,-157.631836
1721315239700000000,1.7213152396767442e+18,-1.0,29.7,-1.0,13.2,-1.0,103.62,13.0,0.0,0.0,0.0,0.0,0.0,0.0,0.0,1.7213152396994e+18,0.0,603.535254,-159.394922,-388.664648,-132.055664,26.894531,148.710938,1.0,667.159277,-154.706836,-380.181445,-121.92627,36.320801,6.196289,2.0,410.095898,39.179004,-143.656348,-150.249023,47.570801,50.932617,3.0,380.516309,-0.446484,-136.847461,-147.106934,41.154785,-157.346191
1721315239733333333,1.7213152397262636e+18,-1.0,29.7,-1.0,13.38,-1.0,104.89,13.0,0.0,0.0,0.0,0.0,0.0,0.0,0.0,1.7213152397325e+18,0.0,603.646875,-158.613574,-388.887891,-131.85791,26.828613,148.688965,1.0,667.047656,-154.706836,-379.62334,-121.816406,36.276855,6.28418,2.0,410.095898,40.964941,-144.437695,-149.633789,47.526855,51.130371,3.0,381.186035,1.451074,-136.624219,-146.293945,41.308594,-156.906738
1721315239766666666,1.7213152397262636e+18,-1.0,29.7,-1.0,13.38,-1.0,104.89,13.0,0.0,0.0,0.0,0.0,0.0,0.0,0.0,1.7213152397655002e+18,0.0,603.758496,-158.055469,-388.664648,-131.77002,26.982422,148.623047,1.0,667.270898,-153.590625,-379.400098,-121.662598,36.474609,6.218262,2.0,410.20752,41.969531,-145.442285,-149.611816,47.460938,50.976562,3.0,381.520898,2.232422,-137.182324,-146.206055,41.330566,-156.906738
1721315239800000000,1.7213152397752666e+18,-1.0,29.7,-1.0,13.92,-1.0,106.18,13.0,0.0,0.0,0.0,0.0,0.0,0.0,0.0,1.7213152397986e+18,0.0,603.981738,-159.060059,-388.664648,-132.033691,27.026367,148.513184,1.0,668.052246,-154.037109,-379.288477,-121.794434,36.5625,6.174316,2.0,409.872656,42.639258,-146.781738,-149.611816,47.197266,51.020508,3.0,381.186035,2.455664,-138.856641,-146.337891,40.935059,-156.84082
1721315239833333333,1.7213152398248292e+18,-1.0,29.91,-1.0,13.92,-1.0,104.04,13.0,0.0,0.0,0.0,0.0,0.0,0.0,0.0,1.7213152398317e+18,0.0,603.870117,-158.16709,-389.222754,-132.055664,26.916504,148.359375,1.0,668.163867,-154.483594,-379.288477,-121.838379,36.364746,6.174316,2.0,409.426172,43.755469,-148.232812,-149.0625,46.955566,51.547852,3.0,381.074414,3.125391,-139.972852,-145.898438,40.671387,-156.291504
1721315239866666666,1.7213152398248292e+18,-1.0,29.91,-1.0,13.92,-1.0,104.04,13.0,0.0,0.0,0.0,0.0,0.0,0.0,0.0,1.7213152398648e+18,0.0,603.981738,-156.716016,-390.004102,-131.813965,26.960449,148.31543,1.0,668.052246,-153.813867,-379.511719,-121.640625,36.276855,6.196289,2.0,409.872656,45.541406,-149.349023,-148.425293,47.087402,51.899414,3.0,381.63252,4.799707,-140.530957,-145.239258,40.913086,-155.830078
1721315239900000000,1.7213152398738117e+18,-1.0,29.91,-1.0,13.74,-1.0,103.2,14.0,0.0,0.0,0.0,0.0,0.0,0.0,0.0,1.7213152398978e+18,0.0,604.316602,-156.604395,-390.227344,-131.813965,27.070312,148.293457,1.0,668.610352,-153.367383,-380.181445,-121.618652,36.364746,6.130371,2.0,409.761035,46.880859,-150.911719,-148.31543,46.955566,51.855469,3.0,381.297656,6.13916,-142.093652,-145.283203,40.78125,-155.917969
1721315239933333333,1.7213152399223588e+18,-1.0,29.91,-1.0,13.56,-1.0,90.02,14.0,0.0,0.0,0.0,0.0,0.0,0.0,0.0,1.7213152399309002e+18,0.0,604.428223,-156.492773,-390.89707,-131.901855,27.026367,148.161621,1.0,668.721973,-154.483594,-381.297656,-121.904297,36.254883,5.932617,2.0,408.644824,47.773828,-152.920898,-148.029785,46.538086,52.207031,3.0,380.404687,7.032129,-143.87959,-145.085449,40.275879,-155.610352
1721315239966666666,1.7213152399223588e+18,-1.0,29.91,-1.0,13.56,-1.0,90.02,14.0,0.0,0.0,0.0,0.0,0.0,0.0,0.0,1.721315239964e+18,0.0,603.981738,-155.15332,-391.90166,-131.77002,26.872559,148.007812,1.0,668.275488,-154.260352,-381.409277,-121.816406,36.013184,5.932617,2.0,408.644824,49.224902,-154.930078,-147.392578,46.340332,52.734375,3.0,380.62793,8.483203,-145.330664,-144.360352,40.12207,-155.039062
1721315240000000000,1.72131523997201e+18,-1.0,29.91,-1.0,13.02,-1.0,70.81,14.0,0.0,0.0,0.0,0.0,0.0,0.0,0.0,1.7213152399971e+18,0.0,603.981738,-153.367383,-392.459766,-131.44043,26.894531,147.98584,1.0,668.163867,-152.474414,-381.967383,-121.398926,35.947266,5.976562,2.0,408.979687,50.341113,-156.269531,-147.260742,46.384277,52.800293,3.0,380.851172,9.934277,-146.893359,-144.140625,40.12207,-154.995117
1721315240033333333,1.721315240021565e+18,-1.0,29.91,-1.0,13.56,-1.0,47.94,14.0,0.0,0.0,0.0,0.0,0.0,0.0,0.0,1.7213152400301002e+18,0.0,604.20498,-153.925488,-392.236523,-131.550293,26.982422,148.007812,1.0,668.49873,-152.139551,-381.967383,-121.420898,36.123047,5.95459,2.0,408.644824,50.899219,-158.613574,-147.458496,46.054688,52.77832,3.0,380.404687,10.827246,-148.679297,-144.294434,39.836426,-155.083008
1721315240066666666,1.721315240021565e+18,-1.0,29.91,-1.0,13.56,-1.0,47.94,14.0,0.0,0.0,0.0,0.0,0.0,0.0,0.0,1.7213152400632e+18,0.0,604.20498,-154.930078,-391.90166,-131.726074,26.894531,148.051758,1.0,668.49873,-152.586035,-381.297656,-121.552734,36.123047,5.95459,2.0,407.528613,52.127051,-161.29248,-147.106934,45.439453,53.195801,3.0,379.511719,11.608594,-150.800098,-144.074707,39.287109,-154.819336
1721315240100000000,1.7213152400705713e+18,-1.0,29.7,-1.0,13.38,-1.0,31.44,13.0,0.0,0.0,0.0,0.0,0.0,0.0,0.0,1.7213152401e+18,0.0,604.316602,-153.813867,-392.013281,-131.484375,26.806641,148.117676,1.0,667.940625,-152.362793,-381.074414,-121.442871,36.035156,6.020508,2.0,408.086719,54.13623,-162.520312,-146.381836,45.615234,53.679199,3.0,380.293066,13.28291,-151.693066,-143.283691,39.506836,-154.204102
1721315240133333333,1.7213152401190938e+18,-1.0,29.7,-1.0,13.38,-1.0,32.55,13.0,0.0,0.0,0.0,0.0,0.0,0.0,0.0,1.721315240133e+18,0.0,604.539844,-152.586035,-392.013281,-131.308594,26.916504,148.07373,1.0,667.717383,-151.804688,-380.962793,-121.35498,36.123047,5.998535,2.0,408.086719,54.694336,-163.971387,-146.623535,45.505371,53.613281,3.0,380.181445,14.2875,-152.920898,-143.371582,39.484863,-154.401855
1721315240166666666,1.7213152401190938e+18,-1.0,29.7,-1.0,13.38,-1.0,32.55,13.0,0.0,0.0,0.0,0.0,0.0,0.0,0.0,1.7213152401661e+18,0.0,604.428223,-152.809277,-392.013281,-131.506348,26.982422,148.007812,1.0,667.940625,-152.251172,-380.851172,-121.530762,36.254883,5.932617,2.0,407.751855,54.694336,-165.868945,-146.711426,45.021973,53.76709,3.0,379.734961,14.064258,-155.041699,-143.525391,39.001465,-154.445801
1721315240200000000,1.7213152401680927e+18,-1.0,29.7,-1.0,12.48,-1.0,22.05,13.0,0.0,0.0,0.0,0.0,0.0,0.0,0.0,1.7213152401992e+18,0.0,603.646875,-153.03252,-392.348145,-131.616211,26.806641,147.941895,1.0,667.494141,-152.809277,-380.962793,-121.662598,36.123047,5.910645,2.0,407.416992,55.14082,-167.654883,-146.359863,44.516602,54.206543,3.0,379.62334,13.952637,-156.716016,-143.305664,38.518066,-154.27002
1721315240233333333,1.7213152402172262e+18,-1.0,29.7,-1.0,12.48,-1.0,17.04,13.0,0.0,0.0,0.0,0.0,0.0,0.0,0.0,1.7213152402323e+18,0.0,603.200391,-152.139551,-392.683008,-131.396484,26.696777,147.98584,1.0,667.159277,-152.362793,-381.074414,-121.59668,36.166992,5.910645,2.0,407.863477,55.810547,-169.105957,-146.096191,44.296875,54.470215,3.0,380.181445,14.957227,-157.943848,-142.844238,38.518066,-154.27002
1721315240266666666,1.7213152402172262e+18,-1.0,29.7,-1.0,12.48,-1.0,17.04,13.0,0.0,0.0,0.0,0.0,0.0,0.0,0.0,1.7213152402653e+18,0.0,603.423633,-153.255762,-391.90166,-131.506348,26.784668,148.07373,1.0,667.605762,-152.920898,-379.846582,-121.59668,36.364746,6.020508,2.0,407.640234,55.475684,-172.45459,-146.623535,43.395996,54.228516,3.0,380.181445,14.510742,-160.064648,-143.173828,38.166504,-154.709473
1721315240300000000,1.721315240267221e+18,-1.0,29.91,-1.0,12.84,-1.0,15.37,14.0,0.0,0.0,0.0,0.0,0.0,0.0,0.0,1.7213152402984e+18,0.0,603.758496,-154.818457,-390.785449,-131.704102,26.71875,148.139648,1.0,668.275488,-153.702246,-379.400098,-121.750488,36.254883,5.998535,2.0,406.524023,54.805957,-174.687012,-146.645508,42.583008,54.250488,3.0,379.958203,12.613184,-162.966797,-143.547363,37.30957,-154.907227
1721315240333333333,1.7213152403157622e+18,-1.0,29.91,-1.0,12.84,-1.0,15.56,14.0,0.0,0.0,0.0,0.0,0.0,0.0,0.0,1.7213152403315e+18,0.0,604.093359,-154.706836,-389.669238,-131.638184,26.674805,148.205566,1.0,668.275488,-153.255762,-379.176855,-121.618652,36.14502,6.020508,2.0,407.082129,55.029199,-177.254297,-146.425781,42.319336,54.052734,3.0,380.962793,12.389941,-165.199219,-143.349609,37.045898,-155.10498
1721315240366666666,1.7213152403647688e+18,-1.0,29.7,-1.0,12.66,-1.0,19.89,14.0,0.0,0.0,0.0,0.0,0.0,0.0,0.0,1.7213152403646e+18,0.0,604.428223,-154.371973,-389.334375,-131.506348,26.740723,148.249512,1.0,668.387109,-152.697656,-378.953613,-121.398926,36.166992,6.108398,2.0,408.421582,52.685156,-179.486719,-147.32666,42.231445,53.547363,3.0,382.190625,11.162109,-167.989746,-143.964844,36.958008,-155.830078
1721315240400000000,1.7213152403647688e+18,-1.0,29.7,-1.0,12.66,-1.0,19.89,14.0,0.0,0.0,0.0,0.0,0.0,0.0,0.0,1.7213152403976e+18,0.0,605.097949,-155.041699,-388.553027,-131.638184,26.850586,148.205566,1.0,668.833594,-152.920898,-378.61875,-121.442871,36.276855,6.086426,2.0,408.756445,49.559766,-184.174805,-148.227539,41.484375,53.129883,3.0,382.413867,8.818066,-171.673242,-144.777832,36.320801,-156.489258
1721315240433333333,1.7213152404142853e+18,-1.0,29.7,-1.0,12.66,-1.0,20.28,14.0,0.0,0.0,0.0,0.0,0.0,0.0,0.0,1.7213152404307e+18,0.0,604.428223,-156.939258,-387.994922,-132.011719,26.608887,148.117676,1.0,668.610352,-154.260352,-378.172266,-121.706543,36.166992,6.020508,2.0,408.868066,47.215723,-188.081543,-148.535156,40.78125,52.910156,3.0,382.860352,6.13916,-175.468359,-145.283203,35.617676,-156.75293
1721315240466666666,1.7213152404592968e+18,-1.0,29.7,-1.0,12.48,-1.0,21.26,13.0,0.0,0.0,0.0,0.0,0.0,0.0,0.0,1.7213152404638e+18,0.0,604.20498,-156.269531,-388.664648,-131.879883,26.542969,148.07373,1.0,668.833594,-154.818457,-377.725781,-121.618652,36.079102,6.152344,2.0,410.319141,46.434375,-191.87666,-148.557129,40.737305,52.382812,3.0,384.981152,4.576465,-177.924023,-145.26123,35.639648,-156.928711
1721315240500000000,1.7213152404592968e+18,-1.0,29.7,-1.0,12.48,-1.0,21.26,13.0,0.0,0.0,0.0,0.0,0.0,0.0,0.0,1.7213152404968e+18,0.0,604.428223,-156.269531,-388.664648,-131.791992,26.608887,148.139648,1.0,669.391699,-154.930078,-377.279297,-121.486816,36.123047,6.262207,2.0,411.32373,42.750879,-194.89043,-150.073242,40.473633,51.37207,3.0,385.7625,1.674316,-181.719141,-146.447754,35.244141,-157.851562
1721315240533333333,1.7213152405088333e+18,-1.0,29.7,-1.0,12.48,-1.0,27.78,13.0,0.0,0.0,0.0,0.0,0.0,0.0,0.0,1.7213152405299e+18,0.0,605.20957,-157.385742,-388.553027,-132.011719,26.71875,148.161621,1.0,670.061426,-156.716016,-376.944434,-121.772461,36.188965,6.196289,2.0,411.100488,38.73252,-198.573926,-151.237793,39.638672,50.844727,3.0,385.985742,-2.232422,-185.7375,-147.678223,34.453125,-158.664551
1721315240566666666,1.721315240557835e+18,-1.0,29.91,-1.0,12.66,-1.0,24.66,14.0,0.0,0.0,0.0,0.0,0.0,0.0,0.0,1.721315240563e+18,0.0,605.432812,-158.055469,-388.887891,-132.055664,26.564941,148.183594,1.0,670.061426,-157.832227,-377.502539,-121.970215,35.991211,6.130371,2.0,411.546973,35.495508,-200.917969,-151.831055,39.177246,50.163574,3.0,386.655469,-5.581055,-188.416406,-148.666992,34.013672,-159.543457
1721315240600000000,1.721315240557835e+18,-1.0,29.91,-1.0,12.66,-1.0,24.66,14.0,0.0,0.0,0.0,0.0,0.0,0.0,0.0,1.7213152405997e+18,0.0,605.544434,-156.604395,-389.669238,-131.748047,26.564941,148.183594,1.0,669.949805,-155.488184,-378.507129,-121.706543,36.057129,5.998535,2.0,412.551562,31.58877,-202.257422,-153.061523,39.089355,48.581543,3.0,387.883301,-8.594824,-190.983691,-149.743652,33.991699,-160.883789
1721315240633333333,1.721315240606457e+18,-1.0,29.7,-1.0,12.48,-1.0,26.94,13.0,0.0,0.0,0.0,0.0,0.0,0.0,0.0,1.7213152406328e+18,0.0,605.656055,-155.711426,-390.227344,-131.748047,26.71875,148.051758,1.0,670.173047,-154.706836,-378.841992,-121.728516,36.210938,5.888672,2.0,413.109668,26.342578,-203.485254,-154.841309,38.71582,47.351074,3.0,387.77168,-14.064258,-192.992871,-151.677246,33.75,-162.158203
1721315240666666666,1.7213152406564462e+18,-1.0,29.7,-1.0,12.31,-1.0,25.48,13.0,0.0,0.0,0.0,0.0,0.0,0.0,0.0,1.7213152406659e+18,0.0,605.544434,-154.930078,-390.673828,-131.813965,26.696777,147.875977,1.0,670.619531,-154.14873,-379.958203,-121.794434,36.123047,5.756836,2.0,412.551562,22.100977,-203.820117,-155.67627,38.540039,46.82373,3.0,387.660059,-18.41748,-193.327734,-152.666016,33.640137,-162.443848
1721315240700000000,1.7213152406564462e+18,-1.0,29.7,-1.0,12.31,-1.0,25.48,13.0,0.0,0.0,0.0,0.0,0.0,0.0,0.0,1.7213152406989998e+18,0.0,605.432812,-154.595215,-390.89707,-131.77002,26.608887,147.897949,1.0,670.061426,-152.697656,-381.409277,-121.618652,35.947266,5.625,2.0,412.998047,19.198828,-203.931738,-155.961914,38.781738,46.40625,3.0,388.218164,-21.208008,-192.658008,-152.995605,34.07959,-162.685547
1721315240733333333,1.721315240705574e+18,-1.0,29.91,-1.0,12.48,-1.0,29.91,13.0,0.0,0.0,0.0,0.0,0.0,0.0,0.0,1.721315240732e+18,0.0,605.321191,-154.037109,-391.008691,-131.682129,26.696777,147.897949,1.0,668.945215,-151.581445,-382.525488,-121.508789,36.013184,5.493164,2.0,413.779395,14.175879,-202.480664,-157.126465,39.111328,45.922852,3.0,388.77627,-24.891504,-191.541797,-153.852539,34.650879,-163.300781
1721315240766666666,1.7213152407545738e+18,-1.0,29.91,-1.0,12.84,-1.0,32.55,13.0,0.0,0.0,0.0,0.0,0.0,0.0,0.0,1.7213152407651e+18,0.0,605.321191,-153.702246,-391.120312,-131.77002,26.872559,147.810059,1.0,669.391699,-151.916309,-382.413867,-121.59668,36.14502,5.471191,2.0,413.33291,10.380762,-202.257422,-157.631836,38.847656,45.593262,3.0,387.883301,-28.128516,-190.87207,-154.445801,34.716797,-163.586426
1721315240800000000,1.7213152407545738e+18,-1.0,29.91,-1.0,12.84,-1.0,32.55,13.0,0.0,0.0,0.0,0.0,0.0,0.0,0.0,1.7213152407981998e+18,0.0,604.651465,-153.367383,-391.790039,-131.879883,26.784668,147.700195,1.0,669.50332,-151.804688,-382.079004,-121.662598,36.123047,5.471191,2.0,411.212109,6.920508,-201.364453,-157.565918,38.430176,45.593262,3.0,385.7625,-31.923633,-189.532617,-154.533691,34.672852,-163.388672
1721315240833333333,1.721315240803153e+18,-1.0,29.7,-1.0,12.66,-1.0,32.99,13.0,0.0,0.0,0.0,0.0,0.0,0.0,0.0,1.7213152408313e+18,0.0,603.981738,-153.144141,-392.013281,-131.726074,26.696777,147.810059,1.0,668.833594,-150.911719,-382.079004,-121.486816,36.101074,5.427246,2.0,409.984277,6.585645,-199.913379,-156.928711,38.474121,45.395508,3.0,385.539258,-33.374707,-187.300195,-154.116211,35.354004,-163.520508
1721315240866666666,1.72131524085209e+18,-1.0,29.7,-1.0,12.48,-1.0,31.44,14.0,0.0,0.0,0.0,0.0,0.0,0.0,0.0,1.7213152408643e+18,0.0,604.316602,-154.483594,-392.124902,-131.704102,26.784668,148.051758,1.0,668.833594,-150.688477,-381.297656,-121.333008,36.276855,5.449219,2.0,409.761035,3.795117,-198.797168,-157.192383,38.540039,45.505371,3.0,384.75791,-35.049023,-185.960742,-154.423828,35.57373,-164.047852
1721315240900000000,1.72131524085209e+18,-1.0,29.7,-1.0,12.48,-1.0,31.44,14.0,0.0,0.0,0.0,0.0,0.0,0.0,0.0,1.7213152408973998e+18,0.0,604.539844,-156.269531,-392.013281,-131.923828,26.784668,148.095703,1.0,669.50332,-151.358203,-381.074414,-121.530762,36.474609,5.273438,2.0,409.314551,2.455664,-198.573926,-157.08252,38.408203,45.900879,3.0,383.306836,-36.611719,-185.960742,-154.182129,35.244141,-163.78418
1721315240933333333,1.7213152409016356e+18,-1.0,29.7,-1.0,12.48,-1.0,32.99,13.0,0.0,0.0,0.0,0.0,0.0,0.0,0.0,1.7213152409305e+18,0.0,604.20498,-155.823047,-392.013281,-131.923828,26.674805,148.051758,1.0,668.721973,-152.474414,-381.186035,-121.662598,36.276855,5.273438,2.0,408.533203,1.116211,-197.904199,-155.830078,38.078613,47.592773,3.0,382.74873,-39.513867,-184.398047,-153.127441,35.463867,-161.784668
1721315240966666666,1.721315240950635e+18,-1.0,29.91,-1.0,12.31,-1.0,33.89,13.0,0.0,0.0,0.0,0.0,0.0,0.0,0.0,1.7213152409636e+18,0.0,604.093359,-154.595215,-391.790039,-131.704102,26.71875,148.051758,1.0,667.494141,-152.251172,-380.962793,-121.398926,36.188965,5.405273,2.0,407.082129,-1.00459,-198.908789,-153.303223,36.5625,51.152344,3.0,380.516309,-40.295215,-181.942383,-150.754395,35.991211,-158.269043
1721315241000000000,1.721315240950635e+18,-1.0,29.91,-1.0,12.31,-1.0,33.89,13.0,0.0,0.0,0.0,0.0,0.0,0.0,0.0,1.7213152409965998e+18,0.0,604.093359,-155.041699,-391.008691,-131.726074,26.828613,148.07373,1.0,667.38252,-152.586035,-380.293066,-121.486816,36.518555,5.361328,2.0,408.644824,-4.018359,-201.02959,-152.29248,34.958496,53.76709,3.0,380.181445,-40.518457,-181.719141,-149.194336,35.683594,-156.225586
1721315241033333333,1.721315241000155e+18,-1.0,29.91,-1.0,12.31,-1.0,32.99,13.0,0.0,0.0,0.0,0.0,0.0,0.0,0.0,1.7213152410297e+18,0.0,604.093359,-155.599805,-390.227344,-131.835938,26.806641,148.051758,1.0,667.605762,-152.809277,-380.293066,-121.618652,36.540527,5.20752,2.0,408.868066,-3.795117,-202.927148,-150.227051,32.937012,56.140137,3.0,381.074414,-41.746289,-179.821582,-147.65625,35.222168,-154.291992
1721315241066666666,1.7213152410491566e+18,-1.0,29.91,-1.0,12.13,-1.0,35.94,14.0,0.0,0.0,0.0,0.0,0.0,0.0,0.0,1.7213152410664998e+18,0.0,603.870117,-155.376562,-390.004102,-131.748047,26.740723,148.117676,1.0,667.270898,-153.03252,-379.846582,-121.508789,36.408691,5.317383,2.0,408.421582,-2.232422,-204.378223,-148.205566,30.080566,56.381836,3.0,381.297656,-43.86709,-178.59375,-145.656738,34.914551,-152.731934
1721315241100000000,1.7213152410986903e+18,-1.0,29.91,-1.0,12.31,-1.0,33.44,13.0,0.0,0.0,0.0,0.0,0.0,0.0,0.0,1.7213152410995e+18,0.0,603.870117,-155.041699,-390.004102,-131.616211,26.828613,148.183594,1.0,666.936035,-152.920898,-379.288477,-121.311035,36.408691,5.427246,2.0,407.640234,-2.344043,-206.387402,-147.282715,25.993652,55.217285,3.0,382.190625,-45.541406,-178.59375,-144.470215,35.002441,-151.787109
1721315241133333333,1.7213152410986903e+18,-1.0,29.91,-1.0,12.31,-1.0,33.44,13.0,0.0,0.0,0.0,0.0,0.0,0.0,0.0,1.7213152411326e+18,0.0,604.316602,-155.376562,-390.115723,-131.726074,26.960449,148.161621,1.0,667.38252,-154.706836,-378.61875,-121.486816,36.496582,5.515137,2.0,403.956738,0.0,-212.30332,-145.415039,20.170898,53.613281,3.0,382.860352,-46.545996,-177.700781,-143.657227,35.310059,-151.787109
1721315241166666666,1.7213152411476992e+18,-1.0,29.91,-1.0,12.66,-1.0,35.25,14.0,0.0,0.0,0.0,0.0,0.0,0.0,0.0,1.7213152411656998e+18,0.0,604.316602,-155.599805,-390.004102,-131.813965,26.938477,148.139648,1.0,667.717383,-156.046289,-378.507129,-121.662598,36.320801,5.515137,2.0,400.384863,3.01377,-218.219238,-142.712402,14.875488,52.097168,3.0,380.739551,-49.113281,-176.919434,-141.965332,34.672852,-152.885742
1721315241200000000,1.7213152411967204e+18,-1.0,29.7,-1.0,11.95,-1.0,36.63,13.0,0.0,0.0,0.0,0.0,0.0,0.0,0.0,1.7213152411988e+18,0.0,604.093359,-155.488184,-389.780859,-131.704102,26.982422,148.205566,1.0,667.38252,-155.823047,-378.61875,-121.552734,36.276855,5.515137,2.0,397.705957,4.911328,-220.116797,-140.339355,11.865234,50.690918,3.0,385.204395,-49.224902,-176.919434,-140.668945,34.321289,-155.258789
1721315241233333333,1.7213152411967204e+18,-1.0,29.7,-1.0,11.95,-1.0,36.63,13.0,0.0,0.0,0.0,0.0,0.0,0.0,0.0,1.7213152412318e+18,0.0,604.428223,-155.711426,-389.669238,-131.682129,27.114258,148.227539,1.0,667.494141,-155.599805,-378.395508,-121.442871,36.386719,5.603027,2.0,395.92002,3.683496,-221.233008,-139.790039,10.17334,49.21875,3.0,385.985742,-52.461914,-178.928613,-141.459961,33.75,-157.895508
1721315241266666666,1.7213152412418222e+18,-1.0,29.7,-1.0,12.13,-1.0,36.4,14.0,0.0,0.0,0.0,0.0,0.0,0.0,0.0,1.7213152412649e+18,0.0,605.097949,-156.716016,-390.004102,-131.813965,27.180176,148.183594,1.0,668.721973,-155.376562,-377.390918,-121.398926,36.540527,5.603027,2.0,394.580566,2.790527,-222.684082,-139.724121,9.689941,48.625488,3.0,385.874121,-54.694336,-179.151855,-141.899414,33.574219,-158.071289
1721315241300000000,1.721315241290826e+18,-1.0,29.91,-1.0,12.31,-1.0,34.11,14.0,0.0,0.0,0.0,0.0,0.0,0.0,0.0,1.721315241298e+18,0.0,604.428223,-158.055469,-390.227344,-131.923828,27.004395,148.249512,1.0,668.610352,-155.488184,-376.832812,-121.464844,36.474609,5.625,2.0,395.585156,1.227832,-221.791113,-140.053711,10.656738,49.020996,3.0,385.874121,-55.252441,-179.486719,-142.075195,33.662109,-157.807617
1721315241333333333,1.721315241290826e+18,-1.0,29.91,-1.0,12.31,-1.0,34.11,14.0,0.0,0.0,0.0,0.0,0.0,0.0,0.0,1.721315241331e+18,0.0,604.316602,-157.608984,-390.450586,-131.704102,27.04834,148.359375,1.0,668.052246,-154.371973,-377.279297,-121.289062,36.474609,5.581055,2.0,398.487305,-1.00459,-220.005176,-141.04248,13.40332,49.614258,3.0,385.539258,-56.480273,-180.268066,-142.756348,34.519043,-156.972656
1721315241366666666,1.7213152413403612e+18,-1.0,29.7,-1.0,11.95,-1.0,34.34,13.0,0.0,0.0,0.0,0.0,0.0,0.0,0.0,1.7213152413641e+18,0.0,604.539844,-157.720605,-390.562207,-131.835938,27.268066,148.31543,1.0,668.275488,-153.925488,-377.502539,-121.26709,36.606445,5.537109,2.0,400.496484,-4.576465,-217.995996,-142.514648,15.666504,50.273438,3.0,385.7625,-57.038379,-180.156445,-143.371582,35.375977,-156.027832
1721315241400000000,1.7213152413893583e+18,-1.0,29.7,-1.0,11.78,-1.0,53.28,13.0,0.0,0.0,0.0,0.0,0.0,0.0,0.0,1.7213152413972e+18,0.0,604.316602,-158.055469,-390.89707,-132.033691,27.290039,148.161621,1.0,668.49873,-153.479004,-378.060645,-121.311035,36.628418,5.405273,2.0,400.831348,-6.027539,-216.879785,-143.02002,17.248535,51.635742,3.0,384.869531,-57.484863,-180.044824,-142.976074,34.914551,-154.204102
1721315241433333333,1.7213152413893583e+18,-1.0,29.7,-1.0,11.78,-1.0,53.28,13.0,0.0,0.0,0.0,0.0,0.0,0.0,0.0,1.7213152414303e+18,0.0,604.093359,-157.497363,-390.89707,-131.945801,27.246094,148.139648,1.0,668.387109,-153.702246,-378.507129,-121.289062,36.496582,5.405273,2.0,401.835938,-4.688086,-216.32168,-142.514648,18.676758,52.800293,3.0,384.311426,-55.475684,-179.486719,-141.899414,34.936523,-152.819824
1721315241466666666,1.7213152414378936e+18,-1.0,29.91,-1.0,12.13,-1.0,53.28,14.0,0.0,0.0,0.0,0.0,0.0,0.0,0.0,1.7213152414633e+18,0.0,603.870117,-156.269531,-391.120312,-131.704102,27.290039,148.095703,1.0,668.163867,-153.03252,-378.841992,-121.091309,36.540527,5.449219,2.0,402.505664,-4.911328,-215.875195,-142.580566,19.182129,53.503418,3.0,383.75332,-54.582715,-178.035645,-141.547852,35.354004,-152.314453
1721315241500000000,1.721315241487908e+18,-1.0,29.7,-1.0,12.48,-1.0,58.91,13.0,0.0,0.0,0.0,0.0,0.0,0.0,0.0,1.7213152414964e+18,0.0,603.870117,-156.716016,-391.566797,-131.791992,27.399902,148.007812,1.0,668.275488,-154.260352,-379.065234,-121.245117,36.782227,5.427246,2.0,402.505664,-4.688086,-214.758984,-142.514648,19.138184,54.008789,3.0,383.083594,-54.024609,-177.254297,-141.525879,35.48584,-152.248535
1721315241533333333,1.721315241487908e+18,-1.0,29.7,-1.0,12.48,-1.0,58.91,13.0,0.0,0.0,0.0,0.0,0.0,0.0,0.0,1.7213152415332e+18,0.0,603.646875,-157.050879,-391.566797,-131.85791,27.268066,148.029785,1.0,668.163867,-155.041699,-379.288477,-121.311035,36.584473,5.405273,2.0,402.282422,-2.678906,-213.30791,-141.877441,19.160156,55.063477,3.0,382.971973,-52.573535,-175.356738,-140.712891,35.48584,-151.259766
1721315241566666666,1.7213152415364406e+18,-1.0,29.91,-1.0,13.02,-1.0,56.62,14.0,0.0,0.0,0.0,0.0,0.0,0.0,0.0,1.7213152415662e+18,0.0,603.200391,-156.492773,-391.455176,-131.594238,27.202148,148.139648,1.0,667.940625,-154.260352,-378.841992,-120.783691,36.342773,5.625,2.0,403.287012,-1.227832,-211.521973,-141.174316,19.665527,56.271973,3.0,382.971973,-50.229492,-172.901074,-139.284668,36.23291,-149.655762
1721315241600000000,1.721315241585449e+18,-1.0,29.7,-1.0,14.28,-1.0,59.2,14.0,0.0,0.0,0.0,0.0,0.0,0.0,0.0,1.7213152415992998e+18,0.0,603.312012,-156.046289,-391.120312,-131.506348,27.37793,148.205566,1.0,667.829004,-153.925488,-378.283887,-120.476074,36.452637,5.822754,2.0,404.403223,-1.339453,-208.619824,-141.328125,20.34668,57.480469,3.0,382.860352,-49.113281,-170.557031,-138.757324,36.97998,-148.579102
1721315241633333333,1.721315241585449e+18,-1.0,29.7,-1.0,14.28,-1.0,59.2,14.0,0.0,0.0,0.0,0.0,0.0,0.0,0.0,1.7213152416324e+18,0.0,603.535254,-156.939258,-390.785449,-131.594238,27.421875,148.271484,1.0,667.829004,-154.14873,-378.395508,-120.585938,36.518555,5.756836,2.0,404.17998,0.111621,-206.722266,-141.020508,20.588379,58.40332,3.0,381.744141,-47.885449,-168.882715,-138.054199,37.067871,-147.348633
1721315241666666666,1.7213152416349606e+18,-1.0,29.7,-1.0,14.46,-1.0,75.41,14.0,0.0,0.0,0.0,0.0,0.0,0.0,0.0,1.7213152416655e+18,0.0,603.312012,-157.050879,-390.673828,-131.550293,27.333984,148.337402,1.0,667.605762,-154.371973,-378.730371,-120.60791,36.474609,5.800781,2.0,404.626465,0.781348,-204.824707,-140.537109,21.269531,59.567871,3.0,381.520898,-45.653027,-166.650293,-136.625977,37.595215,-145.634766
1721315241700000000,1.7213152416839583e+18,-1.0,29.91,-1.0,14.46,-1.0,73.74,13.0,0.0,0.0,0.0,0.0,0.0,0.0,0.0,1.7213152416984998e+18,0.0,603.423633,-156.15791,-389.89248,-131.220703,27.443848,148.513184,1.0,666.936035,-152.809277,-378.730371,-120.146484,36.628418,5.95459,2.0,405.631055,1.785937,-202.815527,-139.987793,22.104492,60.776367,3.0,381.409277,-44.425195,-164.417871,-135.483398,38.276367,-144.250488
1721315241733333333,1.7213152416839583e+18,-1.0,29.91,-1.0,14.46,-1.0,73.74,13.0,0.0,0.0,0.0,0.0,0.0,0.0,0.0,1.7213152417316e+18,0.0,604.093359,-158.725195,-387.325195,-131.374512,27.817383,148.864746,1.0,666.712793,-152.920898,-378.953613,-120.168457,37.001953,5.932617,2.0,406.524023,0.892969,-200.248242,-140.097656,22.895508,61.940918,3.0,380.069824,-43.197363,-162.855176,-134.890137,38.759766,-143.173828
1721315241766666666,1.7213152417334925e+18,-1.0,29.7,-1.0,14.1,-1.0,66.7,13.0,0.0,0.0,0.0,0.0,0.0,0.0,0.0,1.7213152417647e+18,0.0,603.981738,-160.845996,-386.208984,-131.616211,27.773438,148.974609,1.0,666.266309,-154.14873,-378.953613,-120.388184,36.936035,5.888672,2.0,405.854297,2.232422,-199.466895,-139.504395,23.444824,63.391113,3.0,378.283887,-41.969531,-161.515723,-133.791504,38.71582,-141.28418
1721315241800000000,1.7213152417824773e+18,-1.0,29.7,-1.0,14.28,-1.0,56.34,13.0,0.0,0.0,0.0,0.0,0.0,0.0,0.0,1.7213152417978002e+18,0.0,603.758496,-161.180859,-385.874121,-131.52832,27.685547,149.128418,1.0,665.708203,-154.14873,-379.065234,-120.300293,36.804199,5.888672,2.0,407.305371,3.683496,-197.792578,-138.383789,24.741211,65.544434,3.0,378.507129,-39.402246,-159.729785,-131.616211,39.221191,-138.493652
1721315241833333333,1.7213152418315658e+18,-1.0,29.91,-1.0,14.64,-1.0,34.8,13.0,0.0,0.0,0.0,0.0,0.0,0.0,0.0,1.7213152418308e+18,0.0,603.870117,-159.841406,-385.204395,-131.19873,27.839355,149.238281,1.0,665.819824,-152.809277,-379.065234,-119.992676,36.848145,5.910645,2.0,408.533203,2.344043,-196.564746,-138.251953,25.817871,67.412109,3.0,377.167676,-38.620898,-158.948437,-130.319824,39.748535,-136.428223
1721315241866666666,1.7213152418315658e+18,-1.0,29.91,-1.0,14.64,-1.0,34.8,13.0,0.0,0.0,0.0,0.0,0.0,0.0,0.0,1.7213152418639e+18,0.0,603.646875,-159.283301,-385.650879,-131.264648,28.037109,149.106445,1.0,666.601172,-152.809277,-378.841992,-120.058594,37.045898,5.888672,2.0,408.644824,2.455664,-196.564746,-137.680664,26.499023,69.191895,3.0,375.828223,-37.951172,-158.948437,-128.95752,39.902344,-133.945312
1721315241900000000,1.7213152418805627e+18,-1.0,29.91,-1.0,14.82,-1.0,34.57,13.0,0.0,0.0,0.0,0.0,0.0,0.0,0.0,1.7213152418970002e+18,0.0,603.08877,-159.729785,-385.650879,-131.396484,27.971191,149.0625,1.0,667.047656,-154.260352,-378.172266,-120.256348,36.914062,5.910645,2.0,409.426172,3.01377,-196.564746,-136.516113,27.399902,71.850586,3.0,374.935254,-36.946582,-159.17168,-126.804199,39.682617,-130.693359
1721315241933333333,1.7213152419301668e+18,-1.0,29.7,-1.0,14.1,-1.0,34.57,13.0,0.0,0.0,0.0,0.0,0.0,0.0,0.0,1.7213152419301e+18,0.0,602.865527,-159.953027,-385.316016,-131.330566,27.927246,149.172363,1.0,667.047656,-154.930078,-377.390918,-120.102539,36.804199,6.130371,2.0,411.100488,3.683496,-195.225293,-135.571289,28.520508,73.981934,3.0,374.042285,-34.379297,-158.613574,-124.782715,39.858398,-128.056641
1721315241966666666,1.7213152419301668e+18,-1.0,29.7,-1.0,14.1,-1.0,34.57,13.0,0.0,0.0,0.0,0.0,0.0,0.0,0.0,1.7213152419631e+18,0.0,602.642285,-159.17168,-385.7625,-131.264648,28.015137,149.106445,1.0,667.047656,-155.264941,-377.167676,-120.102539,36.958008,6.174316,2.0,412.216699,2.902148,-195.336914,-135.791016,28.87207,74.729004,3.0,373.930664,-33.039844,-158.278711,-124.145508,40.056152,-126.694336
1721315242000000000,1.721315241979087e+18,-1.0,29.7,-1.0,14.46,-1.0,35.48,13.0,0.0,0.0,0.0,0.0,0.0,0.0,0.0,1.7213152419999002e+18,0.0,602.865527,-159.506543,-386.320605,-131.418457,28.037109,148.996582,1.0,667.047656,-157.050879,-376.944434,-120.454102,37.023926,6.086426,2.0,411.32373,3.906738,-196.118262,-135.834961,28.059082,74.53125,3.0,373.707422,-32.481738,-158.501953,-124.365234,39.814453,-126.936035
1721315242033333333,1.721315242023718e+18,-1.0,29.7,-1.0,14.28,-1.0,33.44,13.0,0.0,0.0,0.0,0.0,0.0,0.0,0.0,1.7213152420329e+18,0.0,602.530664,-159.506543,-387.660059,-131.462402,27.839355,148.864746,1.0,666.936035,-157.050879,-377.502539,-120.476074,36.848145,6.020508,2.0,410.877246,6.697266,-196.229883,-135.439453,27.158203,73.586426,3.0,374.265527,-32.146875,-158.16709,-124.606934,39.726562,-127.858887
1721315242066666666,1.721315242023718e+18,-1.0,29.7,-1.0,14.28,-1.0,33.44,13.0,0.0,0.0,0.0,0.0,0.0,0.0,0.0,1.721315242066e+18,0.0,602.195801,-156.604395,-389.445996,-131.044922,27.839355,148.666992,1.0,666.936035,-156.046289,-377.390918,-120.212402,36.848145,6.086426,2.0,410.430762,7.590234,-196.787988,-135.527344,26.147461,72.268066,3.0,375.939844,-30.919043,-158.278711,-125.244141,39.594727,-130.957031
1721315242100000000,1.7213152420727178e+18,-1.0,29.7,-1.0,14.82,-1.0,37.8,13.0,0.0,0.0,0.0,0.0,0.0,0.0,0.0,1.7213152420991002e+18,0.0,602.530664,-154.930078,-390.562207,-131.044922,28.059082,148.425293,1.0,667.38252,-155.488184,-377.949023,-120.19043,37.001953,5.998535,2.0,410.542383,7.366992,-197.346094,-136.032715,25.708008,71.586914,3.0,376.163086,-32.481738,-158.055469,-126.408691,39.353027,-132.363281
1721315242133333333,1.7213152421222538e+18,-1.0,29.91,-1.0,14.64,-1.0,52.46,14.0,0.0,0.0,0.0,0.0,0.0,0.0,0.0,1.7213152421322e+18,0.0,602.419043,-155.15332,-391.008691,-131.19873,27.993164,148.31543,1.0,667.494141,-154.930078,-378.507129,-120.256348,37.001953,5.866699,2.0,409.872656,8.14834,-197.346094,-135.98877,25.532227,71.477051,3.0,376.386328,-32.593359,-158.055469,-126.782227,38.847656,-132.824707
1721315242166666666,1.7213152421222538e+18,-1.0,29.91,-1.0,14.64,-1.0,52.46,14.0,0.0,0.0,0.0,0.0,0.0,0.0,0.0,1.7213152421652e+18,0.0,602.307422,-154.930078,-391.90166,-131.11084,27.839355,148.293457,1.0,666.936035,-154.260352,-378.841992,-120.168457,36.89209,5.844727,2.0,410.542383,8.259961,-196.787988,-135.856934,25.883789,71.762695,3.0,377.390918,-31.812012,-157.943848,-126.430664,38.869629,-132.539062
1721315242200000000,1.721315242171256e+18,-1.0,29.91,-1.0,14.64,-1.0,54.94,14.0,0.0,0.0,0.0,0.0,0.0,0.0,0.0,1.7213152421983e+18,0.0,602.642285,-152.697656,-393.017871,-130.693359,27.905273,148.271484,1.0,666.489551,-152.474414,-380.293066,-119.926758,36.848145,5.690918,2.0,414.3375,6.13916,-194.667187,-136.054688,27.619629,73.256836,3.0,378.060645,-32.035254,-157.943848,-126.364746,39.001465,-132.165527
1721315242233333333,1.721315242220794e+18,-1.0,29.7,-1.0,14.1,-1.0,58.05,14.0,0.0,0.0,0.0,0.0,0.0,0.0,0.0,1.7213152422314e+18,0.0,602.977148,-152.02793,-393.017871,-130.737305,28.015137,148.161621,1.0,666.824414,-151.134961,-381.520898,-120.058594,37.067871,5.383301,2.0,415.230469,4.464844,-193.662598,-136.472168,28.168945,73.674316,3.0,378.730371,-33.151465,-157.497363,-126.628418,39.484863,-131.484375
1721315242266666666,1.721315242220794e+18,-1.0,29.7,-1.0,14.1,-1.0,58.05,14.0,0.0,0.0,0.0,0.0,0.0,0.0,0.0,1.7213152422645e+18,0.0,602.419043,-152.362793,-393.017871,-130.847168,27.905273,148.139648,1.0,666.37793,-150.800098,-381.855762,-120.168457,37.023926,5.251465,2.0,415.565332,4.353223,-193.439355,-136.40625,28.322754,73.78418,3.0,379.065234,-33.821191,-156.939258,-126.694336,39.748535,-131.11084
1721315242300000000,1.721315242269793e+18,-1.0,29.91,-1.0,13.74,-1.0,60.95,14.0,0.0,0.0,0.0,0.0,0.0,0.0,0.0,1.7213152422975e+18,0.0,602.08418,-152.697656,-392.571387,-130.759277,27.883301,148.293457,1.0,665.819824,-150.130371,-381.744141,-119.926758,36.936035,5.339355,2.0,416.793164,4.464844,-191.988281,-136.120605,28.894043,74.069824,3.0,379.846582,-33.70957,-155.711426,-126.298828,40.297852,-130.649414
1721315242333333333,1.7213152423193418e+18,-1.0,29.91,-1.0,14.46,-1.0,60.36,13.0,0.0,0.0,0.0,0.0,0.0,0.0,0.0,1.7213152423306e+18,0.0,602.08418,-153.813867,-392.236523,-130.78125,28.015137,148.447266,1.0,665.931445,-151.358203,-381.297656,-119.86084,37.067871,5.515137,2.0,418.020996,3.01377,-190.313965,-136.560059,29.421387,74.20166,3.0,380.739551,-34.044434,-154.14873,-126.298828,41.044922,-130.297852
1721315242366666666,1.7213152423193418e+18,-1.0,29.91,-1.0,14.46,-1.0,60.36,13.0,0.0,0.0,0.0,0.0,0.0,0.0,0.0,1.7213152423637e+18,0.0,601.749316,-155.15332,-392.683008,-130.913086,27.993164,148.491211,1.0,666.266309,-153.479004,-380.62793,-120.036621,37.111816,5.690918,2.0,419.025586,1.674316,-188.193164,-136.977539,29.750977,74.509277,3.0,380.962793,-34.937402,-153.144141,-126.584473,41.242676,-130.03418
1721315242400000000,1.721315242368347e+18,-1.0,29.7,-1.0,13.92,-1.0,60.66,13.0,0.0,0.0,0.0,0.0,0.0,0.0,0.0,1.7213152423968e+18,0.0,601.637695,-155.376562,-392.459766,-130.825195,27.861328,148.623047,1.0,666.043066,-154.818457,-380.293066,-120.036621,36.914062,5.844727,2.0,420.365039,1.785937,-186.183984,-136.889648,30.168457,74.904785,3.0,381.63252,-35.495508,-151.581445,-126.606445,41.308594,-129.440918
1721315242433333333,1.7213152424168952e+18,-1.0,29.7,-1.0,14.1,-1.0,61.25,14.0,0.0,0.0,0.0,0.0,0.0,0.0,0.0,1.7213152424298e+18,0.0,601.637695,-155.934668,-390.673828,-130.429688,27.905273,149.0625,1.0,665.596582,-154.930078,-379.846582,-119.575195,36.826172,6.196289,2.0,422.709082,1.227832,-182.835352,-137.175293,30.893555,74.86084,3.0,383.306836,-36.053613,-149.460645,-126.804199,41.572266,-128.825684
1721315242466666666,1.7213152424659643e+18,-1.0,29.91,-1.0,13.92,-1.0,54.38,13.0,0.0,0.0,0.0,0.0,0.0,0.0,0.0,1.7213152424666e+18,0.0,602.419043,-158.055469,-388.887891,-130.517578,28.081055,149.348145,1.0,665.708203,-155.488184,-379.846582,-119.685059,37.133789,6.130371,2.0,424.49502,0.446484,-180.379687,-138.14209,30.871582,74.179688,3.0,384.534668,-36.388477,-147.786328,-127.705078,41.462402,-129.111328
1721315242500000000,1.7213152424659643e+18,-1.0,29.91,-1.0,13.92,-1.0,54.38,13.0,0.0,0.0,0.0,0.0,0.0,0.0,0.0,1.7213152424997e+18,0.0,602.195801,-159.17168,-388.77627,-130.649414,27.927246,149.370117,1.0,665.038477,-157.608984,-379.734961,-119.926758,36.936035,6.130371,2.0,423.936914,0.892969,-180.714551,-138.317871,29.882812,73.894043,3.0,385.092773,-36.834961,-147.339844,-128.276367,40.561523,-129.418945
1721315242533333333,1.7213152425154414e+18,-1.0,29.7,-1.0,14.28,-1.0,54.38,14.0,0.0,0.0,0.0,0.0,0.0,0.0,0.0,1.7213152425327002e+18,0.0,602.195801,-159.394922,-388.329785,-130.561523,27.861328,149.545898,1.0,664.591992,-158.055469,-379.511719,-119.838867,36.782227,6.240234,2.0,425.387988,2.567285,-180.937793,-137.922363,29.311523,73.45459,3.0,387.325195,-36.165234,-146.112012,-128.012695,40.231934,-129.638672
1721315242566666666,1.7213152425644493e+18,-1.0,29.7,-1.0,14.1,-1.0,38.27,14.0,0.0,0.0,0.0,0.0,0.0,0.0,0.0,1.7213152425658e+18,0.0,602.865527,-159.283301,-386.320605,-130.341797,28.081055,149.853516,1.0,664.703613,-157.385742,-378.953613,-119.641113,36.914062,6.350098,2.0,426.169336,2.00918,-180.714551,-138.537598,28.630371,72.202148,3.0,388.664648,-36.388477,-145.665527,-128.693848,39.70459,-130.78125
1721315242600000000,1.7213152425644493e+18,-1.0,29.7,-1.0,14.1,-1.0,38.27,14.0,0.0,0.0,0.0,0.0,0.0,0.0,0.0,1.7213152425989e+18,0.0,603.423633,-160.511133,-385.316016,-130.561523,28.212891,149.963379,1.0,665.261719,-157.720605,-378.507129,-119.729004,37.001953,6.350098,2.0,425.387988,2.00918,-181.830762,-138.845215,27.817383,71.586914,3.0,388.999512,-36.72334,-146.670117,-129.353027,38.825684,-131.506348
1721315242633333333,1.721315242613972e+18,-1.0,29.7,-1.0,14.28,-1.0,35.25,14.0,0.0,0.0,0.0,0.0,0.0,0.0,0.0,1.721315242632e+18,0.0,602.865527,-161.515723,-385.204395,-130.825195,28.037109,149.919434,1.0,665.150098,-158.836816,-378.060645,-119.904785,36.848145,6.262207,2.0,424.718262,3.125391,-183.281836,-138.537598,27.13623,71.608887,3.0,389.334375,-36.834961,-147.451465,-129.353027,37.705078,-131.484375
1721315242666666666,1.7213152426629596e+18,-1.0,29.91,-1.0,14.1,-1.0,35.94,14.0,0.0,0.0,0.0,0.0,0.0,0.0,0.0,1.721315242665e+18,0.0,602.642285,-159.060059,-385.7625,-130.539551,28.059082,149.80957,1.0,665.150098,-159.394922,-377.837402,-119.750977,36.716309,6.394043,2.0,425.387988,4.911328,-184.063184,-137.900391,26.894531,71.740723,3.0,390.338965,-35.272266,-147.451465,-128.847656,37.265625,-131.396484
1721315242700000000,1.7213152426629596e+18,-1.0,29.91,-1.0,14.1,-1.0,35.94,14.0,0.0,0.0,0.0,0.0,0.0,0.0,0.0,1.7213152426981e+18,0.0,602.753906,-158.055469,-386.097363,-130.495605,28.146973,149.699707,1.0,666.37793,-159.283301,-377.167676,-119.597168,36.914062,6.525879,2.0,425.164746,4.799707,-185.067773,-137.900391,26.103516,71.520996,3.0,390.450586,-34.71416,-148.121191,-129.067383,36.606445,-131.835938
1721315242733333333,1.7213152427124872e+18,-1.0,29.91,-1.0,14.28,-1.0,36.87,13.0,0.0,0.0,0.0,0.0,0.0,0.0,0.0,1.7213152427312e+18,0.0,602.753906,-158.725195,-386.76709,-130.693359,28.125,149.567871,1.0,667.270898,-159.618164,-376.274707,-119.794922,37.067871,6.525879,2.0,423.49043,5.13457,-186.853711,-137.8125,24.56543,71.257324,3.0,390.338965,-34.937402,-149.01416,-129.396973,35.134277,-132.209473
1721315242766666666,1.7213152427574948e+18,-1.0,29.7,-1.0,14.1,-1.0,35.94,13.0,0.0,0.0,0.0,0.0,0.0,0.0,0.0,1.7213152427643e+18,0.0,602.530664,-158.613574,-387.883301,-130.715332,27.883301,149.436035,1.0,667.047656,-158.725195,-376.274707,-119.772949,36.89209,6.416016,2.0,422.48584,7.255371,-188.528027,-137.06543,23.15918,70.510254,3.0,391.343555,-33.932812,-149.237402,-129.309082,34.057617,-133.000488
1721315242800000000,1.7213152427574948e+18,-1.0,29.7,-1.0,14.1,-1.0,35.94,13.0,0.0,0.0,0.0,0.0,0.0,0.0,0.0,1.7213152427973002e+18,0.0,602.642285,-157.720605,-388.106543,-130.517578,27.883301,149.458008,1.0,666.936035,-157.1625,-376.721191,-119.487305,36.848145,6.416016,2.0,421.927734,9.041309,-188.974512,-136.801758,22.08252,69.038086,3.0,392.348145,-33.151465,-148.232812,-129.462891,33.464355,-134.604492
1721315242833333333,1.7213152428062438e+18,-1.0,29.7,-1.0,14.28,-1.0,35.71,13.0,0.0,0.0,0.0,0.0,0.0,0.0,0.0,1.7213152428304e+18,0.0,602.977148,-157.720605,-388.329785,-130.539551,27.971191,149.414062,1.0,667.270898,-156.381152,-376.944434,-119.443359,36.97998,6.350098,2.0,420.253418,9.487793,-189.755859,-137.197266,20.67627,67.5,3.0,392.90625,-33.821191,-147.897949,-130.45166,32.629395,-136.691895
1721315242866666666,1.7213152428555963e+18,-1.0,29.91,-1.0,13.56,-1.0,34.8,13.0,0.0,0.0,0.0,0.0,0.0,0.0,0.0,1.7213152428635e+18,0.0,602.865527,-157.832227,-388.999512,-130.715332,27.905273,149.260254,1.0,667.159277,-155.488184,-377.502539,-119.465332,36.958008,6.196289,2.0,417.797754,10.938867,-190.983691,-137.307129,19.094238,65.808105,3.0,392.794629,-34.71416,-148.456055,-131.704102,31.530762,-138.955078
1721315242900000000,1.7213152428555963e+18,-1.0,29.91,-1.0,13.56,-1.0,34.8,13.0,0.0,0.0,0.0,0.0,0.0,0.0,0.0,1.7213152428965002e+18,0.0,602.08418,-156.492773,-390.004102,-130.627441,27.773438,149.0625,1.0,666.712793,-152.362793,-379.400098,-119.223633,36.89209,5.95459,2.0,417.686133,12.948047,-191.095312,-137.175293,18.391113,64.248047,3.0,394.91543,-33.70957,-148.121191,-132.319336,31.069336,-140.998535
1721315242933333333,1.7213152429051423e+18,-1.0,29.7,-1.0,14.82,-1.0,33.66,14.0,0.0,0.0,0.0,0.0,0.0,0.0,0.0,1.7213152429333e+18,0.0,601.749316,-155.934668,-390.227344,-130.495605,27.79541,149.0625,1.0,666.37793,-151.916309,-379.62334,-118.937988,36.89209,6.04248,2.0,416.569922,12.27832,-190.87207,-138.273926,17.62207,62.468262,3.0,396.143262,-35.272266,-149.01416,-134.362793,30.234375,-143.679199
1721315242966666666,1.7213152429541435e+18,-1.0,29.91,-1.0,15.56,-1.0,27.36,13.0,0.0,0.0,0.0,0.0,0.0,0.0,0.0,1.7213152429664e+18,0.0,601.860937,-155.934668,-390.562207,-130.583496,27.839355,148.996582,1.0,667.38252,-153.590625,-378.953613,-119.091797,36.936035,6.152344,2.0,415.453711,11.943457,-191.988281,-138.757324,16.831055,61.347656,3.0,396.701367,-37.058203,-150.241992,-135.681152,29.069824,-145.371094
1721315243000000000,1.7213152429541435e+18,-1.0,29.91,-1.0,15.56,-1.0,27.36,13.0,0.0,0.0,0.0,0.0,0.0,0.0,0.0,1.7213152429994e+18,0.0,601.972559,-155.823047,-390.89707,-130.561523,27.729492,148.996582,1.0,666.824414,-154.037109,-378.953613,-119.267578,36.870117,6.108398,2.0,414.895605,12.166699,-193.439355,-138.911133,16.303711,60.600586,3.0,397.594336,-37.058203,-151.246582,-136.252441,27.971191,-146.535645
1721315243033333333,1.721315243002691e+18,-1.0,29.91,-1.0,15.56,-1.0,26.73,13.0,0.0,0.0,0.0,0.0,0.0,0.0,0.0,1.7213152430325e+18,0.0,602.753906,-154.818457,-390.785449,-130.166016,27.751465,149.216309,1.0,666.154687,-152.809277,-379.400098,-119.091797,36.870117,6.064453,2.0,415.565332,13.171289,-193.104492,-138.933105,16.501465,60.13916,3.0,398.822168,-36.72334,-151.804688,-136.911621,27.246094,-147.480469
1721315243066666666,1.7213152430516882e+18,-1.0,29.7,-1.0,15.37,-1.0,23.25,13.0,0.0,0.0,0.0,0.0,0.0,0.0,0.0,1.7213152430656e+18,0.0,602.865527,-155.264941,-389.557617,-130.12207,27.971191,149.414062,1.0,666.266309,-152.697656,-379.176855,-119.003906,37.023926,6.086426,2.0,414.3375,11.943457,-194.220703,-140.097656,15.820312,58.469238,3.0,398.822168,-37.839551,-153.479004,-138.80127,26.257324,-149.282227
1721315243100000000,1.7213152430516882e+18,-1.0,29.7,-1.0,15.37,-1.0,23.25,13.0,0.0,0.0,0.0,0.0,0.0,0.0,0.0,1.7213152430987e+18,0.0,602.753906,-155.264941,-389.445996,-130.231934,28.037109,149.282227,1.0,666.824414,-154.260352,-379.065234,-119.223633,37.045898,6.064453,2.0,412.663184,11.27373,-194.778809,-140.646973,14.348145,57.260742,3.0,399.04541,-38.509277,-155.041699,-140.053711,24.587402,-150.424805
1721315243133333333,1.7213152431009093e+18,-1.0,29.7,-1.0,15.37,-1.0,25.07,14.0,0.0,0.0,0.0,0.0,0.0,0.0,0.0,1.7213152431317e+18,0.0,602.419043,-155.15332,-389.445996,-130.231934,27.949219,149.216309,1.0,666.601172,-155.15332,-378.61875,-119.267578,36.89209,6.152344,2.0,412.439941,13.28291,-195.560156,-140.119629,12.941895,56.184082,3.0,401.166211,-38.620898,-154.037109,-140.097656,23.686523,-150.600586
1721315243166666666,1.7213152431498998e+18,-1.0,29.91,-1.0,15.19,-1.0,26.52,14.0,0.0,0.0,0.0,0.0,0.0,0.0,0.0,1.7213152431648e+18,0.0,601.637695,-155.599805,-389.222754,-130.078125,27.949219,149.348145,1.0,666.043066,-154.706836,-378.507129,-119.091797,36.914062,6.152344,2.0,411.993457,13.617773,-197.122852,-139.899902,11.184082,55.107422,3.0,402.170801,-39.513867,-153.255762,-140.185547,23.554688,-151.018066
1721315243200000000,1.7213152431999112e+18,-1.0,29.7,-1.0,14.82,-1.0,35.48,13.0,0.0,0.0,0.0,0.0,0.0,0.0,0.0,1.7213152431979e+18,0.0,601.972559,-157.832227,-387.436816,-130.341797,28.212891,149.47998,1.0,665.931445,-155.488184,-379.511719,-119.377441,37.199707,5.756836,2.0,410.319141,13.617773,-199.02041,-139.372559,9.250488,54.645996,3.0,401.166211,-38.73252,-153.925488,-139.833984,22.939453,-151.501465
1721315243233333333,1.7213152431999112e+18,-1.0,29.7,-1.0,14.82,-1.0,35.48,13.0,0.0,0.0,0.0,0.0,0.0,0.0,0.0,1.721315243231e+18,0.0,602.307422,-158.725195,-387.213574,-130.539551,28.146973,149.436035,1.0,666.266309,-156.716016,-378.841992,-119.685059,37.067871,5.603027,2.0,408.868066,14.957227,-199.913379,-138.55957,8.305664,55.041504,3.0,400.496484,-38.73252,-153.813867,-139.064941,22.060547,-151.018066
1721315243266666666,1.721315243249016e+18,-1.0,29.7,-1.0,15.19,-1.0,40.18,14.0,0.0,0.0,0.0,0.0,0.0,0.0,0.0,1.721315243264e+18,0.0,601.972559,-158.055469,-387.213574,-130.473633,28.125,149.39209,1.0,666.043066,-156.492773,-377.949023,-119.53125,37.001953,5.756836,2.0,409.314551,15.961816,-200.136621,-137.834473,8.569336,55.59082,3.0,400.942969,-37.616309,-153.813867,-138.186035,22.060547,-150.380859
1721315243300000000,1.721315243298029e+18,-1.0,29.91,-1.0,13.56,-1.0,41.39,14.0,0.0,0.0,0.0,0.0,0.0,0.0,0.0,1.7213152432971e+18,0.0,602.08418,-157.720605,-386.990332,-130.341797,28.212891,149.436035,1.0,666.043066,-156.492773,-377.390918,-119.399414,37.045898,5.910645,2.0,410.319141,15.29209,-199.355273,-137.680664,9.536133,56.337891,3.0,401.05459,-37.058203,-153.255762,-137.658691,22.521973,-149.282227
1721315243333333333,1.721315243298029e+18,-1.0,29.91,-1.0,13.56,-1.0,41.39,14.0,0.0,0.0,0.0,0.0,0.0,0.0,0.0,1.7213152433302e+18,0.0,602.195801,-158.390332,-386.655469,-130.45166,28.278809,149.458008,1.0,666.712793,-156.269531,-377.390918,-119.443359,37.265625,5.866699,2.0,410.20752,14.957227,-198.462305,-137.856445,10.151367,56.755371,3.0,400.161621,-36.72334,-152.809277,-137.768555,22.719727,-148.425293
1721315243366666666,1.7213152433465738e+18,-1.0,29.7,-1.0,13.74,-1.0,45.12,13.0,0.0,0.0,0.0,0.0,0.0,0.0,0.0,1.7213152433633e+18,0.0,601.749316,-158.948437,-386.655469,-130.561523,28.146973,149.414062,1.0,666.37793,-156.269531,-377.279297,-119.53125,37.22168,5.800781,2.0,409.872656,16.185059,-198.350684,-137.680664,10.393066,57.23877,3.0,399.380273,-35.941992,-152.586035,-137.724609,22.675781,-147.875977
1721315243400000000,1.721315243395573e+18,-1.0,29.7,-1.0,13.38,-1.0,40.66,14.0,0.0,0.0,0.0,0.0,0.0,0.0,0.0,1.7213152434e+18,0.0,601.637695,-157.497363,-387.213574,-130.297852,28.125,149.326172,1.0,666.266309,-155.599805,-377.390918,-119.289551,37.155762,5.844727,2.0,410.430762,18.082617,-198.239062,-137.241211,10.700684,57.722168,3.0,399.268652,-33.70957,-152.586035,-137.175293,22.91748,-147.590332
1721315243433333333,1.721315243395573e+18,-1.0,29.7,-1.0,13.38,-1.0,40.66,14.0,0.0,0.0,0.0,0.0,0.0,0.0,0.0,1.7213152434331e+18,0.0,601.972559,-156.492773,-387.660059,-130.253906,28.300781,149.194336,1.0,666.824414,-155.264941,-376.832812,-119.179688,37.331543,5.888672,2.0,410.430762,17.189648,-197.346094,-137.592773,10.810547,57.810059,3.0,399.04541,-33.597949,-152.02793,-137.329102,23.071289,-147.480469
1721315243466666666,1.7213152434452485e+18,-1.0,29.7,-1.0,13.38,-1.0,53.28,14.0,0.0,0.0,0.0,0.0,0.0,0.0,0.0,1.7213152434662e+18,0.0,601.972559,-156.269531,-387.883301,-130.36377,28.322754,149.084473,1.0,667.717383,-154.706836,-376.721191,-119.311523,37.463379,5.734863,2.0,409.984277,17.636133,-197.457715,-137.570801,10.634766,58.007812,3.0,398.598926,-33.597949,-151.916309,-137.373047,22.851562,-147.128906
1721315243500000000,1.721315243494256e+18,-1.0,29.7,-1.0,13.2,-1.0,43.86,13.0,0.0,0.0,0.0,0.0,0.0,0.0,0.0,1.7213152434992e+18,0.0,601.526074,-155.264941,-388.106543,-130.275879,28.190918,148.996582,1.0,667.494141,-154.371973,-376.832812,-119.267578,37.22168,5.734863,2.0,409.649414,19.980176,-197.792578,-136.911621,10.612793,58.64502,3.0,398.375684,-32.370117,-151.693066,-136.933594,22.587891,-146.601562
1721315243533333333,1.721315243494256e+18,-1.0,29.7,-1.0,13.2,-1.0,43.86,13.0,0.0,0.0,0.0,0.0,0.0,0.0,0.0,1.7213152435323e+18,0.0,601.414453,-154.371973,-389.111133,-130.056152,28.146973,148.974609,1.0,667.38252,-152.586035,-377.61416,-118.916016,37.199707,5.734863,2.0,410.319141,20.761523,-197.457715,-136.691895,10.92041,59.040527,3.0,398.933789,-30.472559,-150.688477,-136.230469,22.719727,-146.052246
1721315243566666666,1.7213152435398093e+18,-1.0,29.7,-1.0,13.38,-1.0,38.75,14.0,0.0,0.0,0.0,0.0,0.0,0.0,0.0,1.7213152435653998e+18,0.0,601.526074,-155.264941,-389.111133,-130.187988,28.234863,149.040527,1.0,667.159277,-152.251172,-378.060645,-118.894043,37.331543,5.690918,2.0,410.319141,20.538281,-197.122852,-136.889648,10.876465,59.0625,3.0,398.933789,-29.802832,-150.130371,-136.208496,22.851562,-145.942383
1721315243600000000,1.7213152435888005e+18,-1.0,29.7,-1.0,13.2,-1.0,38.75,13.0,0.0,0.0,0.0,0.0,0.0,0.0,0.0,1.7213152435985e+18,0.0,601.526074,-155.711426,-388.999512,-130.319824,28.212891,149.040527,1.0,667.047656,-152.251172,-378.61875,-118.981934,37.287598,5.603027,2.0,409.426172,21.319629,-197.234473,-136.713867,10.480957,59.677734,3.0,397.817578,-29.467969,-150.465234,-136.120605,22.478027,-145.480957
1721315243633333333,1.7213152435888005e+18,-1.0,29.7,-1.0,13.2,-1.0,38.75,13.0,0.0,0.0,0.0,0.0,0.0,0.0,0.0,1.7213152436315e+18,0.0,601.637695,-155.376562,-388.999512,-130.187988,28.146973,149.084473,1.0,666.489551,-151.469824,-379.288477,-118.806152,37.155762,5.603027,2.0,409.872656,24.221777,-197.569336,-135.681152,10.722656,60.556641,3.0,397.594336,-27.012305,-150.01875,-134.802246,22.434082,-144.228516
1721315243666666666,1.7213152436374487e+18,-1.0,29.7,-1.0,12.84,-1.0,38.51,14.0,0.0,0.0,0.0,0.0,0.0,0.0,0.0,1.7213152436645998e+18,0.0,601.860937,-154.595215,-389.334375,-130.012207,28.190918,149.106445,1.0,665.819824,-152.02793,-379.734961,-118.674316,37.22168,5.800781,2.0,410.430762,24.556641,-197.457715,-135.483398,10.876465,61.105957,3.0,397.371094,-25.672852,-149.572266,-134.165039,22.675781,-143.833008
1721315243700000000,1.72131524368645e+18,-1.0,29.7,-1.0,12.84,-1.0,38.98,13.0,0.0,0.0,0.0,0.0,0.0,0.0,0.0,1.7213152436977e+18,0.0,602.307422,-154.818457,-388.999512,-130.078125,28.300781,149.128418,1.0,666.266309,-153.144141,-379.400098,-118.828125,37.375488,5.778809,2.0,409.649414,23.44043,-197.457715,-135.527344,10.437012,61.589355,3.0,396.478125,-25.56123,-149.795508,-134.121094,22.543945,-144.074707
1721315243733333333,1.72131524368645e+18,-1.0,29.7,-1.0,12.84,-1.0,38.98,13.0,0.0,0.0,0.0,0.0,0.0,0.0,0.0,1.7213152437307e+18,0.0,602.530664,-155.376562,-388.664648,-130.144043,28.256836,149.172363,1.0,665.819824,-153.479004,-379.958203,-118.959961,37.22168,5.646973,2.0,408.19834,23.886914,-197.792578,-135.351562,9.865723,61.435547,3.0,395.473535,-26.56582,-150.353613,-134.406738,22.17041,-145.305176
1721315243766666666,1.7213152437360806e+18,-1.0,29.7,-1.0,12.84,-1.0,38.98,13.0,0.0,0.0,0.0,0.0,0.0,0.0,0.0,1.7213152437637998e+18,0.0,602.530664,-155.041699,-388.106543,-129.924316,28.256836,149.326172,1.0,665.150098,-152.474414,-380.069824,-118.652344,37.089844,5.668945,2.0,407.751855,25.56123,-197.346094,-135.065918,9.84375,60.490723,3.0,396.478125,-25.672852,-149.125781,-134.384766,22.653809,-146.90918
1721315243800000000,1.7213152437849836e+18,-1.0,29.91,-1.0,12.84,-1.0,38.75,14.0,0.0,0.0,0.0,0.0,0.0,0.0,0.0,1.7213152437969e+18,0.0,602.642285,-155.041699,-386.878711,-129.79248,28.388672,149.523926,1.0,664.926855,-154.037109,-378.730371,-118.674316,37.155762,5.866699,2.0,407.528613,23.44043,-195.560156,-135.98877,9.997559,59.523926,3.0,396.924609,-27.347168,-149.01416,-135.32959,23.005371,-147.919922
1721315243833333333,1.7213152437849836e+18,-1.0,29.91,-1.0,12.84,-1.0,38.75,14.0,0.0,0.0,0.0,0.0,0.0,0.0,0.0,1.72131524383e+18,0.0,602.530664,-155.599805,-386.878711,-129.902344,28.366699,149.436035,1.0,664.815234,-155.711426,-378.61875,-119.025879,37.243652,5.822754,2.0,407.19375,22.770703,-196.229883,-136.274414,9.602051,59.282227,3.0,396.589746,-28.686621,-150.130371,-135.922852,22.763672,-148.579102
1721315243866666666,1.7213152438342144e+18,-1.0,29.91,-1.0,12.66,-1.0,39.22,13.0,0.0,0.0,0.0,0.0,0.0,0.0,0.0,1.7213152438629998e+18,0.0,602.307422,-156.15791,-387.213574,-129.946289,28.190918,149.458008,1.0,664.815234,-156.604395,-377.502539,-119.025879,37.067871,5.998535,2.0,407.19375,22.100977,-196.564746,-136.362305,9.404297,59.0625,3.0,396.924609,-29.467969,-149.683887,-136.07666,22.873535,-148.820801
1721315243900000000,1.721315243883207e+18,-1.0,29.91,-1.0,12.66,-1.0,27.15,13.0,0.0,0.0,0.0,0.0,0.0,0.0,0.0,1.7213152438998e+18,0.0,602.08418,-156.716016,-387.101953,-129.836426,28.190918,149.611816,1.0,664.36875,-156.381152,-375.158496,-118.520508,37.023926,6.37207,2.0,408.309961,21.43125,-196.006641,-136.428223,9.821777,58.40332,3.0,397.929199,-29.914453,-149.572266,-136.252441,23.181152,-149.260254
1721315243933333333,1.7213152439327675e+18,-1.0,29.91,-1.0,13.02,-1.0,20.87,14.0,0.0,0.0,0.0,0.0,0.0,0.0,0.0,1.7213152439328998e+18,0.0,601.860937,-159.17168,-386.432227,-130.144043,28.388672,149.743652,1.0,665.038477,-157.832227,-375.158496,-118.78418,37.30957,6.262207,2.0,408.644824,18.863965,-196.118262,-137.175293,9.821777,57.963867,3.0,398.152441,-32.481738,-150.130371,-137.263184,23.312988,-149.831543
1721315243966666666,1.7213152439327675e+18,-1.0,29.91,-1.0,13.02,-1.0,20.87,14.0,0.0,0.0,0.0,0.0,0.0,0.0,0.0,1.7213152439659e+18,0.0,601.860937,-159.729785,-386.878711,-130.341797,28.322754,149.633789,1.0,665.150098,-158.390332,-375.60498,-118.959961,37.177734,6.152344,2.0,408.086719,18.305859,-197.01123,-137.39502,9.492188,57.788086,3.0,398.487305,-33.821191,-150.241992,-137.636719,23.225098,-149.787598
1721315244000000000,1.721315243969776e+18,-1.0,29.7,-1.0,12.84,-1.0,-1.0,13.0,0.0,0.0,0.0,0.0,0.0,0.0,0.0,1.721315243999e+18,0.0,601.860937,-159.060059,-387.101953,-130.231934,28.300781,149.611816,1.0,664.926855,-158.16709,-375.493359,-118.850098,37.089844,6.174316,2.0,408.756445,17.970996,-197.122852,-137.39502,9.689941,57.810059,3.0,399.268652,-34.156055,-150.241992,-137.636719,23.466797,-149.523926
1721315244033333333,1.72131524400632e+18,-1.0,29.7,-1.0,13.2,-1.0,-1.0,13.0,0.0,0.0,0.0,0.0,0.0,0.0,0.0,1.7213152440320998e+18,0.0,601.860937,-158.390332,-387.325195,-130.166016,28.366699,149.545898,1.0,665.038477,-157.274121,-375.046875,-118.652344,37.177734,6.174316,2.0,410.542383,16.29668,-196.564746,-137.922363,10.129395,57.766113,3.0,400.161621,-35.607129,-150.353613,-138.076172,23.774414,-149.39209
1721315244066666666,1.721315244043313e+18,-1.0,29.7,-1.0,13.2,-1.0,-1.0,14.0,0.0,0.0,0.0,0.0,0.0,0.0,0.0,1.7213152440652e+18,0.0,602.08418,-157.943848,-387.548437,-130.253906,28.476562,149.370117,1.0,665.708203,-157.832227,-374.935254,-118.87207,37.30957,6.04248,2.0,410.877246,14.175879,-197.01123,-138.735352,9.931641,57.590332,3.0,400.273242,-38.174414,-150.576855,-139.064941,23.730469,-149.458008
1721315244100000000,1.7213152440759867e+18,-1.0,29.7,-1.0,13.02,-1.0,-1.0,13.0,0.0,0.0,0.0,0.0,0.0,0.0,0.0,1.7213152440982e+18,0.0,601.302832,-158.725195,-387.994922,-130.495605,28.212891,149.238281,1.0,665.484961,-157.943848,-375.381738,-119.157715,37.22168,5.866699,2.0,410.877246,13.506152,-197.457715,-139.130859,9.711914,57.436523,3.0,400.719727,-39.067383,-151.02334,-139.482422,23.642578,-149.589844
1721315244133333333,1.7213152441125391e+18,-1.0,29.7,-1.0,12.84,-1.0,-1.0,13.0,0.0,0.0,0.0,0.0,0.0,0.0,0.0,1.7213152441313e+18,0.0,601.191211,-157.943848,-388.218164,-130.209961,28.146973,149.238281,1.0,665.261719,-156.046289,-375.60498,-118.894043,37.243652,5.822754,2.0,411.993457,14.064258,-197.457715,-139.020996,9.931641,57.304688,3.0,401.835938,-38.620898,-150.911719,-139.372559,23.884277,-149.567871
1721315244166666666,1.7213152441495283e+18,-1.0,29.7,-1.0,12.84,-1.0,-1.0,13.0,0.0,0.0,0.0,0.0,0.0,0.0,0.0,1.7213152441644e+18,0.0,601.526074,-157.274121,-387.994922,-130.144043,28.278809,149.282227,1.0,665.819824,-155.711426,-375.60498,-118.850098,37.375488,5.778809,2.0,413.444531,12.724805,-197.346094,-139.592285,10.217285,57.062988,3.0,402.394043,-39.179004,-151.358203,-139.768066,24.038086,-149.743652
1721315244200000000,1.721315244186534e+18,-1.0,29.7,-1.0,13.2,-1.0,-1.0,13.0,0.0,0.0,0.0,0.0,0.0,0.0,0.0,1.7213152441975e+18,0.0,601.191211,-157.274121,-387.77168,-130.275879,28.278809,149.216309,1.0,666.266309,-156.15791,-375.828223,-118.981934,37.353516,5.690918,2.0,412.998047,12.166699,-198.908789,-139.96582,9.733887,56.843262,3.0,402.282422,-40.183594,-152.586035,-140.383301,23.686523,-149.831543
1721315244233333333,1.721315244223062e+18,-1.0,29.7,-1.0,12.66,-1.0,-1.0,14.0,0.0,0.0,0.0,0.0,0.0,0.0,0.0,1.7213152442305e+18,0.0,600.967969,-157.1625,-388.106543,-130.297852,28.125,149.172363,1.0,665.596582,-156.381152,-376.386328,-119.135742,37.133789,5.603027,2.0,412.998047,12.724805,-199.355273,-139.87793,9.645996,56.887207,3.0,403.06377,-39.84873,-153.144141,-140.29541,23.510742,-149.611816
1721315244266666666,1.721315244260061e+18,-1.0,29.7,-1.0,12.66,-1.0,-1.0,13.0,0.0,0.0,0.0,0.0,0.0,0.0,0.0,1.7213152442636e+18,0.0,601.07959,-155.599805,-388.664648,-130.03418,28.146973,149.128418,1.0,665.261719,-154.595215,-377.61416,-118.850098,37.067871,5.537109,2.0,413.556152,13.171289,-198.797168,-139.768066,9.865723,56.953125,3.0,403.733496,-39.067383,-152.809277,-140.053711,23.620605,-149.523926
1721315244300000000,1.7213152442970744e+18,-1.0,29.7,-1.0,12.48,-1.0,-1.0,13.0,0.0,0.0,0.0,0.0,0.0,0.0,0.0,1.7213152442967e+18,0.0,601.637695,-154.595215,-389.222754,-130.012207,28.300781,149.018555,1.0,665.819824,-154.595215,-378.283887,-118.916016,37.177734,5.515137,2.0,414.114258,12.501562,-198.573926,-140.119629,10.041504,56.90918,3.0,403.956738,-39.067383,-152.809277,-140.20752,23.664551,-149.567871
1721315244333333333,1.7213152442970744e+18,-1.0,29.7,-1.0,12.48,-1.0,-1.0,13.0,0.0,0.0,0.0,0.0,0.0,0.0,0.0,1.7213152443298e+18,0.0,601.526074,-154.14873,-390.004102,-130.100098,28.234863,148.864746,1.0,665.819824,-155.264941,-378.841992,-119.091797,37.067871,5.427246,2.0,413.779395,13.059668,-199.355273,-140.119629,9.799805,56.887207,3.0,403.845117,-39.179004,-153.479004,-140.471191,23.24707,-149.501953
1721315244366666666,1.7213152443336023e+18,-1.0,29.7,-1.0,12.13,-1.0,-1.0,13.0,0.0,0.0,0.0,0.0,0.0,0.0,0.0,1.7213152443664998e+18,0.0,601.302832,-154.260352,-390.227344,-130.012207,28.125,148.974609,1.0,665.37334,-154.595215,-379.62334,-118.937988,36.89209,5.471191,2.0,413.779395,13.952637,-199.243652,-139.921875,9.865723,56.99707,3.0,403.956738,-38.509277,-153.479004,-140.273438,23.093262,-149.282227
1721315244400000000,1.7213152443705938e+18,-1.0,29.7,-1.0,12.13,-1.0,-1.0,13.0,0.0,0.0,0.0,0.0,0.0,0.0,0.0,1.7213152443996e+18,0.0,601.414453,-154.706836,-390.115723,-129.990234,28.212891,149.106445,1.0,665.931445,-153.367383,-379.734961,-118.674316,37.001953,5.581055,2.0,414.225879,13.841016,-198.573926,-140.009766,10.019531,57.172852,3.0,404.068359,-38.286035,-153.367383,-140.251465,23.137207,-149.216309
1721315244433333333,1.721315244404121e+18,-1.0,29.91,-1.0,11.6,-1.0,-1.0,13.0,0.0,0.0,0.0,0.0,0.0,0.0,0.0,1.7213152444327e+18,0.0,601.637695,-155.488184,-389.780859,-130.144043,28.300781,149.128418,1.0,666.489551,-153.590625,-379.958203,-118.78418,37.045898,5.537109,2.0,414.114258,13.394531,-198.127441,-140.361328,9.799805,57.458496,3.0,404.17998,-38.286035,-153.367383,-140.383301,23.027344,-149.128418
1721315244466666666,1.7213152444401234e+18,-1.0,29.7,-1.0,11.43,-1.0,-1.0,13.0,0.0,0.0,0.0,0.0,0.0,0.0,0.0,1.7213152444656998e+18,0.0,601.526074,-156.604395,-389.557617,-130.275879,28.168945,149.216309,1.0,665.931445,-153.813867,-379.846582,-118.894043,36.936035,5.471191,2.0,413.33291,14.2875,-199.132031,-140.185547,9.228516,57.766113,3.0,404.291602,-38.062793,-153.144141,-140.251465,22.5,-148.754883
1721315244500000000,1.7213152444771387e+18,-1.0,29.7,-1.0,11.43,-1.0,-1.0,13.0,0.0,0.0,0.0,0.0,0.0,0.0,0.0,1.7213152444988e+18,0.0,601.526074,-157.608984,-388.329785,-130.078125,28.103027,149.545898,1.0,665.261719,-153.702246,-379.400098,-118.762207,36.936035,5.559082,2.0,413.779395,15.180469,-199.243652,-139.987793,9.206543,57.875977,3.0,404.514844,-37.169824,-152.809277,-140.075684,22.280273,-148.798828
1721315244533333333,1.721315244514646e+18,-1.0,29.7,-1.0,11.78,-1.0,-1.0,13.0,0.0,0.0,0.0,0.0,0.0,0.0,0.0,1.7213152445319e+18,0.0,601.749316,-158.278711,-388.106543,-130.100098,28.234863,149.611816,1.0,665.484961,-154.371973,-378.841992,-118.806152,37.133789,5.646973,2.0,413.891016,14.622363,-198.908789,-140.427246,9.18457,57.700195,3.0,404.626465,-36.72334,-152.474414,-140.581055,21.994629,-149.523926
1721315244566666666,1.7213152445506483e+18,-1.0,29.7,-1.0,29.91,-1.0,-1.0,13.0,0.0,0.0,0.0,0.0,0.0,0.0,0.0,1.7213152445648998e+18,0.0,601.860937,-159.060059,-387.548437,-130.253906,28.278809,149.611816,1.0,665.261719,-156.604395,-377.949023,-119.157715,37.199707,5.690918,2.0,412.774805,14.175879,-198.908789,-140.95459,8.371582,57.304688,3.0,403.845117,-37.393066,-153.255762,-141.28418,20.983887,-150.029297
1721315244600000000,1.7213152445886577e+18,-1.0,29.91,-1.0,26.73,-1.0,-1.0,13.0,0.0,0.0,0.0,0.0,0.0,0.0,0.0,1.721315244598e+18,0.0,601.749316,-159.394922,-387.101953,-130.275879,28.234863,149.699707,1.0,664.36875,-156.939258,-377.837402,-119.245605,37.089844,5.668945,2.0,412.439941,15.29209,-199.132031,-140.515137,7.822266,57.216797,3.0,404.17998,-37.169824,-153.255762,-141.04248,20.720215,-149.875488
1721315244633333333,1.721315244625173e+18,-1.0,29.7,-1.0,33.66,-1.0,-1.0,13.0,0.0,0.0,0.0,0.0,0.0,0.0,0.0,1.7213152446311e+18,0.0,601.749316,-158.390332,-386.76709,-130.078125,28.322754,149.743652,1.0,663.810645,-157.385742,-377.167676,-119.025879,37.023926,5.800781,2.0,412.216699,15.626953,-199.466895,-140.273438,7.470703,57.084961,3.0,404.626465,-37.058203,-152.920898,-140.866699,20.742188,-149.743652
1721315244666666666,1.7213152446611725e+18,-1.0,29.7,-1.0,35.25,-1.0,-1.0,13.0,0.0,0.0,0.0,0.0,0.0,0.0,0.0,1.7213152446642002e+18,0.0,601.972559,-158.948437,-386.432227,-130.166016,28.45459,149.765625,1.0,664.926855,-160.399512,-376.051465,-119.223633,37.243652,5.998535,2.0,411.658594,14.510742,-199.801758,-140.668945,7.009277,56.975098,3.0,404.738086,-37.169824,-152.920898,-140.888672,20.720215,-149.765625
1721315244700000000,1.7213152446982582e+18,-1.0,29.91,-1.0,34.11,-1.0,-1.0,13.0,0.0,0.0,0.0,0.0,0.0,0.0,0.0,1.7213152446972e+18,0.0,601.07959,-159.506543,-386.543848,-130.429688,28.366699,149.589844,1.0,664.926855,-161.738965,-374.823633,-119.421387,37.177734,5.998535,2.0,410.654004,15.068848,-201.02959,-140.559082,6.306152,56.90918,3.0,404.626465,-37.616309,-153.590625,-141.020508,20.280762,-149.831543
1721315244733333333,1.721315244731792e+18,-1.0,29.7,-1.0,36.4,-1.0,-1.0,13.0,0.0,0.0,0.0,0.0,0.0,0.0,0.0,1.7213152447303e+18,0.0,600.298242,-159.394922,-386.655469,-130.429688,28.234863,149.567871,1.0,664.703613,-161.404102,-374.600391,-119.289551,37.023926,6.064453,2.0,410.988867,15.738574,-200.806348,-140.273438,6.394043,57.019043,3.0,404.849707,-37.504687,-153.925488,-140.844727,20.10498,-149.743652
1721315244766666666,1.721315244731792e+18,-1.0,29.7,-1.0,36.4,-1.0,-1.0,13.0,0.0,0.0,0.0,0.0,0.0,0.0,0.0,1.7213152447634002e+18,0.0,600.633105,-158.948437,-386.208984,-130.319824,28.366699,149.633789,1.0,665.150098,-160.511133,-374.265527,-119.025879,37.111816,6.130371,2.0,411.212109,15.738574,-200.694727,-140.29541,6.481934,57.041016,3.0,405.072949,-37.281445,-153.925488,-140.800781,20.148926,-149.787598
1721315244800000000,1.721315244767798e+18,-1.0,29.7,-1.0,37.1,-1.0,-1.0,13.0,0.0,0.0,0.0,0.0,0.0,0.0,0.0,1.7213152447965e+18,0.0,601.191211,-159.953027,-385.427637,-130.473633,28.476562,149.699707,1.0,665.596582,-160.064648,-374.265527,-119.069824,37.22168,6.020508,2.0,411.658594,14.622363,-200.136621,-140.646973,6.767578,57.041016,3.0,405.18457,-37.616309,-153.925488,-140.976562,20.10498,-149.941406
1721315244833333333,1.7213152448053417e+18,-1.0,29.91,-1.0,35.94,-1.0,-1.0,13.0,0.0,0.0,0.0,0.0,0.0,0.0,0.0,1.7213152448332e+18,0.0,600.967969,-159.953027,-385.7625,-130.539551,28.278809,149.611816,1.0,665.596582,-158.836816,-374.600391,-119.157715,37.155762,5.778809,2.0,411.546973,14.845605,-200.248242,-140.668945,6.767578,57.019043,3.0,405.519434,-37.839551,-154.037109,-141.174316,19.775391,-150.073242
1721315244866666666,1.7213152448423386e+18,-1.0,29.7,-1.0,29.7,-1.0,-1.0,13.0,0.0,0.0,0.0,0.0,0.0,0.0,0.0,1.7213152448663002e+18,0.0,600.967969,-158.725195,-386.097363,-130.319824,28.256836,149.567871,1.0,665.484961,-157.1625,-375.158496,-118.916016,37.199707,5.712891,2.0,411.993457,15.515332,-200.583105,-140.515137,6.921387,56.99707,3.0,405.742676,-37.393066,-153.925488,-140.998535,19.841309,-150.029297
1721315244900000000,1.721315244878335e+18,-1.0,29.7,-1.0,25.07,-1.0,-1.0,13.0,0.0,0.0,0.0,0.0,0.0,0.0,0.0,1.7213152448994e+18,0.0,601.191211,-158.278711,-386.097363,-130.275879,28.366699,149.501953,1.0,665.819824,-156.604395,-375.939844,-118.916016,37.30957,5.625,2.0,412.439941,15.515332,-200.694727,-140.603027,7.053223,56.821289,3.0,405.854297,-37.504687,-154.14873,-141.064453,19.907227,-150.13916
1721315244933333333,1.7213152449158866e+18,-1.0,29.7,-1.0,55.5,-1.0,-1.0,13.0,0.0,0.0,0.0,0.0,0.0,0.0,0.0,1.7213152449324e+18,0.0,601.302832,-158.055469,-386.320605,-130.385742,28.388672,149.436035,1.0,666.043066,-156.716016,-376.386328,-118.981934,37.265625,5.559082,2.0,412.216699,15.515332,-200.917969,-140.668945,6.987305,56.755371,3.0,405.519434,-37.72793,-154.483594,-141.306152,19.951172,-150.336914
1721315244966666666,1.7213152449528868e+18,-1.0,29.7,-1.0,288.95,-1.0,-1.0,13.0,0.0,0.0,0.0,0.0,0.0,0.0,0.0,1.7213152449655002e+18,0.0,601.302832,-157.608984,-386.76709,-130.341797,28.300781,149.370117,1.0,666.043066,-155.823047,-376.60957,-118.937988,37.199707,5.559082,2.0,411.993457,15.626953,-201.252832,-140.668945,6.899414,56.711426,3.0,405.407812,-37.72793,-154.706836,-141.350098,19.929199,-150.402832
1721315245000000000,1.7213152449899036e+18,-1.0,29.91,-1.0,656.35,-1.0,-1.0,13.0,0.0,0.0,0.0,0.0,0.0,0.0,0.0,1.7213152449986e+18,0.0,601.526074,-156.827637,-387.213574,-130.166016,28.300781,149.370117,1.0,665.931445,-154.037109,-376.832812,-118.54248,37.133789,5.625,2.0,411.881836,15.850195,-201.252832,-140.646973,6.965332,56.645508,3.0,405.519434,-37.616309,-154.818457,-141.328125,19.995117,-150.46875
1721315245033333333,1.7213152450304315e+18,-1.0,29.7,-1.0,1632.46,-1.0,-1.0,13.0,0.0,0.0,0.0,0.0,0.0,0.0,0.0,1.7213152450317e+18,0.0,601.637695,-157.385742,-387.660059,-130.297852,28.344727,149.326172,1.0,666.154687,-154.14873,-377.167676,-118.652344,37.22168,5.581055,2.0,411.993457,15.626953,-201.364453,-140.822754,7.097168,56.469727,3.0,405.631055,-37.616309,-154.930078,-141.481934,20.083008,-150.732422
1721315245066666666,1.7213152450304315e+18,-1.0,29.7,-1.0,1632.46,-1.0,-1.0,13.0,0.0,0.0,0.0,0.0,0.0,0.0,0.0,1.7213152450647e+18,0.0,601.302832,-157.943848,-388.106543,-130.473633,28.234863,149.238281,1.0,665.596582,-154.706836,-377.61416,-118.828125,37.089844,5.449219,2.0,411.32373,15.515332,-201.810937,-141.04248,6.987305,56.293945,3.0,405.296191,-37.951172,-155.264941,-141.789551,19.907227,-150.930176
1721315245100000000,1.7213152450672402e+18,-1.0,29.7,-1.0,2411.11,-1.0,-1.0,13.0,0.0,0.0,0.0,0.0,0.0,0.0,0.0,1.7213152450978e+18,0.0,601.414453,-157.943848,-388.441406,-130.36377,28.190918,149.304199,1.0,664.815234,-154.371973,-378.395508,-118.718262,36.936035,5.427246,2.0,411.546973,15.738574,-201.810937,-140.976562,7.119141,56.359863,3.0,405.407812,-37.951172,-155.599805,-141.767578,19.885254,-150.952148
1721315245133333333,1.721315245103798e+18,-1.0,29.7,-1.0,3094.46,-1.0,-1.0,13.0,0.0,0.0,0.0,1.0,0.0,0.0,0.0,1.7213152451309e+18,0.0,601.749316,-157.608984,-388.329785,-130.231934,28.300781,149.414062,1.0,664.591992,-153.925488,-378.730371,-118.520508,37.001953,5.493164,2.0,411.658594,15.515332,-201.587695,-141.020508,7.272949,56.293945,3.0,405.631055,-38.174414,-155.711426,-141.855469,19.973145,-151.12793
1721315245166666666,1.721315245144792e+18,-1.0,29.7,-1.0,3541.41,-1.0,-1.0,13.0,0.0,0.0,0.0,1.0,0.0,0.0,0.0,1.721315245164e+18,0.0,601.972559,-157.943848,-388.329785,-130.36377,28.410645,149.39209,1.0,664.926855,-155.488184,-378.841992,-118.718262,37.067871,5.493164,2.0,411.993457,14.2875,-201.922559,-141.481934,7.580566,56.162109,3.0,405.742676,-38.509277,-156.827637,-142.36084,19.665527,-152.028809
1721315245200000000,1.7213152451817925e+18,-1.0,29.7,-1.0,3925.51,-1.0,-1.0,13.0,0.0,0.0,0.0,1.0,0.0,0.0,0.0,1.721315245197e+18,0.0,601.637695,-158.725195,-388.218164,-130.495605,28.278809,149.458008,1.0,664.815234,-157.050879,-378.283887,-118.87207,36.89209,5.559082,2.0,411.770215,13.841016,-200.917969,-141.635742,8.415527,56.425781,3.0,405.631055,-39.067383,-158.16709,-142.69043,18.720703,-152.468262
1721315245233333333,1.721315245222333e+18,-1.0,29.7,-1.0,4064.44,-1.0,-1.0,13.0,0.0,0.0,0.0,1.0,0.0,0.0,0.0,1.7213152452301e+18,0.0,601.526074,-158.948437,-387.883301,-130.319824,28.234863,149.633789,1.0,664.926855,-156.269531,-377.61416,-118.630371,36.870117,5.646973,2.0,412.663184,14.2875,-199.578516,-141.525879,9.51416,56.601562,3.0,406.412402,-38.73252,-157.943848,-142.580566,18.676758,-152.512207
1721315245266666666,1.721315245259326e+18,-1.0,29.7,-1.0,4209.41,-1.0,-1.0,13.0,0.0,0.0,0.0,1.0,0.0,0.0,0.0,1.7213152452632e+18,0.0,601.637695,-158.948437,-387.213574,-130.253906,28.388672,149.72168,1.0,665.819824,-155.599805,-376.832812,-118.564453,37.22168,5.581055,2.0,413.221289,13.059668,-199.355273,-142.053223,9.777832,56.359863,3.0,406.635645,-39.402246,-158.16709,-142.998047,18.654785,-152.731934
1721315245300000000,1.721315245259326e+18,-1.0,29.7,-1.0,4209.41,-1.0,-1.0,13.0,0.0,0.0,0.0,1.0,0.0,0.0,0.0,1.7213152452999002e+18,0.0,601.414453,-159.394922,-387.213574,-130.407715,28.366699,149.677734,1.0,666.043066,-156.381152,-376.60957,-118.916016,37.243652,5.339355,2.0,412.774805,12.27832,-199.355273,-142.36084,9.733887,56.315918,3.0,406.077539,-40.406836,-158.725195,-143.547363,18.237305,-152.973633
1721315245333333333,1.7213152453088924e+18,-1.0,29.7,-1.0,4519.12,-1.0,0.3,13.0,0.0,0.0,0.0,1.0,0.0,0.0,0.0,1.721315245333e+18,0.0,600.967969,-159.953027,-386.990332,-130.429688,28.256836,149.72168,1.0,665.708203,-156.269531,-376.497949,-118.850098,37.067871,5.383301,2.0,412.998047,13.059668,-199.466895,-142.250977,10.041504,56.425781,3.0,406.300781,-40.071973,-159.060059,-143.481445,17.885742,-153.105469
1721315245366666666,1.721315245349881e+18,-1.0,30.35,-1.0,4360.83,-1.0,-1.0,13.0,0.0,0.0,0.0,1.0,0.0,0.0,0.0,1.7213152453661e+18,0.0,600.856348,-159.394922,-386.878711,-130.231934,28.278809,149.765625,1.0,665.038477,-155.264941,-376.944434,-118.630371,37.045898,5.339355,2.0,413.891016,12.724805,-199.132031,-142.470703,10.788574,56.315918,3.0,406.858887,-39.513867,-159.394922,-143.547363,17.775879,-153.413086
1721315245400000000,1.7213152453868982e+18,-1.0,29.7,-1.0,4209.41,-1.0,-1.0,13.0,0.0,0.0,0.0,1.0,0.0,0.0,0.0,1.7213152453991002e+18,0.0,601.302832,-159.953027,-386.432227,-130.275879,28.388672,149.80957,1.0,665.596582,-155.711426,-377.390918,-118.696289,37.199707,5.229492,2.0,414.225879,11.385352,-198.573926,-142.976074,11.118164,56.162109,3.0,407.19375,-40.183594,-159.841406,-144.228516,17.490234,-154.006348
1721315245433333333,1.7213152454234342e+18,-1.0,29.91,-1.0,4209.41,-1.0,-1.0,14.0,0.0,0.0,0.0,1.0,0.0,0.0,0.0,1.7213152454322e+18,0.0,601.191211,-161.180859,-385.650879,-130.473633,28.278809,149.853516,1.0,665.37334,-157.385742,-377.167676,-118.916016,37.045898,5.229492,2.0,413.779395,11.608594,-198.573926,-143.063965,11.206055,56.162109,3.0,407.082129,-40.406836,-159.841406,-144.602051,17.006836,-154.226074
1721315245466666666,1.7213152454234342e+18,-1.0,29.91,-1.0,4209.41,-1.0,-1.0,14.0,0.0,0.0,0.0,1.0,0.0,0.0,0.0,1.7213152454653e+18,0.0,601.191211,-161.29248,-385.316016,-130.429688,28.278809,149.919434,1.0,665.038477,-157.943848,-376.721191,-118.87207,36.914062,5.339355,2.0,414.672363,12.501562,-197.680957,-142.888184,12.019043,56.315918,3.0,407.640234,-39.737109,-159.841406,-144.338379,17.006836,-154.094238
1721315245500000000,1.7213152454764388e+18,-1.0,29.7,-1.0,3925.51,0.3,-1.0,13.0,0.0,0.0,0.0,1.0,0.0,0.0,0.0,1.7213152454984e+18,0.0,601.302832,-160.511133,-385.539258,-130.275879,28.344727,149.897461,1.0,664.926855,-157.943848,-376.274707,-118.762207,36.914062,5.427246,2.0,415.453711,12.055078,-196.676367,-143.195801,12.634277,56.206055,3.0,407.640234,-39.625488,-159.841406,-144.316406,17.050781,-154.094238
1721315245533333333,1.7213152455139948e+18,-1.0,29.7,-1.0,4064.44,-1.0,-1.0,13.0,0.0,0.0,0.0,1.0,0.0,0.0,0.0,1.7213152455314e+18,0.0,601.414453,-159.394922,-386.543848,-130.36377,28.45459,149.633789,1.0,665.038477,-158.390332,-375.939844,-118.916016,37.023926,5.383301,2.0,415.453711,11.496973,-197.01123,-143.503418,12.612305,56.030273,3.0,407.640234,-39.84873,-159.953027,-144.448242,17.072754,-154.160156
1721315245566666666,1.7213152455499863e+18,-1.0,29.91,-1.0,3925.51,-1.0,-1.0,13.0,0.0,0.0,0.0,1.0,0.0,0.0,0.0,1.7213152455645e+18,0.0,601.191211,-158.390332,-387.883301,-130.429688,28.278809,149.370117,1.0,665.038477,-158.055469,-375.716602,-119.025879,36.958008,5.317383,2.0,415.007227,11.720215,-197.234473,-143.547363,12.502441,56.008301,3.0,407.640234,-40.183594,-160.511133,-144.711914,16.831055,-154.27002
1721315245600000000,1.7213152455910277e+18,-1.0,29.7,-1.0,3792.26,-1.0,-1.0,14.0,0.0,0.0,0.0,1.0,0.0,0.0,0.0,1.7213152455976e+18,0.0,601.414453,-157.608984,-388.106543,-130.209961,28.256836,149.414062,1.0,665.596582,-155.823047,-376.163086,-118.740234,36.97998,5.273438,2.0,415.230469,12.389941,-197.122852,-143.349609,12.788086,56.052246,3.0,407.975098,-39.960352,-160.622754,-144.624023,16.787109,-154.291992
1721315245633333333,1.7213152456285335e+18,-1.0,29.91,-1.0,3792.26,-1.0,-1.0,13.0,0.0,0.0,0.0,1.0,0.0,0.0,0.0,1.7213152456307e+18,0.0,601.749316,-157.720605,-387.994922,-130.209961,28.366699,149.436035,1.0,666.043066,-155.041699,-376.497949,-118.696289,37.111816,5.229492,2.0,415.788574,11.608594,-196.564746,-143.723145,13.31543,55.964355,3.0,408.421582,-40.406836,-160.734375,-144.84375,16.787109,-154.555664
1721315245666666666,1.7213152456285335e+18,-1.0,29.91,-1.0,3792.26,-1.0,-1.0,13.0,0.0,0.0,0.0,1.0,0.0,0.0,0.0,1.7213152456637002e+18,0.0,602.195801,-158.278711,-387.883301,-130.319824,28.344727,149.458008,1.0,666.154687,-155.711426,-377.056055,-118.937988,37.067871,5.119629,2.0,415.788574,11.496973,-196.564746,-143.898926,13.359375,55.854492,3.0,407.975098,-40.295215,-161.404102,-145.151367,16.45752,-155.083008
1721315245700000000,1.721315245669539e+18,-1.0,29.91,-1.0,3541.41,-1.0,-1.0,14.0,0.0,0.0,0.0,1.0,0.0,0.0,0.0,1.7213152456968e+18,0.0,602.419043,-157.832227,-388.106543,-130.231934,28.212891,149.501953,1.0,665.931445,-156.492773,-377.056055,-119.003906,36.870117,5.163574,2.0,415.788574,11.943457,-196.787988,-143.811035,13.40332,55.766602,3.0,407.751855,-39.513867,-161.515723,-145.041504,16.347656,-155.302734
1721315245733333333,1.7213152457060933e+18,-1.0,29.91,-1.0,3423.23,-1.0,-1.0,13.0,0.0,0.0,0.0,1.0,0.0,0.0,0.0,1.7213152457298998e+18,0.0,602.642285,-156.604395,-388.664648,-130.056152,28.300781,149.501953,1.0,665.708203,-155.599805,-377.61416,-118.828125,36.870117,5.163574,2.0,417.239648,11.943457,-197.01123,-143.876953,13.974609,55.612793,3.0,408.086719,-39.513867,-161.180859,-145.085449,16.45752,-155.632324
1721315245766666666,1.7213152457430907e+18,-1.0,29.91,-1.0,3094.46,-1.0,-1.0,13.0,0.0,0.0,0.0,1.0,0.0,0.0,0.0,1.7213152457666e+18,0.0,603.535254,-157.050879,-388.999512,-130.166016,28.410645,149.523926,1.0,666.043066,-155.15332,-378.060645,-118.78418,36.97998,5.119629,2.0,416.904785,10.938867,-196.676367,-144.382324,14.282227,55.349121,3.0,408.756445,-39.625488,-162.520312,-145.59082,15.974121,-157.17041
1721315245800000000,1.7213152457840924e+18,-1.0,29.7,-1.0,2588.13,-1.0,-1.0,13.0,0.0,0.0,0.0,0.0,0.0,0.0,0.0,1.7213152457997e+18,0.0,603.423633,-157.497363,-389.89248,-130.341797,28.256836,149.39209,1.0,665.931445,-155.15332,-378.283887,-118.850098,36.89209,5.075684,2.0,416.123437,10.715625,-195.783398,-144.645996,14.787598,55.305176,3.0,408.421582,-41.299805,-163.078418,-146.337891,15.227051,-157.763672
1721315245833333333,1.7213152458206615e+18,-1.0,29.7,-1.0,2292.65,-1.0,-1.0,13.0,0.0,0.0,0.0,0.0,0.0,0.0,0.0,1.7213152458328e+18,0.0,603.535254,-155.823047,-390.450586,-130.100098,28.234863,149.326172,1.0,665.37334,-154.483594,-378.61875,-118.762207,36.848145,5.031738,2.0,417.239648,12.27832,-193.104492,-144.382324,16.567383,55.415039,3.0,408.979687,-41.411426,-162.408691,-146.337891,14.941406,-158.181152
1721315245866666666,1.721315245861647e+18,-1.0,29.91,-1.0,1994.9,-1.0,-1.0,13.0,0.0,0.0,0.0,0.0,0.0,0.0,0.0,1.7213152458659e+18,0.0,603.535254,-154.595215,-390.562207,-129.924316,28.344727,149.282227,1.0,664.815234,-154.706836,-377.949023,-118.630371,36.914062,5.185547,2.0,419.025586,9.599414,-191.430176,-145.151367,17.512207,55.415039,3.0,411.32373,-41.076562,-161.404102,-147.282715,14.853516,-160.048828
1721315245900000000,1.721315245898666e+18,-1.0,29.91,-1.0,1652.78,-1.0,-1.0,13.0,0.0,0.0,0.0,0.0,0.0,0.0,0.0,1.7213152458989e+18,0.0,603.200391,-154.483594,-390.673828,-130.056152,28.432617,149.216309,1.0,665.150098,-154.706836,-378.283887,-118.740234,37.023926,5.119629,2.0,418.579102,8.259961,-192.099902,-146.140137,18.083496,55.063477,3.0,409.649414,-40.964941,-163.859766,-147.458496,13.688965,-160.202637
1721315245933333333,1.721315245898666e+18,-1.0,29.91,-1.0,1652.78,-1.0,-1.0,13.0,0.0,0.0,0.0,0.0,0.0,0.0,0.0,1.721315245932e+18,0.0,603.08877,-154.818457,-390.450586,-130.100098,28.322754,149.238281,1.0,664.703613,-154.930078,-378.395508,-118.828125,36.914062,5.075684,2.0,417.797754,8.036719,-191.765039,-146.381836,18.676758,55.283203,3.0,407.751855,-41.076562,-164.529492,-147.546387,13.469238,-160.048828
1721315245966666666,1.7213152459357343e+18,-1.0,29.7,-1.0,1159.6,-1.0,-1.0,13.0,0.0,0.0,0.0,0.0,0.0,0.0,0.0,1.7213152459651e+18,0.0,603.08877,-155.041699,-389.669238,-129.902344,28.256836,149.458008,1.0,664.480371,-153.813867,-378.730371,-118.586426,36.89209,5.119629,2.0,418.355859,9.15293,-191.318555,-146.052246,19.313965,55.393066,3.0,408.309961,-40.964941,-163.971387,-147.414551,13.754883,-159.89502
1721315246000000000,1.721315245972432e+18,-1.0,29.91,-1.0,681.99,-1.0,-1.0,13.0,0.0,0.0,0.0,0.0,0.0,0.0,0.0,1.7213152459982e+18,0.0,603.200391,-155.934668,-388.106543,-129.924316,28.432617,149.633789,1.0,664.033887,-154.260352,-379.288477,-118.740234,37.155762,5.031738,2.0,418.244238,7.701855,-190.87207,-146.601562,19.291992,55.063477,3.0,408.533203,-41.523047,-164.083008,-147.744141,13.73291,-160.488281
1721315246033333333,1.7213152460129613e+18,-1.0,29.7,-1.0,248.34,-1.0,-1.0,13.0,0.0,0.0,0.0,0.0,0.0,0.0,0.0,1.7213152460312e+18,0.0,603.08877,-157.050879,-387.77168,-130.12207,28.410645,149.633789,1.0,664.480371,-155.376562,-379.400098,-119.069824,37.287598,4.921875,2.0,415.453711,7.14375,-191.206934,-147.084961,18.061523,53.547363,3.0,407.751855,-43.420605,-165.087598,-148.271484,12.590332,-161.564941
1721315246066666666,1.7213152460459617e+18,-1.0,29.7,-1.0,60.95,-1.0,-1.0,13.0,0.0,0.0,0.0,0.0,0.0,0.0,0.0,1.7213152460643e+18,0.0,602.865527,-157.720605,-387.436816,-130.12207,28.256836,149.743652,1.0,664.591992,-155.711426,-378.507129,-119.025879,37.199707,5.031738,2.0,414.114258,9.376172,-191.87666,-146.359863,17.248535,52.053223,3.0,407.975098,-43.308984,-165.199219,-147.634277,11.99707,-162.290039
1721315246100000000,1.7213152460829627e+18,-1.0,29.91,-1.0,35.25,-1.0,-1.0,13.0,0.0,0.0,0.0,0.0,0.0,0.0,0.0,1.7213152460974e+18,0.0,603.08877,-158.055469,-386.990332,-129.990234,28.278809,149.897461,1.0,664.36875,-154.818457,-378.395508,-118.78418,37.177734,5.097656,2.0,412.998047,8.706445,-192.769629,-146.469727,16.611328,51.152344,3.0,407.528613,-43.420605,-166.203809,-147.524414,11.645508,-162.927246
1721315246133333333,1.7213152461195238e+18,-1.0,29.91,-1.0,24.87,-1.0,-1.0,13.0,0.0,0.0,0.0,0.0,0.0,0.0,0.0,1.7213152461304e+18,0.0,603.423633,-159.17168,-386.878711,-130.144043,28.388672,149.963379,1.0,664.926855,-155.041699,-378.172266,-118.762207,37.243652,5.097656,2.0,412.105078,7.925098,-194.443945,-146.733398,16.083984,50.95459,3.0,406.412402,-44.648438,-167.096777,-147.963867,11.271973,-162.839355
1721315246166666666,1.7213152461565166e+18,-1.0,29.7,-1.0,24.05,-1.0,-1.0,13.0,0.0,0.0,0.0,0.0,0.0,0.0,0.0,1.7213152461635e+18,0.0,603.312012,-159.394922,-387.213574,-130.253906,28.322754,149.875488,1.0,665.819824,-156.046289,-377.502539,-118.894043,37.067871,5.141602,2.0,410.765625,8.036719,-197.01123,-146.689453,15.864258,51.503906,3.0,404.068359,-45.206543,-170.110547,-148.249512,10.568848,-161.38916
1721315246200000000,1.7213152461935288e+18,-1.0,29.7,-1.0,21.26,-1.0,-1.0,14.0,0.0,0.0,0.0,0.0,0.0,0.0,0.0,1.7213152461966e+18,0.0,603.08877,-159.17168,-387.436816,-130.166016,28.234863,149.853516,1.0,665.596582,-156.492773,-377.167676,-118.806152,36.914062,5.229492,2.0,410.765625,9.487793,-202.257422,-145.26123,16.699219,54.404297,3.0,403.956738,-44.201953,-173.012695,-147.282715,11.052246,-159.32373
1721315246233333333,1.721315246230064e+18,-1.0,29.91,-1.0,18.17,-1.0,-1.0,13.0,0.0,0.0,0.0,0.0,0.0,0.0,0.0,1.7213152462333e+18,0.0,603.08877,-158.390332,-387.325195,-130.03418,28.344727,149.853516,1.0,665.37334,-155.823047,-377.056055,-118.652344,36.958008,5.229492,2.0,411.658594,6.027539,-208.843066,-144.030762,17.86377,59.238281,3.0,401.835938,-40.741699,-175.691602,-145.327148,12.392578,-155.67627
1721315246266666666,1.721315246230064e+18,-1.0,29.91,-1.0,18.17,-1.0,-1.0,13.0,0.0,0.0,0.0,0.0,0.0,0.0,0.0,1.7213152462664e+18,0.0,603.200391,-158.390332,-387.325195,-130.187988,28.432617,149.765625,1.0,665.596582,-155.264941,-377.949023,-118.828125,37.155762,4.96582,2.0,413.444531,3.906738,-213.196289,-142.053223,19.797363,65.412598,3.0,399.157031,-39.179004,-178.928613,-143.569336,13.908691,-150.336914
1721315246300000000,1.7213152462670628e+18,-1.0,29.91,-1.0,17.79,-1.0,-1.0,13.0,0.0,0.0,0.0,0.0,0.0,0.0,0.0,1.7213152462995e+18,0.0,602.419043,-158.836816,-387.101953,-130.385742,28.256836,149.633789,1.0,665.150098,-156.046289,-377.949023,-119.069824,37.089844,4.899902,2.0,416.123437,4.018359,-215.428711,-139.416504,23.049316,71.081543,3.0,396.701367,-34.602539,-181.161035,-140.95459,16.809082,-145.17334
1721315246333333333,1.7213152463046085e+18,-1.0,29.7,-1.0,18.74,-1.0,-1.0,13.0,0.0,0.0,0.0,0.0,0.0,0.0,0.0,1.7213152463326e+18,0.0,602.307422,-156.716016,-387.660059,-130.078125,28.278809,149.545898,1.0,665.261719,-155.041699,-377.61416,-118.828125,37.111816,5.009766,2.0,419.360449,5.692676,-215.205469,-137.834473,26.345215,73.87207,3.0,394.245703,-32.146875,-178.035645,-138.867188,22.060547,-139.416504
1721315246366666666,1.7213152463406065e+18,-1.0,29.7,-1.0,15.37,-1.0,-1.0,13.0,0.0,0.0,0.0,0.0,0.0,0.0,0.0,1.7213152463656e+18,0.0,602.307422,-156.604395,-388.106543,-130.12207,28.366699,149.458008,1.0,665.596582,-154.706836,-377.502539,-118.762207,37.265625,5.053711,2.0,419.806934,2.232422,-214.3125,-140.471191,27.861328,73.54248,3.0,390.89707,-31.030664,-176.696191,-137.790527,27.224121,-136.032715
1721315246400000000,1.721315246373609e+18,-1.0,29.91,-1.0,13.02,-1.0,-1.0,13.0,0.0,0.0,0.0,0.0,0.0,0.0,0.0,1.7213152463987e+18,0.0,601.972559,-156.716016,-389.445996,-130.319824,28.300781,149.216309,1.0,665.484961,-154.706836,-378.283887,-118.959961,37.30957,4.87793,2.0,421.146387,3.348633,-213.531152,-141.28418,28.234863,73.806152,3.0,389.222754,-30.026074,-177.254297,-137.746582,29.685059,-134.714355
1721315246433333333,1.721315246423156e+18,-1.0,29.91,-1.0,15.56,-1.0,2.31,13.0,0.0,0.0,0.0,0.0,0.0,0.0,0.0,1.7213152464317998e+18,0.0,601.302832,-155.041699,-390.785449,-130.209961,28.103027,148.996582,1.0,665.038477,-154.595215,-378.841992,-118.937988,37.133789,4.833984,2.0,421.146387,7.032129,-210.852246,-140.427246,28.87207,74.311523,3.0,387.77168,-27.793652,-178.258887,-138.098145,30.146484,-135.98877
1721315246466666666,1.721315246423156e+18,-1.0,29.91,-1.0,15.56,-1.0,2.31,13.0,0.0,0.0,0.0,0.0,0.0,0.0,0.0,1.7213152464649e+18,0.0,601.637695,-153.925488,-391.231934,-130.012207,28.168945,148.974609,1.0,664.36875,-153.255762,-379.511719,-118.740234,37.111816,4.768066,2.0,423.267187,7.590234,-208.619824,-140.141602,29.53125,75.300293,3.0,390.004102,-28.016895,-176.361328,-137.768555,29.992676,-136.054688
1721315246500000000,1.721315246472152e+18,-1.0,29.91,-1.0,19.12,-1.0,8.67,13.0,0.0,0.0,0.0,0.0,0.0,0.0,0.0,1.7213152464979e+18,0.0,601.860937,-154.483594,-391.343555,-130.100098,28.234863,148.952637,1.0,664.257129,-153.144141,-379.958203,-118.850098,37.265625,4.658203,2.0,423.713672,5.581055,-205.940918,-140.844727,29.904785,75.60791,3.0,390.450586,-28.686621,-174.352148,-138.339844,29.223633,-136.73584
1721315246533333333,1.7213152465215593e+18,-1.0,29.7,-1.0,22.25,-1.0,16.85,13.0,0.0,0.0,0.0,0.0,0.0,0.0,0.0,1.7213152465309998e+18,0.0,601.860937,-154.371973,-391.790039,-130.209961,28.168945,148.864746,1.0,664.257129,-153.813867,-380.069824,-119.025879,37.177734,4.614258,2.0,421.704492,7.255371,-200.806348,-140.427246,30.563965,75.058594,3.0,394.803809,-32.928223,-174.46377,-142.075195,27.333984,-139.482422
1721315246566666666,1.7213152465215593e+18,-1.0,29.7,-1.0,22.25,-1.0,16.85,13.0,0.0,0.0,0.0,0.0,0.0,0.0,0.0,1.7213152465641e+18,0.0,601.526074,-154.371973,-392.013281,-130.12207,28.015137,148.908691,1.0,663.810645,-154.037109,-379.958203,-118.916016,37.023926,4.702148,2.0,421.592871,8.818066,-194.555566,-141.218262,31.970215,71.608887,3.0,399.157031,-32.481738,-170.333789,-143.459473,26.696777,-142.492676
1721315246600000000,1.7213152465705626e+18,-1.0,29.91,-1.0,19.7,-1.0,16.67,13.0,0.0,0.0,0.0,0.0,0.0,0.0,0.0,1.7213152465972e+18,0.0,601.526074,-154.930078,-391.455176,-130.056152,28.015137,149.0625,1.0,663.922266,-153.590625,-379.734961,-118.762207,37.067871,4.768066,2.0,423.825293,6.13916,-193.104492,-145.722656,32.365723,66.555176,3.0,397.371094,-30.58418,-168.547852,-145.437012,26.279297,-147.019043
1721315246633333333,1.72131524661912e+18,-1.0,29.7,-1.0,15.56,-1.0,18.74,13.0,0.0,0.0,0.0,0.0,0.0,0.0,0.0,1.7213152466301998e+18,0.0,601.749316,-156.046289,-391.008691,-130.231934,28.081055,149.106445,1.0,664.257129,-154.260352,-379.62334,-118.850098,37.177734,4.790039,2.0,422.820703,8.818066,-189.979102,-147.766113,31.772461,63.237305,3.0,397.482715,-29.57959,-167.208398,-146.931152,25.576172,-149.919434
1721315246666666666,1.72131524661912e+18,-1.0,29.7,-1.0,15.56,-1.0,18.74,13.0,0.0,0.0,0.0,0.0,0.0,0.0,0.0,1.7213152466633e+18,0.0,601.637695,-156.492773,-391.343555,-130.385742,27.993164,149.0625,1.0,664.257129,-154.483594,-379.400098,-118.937988,37.089844,4.790039,2.0,423.155566,9.376172,-186.74209,-149.106445,31.420898,61.325684,3.0,399.268652,-29.691211,-165.868945,-148.07373,25.268555,-151.831055
1721315246700000000,1.7213152466691162e+18,-1.0,29.7,-1.0,17.98,-1.0,20.09,13.0,0.0,0.0,0.0,0.0,0.0,0.0,0.0,1.7213152466964e+18,0.0,601.749316,-156.15791,-391.008691,-130.187988,28.015137,149.194336,1.0,664.145508,-154.037109,-379.065234,-118.696289,37.023926,4.899902,2.0,424.718262,10.045898,-183.281836,-149.853516,31.662598,60.073242,3.0,401.277832,-29.467969,-163.30166,-148.31543,25.378418,-152.731934
1721315246733333333,1.7213152467176684e+18,-1.0,29.7,-1.0,18.36,-1.0,26.1,13.0,0.0,0.0,0.0,0.0,0.0,0.0,0.0,1.7213152467331e+18,0.0,601.860937,-156.939258,-390.227344,-130.231934,28.168945,149.348145,1.0,664.480371,-155.15332,-378.841992,-118.630371,37.067871,5.009766,2.0,425.387988,8.818066,-180.714551,-151.413574,31.574707,58.557129,3.0,401.947559,-29.914453,-161.850586,-149.458008,25.554199,-154.445801
1721315246766666666,1.7213152467626816e+18,-1.0,29.91,-1.0,20.67,-1.0,29.48,13.0,0.0,0.0,0.0,0.0,0.0,0.0,0.0,1.7213152467662e+18,0.0,601.637695,-157.832227,-390.673828,-130.385742,28.103027,149.282227,1.0,664.36875,-155.934668,-379.288477,-118.850098,37.111816,4.87793,2.0,424.829883,11.050488,-179.821582,-151.633301,31.069336,57.502441,3.0,402.505664,-30.360937,-161.29248,-149.985352,25.246582,-155.390625
1721315246800000000,1.7213152467626816e+18,-1.0,29.91,-1.0,20.67,-1.0,29.48,13.0,0.0,0.0,0.0,0.0,0.0,0.0,0.0,1.7213152467992998e+18,0.0,601.414453,-158.390332,-390.450586,-130.385742,27.993164,149.370117,1.0,664.033887,-156.269531,-379.176855,-118.828125,37.023926,4.921875,2.0,426.280957,13.952637,-175.691602,-151.677246,31.552734,56.140137,3.0,404.514844,-29.356348,-159.506543,-150.05127,25.620117,-156.796875
1721315246833333333,1.721315246812211e+18,-1.0,29.91,-1.0,13.56,-1.0,28.41,13.0,0.0,0.0,0.0,0.0,0.0,0.0,0.0,1.7213152468324e+18,0.0,601.414453,-157.720605,-389.89248,-130.144043,28.037109,149.436035,1.0,664.36875,-155.488184,-379.065234,-118.520508,37.001953,4.987793,2.0,427.62041,13.952637,-172.008105,-153.347168,31.750488,53.547363,3.0,406.524023,-27.793652,-157.608984,-150.930176,26.235352,-159.367676
1721315246866666666,1.7213152468608333e+18,-1.0,29.91,-1.0,13.92,-1.0,30.35,13.0,0.0,0.0,0.0,0.0,0.0,0.0,0.0,1.7213152468654e+18,0.0,601.526074,-158.725195,-388.106543,-130.275879,28.278809,149.501953,1.0,665.261719,-156.269531,-378.61875,-118.586426,37.111816,5.053711,2.0,427.62041,12.724805,-168.882715,-155.412598,31.464844,51.328125,3.0,407.082129,-29.133105,-156.381152,-152.797852,26.30127,-162.026367
1721315246900000000,1.7213152468608333e+18,-1.0,29.91,-1.0,13.92,-1.0,30.35,13.0,0.0,0.0,0.0,0.0,0.0,0.0,0.0,1.7213152468984998e+18,0.0,601.414453,-159.394922,-386.878711,-130.407715,28.190918,149.545898,1.0,665.708203,-157.274121,-378.060645,-118.806152,37.067871,5.075684,2.0,427.508789,13.28291,-166.31543,-156.269531,31.35498,50.317383,3.0,407.640234,-29.356348,-154.706836,-153.566895,26.30127,-163.256836
1721315246933333333,1.7213152469103798e+18,-1.0,29.7,-1.0,13.74,-1.0,28.41,13.0,0.0,0.0,0.0,0.0,0.0,0.0,0.0,1.7213152469316e+18,0.0,601.526074,-160.064648,-386.878711,-130.36377,28.125,149.699707,1.0,665.261719,-157.274121,-377.167676,-118.652344,36.89209,5.185547,2.0,428.290137,15.29209,-163.636523,-156.115723,31.838379,49.855957,3.0,408.756445,-28.016895,-153.255762,-153.413086,26.608887,-163.674316
1721315246966666666,1.721315246959379e+18,-1.0,29.91,-1.0,13.74,-1.0,29.7,13.0,0.0,0.0,0.0,0.0,0.0,0.0,0.0,1.7213152469646e+18,0.0,601.972559,-160.17627,-387.101953,-130.297852,28.190918,149.787598,1.0,665.708203,-156.046289,-376.832812,-118.45459,37.023926,5.163574,2.0,429.741211,15.626953,-161.180859,-156.467285,32.387695,49.614258,3.0,409.426172,-27.458789,-151.804688,-153.500977,26.916504,-163.78418
1721315247000000000,1.721315246959379e+18,-1.0,29.91,-1.0,13.74,-1.0,29.7,13.0,0.0,0.0,0.0,0.0,0.0,0.0,0.0,1.7213152469977e+18,0.0,602.307422,-160.064648,-386.990332,-130.36377,28.278809,149.72168,1.0,666.712793,-155.934668,-376.274707,-118.54248,37.199707,5.075684,2.0,429.964453,15.626953,-158.948437,-156.862793,32.717285,49.724121,3.0,409.314551,-27.458789,-149.907129,-153.69873,27.13623,-163.520508
1721315247033333333,1.7213152470089144e+18,-1.0,29.7,-1.0,14.28,-1.0,29.91,13.0,0.0,0.0,0.0,0.0,0.0,0.0,0.0,1.7213152470308e+18,0.0,602.08418,-160.064648,-387.101953,-130.45166,28.168945,149.699707,1.0,666.154687,-157.832227,-375.60498,-118.916016,36.97998,5.031738,2.0,429.852832,16.29668,-158.16709,-156.555176,32.937012,50.361328,3.0,409.091309,-26.007715,-147.897949,-153.259277,27.312012,-162.421875
1721315247066666666,1.721315247057914e+18,-1.0,29.7,-1.0,15.37,-1.0,45.62,13.0,0.0,0.0,0.0,0.0,0.0,0.0,0.0,1.7213152470639e+18,0.0,601.860937,-159.729785,-387.436816,-130.341797,28.125,149.72168,1.0,665.37334,-157.832227,-375.270117,-118.762207,36.89209,5.141602,2.0,430.857422,18.752344,-156.827637,-155.544434,33.684082,51.240234,3.0,409.426172,-24.779883,-146.223633,-152.600098,27.971191,-161.05957
1721315247100000000,1.721315247057914e+18,-1.0,29.7,-1.0,15.37,-1.0,45.62,13.0,0.0,0.0,0.0,0.0,0.0,0.0,0.0,1.7213152470969e+18,0.0,602.195801,-159.506543,-387.548437,-130.297852,28.256836,149.699707,1.0,665.484961,-157.608984,-375.493359,-118.740234,37.001953,5.141602,2.0,431.415527,19.645312,-155.711426,-155.368652,34.233398,51.657715,3.0,408.979687,-23.328809,-145.107422,-152.512207,28.432617,-160.664062
1721315247133333333,1.721315247107448e+18,-1.0,29.7,-1.0,15.92,-1.0,46.39,13.0,0.0,0.0,0.0,0.0,0.0,0.0,0.0,1.72131524713e+18,0.0,602.419043,-159.506543,-387.883301,-130.429688,28.278809,149.589844,1.0,665.819824,-157.1625,-375.939844,-118.850098,37.089844,5.053711,2.0,430.187695,21.208008,-156.381152,-154.841309,33.793945,52.602539,3.0,408.086719,-20.538281,-145.553906,-151.940918,27.773438,-160.070801
1721315247166666666,1.7213152471564506e+18,-1.0,29.91,-1.0,17.23,-1.0,48.99,13.0,0.0,0.0,0.0,0.0,0.0,0.0,0.0,1.7213152471631e+18,0.0,601.860937,-158.725195,-389.334375,-130.407715,28.081055,149.414062,1.0,665.261719,-156.939258,-376.497949,-118.916016,36.936035,4.987793,2.0,429.852832,24.221777,-156.492773,-153.852539,33.815918,53.613281,3.0,408.19834,-17.524512,-145.219043,-151.083984,27.487793,-158.950195
1721315247200000000,1.7213152471564506e+18,-1.0,29.91,-1.0,17.23,-1.0,48.99,13.0,0.0,0.0,0.0,0.0,0.0,0.0,0.0,1.7213152471998e+18,0.0,601.637695,-157.1625,-390.450586,-130.12207,28.081055,149.370117,1.0,665.038477,-155.041699,-377.390918,-118.608398,36.89209,4.899902,2.0,430.299316,26.342578,-156.046289,-153.28125,34.101562,54.008789,3.0,408.533203,-16.29668,-144.88418,-150.688477,27.509766,-158.203125
1721315247233333333,1.7213152472052132e+18,-1.0,29.91,-1.0,17.23,-1.0,47.16,13.0,0.0,0.0,0.0,0.0,0.0,0.0,0.0,1.7213152472328998e+18,0.0,601.972559,-157.497363,-390.673828,-130.231934,28.168945,149.348145,1.0,665.484961,-154.930078,-377.837402,-118.652344,37.023926,4.855957,2.0,430.299316,26.677441,-156.716016,-153.303223,33.969727,54.42627,3.0,408.309961,-15.29209,-144.995801,-150.666504,27.290039,-157.895508
1721315247266666666,1.7213152472547095e+18,-1.0,29.91,-1.0,16.29,-1.0,48.72,13.0,0.0,0.0,0.0,0.0,0.0,0.0,0.0,1.721315247266e+18,0.0,602.195801,-158.501953,-390.562207,-130.36377,28.015137,149.414062,1.0,665.819824,-154.930078,-378.060645,-118.78418,37.023926,4.746094,2.0,428.848242,30.58418,-158.055469,-152.138672,33.508301,55.415039,3.0,407.19375,-12.948047,-145.330664,-149.963379,26.630859,-156.994629
1721315247300000000,1.7213152472547095e+18,-1.0,29.91,-1.0,16.29,-1.0,48.72,13.0,0.0,0.0,0.0,0.0,0.0,0.0,0.0,1.7213152472991e+18,0.0,601.637695,-158.390332,-390.227344,-130.231934,27.905273,149.567871,1.0,665.37334,-154.818457,-378.172266,-118.740234,36.936035,4.790039,2.0,429.741211,34.602539,-157.832227,-150.908203,33.793945,56.162109,3.0,407.305371,-9.934277,-144.772559,-148.996582,26.806641,-156.555176
1721315247333333333,1.7213152473032312e+18,-1.0,29.91,-1.0,15.92,-1.0,52.46,13.0,0.0,0.0,0.0,0.0,0.0,0.0,0.0,1.7213152473320998e+18,0.0,601.749316,-157.1625,-390.450586,-130.03418,27.993164,149.545898,1.0,665.261719,-154.818457,-378.172266,-118.630371,37.023926,4.899902,2.0,430.410937,36.611719,-157.720605,-150.666504,33.991699,56.645508,3.0,407.751855,-7.366992,-144.88418,-148.557129,26.872559,-156.489258
1721315247366666666,1.7213152473522447e+18,-1.0,30.13,-1.0,20.48,-1.0,50.58,13.0,0.0,0.0,0.0,0.0,0.0,0.0,0.0,1.7213152473652e+18,0.0,601.749316,-157.608984,-390.227344,-130.166016,28.081055,149.523926,1.0,665.038477,-155.823047,-378.730371,-118.828125,37.067871,4.855957,2.0,429.071484,38.620898,-158.836816,-150.205078,33.464355,57.436523,3.0,407.416992,-4.911328,-145.219043,-148.161621,26.586914,-155.983887
1721315247400000000,1.7213152473522447e+18,-1.0,30.13,-1.0,20.48,-1.0,50.58,13.0,0.0,0.0,0.0,0.0,0.0,0.0,0.0,1.7213152473983e+18,0.0,601.191211,-158.390332,-390.115723,-130.275879,27.949219,149.523926,1.0,665.038477,-156.15791,-378.953613,-118.894043,36.936035,4.855957,2.0,428.848242,43.085742,-159.394922,-148.974609,33.354492,58.293457,3.0,407.416992,-1.451074,-145.219043,-147.194824,26.279297,-155.126953
1721315247433333333,1.7213152474012431e+18,-1.0,29.91,-1.0,17.98,-1.0,51.11,13.0,0.0,0.0,0.0,0.0,0.0,0.0,0.0,1.7213152474314e+18,0.0,600.521484,-158.836816,-390.004102,-130.209961,27.905273,149.611816,1.0,664.926855,-155.711426,-378.060645,-118.54248,36.848145,5.053711,2.0,430.076074,46.657617,-158.501953,-148.117676,33.815918,58.974609,3.0,408.19834,1.562695,-144.995801,-146.469727,26.499023,-154.753418
1721315247466666666,1.7213152474507597e+18,-1.0,29.91,-1.0,16.85,-1.0,32.55,13.0,0.0,0.0,0.0,0.0,0.0,0.0,0.0,1.7213152474644e+18,0.0,600.744727,-160.064648,-389.111133,-130.253906,28.015137,149.765625,1.0,665.484961,-156.604395,-376.721191,-118.476562,37.045898,5.185547,2.0,430.522559,47.662207,-158.613574,-148.139648,33.859863,59.47998,3.0,408.309961,4.018359,-145.665527,-146.271973,26.520996,-154.643555
1721315247500000000,1.7213152474957724e+18,-1.0,29.91,-1.0,13.56,-1.0,33.89,14.0,0.0,0.0,0.0,0.0,0.0,0.0,0.0,1.7213152474975e+18,0.0,600.298242,-160.845996,-388.329785,-130.407715,27.949219,149.743652,1.0,665.038477,-158.055469,-376.274707,-118.718262,37.045898,5.141602,2.0,428.848242,50.452734,-159.953027,-147.414551,33.178711,60.314941,3.0,407.751855,6.027539,-146.335254,-145.92041,26.081543,-154.094238
1721315247533333333,1.7213152474957724e+18,-1.0,29.91,-1.0,13.56,-1.0,33.89,14.0,0.0,0.0,0.0,0.0,0.0,0.0,0.0,1.7213152475306002e+18,0.0,600.075,-160.734375,-388.441406,-130.385742,27.839355,149.72168,1.0,664.591992,-158.278711,-376.274707,-118.740234,36.936035,5.185547,2.0,429.964453,54.13623,-160.17627,-146.491699,33.508301,60.864258,3.0,408.421582,9.487793,-145.88877,-144.953613,26.257324,-153.457031
1721315247566666666,1.7213152475453228e+18,-1.0,29.91,-1.0,13.2,-1.0,33.66,13.0,0.0,0.0,0.0,0.0,0.0,0.0,0.0,1.7213152475637e+18,0.0,600.409863,-159.953027,-388.218164,-130.209961,27.927246,149.787598,1.0,664.926855,-158.390332,-375.381738,-118.498535,36.936035,5.383301,2.0,430.63418,56.257031,-159.841406,-146.206055,33.771973,60.930176,3.0,408.868066,11.831836,-145.777148,-144.492188,26.477051,-153.28125
1721315247600000000,1.7213152475943204e+18,-1.0,29.91,-1.0,15.37,-1.0,32.32,13.0,0.0,0.0,0.0,0.0,0.0,0.0,0.0,1.7213152475967e+18,0.0,600.633105,-160.734375,-388.106543,-130.319824,28.037109,149.831543,1.0,665.819824,-159.060059,-375.046875,-118.608398,37.155762,5.383301,2.0,430.187695,57.373242,-160.511133,-146.359863,33.640137,60.952148,3.0,408.756445,12.724805,-146.446875,-144.536133,26.433105,-153.325195
1721315247633333333,1.7213152475943204e+18,-1.0,29.91,-1.0,15.37,-1.0,32.32,13.0,0.0,0.0,0.0,0.0,0.0,0.0,0.0,1.7213152476298002e+18,0.0,600.409863,-161.404102,-388.329785,-130.473633,27.949219,149.80957,1.0,665.708203,-159.17168,-375.046875,-118.740234,37.111816,5.29541,2.0,428.290137,59.605664,-162.743555,-145.898438,32.893066,61.413574,3.0,407.640234,13.394531,-147.786328,-144.448242,25.927734,-153.193359
1721315247666666666,1.7213152476438295e+18,-1.0,29.91,-1.0,14.64,-1.0,28.63,13.0,0.0,0.0,0.0,0.0,0.0,0.0,0.0,1.7213152476666e+18,0.0,600.744727,-160.845996,-388.218164,-130.341797,27.927246,149.831543,1.0,665.37334,-159.060059,-375.046875,-118.696289,37.001953,5.273438,2.0,429.183105,60.498633,-162.631934,-145.656738,33.200684,61.677246,3.0,407.640234,14.733984,-148.121191,-143.986816,26.05957,-153.039551
1721315247700000000,1.7213152476928458e+18,-1.0,29.91,-1.0,13.92,-1.0,30.13,13.0,0.0,0.0,0.0,0.0,0.0,0.0,0.0,1.7213152476996e+18,0.0,601.191211,-160.845996,-387.994922,-130.319824,28.059082,149.831543,1.0,665.484961,-158.16709,-375.381738,-118.608398,37.133789,5.185547,2.0,428.959863,59.828906,-163.190039,-146.140137,33.068848,61.369629,3.0,407.751855,15.068848,-148.456055,-144.030762,26.103516,-153.215332
1721315247733333333,1.7213152476928458e+18,-1.0,29.91,-1.0,13.92,-1.0,30.13,13.0,0.0,0.0,0.0,0.0,0.0,0.0,0.0,1.7213152477327002e+18,0.0,601.749316,-161.850586,-388.218164,-130.649414,28.103027,149.611816,1.0,666.043066,-158.278711,-375.939844,-118.828125,37.22168,5.053711,2.0,427.508789,57.931348,-164.30625,-146.99707,32.387695,60.754395,3.0,407.19375,13.952637,-150.241992,-144.580078,25.686035,-154.116211
1721315247766666666,1.7213152477413857e+18,-1.0,29.91,-1.0,11.6,-1.0,23.25,13.0,0.0,0.0,0.0,0.0,0.0,0.0,0.0,1.7213152477658e+18,0.0,601.414453,-160.511133,-389.557617,-130.759277,27.817383,149.216309,1.0,665.931445,-158.613574,-377.167676,-119.223633,37.001953,4.833984,2.0,426.169336,57.15,-166.31543,-147.32666,31.640625,59.743652,3.0,406.412402,11.385352,-152.586035,-145.17334,25.048828,-155.192871
1721315247800000000,1.7213152477903808e+18,-1.0,29.7,-1.0,9.69,-1.0,24.66,13.0,0.0,0.0,0.0,0.0,0.0,0.0,0.0,1.7213152477988e+18,0.0,601.526074,-159.618164,-389.445996,-130.517578,27.817383,149.326172,1.0,666.154687,-156.827637,-376.944434,-118.828125,37.023926,4.987793,2.0,426.280957,54.917578,-167.878125,-148.007812,31.728516,58.359375,3.0,406.970508,9.711035,-153.590625,-145.568848,25.290527,-155.76416
1721315247833333333,1.7213152477903808e+18,-1.0,29.7,-1.0,9.69,-1.0,24.66,13.0,0.0,0.0,0.0,0.0,0.0,0.0,0.0,1.7213152478319e+18,0.0,601.972559,-159.618164,-389.334375,-130.517578,27.927246,149.370117,1.0,666.489551,-155.823047,-377.279297,-118.806152,37.199707,4.87793,2.0,426.169336,50.00625,-169.887305,-149.282227,31.662598,57.524414,3.0,406.747266,6.362402,-156.381152,-146.557617,25.224609,-156.467285
1721315247866666666,1.7213152478405614e+18,-1.0,29.91,-1.0,11.25,-1.0,21.26,13.0,0.0,0.0,0.0,0.0,0.0,0.0,0.0,1.721315247865e+18,0.0,602.195801,-159.506543,-389.445996,-130.627441,27.905273,149.326172,1.0,666.154687,-156.269531,-377.725781,-118.981934,37.199707,4.746094,2.0,425.387988,45.541406,-173.124316,-149.831543,31.26709,57.458496,3.0,405.407812,2.120801,-159.17168,-147.370605,24.763184,-156.42334
1721315247900000000,1.7213152478895718e+18,-1.0,29.7,-1.0,10.21,-1.0,14.64,13.0,0.0,0.0,0.0,0.0,0.0,0.0,0.0,1.7213152478981e+18,0.0,602.195801,-158.613574,-390.338965,-130.517578,27.70752,149.282227,1.0,665.150098,-156.269531,-379.176855,-119.135742,37.023926,4.54834,2.0,427.173926,42.192773,-177.142676,-149.370117,31.530762,57.766113,3.0,406.18916,-0.892969,-161.404102,-147.282715,24.960938,-155.43457
1721315247933333333,1.7213152478895718e+18,-1.0,29.7,-1.0,10.21,-1.0,14.64,13.0,0.0,0.0,0.0,0.0,0.0,0.0,0.0,1.7213152479311e+18,0.0,602.419043,-157.385742,-390.450586,-130.166016,27.70752,149.39209,1.0,664.703613,-155.15332,-379.734961,-118.937988,37.001953,4.460449,2.0,427.843652,37.281445,-180.937793,-149.787598,31.091309,57.502441,3.0,406.18916,-7.032129,-164.083008,-147.897949,25.532227,-154.006348
1721315247966666666,1.7213152479341207e+18,-1.0,29.7,-1.0,12.13,-1.0,3.1,13.0,0.0,0.0,0.0,0.0,0.0,0.0,0.0,1.7213152479642e+18,0.0,602.753906,-157.720605,-390.450586,-130.253906,27.817383,149.39209,1.0,665.261719,-155.823047,-379.734961,-119.025879,37.133789,4.438477,2.0,427.397168,32.258496,-187.188574,-151.171875,29.443359,56.074219,3.0,403.06377,-13.28291,-166.092187,-148.557129,26.015625,-152.731934
1721315248000000000,1.7213152479711188e+18,-1.0,29.7,-1.0,12.66,-1.0,-1.0,13.0,0.0,0.0,0.0,0.0,0.0,0.0,0.0,1.7213152479973e+18,0.0,602.419043,-158.390332,-390.450586,-130.385742,27.70752,149.39209,1.0,665.261719,-156.827637,-379.288477,-119.11377,37.001953,4.482422,2.0,427.955273,28.798242,-189.420996,-150.710449,28.168945,56.623535,3.0,402.05918,-12.948047,-167.208398,-148.183594,26.499023,-152.556152
1721315248033333333,1.721315248007648e+18,-1.0,29.7,-1.0,12.48,-1.0,-1.0,13.0,0.0,0.0,0.0,0.0,0.0,0.0,0.0,1.7213152480304e+18,0.0,602.419043,-158.055469,-390.227344,-130.187988,27.641602,149.523926,1.0,665.150098,-156.269531,-379.400098,-118.959961,36.89209,4.54834,2.0,427.843652,27.905273,-190.313965,-149.458008,27.487793,56.865234,3.0,404.961328,-13.617773,-166.427051,-147.546387,28.344727,-151.303711
1721315248066666666,1.7213152480446572e+18,-1.0,29.91,-1.0,13.74,-1.0,-1.0,13.0,0.0,0.0,0.0,0.0,0.0,0.0,0.0,1.7213152480634e+18,0.0,602.419043,-157.385742,-390.338965,-129.990234,27.79541,149.589844,1.0,665.150098,-154.930078,-380.181445,-118.696289,36.914062,4.438477,2.0,427.843652,24.779883,-193.327734,-149.545898,25.554199,56.645508,3.0,405.18457,-18.752344,-167.543262,-148.029785,29.94873,-150.556641
1721315248100000000,1.7213152480816594e+18,-1.0,29.7,-1.0,12.84,-1.0,-1.0,13.0,0.0,0.0,0.0,0.0,0.0,0.0,0.0,1.7213152480965e+18,0.0,602.753906,-157.943848,-390.338965,-130.187988,27.861328,149.567871,1.0,665.261719,-155.15332,-380.62793,-118.87207,36.958008,4.306641,2.0,426.280957,22.659082,-195.113672,-149.194336,22.961426,56.887207,3.0,403.733496,-23.552051,-167.096777,-148.205566,31.530762,-149.941406
1721315248133333333,1.7213152481181893e+18,-1.0,29.7,-1.0,13.02,-1.0,-1.0,13.0,0.0,0.0,0.0,0.0,0.0,0.0,0.0,1.7213152481333e+18,0.0,602.865527,-158.278711,-389.669238,-130.209961,27.773438,149.655762,1.0,664.815234,-155.599805,-380.181445,-118.916016,36.782227,4.350586,2.0,426.839062,20.538281,-196.341504,-148.688965,21.09375,57.700195,3.0,404.068359,-25.003125,-165.645703,-147.32666,33.376465,-149.282227
1721315248166666666,1.7213152481181893e+18,-1.0,29.7,-1.0,13.02,-1.0,-1.0,13.0,0.0,0.0,0.0,0.0,0.0,0.0,0.0,1.7213152481663002e+18,0.0,602.865527,-157.943848,-388.887891,-129.968262,27.817383,149.875488,1.0,664.815234,-155.599805,-379.176855,-118.652344,36.782227,4.570312,2.0,427.285547,17.859375,-196.453125,-148.798828,20.061035,58.249512,3.0,405.18457,-27.123926,-163.190039,-146.755371,34.694824,-148.447266
1721315248200000000,1.721315248167189e+18,-1.0,29.91,-1.0,13.92,-1.0,1.69,13.0,0.0,0.0,0.0,0.0,0.0,0.0,0.0,1.7213152481994e+18,0.0,603.08877,-158.16709,-388.553027,-129.990234,27.993164,149.897461,1.0,665.596582,-156.046289,-378.283887,-118.674316,37.023926,4.614258,2.0,427.62041,13.394531,-196.899609,-149.589844,18.676758,58.666992,3.0,405.18457,-29.691211,-161.738965,-146.711426,35.222168,-148.07373
1721315248233333333,1.721315248212773e+18,-1.0,29.91,-1.0,12.66,-1.0,3.9,13.0,0.0,0.0,0.0,0.0,0.0,0.0,0.0,1.7213152482325e+18,0.0,603.312012,-159.729785,-387.994922,-130.275879,27.927246,149.941406,1.0,665.819824,-156.604395,-377.837402,-118.828125,37.001953,4.570312,2.0,426.392578,11.608594,-197.457715,-149.743652,17.402344,58.601074,3.0,404.626465,-31.58877,-161.069238,-146.777344,35.068359,-147.98584
1721315248266666666,1.7213152482617623e+18,-1.0,29.7,-1.0,11.78,-1.0,3.58,13.0,0.0,0.0,0.0,0.0,0.0,0.0,0.0,1.7213152482656e+18,0.0,603.200391,-161.515723,-386.76709,-130.36377,27.79541,150.161133,1.0,665.819824,-156.827637,-377.61416,-118.78418,36.870117,4.63623,2.0,427.397168,11.608594,-196.118262,-149.47998,17.62207,57.612305,3.0,405.296191,-33.932812,-159.841406,-146.66748,35.024414,-147.678223
1721315248300000000,1.7213152482617623e+18,-1.0,29.7,-1.0,11.78,-1.0,3.58,13.0,0.0,0.0,0.0,0.0,0.0,0.0,0.0,1.7213152482986e+18,0.0,603.08877,-161.404102,-385.985742,-130.253906,27.883301,150.270996,1.0,665.931445,-156.381152,-377.167676,-118.608398,36.914062,4.746094,2.0,429.517969,8.259961,-193.216113,-150.578613,18.259277,56.074219,3.0,407.528613,-36.165234,-158.501953,-147.590332,35.617676,-148.359375
1721315248333333333,1.7213152483113052e+18,-1.0,29.91,-1.0,12.84,-1.0,8.5,13.0,0.0,0.0,0.0,0.0,0.0,0.0,0.0,1.7213152483317e+18,0.0,603.200391,-161.627344,-385.7625,-130.429688,28.037109,150.117188,1.0,666.37793,-156.827637,-377.056055,-118.718262,37.023926,4.746094,2.0,430.522559,6.027539,-191.87666,-151.743164,18.632812,55.59082,3.0,408.421582,-36.946582,-158.836816,-149.194336,35.991211,-149.699707
1721315248366666666,1.721315248356309e+18,-1.0,29.91,-1.0,13.2,-1.0,9.01,13.0,0.0,0.0,0.0,0.0,0.0,0.0,0.0,1.7213152483648e+18,0.0,602.530664,-162.185449,-385.7625,-130.627441,27.817383,149.985352,1.0,666.266309,-157.720605,-376.721191,-118.894043,36.97998,4.724121,2.0,430.63418,5.469434,-191.653418,-152.160645,18.632812,55.986328,3.0,408.756445,-37.169824,-158.613574,-149.611816,36.035156,-149.501953
1721315248400000000,1.721315248356309e+18,-1.0,29.91,-1.0,13.2,-1.0,9.01,13.0,0.0,0.0,0.0,0.0,0.0,0.0,0.0,1.7213152483979e+18,0.0,602.08418,-160.734375,-386.543848,-130.36377,27.751465,149.897461,1.0,666.266309,-157.274121,-376.497949,-118.762207,36.936035,4.746094,2.0,433.647949,6.808887,-190.87207,-151.45752,19.313965,57.546387,3.0,409.984277,-36.276855,-157.943848,-148.864746,36.276855,-148.491211
1721315248433333333,1.7213152484056274e+18,-1.0,29.91,-1.0,12.66,-1.0,13.74,13.0,0.0,0.0,0.0,0.0,0.0,0.0,0.0,1.7213152484309002e+18,0.0,601.860937,-160.622754,-386.655469,-130.319824,27.839355,149.897461,1.0,666.266309,-156.604395,-376.163086,-118.652344,37.045898,4.702148,2.0,435.322266,5.915918,-190.537207,-151.303711,19.35791,58.623047,3.0,411.32373,-35.607129,-157.1625,-147.722168,36.364746,-146.843262
1721315248466666666,1.7213152484546335e+18,-1.0,29.7,-1.0,12.13,-1.0,16.85,13.0,0.0,0.0,0.0,0.0,0.0,0.0,0.0,1.721315248464e+18,0.0,602.195801,-161.29248,-387.213574,-130.517578,27.883301,149.80957,1.0,666.601172,-156.827637,-376.274707,-118.916016,37.177734,4.54834,2.0,434.987402,6.474023,-192.434766,-150.864258,18.61084,59.677734,3.0,410.988867,-36.165234,-157.497363,-147.106934,35.793457,-145.524902
1721315248500000000,1.7213152484546335e+18,-1.0,29.7,-1.0,12.13,-1.0,16.85,13.0,0.0,0.0,0.0,0.0,0.0,0.0,0.0,1.7213152484971e+18,0.0,602.195801,-161.850586,-387.436816,-130.627441,27.79541,149.765625,1.0,666.043066,-158.390332,-375.716602,-119.069824,36.804199,4.592285,2.0,435.991992,9.264551,-193.662598,-149.72168,18.347168,61.062012,3.0,411.546973,-35.607129,-157.720605,-145.942383,35.354004,-143.986816
1721315248533333333,1.7213152485036416e+18,-1.0,29.91,-1.0,12.13,-1.0,17.23,13.0,0.0,0.0,0.0,0.0,0.0,0.0,0.0,1.7213152485302e+18,0.0,602.08418,-160.287891,-387.994922,-130.45166,27.839355,149.677734,1.0,666.043066,-157.050879,-376.163086,-118.78418,36.738281,4.592285,2.0,437.443066,11.608594,-193.439355,-148.798828,18.566895,62.138672,3.0,413.221289,-33.151465,-157.050879,-144.404297,35.529785,-142.69043
1721315248566666666,1.7213152485529723e+18,-1.0,29.91,-1.0,13.02,-1.0,20.28,13.0,0.0,0.0,0.0,0.0,0.0,0.0,0.0,1.7213152485632e+18,0.0,602.08418,-158.836816,-388.441406,-130.407715,27.993164,149.523926,1.0,666.601172,-156.046289,-376.832812,-118.718262,36.89209,4.504395,2.0,437.889551,10.269141,-194.443945,-149.238281,18.215332,62.600098,3.0,413.556152,-32.816602,-156.716016,-144.206543,35.441895,-142.229004
1721315248600000000,1.7213152485529723e+18,-1.0,29.91,-1.0,13.02,-1.0,20.28,13.0,0.0,0.0,0.0,0.0,0.0,0.0,0.0,1.7213152486e+18,0.0,601.972559,-158.613574,-389.111133,-130.539551,27.905273,149.370117,1.0,666.824414,-156.046289,-377.837402,-118.894043,36.826172,4.394531,2.0,437.331445,11.943457,-194.332324,-148.864746,17.797852,63.303223,3.0,413.444531,-32.035254,-156.827637,-143.85498,35.024414,-141.745605
1721315248633333333,1.721315248601986e+18,-1.0,29.91,-1.0,12.31,-1.0,28.84,13.0,0.0,0.0,0.0,0.0,0.0,0.0,0.0,1.721315248633e+18,0.0,601.302832,-158.725195,-389.669238,-130.517578,27.751465,149.370117,1.0,666.489551,-155.488184,-379.288477,-118.806152,36.694336,4.328613,2.0,438.447656,14.399121,-194.109082,-148.007812,17.95166,63.742676,3.0,414.449121,-30.137695,-156.492773,-143.041992,34.936523,-141.196289
1721315248666666666,1.7213152486515e+18,-1.0,29.91,-1.0,12.84,-1.0,30.13,13.0,0.0,0.0,0.0,0.0,0.0,0.0,0.0,1.7213152486661e+18,0.0,601.414453,-158.16709,-390.115723,-130.319824,27.773438,149.47998,1.0,665.484961,-154.595215,-380.851172,-118.586426,36.760254,4.328613,2.0,439.340625,14.510742,-193.88584,-147.919922,17.973633,63.984375,3.0,415.676953,-28.909863,-155.376562,-142.536621,35.068359,-140.690918
1721315248700000000,1.7213152486515e+18,-1.0,29.91,-1.0,12.84,-1.0,30.13,13.0,0.0,0.0,0.0,0.0,0.0,0.0,0.0,1.7213152486992e+18,0.0,601.972559,-158.055469,-390.227344,-130.385742,27.839355,149.458008,1.0,665.708203,-155.376562,-380.962793,-118.78418,36.97998,4.350586,2.0,440.456836,13.171289,-193.774219,-148.227539,17.666016,64.709473,3.0,416.235059,-29.021484,-154.483594,-142.492676,34.892578,-140.229492
1721315248733333333,1.7213152487005256e+18,-1.0,29.91,-1.0,9.69,-1.0,29.05,13.0,0.0,0.0,0.0,0.0,0.0,0.0,0.0,1.7213152487323e+18,0.0,601.860937,-157.832227,-390.338965,-130.45166,27.79541,149.39209,1.0,665.150098,-155.599805,-381.186035,-118.894043,36.89209,4.306641,2.0,440.90332,14.2875,-193.997461,-147.832031,17.182617,65.544434,3.0,416.569922,-29.244727,-154.371973,-142.250977,34.299316,-139.702148
1721315248766666666,1.7213152487450614e+18,-1.0,29.91,-1.0,9.35,-1.0,35.02,13.0,0.0,0.0,0.0,0.0,0.0,0.0,0.0,1.7213152487653e+18,0.0,601.860937,-156.827637,-390.785449,-130.275879,27.773438,149.39209,1.0,664.480371,-155.041699,-381.520898,-118.718262,36.738281,4.350586,2.0,442.019531,16.519922,-193.997461,-147.194824,17.226562,65.67627,3.0,417.462891,-28.351758,-154.14873,-141.70166,34.299316,-139.614258
1721315248800000000,1.7213152487946312e+18,-1.0,29.91,-1.0,9.52,-1.0,30.35,13.0,0.0,0.0,0.0,0.0,0.0,0.0,0.0,1.7213152487984e+18,0.0,601.860937,-156.827637,-390.562207,-130.209961,27.905273,149.501953,1.0,664.591992,-155.376562,-380.851172,-118.608398,36.804199,4.482422,2.0,442.800879,15.961816,-193.104492,-147.502441,17.358398,65.478516,3.0,418.244238,-27.905273,-153.813867,-141.723633,34.453125,-140.009766
1721315248833333333,1.7213152487946312e+18,-1.0,29.91,-1.0,9.52,-1.0,30.35,13.0,0.0,0.0,0.0,0.0,0.0,0.0,0.0,1.7213152488315e+18,0.0,601.860937,-157.274121,-390.338965,-130.319824,27.949219,149.523926,1.0,664.480371,-155.599805,-380.962793,-118.718262,36.89209,4.394531,2.0,442.577637,14.622363,-192.434766,-148.183594,16.940918,65.039062,3.0,418.913965,-28.686621,-153.813867,-142.514648,34.189453,-141.086426
1721315248866666666,1.7213152488437043e+18,-1.0,29.91,-1.0,9.86,-1.0,32.77,13.0,0.0,0.0,0.0,0.0,0.0,0.0,0.0,1.7213152488646e+18,0.0,601.749316,-157.497363,-390.115723,-130.275879,27.79541,149.567871,1.0,663.922266,-156.15791,-380.739551,-118.762207,36.738281,4.460449,2.0,442.577637,15.29209,-191.318555,-148.161621,16.896973,64.731445,3.0,419.918555,-29.133105,-152.920898,-142.77832,34.07959,-142.009277
1721315248900000000,1.721315248892733e+18,-1.0,29.91,-1.0,10.38,-1.0,32.55,13.0,0.0,0.0,0.0,0.0,0.0,0.0,0.0,1.7213152488976e+18,0.0,601.637695,-157.050879,-390.338965,-130.078125,27.773438,149.611816,1.0,663.922266,-156.15791,-380.293066,-118.608398,36.760254,4.592285,2.0,443.91709,15.961816,-189.979102,-148.227539,17.20459,64.02832,3.0,422.150977,-30.249316,-151.469824,-143.195801,34.343262,-142.910156
1721315248933333333,1.721315248892733e+18,-1.0,29.91,-1.0,10.38,-1.0,32.55,13.0,0.0,0.0,0.0,0.0,0.0,0.0,0.0,1.7213152489307e+18,0.0,601.860937,-157.274121,-389.89248,-130.100098,27.949219,149.633789,1.0,664.480371,-158.055469,-378.060645,-118.696289,37.045898,4.855957,2.0,444.251953,12.724805,-189.420996,-149.611816,17.072754,62.797852,3.0,422.932324,-32.258496,-151.916309,-144.887695,34.07959,-144.558105
1721315248966666666,1.7213152489377523e+18,-1.0,29.91,-1.0,11.43,-1.0,32.32,13.0,0.0,0.0,0.0,0.0,0.0,0.0,0.0,1.7213152489638e+18,0.0,601.972559,-157.832227,-389.780859,-130.209961,27.905273,149.611816,1.0,664.926855,-159.953027,-377.279297,-119.025879,37.045898,4.87793,2.0,443.582227,12.055078,-189.086133,-149.875488,16.940918,62.687988,3.0,422.709082,-32.481738,-153.03252,-145.50293,33.354492,-145.019531
1721315249000000000,1.721315248986745e+18,-1.0,29.91,-1.0,11.6,-1.0,32.77,13.0,0.0,0.0,0.0,0.0,0.0,0.0,0.0,1.7213152489969e+18,0.0,601.860937,-158.278711,-389.222754,-130.187988,27.839355,149.699707,1.0,664.591992,-160.511133,-377.167676,-118.981934,36.870117,4.943848,2.0,444.140332,12.501562,-189.197754,-149.633789,17.072754,62.666016,3.0,423.602051,-32.258496,-152.809277,-145.349121,33.134766,-144.799805
1721315249033333333,1.721315248986745e+18,-1.0,29.91,-1.0,11.6,-1.0,32.77,13.0,0.0,0.0,0.0,0.0,0.0,0.0,0.0,1.7213152490299e+18,0.0,601.972559,-158.613574,-388.553027,-130.12207,27.927246,149.853516,1.0,664.480371,-159.953027,-377.167676,-118.806152,36.848145,4.96582,2.0,445.814648,12.166699,-189.086133,-149.633789,17.29248,62.644043,3.0,424.829883,-32.481738,-152.251172,-145.50293,33.046875,-144.733887
1721315249066666666,1.721315249036272e+18,-1.0,29.91,-1.0,11.25,-1.0,33.44,13.0,0.0,0.0,0.0,0.0,0.0,0.0,0.0,1.721315249063e+18,0.0,602.642285,-160.064648,-387.325195,-130.319824,28.125,149.985352,1.0,665.261719,-159.506543,-376.386328,-118.762207,36.97998,4.943848,2.0,446.484375,10.938867,-189.420996,-150.183105,16.809082,62.446289,3.0,425.946094,-32.70498,-153.255762,-146.140137,32.145996,-144.909668
1721315249100000000,1.721315249085286e+18,-1.0,29.91,-1.0,11.43,-1.0,34.34,13.0,0.0,0.0,0.0,0.0,0.0,0.0,0.0,1.7213152490998e+18,0.0,602.865527,-160.734375,-386.878711,-130.473633,27.993164,149.963379,1.0,666.154687,-159.506543,-375.828223,-118.87207,36.826172,4.899902,2.0,446.149512,10.938867,-192.099902,-150.227051,15.776367,62.402344,3.0,426.950684,-32.928223,-153.702246,-145.876465,30.9375,-144.206543
1721315249133333333,1.721315249085286e+18,-1.0,29.91,-1.0,11.43,-1.0,34.34,13.0,0.0,0.0,0.0,0.0,0.0,0.0,0.0,1.7213152491328e+18,0.0,602.642285,-159.841406,-387.213574,-130.297852,27.949219,149.941406,1.0,666.043066,-158.725195,-376.274707,-118.608398,36.760254,4.921875,2.0,447.154102,12.836426,-192.434766,-149.501953,15.688477,62.578125,3.0,428.178516,-31.477148,-153.479004,-145.041504,30.498047,-143.986816
1721315249166666666,1.721315249134809e+18,-1.0,29.7,-1.0,11.43,-1.0,33.66,13.0,0.0,0.0,0.0,0.0,0.0,0.0,0.0,1.7213152491659e+18,0.0,602.530664,-159.618164,-387.436816,-130.297852,28.015137,149.897461,1.0,665.931445,-159.394922,-376.497949,-118.674316,36.826172,4.87793,2.0,447.712207,12.27832,-191.87666,-149.655762,15.710449,62.600098,3.0,428.513379,-32.258496,-154.371973,-145.480957,29.729004,-144.821777
1721315249200000000,1.7213152491838172e+18,-1.0,29.91,-1.0,11.95,-1.0,31.66,13.0,0.0,0.0,0.0,0.0,0.0,0.0,0.0,1.7213152491989998e+18,0.0,602.419043,-159.394922,-387.660059,-130.407715,28.015137,149.743652,1.0,666.266309,-159.953027,-377.390918,-118.937988,36.848145,4.658203,2.0,447.265723,12.389941,-192.099902,-149.567871,15.556641,62.775879,3.0,428.290137,-32.593359,-155.711426,-145.568848,27.729492,-145.415039
1721315249233333333,1.7213152492323768e+18,-1.0,29.91,-1.0,11.95,-1.0,33.21,13.0,0.0,0.0,0.0,0.0,0.0,0.0,0.0,1.7213152492321e+18,0.0,602.419043,-159.060059,-388.329785,-130.429688,27.883301,149.633789,1.0,666.601172,-159.729785,-377.725781,-118.959961,36.672363,4.63623,2.0,447.377344,13.059668,-192.211523,-149.040527,15.930176,63.479004,3.0,429.071484,-30.807422,-156.15791,-144.997559,26.916504,-145.568848
1721315249266666666,1.7213152492323768e+18,-1.0,29.91,-1.0,11.95,-1.0,33.21,13.0,0.0,0.0,0.0,0.0,0.0,0.0,0.0,1.7213152492651e+18,0.0,602.307422,-157.385742,-389.111133,-130.187988,27.883301,149.545898,1.0,666.601172,-158.390332,-378.507129,-118.718262,36.672363,4.658203,2.0,448.828418,13.617773,-191.87666,-148.623047,16.962891,64.072266,3.0,430.745801,-30.58418,-154.595215,-144.887695,26.784668,-145.349121
1721315249300000000,1.7213152492813837e+18,-1.0,29.91,-1.0,11.95,-1.0,30.13,13.0,0.0,0.0,0.0,0.0,0.0,0.0,0.0,1.7213152492981998e+18,0.0,602.530664,-157.720605,-389.334375,-130.253906,27.927246,149.545898,1.0,666.489551,-158.055469,-379.62334,-118.894043,36.870117,4.482422,2.0,449.274902,11.162109,-191.430176,-149.370117,17.182617,64.02832,3.0,431.303906,-31.812012,-154.930078,-146.008301,26.235352,-145.898438
1721315249333333333,1.721315249330912e+18,-1.0,29.91,-1.0,11.95,-1.0,23.45,13.0,0.0,0.0,0.0,0.0,0.0,0.0,0.0,1.7213152493313e+18,0.0,602.642285,-158.501953,-389.445996,-130.385742,27.79541,149.567871,1.0,665.931445,-157.1625,-381.074414,-119.135742,36.936035,4.152832,2.0,448.828418,11.050488,-191.988281,-149.633789,16.940918,63.918457,3.0,429.741211,-32.593359,-156.492773,-146.865234,25.180664,-146.206055
1721315249366666666,1.721315249330912e+18,-1.0,29.91,-1.0,11.95,-1.0,23.45,13.0,0.0,0.0,0.0,0.0,0.0,0.0,0.0,1.7213152493643e+18,0.0,602.530664,-157.720605,-390.115723,-130.187988,27.663574,149.567871,1.0,664.703613,-156.15791,-380.962793,-118.981934,36.804199,4.196777,2.0,448.270312,12.055078,-192.88125,-149.567871,16.809082,63.588867,3.0,430.076074,-31.812012,-157.050879,-146.711426,25.026855,-146.096191
1721315249400000000,1.7213152493799104e+18,-1.0,29.91,-1.0,11.78,-1.0,20.28,13.0,0.0,0.0,0.0,0.0,0.0,0.0,0.0,1.7213152493973998e+18,0.0,602.642285,-156.15791,-391.343555,-129.968262,27.79541,149.501953,1.0,664.480371,-154.818457,-380.516309,-118.586426,36.914062,4.394531,2.0,448.158691,12.389941,-193.104492,-149.611816,16.699219,63.083496,3.0,430.857422,-31.365527,-157.274121,-146.689453,25.026855,-146.184082
1721315249433333333,1.721315249429457e+18,-1.0,29.91,-1.0,12.31,-1.0,16.85,13.0,0.0,0.0,0.0,0.0,0.0,0.0,0.0,1.7213152494305e+18,0.0,603.200391,-157.1625,-391.008691,-130.144043,27.905273,149.567871,1.0,664.815234,-155.041699,-380.962793,-118.740234,37.111816,4.284668,2.0,446.707617,10.938867,-194.778809,-150.13916,15.336914,61.853027,3.0,431.415527,-31.812012,-158.390332,-147.150879,24.455566,-146.99707
1721315249466666666,1.721315249429457e+18,-1.0,29.91,-1.0,12.31,-1.0,16.85,13.0,0.0,0.0,0.0,0.0,0.0,0.0,0.0,1.7213152494636e+18,0.0,603.535254,-158.501953,-390.673828,-130.297852,27.729492,149.655762,1.0,664.815234,-154.706836,-381.409277,-118.828125,37.067871,4.21875,2.0,444.698437,12.27832,-197.01123,-149.589844,14.018555,61.435547,3.0,431.303906,-32.258496,-159.618164,-147.106934,22.961426,-148.601074
1721315249500000000,1.7213152494784622e+18,-1.0,29.91,-1.0,13.02,-1.0,18.36,13.0,0.0,0.0,0.0,0.0,0.0,0.0,0.0,1.7213152494965998e+18,0.0,603.312012,-158.501953,-390.115723,-130.12207,27.685547,149.765625,1.0,664.480371,-154.14873,-381.297656,-118.652344,37.023926,4.284668,2.0,444.810059,14.510742,-198.01582,-148.820801,13.491211,60.688477,3.0,432.420117,-32.816602,-160.064648,-147.128906,22.434082,-149.47998
1721315249533333333,1.721315249527985e+18,-1.0,29.91,-1.0,13.02,-1.0,16.48,13.0,0.0,0.0,0.0,0.0,0.0,0.0,0.0,1.7213152495297e+18,0.0,603.200391,-158.613574,-389.780859,-130.166016,27.839355,149.787598,1.0,664.815234,-154.037109,-380.739551,-118.630371,37.199707,4.372559,2.0,444.363574,11.608594,-197.904199,-149.655762,12.897949,59.831543,3.0,432.75498,-34.379297,-160.511133,-147.963867,22.148438,-150.644531
1721315249566666666,1.721315249527985e+18,-1.0,29.91,-1.0,13.02,-1.0,16.48,13.0,0.0,0.0,0.0,0.0,0.0,0.0,0.0,1.7213152495664998e+18,0.0,602.977148,-159.729785,-389.111133,-130.429688,27.905273,149.765625,1.0,665.596582,-154.930078,-379.288477,-118.718262,37.265625,4.526367,2.0,442.242773,11.27373,-199.355273,-150.007324,11.513672,59.260254,3.0,431.750391,-36.165234,-161.515723,-148.513184,21.159668,-150.952148
1721315249600000000,1.7213152495769805e+18,-1.0,29.91,-1.0,13.02,-1.0,15.37,13.0,0.0,0.0,0.0,0.0,0.0,0.0,0.0,1.7213152495995e+18,0.0,602.977148,-160.622754,-388.553027,-130.473633,27.773438,149.919434,1.0,665.038477,-156.046289,-378.730371,-118.762207,37.045898,4.658203,2.0,441.796289,12.613184,-201.699316,-149.611816,10.744629,58.798828,3.0,432.196875,-36.72334,-161.962207,-148.469238,20.961914,-150.88623
1721315249633333333,1.7213152496255263e+18,-1.0,29.91,-1.0,13.2,-1.0,14.46,13.0,0.0,0.0,0.0,0.0,0.0,0.0,0.0,1.7213152496326e+18,0.0,602.977148,-160.734375,-387.77168,-130.297852,27.773438,150.095215,1.0,664.815234,-156.15791,-378.060645,-118.476562,36.97998,4.855957,2.0,442.577637,13.059668,-202.927148,-149.370117,10.524902,58.293457,3.0,433.536328,-37.058203,-162.743555,-148.447266,20.874023,-151.062012
1721315249666666666,1.7213152496255263e+18,-1.0,29.91,-1.0,13.2,-1.0,14.46,13.0,0.0,0.0,0.0,0.0,0.0,0.0,0.0,1.7213152496656998e+18,0.0,602.419043,-161.738965,-386.990332,-130.517578,27.949219,150.117188,1.0,664.926855,-158.16709,-377.725781,-118.718262,37.199707,4.96582,2.0,442.466016,9.599414,-203.708496,-150.05127,10.283203,57.98584,3.0,434.540918,-38.955762,-164.641113,-148.952637,20.478516,-151.237793
1721315249700000000,1.721315249674537e+18,-1.0,29.91,-1.0,13.56,-1.0,15.37,13.0,0.0,0.0,0.0,0.0,0.0,0.0,0.0,1.7213152496988e+18,0.0,601.972559,-162.073828,-386.878711,-130.737305,27.861328,150.007324,1.0,664.703613,-159.618164,-377.390918,-118.959961,37.111816,4.943848,2.0,441.349805,9.041309,-206.052539,-149.875488,9.777832,58.095703,3.0,432.978223,-39.960352,-166.203809,-148.864746,19.665527,-150.314941
1721315249733333333,1.7213152497200548e+18,-1.0,29.91,-1.0,13.74,-1.0,15.74,13.0,0.0,0.0,0.0,0.0,0.0,0.0,0.0,1.7213152497318e+18,0.0,601.749316,-162.073828,-386.76709,-130.671387,27.773438,150.073242,1.0,664.815234,-159.729785,-376.721191,-118.850098,37.001953,5.031738,2.0,442.354395,9.934277,-207.391992,-149.128418,10.217285,58.601074,3.0,432.978223,-38.620898,-167.096777,-147.919922,19.841309,-148.996582
1721315249766666666,1.7213152497200548e+18,-1.0,29.91,-1.0,13.74,-1.0,15.74,13.0,0.0,0.0,0.0,0.0,0.0,0.0,0.0,1.7213152497649e+18,0.0,601.637695,-161.850586,-386.655469,-130.605469,27.839355,150.095215,1.0,665.37334,-159.060059,-376.274707,-118.652344,37.111816,5.031738,2.0,443.693848,8.483203,-209.17793,-149.238281,10.766602,58.930664,3.0,433.647949,-38.73252,-168.101367,-148.007812,20.039062,-148.64502
1721315249800000000,1.7213152497690578e+18,-1.0,29.7,-1.0,12.48,-1.0,15.74,13.0,0.0,0.0,0.0,0.0,0.0,0.0,0.0,1.721315249798e+18,0.0,601.860937,-161.738965,-386.878711,-130.671387,27.927246,150.007324,1.0,666.37793,-159.060059,-376.832812,-118.850098,37.331543,4.790039,2.0,443.024121,7.478613,-209.847656,-149.501953,10.722656,59.084473,3.0,432.866602,-39.290625,-169.329199,-148.249512,19.775391,-148.469238
1721315249833333333,1.7213152498183066e+18,-1.0,29.91,-1.0,13.38,-1.0,16.11,13.0,0.0,0.0,0.0,0.0,0.0,0.0,0.0,1.7213152498311e+18,0.0,601.972559,-161.515723,-387.101953,-130.715332,27.839355,149.919434,1.0,666.601172,-159.394922,-376.944434,-119.091797,37.133789,4.592285,2.0,442.019531,8.594824,-210.517383,-148.996582,10.634766,59.501953,3.0,432.085254,-38.73252,-169.775684,-147.854004,19.467773,-147.941895
1721315249866666666,1.7213152498183066e+18,-1.0,29.91,-1.0,13.38,-1.0,16.11,13.0,0.0,0.0,0.0,0.0,0.0,0.0,0.0,1.7213152498641e+18,0.0,601.860937,-160.845996,-387.436816,-130.583496,27.817383,149.897461,1.0,666.266309,-158.725195,-376.497949,-118.850098,37.023926,4.658203,2.0,442.466016,11.943457,-211.187109,-147.897949,11.008301,59.787598,3.0,432.866602,-37.281445,-169.105957,-147.150879,19.665527,-147.612305
1721315249900000000,1.7213152498672993e+18,-1.0,29.7,-1.0,13.56,-1.0,14.28,13.0,0.0,0.0,0.0,0.0,0.0,0.0,0.0,1.7213152498972e+18,0.0,602.08418,-159.506543,-388.106543,-130.473633,27.949219,149.765625,1.0,666.043066,-157.385742,-377.390918,-118.740234,37.133789,4.526367,2.0,443.247363,11.831836,-210.517383,-148.029785,11.206055,59.941406,3.0,432.866602,-36.611719,-168.994336,-147.084961,19.753418,-147.744141
1721315249933333333,1.721315249916399e+18,-1.0,29.91,-1.0,13.92,-1.0,15.19,13.0,0.0,0.0,0.0,0.0,0.0,0.0,0.0,1.7213152499303e+18,0.0,602.419043,-157.832227,-388.999512,-130.473633,28.015137,149.47998,1.0,666.489551,-157.274121,-377.61416,-118.806152,37.199707,4.438477,2.0,443.024121,11.943457,-210.294141,-148.095703,11.052246,60.073242,3.0,432.196875,-36.165234,-169.44082,-147.172852,19.643555,-147.897949
1721315249966666666,1.7213152499654103e+18,-1.0,29.91,-1.0,15.01,-1.0,16.29,13.0,0.0,0.0,0.0,0.0,0.0,0.0,0.0,1.7213152499634e+18,0.0,601.749316,-156.381152,-390.785449,-130.473633,27.773438,149.216309,1.0,666.601172,-157.497363,-377.390918,-118.806152,37.111816,4.482422,2.0,442.354395,14.957227,-209.624414,-147.414551,11.030273,60.556641,3.0,431.63877,-34.937402,-169.329199,-146.843262,19.467773,-147.722168
1721315250000000000,1.7213152499654103e+18,-1.0,29.91,-1.0,15.01,-1.0,16.29,13.0,0.0,0.0,0.0,0.0,0.0,0.0,0.0,1.7213152499964e+18,0.0,601.972559,-154.595215,-391.008691,-130.12207,27.817383,149.238281,1.0,666.824414,-156.716016,-377.502539,-118.498535,37.067871,4.614258,2.0,442.577637,16.073438,-208.619824,-147.041016,11.271973,60.710449,3.0,432.196875,-33.374707,-167.766504,-146.359863,19.885254,-147.612305
1721315250033333333,1.721315250014975e+18,-1.0,29.91,-1.0,14.82,-1.0,19.51,13.0,0.0,0.0,0.0,0.0,0.0,0.0,0.0,1.7213152500332e+18,0.0,602.419043,-154.706836,-391.343555,-130.187988,27.905273,149.194336,1.0,667.38252,-157.274121,-378.172266,-118.564453,37.155762,4.658203,2.0,442.466016,15.515332,-208.17334,-147.260742,11.315918,60.534668,3.0,432.085254,-33.039844,-166.538672,-146.57959,20.083008,-147.744141
1721315250066666666,1.7213152500639708e+18,-1.0,29.91,-1.0,15.19,-1.0,20.67,13.0,0.0,0.0,0.0,0.0,0.0,0.0,0.0,1.7213152500663e+18,0.0,602.419043,-155.264941,-391.455176,-130.341797,27.817383,149.172363,1.0,666.936035,-158.055469,-378.283887,-118.718262,37.045898,4.614258,2.0,441.014941,16.185059,-207.726855,-147.194824,11.140137,60.46875,3.0,430.410937,-32.928223,-166.538672,-146.733398,19.577637,-147.590332
1721315250100000000,1.7213152500639708e+18,-1.0,29.91,-1.0,15.19,-1.0,20.67,13.0,0.0,0.0,0.0,0.0,0.0,0.0,0.0,1.7213152500992998e+18,0.0,602.419043,-155.599805,-391.566797,-130.319824,27.751465,149.238281,1.0,666.37793,-158.16709,-378.172266,-118.608398,36.870117,4.724121,2.0,440.680078,18.752344,-207.057129,-146.425781,11.425781,60.710449,3.0,430.299316,-30.695801,-165.645703,-145.964355,19.841309,-147.370605
1721315250133333333,1.7213152501134991e+18,-1.0,29.91,-1.0,14.82,-1.0,20.28,13.0,0.0,0.0,0.0,0.0,0.0,0.0,0.0,1.7213152501324e+18,0.0,602.753906,-155.711426,-391.343555,-130.275879,27.905273,149.326172,1.0,665.931445,-157.497363,-377.837402,-118.45459,37.045898,4.812012,2.0,440.791699,18.194238,-205.940918,-146.66748,11.645508,60.79834,3.0,429.62959,-30.360937,-165.31084,-146.008301,20.083008,-147.65625
1721315250166666666,1.7213152501621286e+18,-1.0,29.91,-1.0,14.28,-1.0,20.67,13.0,0.0,0.0,0.0,0.0,0.0,0.0,0.0,1.7213152501655e+18,0.0,602.865527,-156.827637,-391.231934,-130.45166,27.949219,149.370117,1.0,666.37793,-158.390332,-377.837402,-118.674316,37.243652,4.768066,2.0,439.787109,17.078027,-204.936328,-146.931152,11.57959,61.018066,3.0,428.066895,-30.472559,-164.417871,-146.118164,20.170898,-147.634277
1721315250200000000,1.7213152501621286e+18,-1.0,29.91,-1.0,14.28,-1.0,20.67,13.0,0.0,0.0,0.0,0.0,0.0,0.0,0.0,1.7213152501984998e+18,0.0,602.530664,-157.274121,-391.231934,-130.539551,27.79541,149.39209,1.0,666.043066,-158.390332,-378.172266,-118.762207,37.089844,4.702148,2.0,438.112793,18.640723,-204.601465,-146.293945,11.535645,61.655273,3.0,426.950684,-29.57959,-163.30166,-145.458984,20.148926,-147.019043
1721315250233333333,1.7213152502116716e+18,-1.0,29.91,-1.0,14.1,-1.0,21.26,13.0,0.0,0.0,0.0,0.0,0.0,0.0,0.0,1.7213152502316e+18,0.0,602.08418,-156.939258,-390.785449,-130.319824,27.839355,149.589844,1.0,664.815234,-157.050879,-378.953613,-118.45459,36.97998,4.768066,2.0,438.559277,19.533691,-202.927148,-145.480957,12.480469,62.402344,3.0,426.839062,-27.458789,-161.962207,-144.294434,20.874023,-146.711426
1721315250266666666,1.7213152502606623e+18,-1.0,29.7,-1.0,13.74,-1.0,21.06,13.0,0.0,0.0,0.0,0.0,0.0,0.0,0.0,1.7213152502647e+18,0.0,602.642285,-157.1625,-389.222754,-130.231934,28.125,149.831543,1.0,664.926855,-155.264941,-379.734961,-118.234863,37.287598,4.680176,2.0,438.112793,18.305859,-202.257422,-145.810547,12.788086,62.270508,3.0,425.61123,-27.905273,-161.738965,-144.42627,21.533203,-147.041016
1721315250300000000,1.7213152502606623e+18,-1.0,29.7,-1.0,13.74,-1.0,21.06,13.0,0.0,0.0,0.0,0.0,0.0,0.0,0.0,1.7213152502978002e+18,0.0,602.753906,-158.390332,-388.664648,-130.407715,28.081055,149.897461,1.0,665.484961,-156.15791,-379.288477,-118.366699,37.30957,4.746094,2.0,435.657129,18.529102,-201.364453,-146.030273,13.051758,62.028809,3.0,423.043945,-29.467969,-161.515723,-145.085449,21.599121,-147.216797
1721315250333333333,1.7213152503101975e+18,-1.0,29.91,-1.0,14.1,-1.0,19.51,13.0,0.0,0.0,0.0,0.0,0.0,0.0,0.0,1.7213152503308e+18,0.0,602.195801,-159.283301,-388.664648,-130.473633,27.927246,149.919434,1.0,665.37334,-157.385742,-378.730371,-118.520508,37.22168,4.790039,2.0,434.540918,19.198828,-199.913379,-146.008301,13.842773,62.028809,3.0,420.923145,-29.802832,-161.627344,-145.195312,21.665039,-147.23877
1721315250366666666,1.7213152503592013e+18,-1.0,29.7,-1.0,14.1,-1.0,21.46,13.0,0.0,0.0,0.0,0.0,0.0,0.0,0.0,1.7213152503639e+18,0.0,602.307422,-159.953027,-387.660059,-130.253906,27.883301,150.13916,1.0,665.261719,-157.497363,-377.837402,-118.366699,37.199707,4.943848,2.0,434.206055,18.194238,-198.685547,-146.403809,14.39209,61.809082,3.0,420.365039,-29.021484,-161.180859,-145.283203,22.280273,-147.568359
1721315250400000000,1.7213152503592013e+18,-1.0,29.7,-1.0,14.1,-1.0,21.46,13.0,0.0,0.0,0.0,0.0,0.0,0.0,0.0,1.7213152503970002e+18,0.0,602.642285,-160.734375,-386.990332,-130.253906,28.015137,150.205078,1.0,665.931445,-157.832227,-377.279297,-118.322754,37.30957,5.009766,2.0,433.424707,16.408301,-198.462305,-147.348633,14.414062,61.21582,3.0,419.806934,-30.026074,-161.850586,-146.206055,22.543945,-148.271484
1721315250433333333,1.7213152504077366e+18,-1.0,29.91,-1.0,13.56,-1.0,21.65,13.0,0.0,0.0,0.0,0.0,0.0,0.0,0.0,1.7213152504301e+18,0.0,601.972559,-161.962207,-387.213574,-130.429688,27.817383,150.161133,1.0,665.931445,-160.399512,-376.274707,-118.696289,37.155762,4.943848,2.0,431.63877,16.073438,-199.132031,-147.963867,13.886719,60.556641,3.0,418.244238,-31.030664,-162.520312,-147.019043,22.478027,-148.820801
1721315250466666666,1.721315250453736e+18,-1.0,29.7,-1.0,14.1,-1.0,21.46,13.0,0.0,0.0,0.0,0.0,0.0,0.0,0.0,1.7213152504631e+18,0.0,601.637695,-161.962207,-386.878711,-130.341797,27.70752,150.249023,1.0,665.37334,-160.17627,-376.274707,-118.696289,37.001953,4.87793,2.0,431.63877,16.631543,-198.797168,-148.029785,13.974609,60.05127,3.0,418.132617,-31.142285,-162.185449,-147.194824,22.697754,-149.040527
1721315250500000000,1.721315250453736e+18,-1.0,29.7,-1.0,14.1,-1.0,21.46,13.0,0.0,0.0,0.0,0.0,0.0,0.0,0.0,1.7213152504999002e+18,0.0,601.637695,-161.29248,-386.208984,-130.253906,27.861328,150.270996,1.0,665.484961,-159.060059,-375.939844,-118.410645,37.133789,4.899902,2.0,432.085254,14.957227,-198.127441,-148.579102,14.084473,59.589844,3.0,418.690723,-31.812012,-161.850586,-147.524414,22.939453,-149.348145
1721315250533333333,1.7213152505027558e+18,-1.0,29.91,-1.0,13.92,-1.0,19.51,13.0,0.0,0.0,0.0,0.0,0.0,0.0,0.0,1.721315250533e+18,0.0,602.195801,-161.404102,-385.650879,-130.407715,28.015137,150.183105,1.0,665.819824,-159.394922,-376.386328,-118.586426,37.287598,4.790039,2.0,431.750391,13.617773,-197.680957,-149.216309,13.820801,59.216309,3.0,419.137207,-33.151465,-161.850586,-148.095703,22.961426,-149.589844
1721315250566666666,1.7213152505517732e+18,-1.0,29.91,-1.0,14.46,-1.0,18.74,13.0,0.0,0.0,0.0,0.0,0.0,0.0,0.0,1.721315250566e+18,0.0,602.195801,-161.515723,-385.985742,-130.495605,27.817383,150.05127,1.0,665.484961,-159.953027,-376.60957,-118.762207,37.133789,4.702148,2.0,431.080664,14.175879,-199.02041,-149.128418,13.293457,59.084473,3.0,419.025586,-33.70957,-161.962207,-148.337402,22.807617,-149.523926
1721315250600000000,1.7213152505517732e+18,-1.0,29.91,-1.0,14.46,-1.0,18.74,13.0,0.0,0.0,0.0,0.0,0.0,0.0,0.0,1.7213152505991002e+18,0.0,602.08418,-159.953027,-386.878711,-130.253906,27.79541,149.963379,1.0,665.038477,-159.17168,-377.279297,-118.630371,37.067871,4.63623,2.0,431.973633,14.845605,-199.355273,-148.886719,13.425293,59.128418,3.0,419.583691,-33.821191,-161.627344,-148.227539,22.961426,-149.282227
1721315250633333333,1.7213152506007718e+18,-1.0,29.91,-1.0,14.46,-1.0,18.74,13.0,0.0,0.0,0.0,0.0,0.0,0.0,0.0,1.7213152506322e+18,0.0,602.195801,-159.506543,-387.325195,-130.253906,27.905273,149.897461,1.0,665.37334,-158.836816,-377.279297,-118.520508,37.089844,4.614258,2.0,433.089844,14.2875,-198.797168,-148.996582,13.64502,59.216309,3.0,420.141797,-33.70957,-161.29248,-148.183594,23.225098,-149.216309
1721315250666666666,1.7213152506502868e+18,-1.0,29.91,-1.0,14.64,-1.0,22.65,13.0,0.0,0.0,0.0,0.0,0.0,0.0,0.0,1.7213152506653e+18,0.0,602.08418,-159.283301,-388.329785,-130.407715,27.905273,149.699707,1.0,665.931445,-158.390332,-377.61416,-118.608398,37.067871,4.460449,2.0,433.536328,14.064258,-198.797168,-149.040527,13.447266,59.39209,3.0,420.253418,-33.486328,-161.29248,-148.161621,23.291016,-149.194336
1721315250700000000,1.7213152506988426e+18,-1.0,29.7,-1.0,16.67,-1.0,31.88,13.0,0.0,0.0,0.0,0.0,0.0,0.0,0.0,1.7213152506983e+18,0.0,602.195801,-157.608984,-390.562207,-130.297852,27.729492,149.458008,1.0,665.596582,-157.943848,-378.283887,-118.630371,36.914062,4.394531,2.0,433.313086,15.626953,-199.355273,-148.579102,13.117676,59.523926,3.0,420.47666,-33.151465,-161.069238,-148.051758,23.269043,-149.128418
1721315250733333333,1.7213152506988426e+18,-1.0,29.7,-1.0,16.67,-1.0,31.88,13.0,0.0,0.0,0.0,0.0,0.0,0.0,0.0,1.7213152507314e+18,0.0,602.753906,-155.711426,-390.785449,-129.880371,27.79541,149.545898,1.0,665.484961,-157.1625,-378.507129,-118.366699,36.89209,4.482422,2.0,433.75957,16.408301,-198.797168,-148.381348,13.227539,59.545898,3.0,420.923145,-32.816602,-160.622754,-147.897949,23.378906,-149.106445
1721315250766666666,1.7213152507478996e+18,-1.0,29.91,-1.0,17.42,-1.0,31.22,13.0,0.0,0.0,0.0,0.0,0.0,0.0,0.0,1.7213152507645e+18,0.0,602.977148,-155.599805,-390.673828,-129.946289,27.949219,149.47998,1.0,666.043066,-156.492773,-378.395508,-118.366699,37.111816,4.460449,2.0,434.540918,15.180469,-197.792578,-148.996582,13.007812,59.194336,3.0,421.816113,-32.816602,-160.064648,-148.249512,23.48877,-149.655762
1721315250800000000,1.72131525079692e+18,-1.0,29.91,-1.0,17.98,-1.0,31.22,13.0,0.0,0.0,0.0,0.0,0.0,0.0,0.0,1.7213152507976e+18,0.0,602.530664,-155.934668,-391.120312,-130.187988,27.905273,149.348145,1.0,665.708203,-156.827637,-378.953613,-118.608398,37.111816,4.328613,2.0,433.313086,14.957227,-197.680957,-149.567871,12.194824,58.579102,3.0,421.704492,-33.151465,-159.618164,-149.040527,22.983398,-150.622559
1721315250833333333,1.72131525079692e+18,-1.0,29.91,-1.0,17.98,-1.0,31.22,13.0,0.0,0.0,0.0,0.0,0.0,0.0,0.0,1.7213152508306e+18,0.0,601.860937,-154.706836,-391.678418,-130.03418,27.817383,149.304199,1.0,664.926855,-156.15791,-379.846582,-118.586426,37.023926,4.240723,2.0,434.094434,16.29668,-196.787988,-149.370117,12.23877,58.205566,3.0,423.155566,-31.923633,-158.725195,-148.776855,22.983398,-150.88623
1721315250866666666,1.7213152508459727e+18,-1.0,29.91,-1.0,18.36,-1.0,30.57,13.0,0.0,0.0,0.0,0.0,0.0,0.0,0.0,1.7213152508637e+18,0.0,601.302832,-153.813867,-391.790039,-129.858398,27.883301,149.370117,1.0,664.257129,-155.376562,-379.62334,-118.388672,37.089844,4.328613,2.0,434.76416,14.957227,-195.671777,-150.073242,12.194824,57.766113,3.0,424.271777,-32.370117,-158.501953,-149.348145,22.939453,-151.45752
1721315250900000000,1.7213152508959995e+18,-1.0,29.7,-1.0,17.79,-1.0,25.07,13.0,0.0,0.0,0.0,0.0,0.0,0.0,0.0,1.7213152508968e+18,0.0,601.526074,-155.041699,-391.566797,-130.056152,27.971191,149.436035,1.0,664.480371,-155.488184,-380.069824,-118.476562,37.22168,4.306641,2.0,434.987402,14.2875,-195.560156,-150.820312,11.513672,57.128906,3.0,424.829883,-33.70957,-159.729785,-150.46875,22.016602,-152.248535
1721315250933333333,1.7213152508959995e+18,-1.0,29.7,-1.0,17.79,-1.0,25.07,13.0,0.0,0.0,0.0,0.0,0.0,0.0,0.0,1.7213152509299e+18,0.0,601.302832,-156.269531,-391.231934,-130.231934,27.861328,149.501953,1.0,664.36875,-155.934668,-379.846582,-118.520508,37.089844,4.328613,2.0,433.089844,15.403711,-196.787988,-150.776367,10.283203,56.206055,3.0,425.053125,-33.597949,-160.064648,-150.952148,20.566406,-153.171387
1721315250966666666,1.7213152509445125e+18,-1.0,29.91,-1.0,17.79,-1.0,25.9,13.0,0.0,0.0,0.0,0.0,0.0,0.0,0.0,1.7213152509666e+18,0.0,601.191211,-156.15791,-391.343555,-130.12207,27.861328,149.567871,1.0,664.033887,-154.930078,-379.734961,-118.234863,37.001953,4.394531,2.0,432.75498,18.082617,-198.239062,-150.402832,8.898926,54.272461,3.0,427.285547,-32.481738,-159.506543,-151.040039,19.819336,-154.907227
1721315251000000000,1.7213152509935954e+18,-1.0,29.7,-1.0,17.79,-1.0,22.45,13.0,0.0,0.0,0.0,0.0,0.0,0.0,0.0,1.7213152509997e+18,0.0,601.637695,-156.604395,-390.562207,-130.078125,28.059082,149.72168,1.0,664.591992,-154.595215,-379.62334,-118.103027,37.111816,4.394531,2.0,430.63418,17.412891,-199.690137,-150.864258,6.811523,52.338867,3.0,428.178516,-34.044434,-160.064648,-152.094727,18.654785,-156.774902
1721315251033333333,1.7213152509935954e+18,-1.0,29.7,-1.0,17.79,-1.0,22.45,13.0,0.0,0.0,0.0,0.0,0.0,0.0,0.0,1.7213152510327002e+18,0.0,601.860937,-158.055469,-389.445996,-130.231934,28.059082,149.875488,1.0,664.926855,-155.15332,-379.734961,-118.212891,37.045898,4.350586,2.0,427.732031,19.645312,-200.917969,-150.46875,5.031738,51.657715,3.0,427.843652,-36.388477,-161.180859,-152.819824,17.138672,-157.521973
1721315251066666666,1.7213152510431585e+18,-1.0,29.91,-1.0,17.79,-1.0,20.48,13.0,0.0,0.0,0.0,0.0,0.0,0.0,0.0,1.7213152510658e+18,0.0,601.526074,-158.613574,-389.334375,-130.231934,27.927246,149.919434,1.0,664.703613,-156.046289,-378.953613,-118.234863,36.89209,4.438477,2.0,427.62041,21.542871,-201.699316,-149.985352,4.350586,51.61377,3.0,429.183105,-34.602539,-161.515723,-152.336426,16.677246,-157.851562
1721315251100000000,1.721315251092186e+18,-1.0,30.13,-1.0,17.98,-1.0,18.17,13.0,0.0,0.0,0.0,0.0,0.0,0.0,0.0,1.7213152510989e+18,0.0,601.414453,-157.497363,-389.445996,-129.968262,27.905273,149.897461,1.0,664.480371,-155.934668,-378.507129,-118.015137,36.848145,4.570312,2.0,428.401758,21.654492,-201.587695,-149.963379,4.372559,51.635742,3.0,430.410937,-33.597949,-161.515723,-152.226562,16.721191,-158.15918
1721315251133333333,1.721315251092186e+18,-1.0,30.13,-1.0,17.98,-1.0,18.17,13.0,0.0,0.0,0.0,0.0,0.0,0.0,0.0,1.721315251132e+18,0.0,601.526074,-157.832227,-389.222754,-129.990234,27.993164,149.875488,1.0,665.038477,-156.939258,-377.949023,-118.103027,37.001953,4.63623,2.0,428.736621,20.091797,-201.476074,-150.556641,4.21875,51.723633,3.0,430.299316,-34.267676,-162.29707,-152.86377,16.369629,-158.48877
1721315251166666666,1.721315251141311e+18,-1.0,29.91,-1.0,17.6,-1.0,21.65,13.0,0.0,0.0,0.0,0.0,0.0,0.0,0.0,1.721315251165e+18,0.0,601.637695,-158.948437,-388.999512,-130.166016,27.905273,149.919434,1.0,664.926855,-158.725195,-377.61416,-118.388672,36.914062,4.63623,2.0,429.071484,19.198828,-201.587695,-151.12793,3.757324,52.229004,3.0,430.410937,-35.71875,-162.185449,-153.588867,15.864258,-158.24707
1721315251200000000,1.7213152511903222e+18,-1.0,29.7,-1.0,18.36,-1.0,30.78,13.0,0.0,0.0,0.0,0.0,0.0,0.0,0.0,1.7213152511981e+18,0.0,601.860937,-158.390332,-388.77627,-130.03418,27.883301,149.963379,1.0,664.815234,-158.613574,-377.502539,-118.344727,36.870117,4.658203,2.0,430.410937,20.984766,-201.364453,-150.864258,3.867188,52.338867,3.0,431.973633,-33.932812,-161.069238,-153.369141,15.952148,-158.24707
1721315251233333333,1.7213152511903222e+18,-1.0,29.7,-1.0,18.36,-1.0,30.78,13.0,0.0,0.0,0.0,0.0,0.0,0.0,0.0,1.7213152512312e+18,0.0,602.195801,-157.832227,-387.994922,-129.902344,28.059082,150.05127,1.0,664.815234,-157.943848,-377.279297,-118.168945,36.936035,4.702148,2.0,431.080664,20.203418,-200.583105,-151.391602,3.88916,52.097168,3.0,433.201465,-34.267676,-161.069238,-154.006348,15.952148,-158.972168
1721315251266666666,1.7213152512358794e+18,-1.0,29.91,-1.0,18.36,-1.0,38.27,13.0,0.0,0.0,0.0,0.0,0.0,0.0,0.0,1.7213152512643e+18,0.0,602.307422,-159.17168,-387.77168,-130.12207,28.168945,150.05127,1.0,665.819824,-158.613574,-377.390918,-118.388672,37.199707,4.54834,2.0,431.415527,18.640723,-201.364453,-152.424316,3.120117,51.525879,3.0,433.75957,-35.941992,-161.738965,-154.929199,15.336914,-159.587402
1721315251300000000,1.7213152512848812e+18,-1.0,29.91,-1.0,19.12,-1.0,34.57,13.0,0.0,0.0,0.0,0.0,0.0,0.0,0.0,1.7213152512973002e+18,0.0,602.08418,-160.064648,-387.883301,-130.275879,28.015137,150.073242,1.0,665.484961,-160.957617,-377.056055,-118.696289,36.89209,4.54834,2.0,431.080664,18.975586,-201.699316,-152.687988,2.526855,51.240234,3.0,434.317676,-36.611719,-161.962207,-155.478516,14.963379,-160.070801
1721315251333333333,1.7213152512848812e+18,-1.0,29.91,-1.0,19.12,-1.0,34.57,13.0,0.0,0.0,0.0,0.0,0.0,0.0,0.0,1.7213152513304e+18,0.0,602.195801,-159.283301,-388.329785,-130.144043,27.993164,150.029297,1.0,665.596582,-159.841406,-377.056055,-118.388672,36.826172,4.658203,2.0,432.196875,20.203418,-200.806348,-152.644043,2.636719,50.778809,3.0,436.661719,-35.607129,-161.180859,-155.566406,15.249023,-160.751953
1721315251366666666,1.721315251333446e+18,-1.0,29.91,-1.0,19.12,-1.0,32.99,14.0,0.0,0.0,0.0,0.0,0.0,0.0,0.0,1.7213152513635e+18,0.0,602.195801,-158.613574,-388.218164,-130.100098,28.103027,149.985352,1.0,666.043066,-159.394922,-376.721191,-118.278809,36.97998,4.680176,2.0,433.313086,16.29668,-198.350684,-154.401855,2.856445,49.768066,3.0,438.001172,-37.169824,-161.180859,-156.928711,15.292969,-161.894531
1721315251400000000,1.7213152513834373e+18,-1.0,29.91,-1.0,18.93,-1.0,31.88,13.0,0.0,0.0,0.0,0.0,0.0,0.0,0.0,1.7213152513966e+18,0.0,602.642285,-158.390332,-388.553027,-130.187988,28.125,149.875488,1.0,667.047656,-159.841406,-376.944434,-118.45459,37.023926,4.63623,2.0,433.201465,14.733984,-198.573926,-155.148926,2.526855,49.658203,3.0,437.443066,-38.844141,-161.627344,-157.587891,14.941406,-161.71875
1721315251433333333,1.7213152514319864e+18,-1.0,29.91,-1.0,18.93,-1.0,27.78,13.0,0.0,0.0,0.0,0.0,0.0,0.0,0.0,1.7213152514333e+18,0.0,602.977148,-156.827637,-390.450586,-130.12207,27.927246,149.655762,1.0,666.601172,-160.399512,-377.056055,-118.498535,36.848145,4.658203,2.0,433.424707,14.064258,-198.797168,-155.214844,2.592773,49.833984,3.0,437.443066,-39.737109,-160.957617,-157.5,15.073242,-161.05957
1721315251466666666,1.7213152514319864e+18,-1.0,29.91,-1.0,18.93,-1.0,27.78,13.0,0.0,0.0,0.0,0.0,0.0,0.0,0.0,1.7213152514664e+18,0.0,602.865527,-155.15332,-391.120312,-129.880371,27.993164,149.589844,1.0,666.043066,-159.729785,-377.279297,-118.366699,36.804199,4.658203,2.0,435.099023,13.506152,-198.239062,-155.170898,3.22998,50.163574,3.0,438.559277,-39.290625,-159.17168,-156.972656,16.062012,-159.741211
1721315251500000000,1.721315251480979e+18,-1.0,29.91,-1.0,18.74,-1.0,22.85,13.0,0.0,0.0,0.0,0.0,0.0,0.0,0.0,1.7213152514995e+18,0.0,602.977148,-155.15332,-391.008691,-129.924316,28.081055,149.567871,1.0,666.154687,-159.394922,-378.172266,-118.410645,36.914062,4.504395,2.0,437.554688,10.492383,-197.792578,-155.830078,4.064941,50.976562,3.0,438.112793,-40.741699,-159.060059,-157.368164,16.21582,-158.422852
1721315251533333333,1.7213152515306995e+18,-1.0,29.91,-1.0,18.93,-1.0,33.44,13.0,0.0,0.0,0.0,0.0,0.0,0.0,0.0,1.7213152515325e+18,0.0,602.977148,-155.934668,-391.231934,-130.12207,28.015137,149.523926,1.0,666.154687,-159.841406,-378.730371,-118.652344,36.89209,4.394531,2.0,436.996582,9.934277,-198.127441,-155.983887,4.152832,51.635742,3.0,437.108203,-41.746289,-159.283301,-157.521973,16.083984,-156.884766
1721315251566666666,1.7213152515306995e+18,-1.0,29.91,-1.0,18.93,-1.0,33.44,13.0,0.0,0.0,0.0,0.0,0.0,0.0,0.0,1.7213152515656e+18,0.0,602.977148,-156.15791,-391.008691,-130.078125,27.927246,149.589844,1.0,665.596582,-159.394922,-378.953613,-118.608398,36.804199,4.372559,2.0,437.219824,12.055078,-198.573926,-155.34668,4.262695,51.70166,3.0,438.447656,-39.179004,-159.394922,-156.533203,16.523438,-156.269531
1721315251600000000,1.721315251579697e+18,-1.0,29.7,-1.0,18.93,-1.0,31.0,13.0,0.0,0.0,0.0,0.0,0.0,0.0,0.0,1.7213152515987e+18,0.0,602.865527,-155.15332,-391.008691,-129.924316,27.993164,149.589844,1.0,665.150098,-158.613574,-378.953613,-118.432617,36.848145,4.416504,2.0,437.443066,12.055078,-198.462305,-155.280762,4.240723,51.723633,3.0,438.670898,-38.844141,-158.948437,-156.489258,16.765137,-156.313477
1721315251633333333,1.721315251629285e+18,-1.0,29.91,-1.0,19.12,-1.0,23.65,13.0,0.0,0.0,0.0,0.0,0.0,0.0,0.0,1.7213152516318e+18,0.0,602.865527,-155.823047,-390.89707,-130.03418,28.015137,149.589844,1.0,665.150098,-159.17168,-379.065234,-118.564453,36.97998,4.394531,2.0,436.661719,10.938867,-198.685547,-155.368652,3.779297,51.767578,3.0,438.336035,-39.625488,-159.17168,-156.643066,16.54541,-156.401367
1721315251666666666,1.721315251629285e+18,-1.0,29.91,-1.0,19.12,-1.0,23.65,13.0,0.0,0.0,0.0,0.0,0.0,0.0,0.0,1.7213152516648e+18,0.0,602.753906,-156.939258,-390.450586,-130.166016,27.861328,149.72168,1.0,664.703613,-160.064648,-378.507129,-118.696289,36.848145,4.416504,2.0,434.76416,11.943457,-200.359863,-154.775391,2.614746,51.679688,3.0,437.443066,-39.067383,-160.622754,-156.181641,15.249023,-156.774902
1721315251700000000,1.721315251678257e+18,-1.0,29.91,-1.0,18.93,-1.0,20.09,13.0,0.0,0.0,0.0,0.0,0.0,0.0,0.0,1.7213152516979e+18,0.0,602.195801,-156.604395,-390.450586,-129.902344,27.751465,149.875488,1.0,664.033887,-159.283301,-378.61875,-118.432617,36.760254,4.482422,2.0,434.987402,14.845605,-201.364453,-153.852539,2.219238,51.086426,3.0,439.229004,-37.393066,-161.29248,-155.500488,14.655762,-157.565918
1721315251733333333,1.7213152517268255e+18,-1.0,29.91,-1.0,18.93,-1.0,17.04,13.0,0.0,0.0,0.0,0.0,0.0,0.0,0.0,1.721315251731e+18,0.0,601.526074,-157.1625,-390.115723,-129.946289,27.79541,149.919434,1.0,664.480371,-159.283301,-377.949023,-118.278809,36.914062,4.592285,2.0,433.647949,13.729395,-202.145801,-154.094238,1.07666,49.943848,3.0,439.117383,-39.402246,-160.845996,-156.335449,13.908691,-158.928223
1721315251766666666,1.7213152517268255e+18,-1.0,29.91,-1.0,18.93,-1.0,17.04,13.0,0.0,0.0,0.0,0.0,0.0,0.0,0.0,1.7213152517641e+18,0.0,601.749316,-158.948437,-389.334375,-130.209961,27.79541,150.007324,1.0,664.703613,-159.841406,-377.725781,-118.432617,37.001953,4.526367,2.0,430.969043,14.399121,-204.266602,-153.69873,-1.032715,49.042969,3.0,437.889551,-41.188184,-163.078418,-156.862793,11.887207,-160.158691
1721315251800000000,1.7213152517758262e+18,-1.0,29.91,-1.0,18.93,-1.0,19.12,13.0,0.0,0.0,0.0,0.0,0.0,0.0,0.0,1.7213152517971e+18,0.0,601.414453,-159.283301,-388.441406,-130.144043,27.619629,150.117188,1.0,664.145508,-160.845996,-377.056055,-118.476562,36.804199,4.658203,2.0,429.294727,16.966406,-207.057129,-152.490234,-2.966309,47.504883,3.0,439.787109,-40.406836,-163.636523,-156.335449,10.524902,-161.433105
1721315251833333333,1.7213152518253704e+18,-1.0,29.91,-1.0,18.55,-1.0,19.7,13.0,0.0,0.0,0.0,0.0,0.0,0.0,0.0,1.7213152518302e+18,0.0,601.414453,-158.948437,-388.106543,-129.836426,27.597656,150.227051,1.0,663.810645,-160.17627,-376.60957,-118.168945,36.760254,4.790039,2.0,428.178516,18.975586,-209.17793,-151.523438,-4.855957,45.681152,3.0,442.354395,-40.183594,-163.190039,-156.049805,9.42627,-162.729492
1721315251866666666,1.7213152518253704e+18,-1.0,29.91,-1.0,18.55,-1.0,19.7,13.0,0.0,0.0,0.0,0.0,0.0,0.0,0.0,1.7213152518633e+18,0.0,602.195801,-158.836816,-387.548437,-129.836426,27.817383,150.227051,1.0,664.591992,-160.511133,-375.939844,-118.125,36.936035,4.899902,2.0,425.61123,18.640723,-211.968457,-151.21582,-7.44873,44.384766,3.0,442.242773,-42.639258,-163.859766,-156.687012,7.932129,-163.674316
1721315251900000000,1.7213152518743534e+18,-1.0,29.91,-1.0,17.42,-1.0,19.12,13.0,0.0,0.0,0.0,0.0,0.0,0.0,0.0,1.7213152519e+18,0.0,602.195801,-159.17168,-387.436816,-130.078125,27.839355,150.117188,1.0,665.038477,-161.515723,-375.493359,-118.344727,36.958008,4.899902,2.0,422.374219,19.310449,-215.205469,-150.644531,-9.887695,43.901367,3.0,441.461426,-43.197363,-166.31543,-156.730957,6.04248,-164.003906
1721315251933333333,1.721315251923886e+18,-1.0,29.91,-1.0,17.6,-1.0,13.38,14.0,0.0,0.0,0.0,0.0,0.0,0.0,0.0,1.7213152519331e+18,0.0,601.749316,-159.841406,-387.325195,-130.100098,27.751465,150.161133,1.0,664.703613,-161.404102,-375.270117,-118.322754,36.958008,4.899902,2.0,421.816113,21.766113,-216.768164,-149.743652,-10.766602,43.395996,3.0,442.800879,-41.411426,-167.32002,-156.181641,5.515137,-164.685059
1721315251966666666,1.721315251923886e+18,-1.0,29.91,-1.0,17.6,-1.0,13.38,14.0,0.0,0.0,0.0,0.0,0.0,0.0,0.0,1.7213152519662e+18,0.0,601.860937,-159.618164,-387.325195,-130.056152,27.861328,150.161133,1.0,665.038477,-160.957617,-375.046875,-118.212891,37.023926,4.921875,2.0,420.923145,20.538281,-216.879785,-150.13916,-11.57959,42.714844,3.0,443.247363,-43.085742,-165.980566,-156.84082,5.317383,-165.476074
1721315252000000000,1.721315251968885e+18,-1.0,29.91,-1.0,17.79,-1.0,12.66,13.0,0.0,0.0,0.0,0.0,0.0,0.0,0.0,1.7213152519992e+18,0.0,602.195801,-159.729785,-387.325195,-130.297852,28.081055,150.007324,1.0,665.484961,-160.845996,-375.493359,-118.388672,37.199707,4.724121,2.0,419.583691,19.645312,-217.995996,-150.556641,-12.546387,41.945801,3.0,442.466016,-44.536816,-166.761914,-157.565918,4.504395,-166.26709
1721315252033333333,1.721315252017436e+18,-1.0,29.91,-1.0,17.6,-1.0,9.18,13.0,0.0,0.0,0.0,0.0,0.0,0.0,0.0,1.7213152520323e+18,0.0,601.972559,-159.841406,-387.213574,-130.473633,27.949219,149.963379,1.0,665.150098,-160.399512,-376.497949,-118.586426,37.023926,4.460449,2.0,419.025586,20.315039,-217.772754,-150.424805,-12.722168,41.85791,3.0,441.90791,-44.87168,-167.654883,-157.741699,4.064941,-166.508789
1721315252066666666,1.7213152520664392e+18,-1.0,29.91,-1.0,17.79,-1.0,2.47,13.0,0.0,0.0,0.0,0.0,0.0,0.0,0.0,1.7213152520653998e+18,0.0,601.972559,-159.618164,-386.990332,-130.297852,27.883301,150.073242,1.0,664.815234,-159.283301,-376.60957,-118.322754,36.89209,4.482422,2.0,419.47207,21.319629,-217.437891,-150.117188,-12.458496,41.791992,3.0,442.242773,-44.201953,-167.766504,-157.456055,4.174805,-166.530762
1721315252100000000,1.7213152520664392e+18,-1.0,29.91,-1.0,17.79,-1.0,2.47,13.0,0.0,0.0,0.0,0.0,0.0,0.0,0.0,1.7213152520985e+18,0.0,602.08418,-159.394922,-387.213574,-130.275879,27.949219,150.007324,1.0,664.815234,-159.060059,-376.832812,-118.322754,37.001953,4.460449,2.0,419.918555,20.42666,-217.103027,-150.46875,-12.194824,41.484375,3.0,442.466016,-44.648438,-167.878125,-157.631836,4.306641,-166.882324
1721315252133333333,1.721315252115974e+18,-1.0,29.91,-1.0,17.98,-1.0,2.0,13.0,0.0,0.0,0.0,0.0,0.0,0.0,0.0,1.7213152521315e+18,0.0,601.972559,-159.506543,-387.77168,-130.407715,27.971191,149.875488,1.0,664.926855,-158.948437,-377.61416,-118.45459,37.067871,4.284668,2.0,418.802344,19.42207,-217.661133,-150.88623,-12.612305,41.088867,3.0,441.238184,-45.541406,-169.217578,-158.24707,3.80127,-167.563477
1721315252166666666,1.721315252161e+18,-1.0,29.91,-1.0,17.6,-1.0,2.0,14.0,0.0,0.0,0.0,0.0,0.0,0.0,0.0,1.7213152521645998e+18,0.0,601.860937,-158.948437,-388.664648,-130.407715,27.861328,149.787598,1.0,665.150098,-158.390332,-377.279297,-118.388672,36.914062,4.306641,2.0,417.909375,19.980176,-217.772754,-150.842285,-12.788086,40.935059,3.0,440.233594,-45.094922,-169.664062,-158.269043,3.55957,-167.76123
1721315252200000000,1.7213152521979786e+18,-1.0,29.91,-1.0,17.98,-1.0,-1.0,13.0,0.0,0.0,0.0,0.0,0.0,0.0,0.0,1.7213152521977e+18,0.0,601.526074,-157.943848,-389.89248,-130.253906,27.817383,149.743652,1.0,665.708203,-157.050879,-377.279297,-118.146973,36.958008,4.328613,2.0,418.132617,21.208008,-217.884375,-150.578613,-12.634277,40.605469,3.0,440.90332,-45.094922,-169.664062,-158.203125,3.625488,-167.980957
1721315252233333333,1.7213152521979786e+18,-1.0,29.91,-1.0,17.98,-1.0,-1.0,13.0,0.0,0.0,0.0,0.0,0.0,0.0,0.0,1.7213152522308e+18,0.0,601.860937,-158.725195,-390.115723,-130.407715,27.883301,149.743652,1.0,666.043066,-157.1625,-377.949023,-118.278809,37.089844,4.240723,2.0,418.244238,19.756934,-217.772754,-151.12793,-12.678223,40.144043,3.0,440.90332,-46.434375,-170.668652,-158.796387,3.339844,-168.771973
1721315252266666666,1.721315252234528e+18,-1.0,29.91,-1.0,18.17,-1.0,-1.0,13.0,0.0,0.0,0.0,0.0,0.0,0.0,0.0,1.7213152522637998e+18,0.0,601.860937,-159.283301,-390.450586,-130.561523,27.79541,149.655762,1.0,666.043066,-156.716016,-378.283887,-118.388672,37.089844,4.108887,2.0,416.569922,19.198828,-218.44248,-151.369629,-13.161621,40.12207,3.0,439.340625,-47.104102,-172.231348,-158.994141,2.329102,-168.881836
1721315252300000000,1.7213152522720328e+18,-1.0,29.91,-1.0,17.6,-1.0,-1.0,13.0,0.0,0.0,0.0,0.0,0.0,0.0,0.0,1.7213152522969e+18,0.0,601.526074,-159.394922,-390.450586,-130.517578,27.641602,149.72168,1.0,665.819824,-155.711426,-378.283887,-118.190918,36.936035,4.174805,2.0,416.123437,19.645312,-218.554102,-151.237793,-13.07373,40.187988,3.0,439.89873,-46.322754,-172.231348,-158.598633,2.307129,-168.859863
1721315252333333333,1.721315252309136e+18,-1.0,29.91,-1.0,17.79,-1.0,-1.0,13.0,0.0,0.0,0.0,0.0,0.0,0.0,0.0,1.72131525233e+18,0.0,601.637695,-157.608984,-390.785449,-130.187988,27.663574,149.699707,1.0,665.931445,-154.483594,-379.065234,-117.905273,36.97998,4.174805,2.0,416.793164,20.42666,-218.219238,-151.259766,-12.282715,40.407715,3.0,440.345215,-45.541406,-172.119727,-158.356934,2.39502,-168.947754
1721315252366666666,1.721315252345146e+18,-1.0,29.91,-1.0,17.98,-1.0,-1.0,13.0,0.0,0.0,0.0,0.0,0.0,0.0,0.0,1.7213152523631002e+18,0.0,602.08418,-156.827637,-390.673828,-130.12207,27.79541,149.655762,1.0,666.266309,-155.041699,-378.953613,-118.015137,37.067871,4.152832,2.0,416.34668,18.975586,-218.219238,-151.962891,-12.150879,40.803223,3.0,440.121973,-46.322754,-172.231348,-158.686523,2.263184,-169.013672
1721315252400000000,1.7213152523821396e+18,-1.0,29.91,-1.0,16.85,-1.0,-1.0,13.0,0.0,0.0,0.0,0.0,0.0,0.0,0.0,1.7213152523998e+18,0.0,601.637695,-156.716016,-390.673828,-130.187988,27.70752,149.589844,1.0,666.043066,-156.15791,-378.841992,-118.212891,36.89209,4.130859,2.0,416.458301,18.975586,-218.888965,-152.006836,-12.172852,41.220703,3.0,438.894141,-47.662207,-173.012695,-159.147949,1.801758,-168.640137
1721315252433333333,1.721315252415682e+18,-1.0,29.91,-1.0,16.48,-1.0,-1.0,13.0,0.0,0.0,0.0,0.0,0.0,0.0,0.0,1.7213152524328998e+18,0.0,601.302832,-156.381152,-390.673828,-130.012207,27.663574,149.699707,1.0,665.596582,-156.269531,-377.279297,-117.883301,36.760254,4.438477,2.0,417.909375,20.42666,-217.884375,-151.45752,-11.447754,41.44043,3.0,439.117383,-46.434375,-172.677832,-158.686523,2.087402,-168.288574
1721315252466666666,1.7213152524516808e+18,-1.0,29.91,-1.0,16.67,-1.0,-1.0,13.0,0.0,0.0,0.0,0.0,0.0,0.0,0.0,1.721315252466e+18,0.0,601.637695,-157.274121,-390.338965,-130.03418,27.729492,149.80957,1.0,665.931445,-157.050879,-375.828223,-117.839355,36.958008,4.658203,2.0,418.46748,19.310449,-217.437891,-151.699219,-11.293945,41.374512,3.0,440.010352,-46.434375,-172.45459,-158.642578,2.504883,-168.178711
1721315252500000000,1.721315252488689e+18,-1.0,29.91,-1.0,17.42,-1.0,-1.0,13.0,0.0,0.0,0.0,0.0,0.0,0.0,0.0,1.721315252499e+18,0.0,601.972559,-158.948437,-390.115723,-130.253906,27.751465,149.853516,1.0,665.708203,-158.501953,-375.60498,-118.103027,36.936035,4.570312,2.0,417.909375,18.640723,-217.884375,-151.809082,-11.557617,41.286621,3.0,439.340625,-47.104102,-172.901074,-158.884277,2.351074,-168.09082
1721315252533333333,1.7213152525252058e+18,-1.0,29.91,-1.0,18.17,-1.0,-1.0,13.0,0.0,0.0,0.0,0.0,0.0,0.0,0.0,1.7213152525320998e+18,0.0,602.307422,-159.618164,-389.780859,-130.297852,27.663574,149.941406,1.0,665.038477,-158.836816,-375.939844,-118.190918,36.760254,4.54834,2.0,417.35127,18.975586,-217.995996,-151.611328,-11.733398,41.242676,3.0,439.229004,-46.99248,-172.901074,-158.730469,2.39502,-167.849121
1721315252566666666,1.7213152525629402e+18,-1.0,29.91,-1.0,18.17,-1.0,-1.0,13.0,0.0,0.0,0.0,0.0,0.0,0.0,0.0,1.7213152525652e+18,0.0,602.419043,-159.506543,-389.445996,-130.100098,27.663574,150.029297,1.0,664.703613,-158.055469,-376.051465,-117.993164,36.738281,4.570312,2.0,417.462891,19.756934,-217.995996,-151.391602,-11.66748,41.19873,3.0,439.89873,-45.764648,-172.677832,-158.269043,2.614746,-167.805176
1721315252600000000,1.7213152525991913e+18,-1.0,30.13,-1.0,21.85,-1.0,-1.0,13.0,0.0,0.0,0.0,0.0,0.0,0.0,0.0,1.7213152525982e+18,0.0,602.530664,-159.17168,-388.77627,-130.187988,27.971191,149.919434,1.0,664.926855,-157.943848,-376.497949,-118.081055,36.936035,4.438477,2.0,417.686133,19.310449,-217.995996,-151.501465,-11.645508,41.176758,3.0,440.010352,-46.322754,-172.677832,-158.466797,2.702637,-168.09082
1721315252633333333,1.7213152525991913e+18,-1.0,30.13,-1.0,21.85,-1.0,-1.0,13.0,0.0,0.0,0.0,0.0,0.0,0.0,0.0,1.7213152526313e+18,0.0,601.972559,-159.506543,-388.441406,-130.45166,27.949219,149.765625,1.0,665.150098,-158.278711,-376.944434,-118.344727,36.97998,4.262695,2.0,417.35127,18.863965,-218.219238,-151.677246,-11.865234,41.220703,3.0,439.117383,-47.662207,-173.124316,-159.016113,2.285156,-168.486328
1721315252666666666,1.721315252636183e+18,-1.0,29.91,-1.0,163.99,-1.0,-1.0,13.0,0.0,0.0,0.0,0.0,0.0,0.0,0.0,1.7213152526644e+18,0.0,601.526074,-160.17627,-388.441406,-130.473633,27.839355,149.831543,1.0,665.150098,-157.720605,-376.832812,-118.322754,37.001953,4.240723,2.0,417.239648,19.645312,-217.884375,-151.677246,-11.645508,41.330566,3.0,439.563867,-46.880859,-173.235937,-158.796387,2.175293,-168.662109
1721315252700000000,1.7213152526732997e+18,-1.0,29.91,-1.0,1023.21,-1.0,-1.0,13.0,0.0,0.0,0.0,0.0,0.0,0.0,0.0,1.7213152526975e+18,0.0,601.414453,-159.729785,-388.106543,-130.319824,27.883301,149.875488,1.0,665.484961,-156.827637,-376.721191,-118.125,37.045898,4.262695,2.0,419.025586,18.863965,-215.093848,-152.53418,-9.909668,41.989746,3.0,441.796289,-46.545996,-173.682422,-158.730469,1.625977,-169.387207
1721315252733333333,1.7213152527141834e+18,-1.0,29.91,-1.0,1738.89,-1.0,-1.0,13.0,0.0,0.0,0.0,0.0,0.0,0.0,0.0,1.7213152527305e+18,0.0,602.195801,-160.287891,-387.77168,-130.385742,27.949219,149.897461,1.0,666.154687,-157.943848,-376.832812,-118.300781,37.133789,4.196777,2.0,419.248828,15.850195,-213.419531,-153.69873,-9.118652,42.583008,3.0,440.90332,-48.666797,-174.352148,-159.411621,0.527344,-169.82666
1721315252766666666,1.7213152527513843e+18,-1.0,29.91,-1.0,2085.76,-1.0,-1.0,13.0,0.0,0.0,0.0,0.0,0.0,0.0,0.0,1.7213152527636e+18,0.0,602.307422,-160.622754,-388.218164,-130.517578,27.70752,149.80957,1.0,665.931445,-159.283301,-377.279297,-118.696289,37.023926,4.020996,2.0,419.137207,16.185059,-214.089258,-153.94043,-8.986816,42.824707,3.0,439.89873,-48.443555,-175.356738,-159.477539,-0.197754,-169.716797
1721315252800000000,1.7213152527913943e+18,-1.0,29.91,-1.0,2255.55,-1.0,-1.0,13.0,0.0,0.0,0.0,0.0,0.0,0.0,0.0,1.7213152527967e+18,0.0,602.753906,-160.17627,-388.106543,-130.297852,27.619629,149.919434,1.0,665.708203,-158.836816,-377.502539,-118.564453,36.914062,4.064941,2.0,420.141797,17.970996,-213.531152,-153.522949,-8.349609,42.714844,3.0,440.233594,-47.215723,-175.021875,-159.169922,0.0,-169.672852
1721315252833333333,1.7213152528289075e+18,-1.0,29.91,-1.0,2255.55,-1.0,-1.0,13.0,0.0,0.0,0.0,0.0,0.0,0.0,0.0,1.7213152528298e+18,0.0,602.977148,-159.841406,-388.329785,-130.253906,27.70752,149.897461,1.0,666.043066,-157.943848,-377.725781,-118.476562,37.089844,4.020996,2.0,420.699902,17.636133,-213.084668,-153.69873,-8.041992,42.561035,3.0,440.345215,-47.327344,-174.798633,-159.169922,0.065918,-169.716797
1721315252866666666,1.7213152528659525e+18,-1.0,29.91,-1.0,2184.64,-1.0,-1.0,13.0,0.0,0.0,0.0,0.0,0.0,0.0,0.0,1.7213152528664998e+18,0.0,602.753906,-159.841406,-388.77627,-130.407715,27.729492,149.743652,1.0,666.712793,-157.943848,-378.172266,-118.652344,37.22168,3.867188,2.0,420.253418,16.408301,-213.419531,-154.182129,-8.195801,42.561035,3.0,439.675488,-48.108691,-175.691602,-159.521484,-0.197754,-169.914551
1721315252900000000,1.7213152528659525e+18,-1.0,29.91,-1.0,2184.64,-1.0,-1.0,13.0,0.0,0.0,0.0,0.0,0.0,0.0,0.0,1.7213152528996e+18,0.0,602.865527,-159.17168,-389.445996,-130.407715,27.619629,149.655762,1.0,666.712793,-157.720605,-378.283887,-118.652344,37.023926,3.845215,2.0,419.806934,16.966406,-213.977637,-154.182129,-8.217773,42.648926,3.0,439.452246,-48.220312,-176.361328,-159.56543,-0.439453,-169.914551
1721315252933333333,1.7213152529064635e+18,-1.0,29.91,-1.0,2024.35,-1.0,-1.0,13.0,0.0,0.0,0.0,0.0,0.0,0.0,0.0,1.7213152529327e+18,0.0,603.08877,-158.16709,-390.004102,-130.209961,27.619629,149.72168,1.0,666.601172,-157.050879,-377.949023,-118.45459,37.001953,3.955078,2.0,420.811523,17.30127,-213.531152,-154.27002,-7.668457,42.670898,3.0,439.787109,-47.99707,-176.361328,-159.521484,-0.41748,-169.958496
1721315252966666666,1.72131525294347e+18,-1.0,29.91,-1.0,1911.11,-1.0,-1.0,13.0,0.0,0.0,0.0,0.0,0.0,0.0,0.0,1.7213152529656998e+18,0.0,603.200391,-158.501953,-390.227344,-130.297852,27.70752,149.72168,1.0,666.936035,-157.832227,-378.283887,-118.54248,37.089844,3.999023,2.0,421.592871,15.738574,-213.196289,-155.01709,-7.382812,42.670898,3.0,440.010352,-48.108691,-176.361328,-159.829102,-0.32959,-170.397949
1721315253000000000,1.721315252984469e+18,-1.0,29.91,-1.0,1884.62,-1.0,-1.0,13.0,0.0,0.0,0.0,0.0,0.0,0.0,0.0,1.7213152529988e+18,0.0,602.865527,-158.501953,-390.785449,-130.429688,27.597656,149.611816,1.0,666.601172,-159.060059,-377.949023,-118.652344,36.914062,4.086914,2.0,420.365039,15.068848,-213.30791,-155.390625,-7.624512,42.758789,3.0,439.229004,-49.113281,-176.807812,-160.290527,-0.637207,-170.332031
1721315253033333333,1.721315253021018e+18,-1.0,29.91,-1.0,1938.3,-1.0,-1.0,13.0,0.0,0.0,0.0,0.0,0.0,0.0,0.0,1.7213152530319e+18,0.0,602.307422,-158.278711,-391.120312,-130.341797,27.443848,149.633789,1.0,666.043066,-158.613574,-377.949023,-118.54248,36.804199,4.108887,2.0,420.811523,15.850195,-212.638184,-155.148926,-7.229004,42.780762,3.0,439.452246,-48.890039,-176.696191,-160.202637,-0.571289,-170.222168
1721315253066666666,1.7213152530580255e+18,-1.0,29.91,-1.0,1938.3,-1.0,-1.0,13.0,0.0,0.0,0.0,0.0,0.0,0.0,0.0,1.721315253065e+18,0.0,602.08418,-157.832227,-390.673828,-130.253906,27.553711,149.699707,1.0,665.708203,-155.934668,-378.283887,-118.190918,36.936035,4.020996,2.0,421.48125,15.961816,-212.080078,-155.148926,-6.965332,42.626953,3.0,440.121973,-48.555176,-176.249707,-160.070801,-0.263672,-170.244141
1721315253100000000,1.7213152530990418e+18,-1.0,29.91,-1.0,1994.9,-1.0,-1.0,13.0,0.0,0.0,0.0,0.0,0.0,0.0,0.0,1.721315253098e+18,0.0,602.419043,-157.943848,-390.450586,-130.319824,27.641602,149.699707,1.0,665.931445,-155.599805,-378.507129,-118.256836,37.045898,3.933105,2.0,421.48125,14.845605,-211.968457,-155.500488,-7.03125,42.60498,3.0,440.233594,-48.443555,-176.026465,-160.114746,-0.153809,-170.332031
1721315253133333333,1.7213152530990418e+18,-1.0,29.91,-1.0,1994.9,-1.0,-1.0,13.0,0.0,0.0,0.0,0.0,0.0,0.0,0.0,1.7213152531311e+18,0.0,602.195801,-158.16709,-390.562207,-130.385742,27.531738,149.677734,1.0,666.043066,-155.823047,-378.283887,-118.322754,36.97998,3.911133,2.0,420.811523,14.845605,-212.414941,-155.544434,-7.250977,42.626953,3.0,440.010352,-48.555176,-176.138086,-160.158691,-0.241699,-170.310059
1721315253166666666,1.7213152531355807e+18,-1.0,29.91,-1.0,2024.35,-1.0,-1.0,13.0,0.0,0.0,0.0,0.0,0.0,0.0,0.0,1.7213152531642002e+18,0.0,602.195801,-157.608984,-390.450586,-130.144043,27.509766,149.80957,1.0,665.819824,-155.15332,-378.395508,-118.125,36.89209,3.999023,2.0,421.034766,15.515332,-212.30332,-155.324707,-7.141113,42.648926,3.0,440.121973,-47.662207,-175.914844,-159.829102,-0.131836,-170.178223
1721315253200000000,1.7213152531770156e+18,-1.0,29.7,-1.0,2117.78,-1.0,-1.0,13.0,0.0,0.0,0.0,0.0,0.0,0.0,0.0,1.7213152531973e+18,0.0,601.972559,-157.832227,-390.004102,-130.144043,27.685547,149.897461,1.0,665.484961,-155.15332,-378.730371,-118.103027,36.97998,3.999023,2.0,421.258008,15.738574,-211.856836,-155.280762,-7.009277,42.561035,3.0,440.345215,-47.773828,-175.57998,-159.829102,0.0,-170.200195
1721315253233333333,1.7213152532135547e+18,-1.0,29.7,-1.0,2184.64,-1.0,-1.0,13.0,0.0,0.0,0.0,0.0,0.0,0.0,0.0,1.7213152532303e+18,0.0,601.972559,-158.836816,-389.557617,-130.341797,27.663574,149.875488,1.0,665.596582,-156.269531,-378.172266,-118.300781,37.001953,4.020996,2.0,420.923145,15.515332,-211.856836,-155.368652,-7.097168,42.51709,3.0,440.121973,-48.220312,-175.691602,-159.960938,-0.043945,-170.222168
1721315253266666666,1.721315253250538e+18,-1.0,29.91,-1.0,2184.64,-1.0,-1.0,13.0,0.0,0.0,0.0,0.0,0.0,0.0,0.0,1.7213152532634002e+18,0.0,601.972559,-159.729785,-389.669238,-130.407715,27.531738,149.897461,1.0,665.596582,-156.939258,-377.725781,-118.322754,36.870117,4.108887,2.0,420.588281,15.515332,-211.856836,-155.368652,-7.163086,42.583008,3.0,439.675488,-48.555176,-175.803223,-160.048828,-0.197754,-170.200195
1721315253300000000,1.721315253291552e+18,-1.0,29.91,-1.0,2292.65,-1.0,-1.0,13.0,0.0,0.0,0.0,0.0,0.0,0.0,0.0,1.7213152532965e+18,0.0,602.307422,-159.17168,-389.557617,-130.231934,27.531738,149.941406,1.0,665.37334,-156.269531,-377.61416,-118.125,36.848145,4.130859,2.0,420.923145,15.626953,-211.521973,-155.34668,-7.03125,42.583008,3.0,439.89873,-48.331934,-175.803223,-159.960938,-0.131836,-170.200195
1721315253333333333,1.721315253328082e+18,-1.0,29.7,-1.0,2411.11,-1.0,-1.0,13.0,0.0,0.0,0.0,0.0,0.0,0.0,0.0,1.7213152533332e+18,0.0,602.195801,-159.17168,-389.334375,-130.275879,27.619629,149.853516,1.0,665.819824,-156.604395,-377.725781,-118.256836,37.045898,4.020996,2.0,421.816113,14.510742,-210.852246,-155.654297,-6.833496,42.429199,3.0,440.345215,-48.778418,-175.691602,-160.092773,0.043945,-170.332031
1721315253366666666,1.721315253328082e+18,-1.0,29.7,-1.0,2411.11,-1.0,-1.0,13.0,0.0,0.0,0.0,0.0,0.0,0.0,0.0,1.7213152533663002e+18,0.0,601.637695,-160.064648,-388.999512,-130.495605,27.487793,149.765625,1.0,666.154687,-158.16709,-376.386328,-118.476562,36.958008,4.108887,2.0,421.034766,14.175879,-210.963867,-155.742188,-7.03125,42.407227,3.0,439.89873,-49.113281,-176.026465,-160.224609,-0.065918,-170.332031
1721315253400000000,1.721315253369083e+18,-1.0,29.91,-1.0,2453.19,-1.0,-1.0,13.0,0.0,0.0,0.0,0.0,0.0,0.0,0.0,1.7213152533994e+18,0.0,601.637695,-159.060059,-389.557617,-130.341797,27.46582,149.72168,1.0,665.931445,-158.501953,-376.051465,-118.432617,36.848145,4.152832,2.0,421.034766,14.399121,-210.963867,-155.654297,-7.03125,42.451172,3.0,440.010352,-48.890039,-175.803223,-160.136719,0.0,-170.266113
1721315253433333333,1.7213152534066043e+18,-1.0,29.91,-1.0,2411.11,-1.0,-1.0,13.0,0.0,0.0,0.0,0.0,0.0,0.0,0.0,1.7213152534324e+18,0.0,602.08418,-158.613574,-389.334375,-130.253906,27.597656,149.787598,1.0,665.819824,-158.501953,-375.939844,-118.344727,36.89209,4.174805,2.0,421.48125,14.175879,-211.187109,-155.654297,-6.987305,42.363281,3.0,440.233594,-48.555176,-175.468359,-160.048828,0.219727,-170.332031
1721315253466666666,1.7213152534436132e+18,-1.0,29.91,-1.0,2292.65,-1.0,-1.0,13.0,0.0,0.0,0.0,0.0,0.0,0.0,0.0,1.7213152534655002e+18,0.0,602.307422,-158.390332,-388.887891,-130.36377,27.751465,149.72168,1.0,666.601172,-158.948437,-376.944434,-118.652344,37.023926,3.911133,2.0,421.704492,14.175879,-211.521973,-155.742188,-7.03125,42.275391,3.0,440.233594,-48.443555,-175.468359,-160.114746,0.263672,-170.375977
1721315253500000000,1.72131525348362e+18,-1.0,29.7,-1.0,2255.55,-1.0,-1.0,13.0,0.0,0.0,0.0,0.0,0.0,0.0,0.0,1.7213152534986e+18,0.0,601.749316,-158.725195,-388.553027,-130.517578,27.597656,149.677734,1.0,666.489551,-158.16709,-377.167676,-118.916016,37.023926,3.647461,2.0,421.258008,14.510742,-211.745215,-155.698242,-7.185059,42.253418,3.0,439.89873,-48.555176,-175.803223,-160.224609,0.065918,-170.266113
1721315253533333333,1.72131525352075e+18,-1.0,29.91,-1.0,2330.9,-1.0,-1.0,13.0,0.0,0.0,0.0,0.0,0.0,0.0,0.0,1.7213152535317e+18,0.0,601.972559,-158.16709,-389.111133,-130.385742,27.575684,149.655762,1.0,666.154687,-156.15791,-377.837402,-118.630371,37.023926,3.581543,2.0,421.258008,15.515332,-211.745215,-155.456543,-7.119141,42.231445,3.0,440.345215,-48.220312,-175.803223,-160.026855,0.175781,-170.178223
1721315253566666666,1.7213152535617367e+18,-1.0,29.7,-1.0,2496.67,-1.0,-1.0,13.0,0.0,0.0,0.0,0.0,0.0,0.0,0.0,1.7213152535647e+18,0.0,602.08418,-156.939258,-390.562207,-130.341797,27.663574,149.414062,1.0,666.489551,-155.041699,-378.060645,-118.498535,37.111816,3.515625,2.0,421.369629,15.515332,-211.633594,-155.478516,-7.097168,42.1875,3.0,440.456836,-48.220312,-175.914844,-160.092773,0.241699,-170.310059
1721315253600000000,1.7213152535988196e+18,-1.0,29.7,-1.0,2992.7,-1.0,-1.0,13.0,0.0,0.0,0.0,0.0,0.0,0.0,0.0,1.7213152535978e+18,0.0,601.637695,-156.269531,-392.794629,-130.627441,27.553711,148.974609,1.0,666.712793,-155.041699,-378.507129,-118.630371,37.111816,3.405762,2.0,420.588281,14.845605,-211.745215,-155.76416,-7.250977,42.121582,3.0,439.787109,-48.108691,-176.58457,-160.356445,0.065918,-170.705566
1721315253633333333,1.7213152535988196e+18,-1.0,29.7,-1.0,2992.7,-1.0,-1.0,13.0,0.0,0.0,0.0,0.0,0.0,0.0,0.0,1.7213152536309e+18,0.0,601.302832,-156.492773,-393.129492,-130.671387,27.333984,148.974609,1.0,666.824414,-154.037109,-378.395508,-118.54248,37.023926,3.383789,2.0,420.141797,15.403711,-211.745215,-155.720215,-7.316895,42.165527,3.0,439.452246,-47.662207,-176.807812,-160.3125,-0.043945,-170.661621
1721315253666666666,1.7213152536354225e+18,-1.0,29.91,-1.0,4064.44,-1.0,-1.0,13.0,0.0,0.0,0.0,1.0,0.0,0.0,0.0,1.721315253664e+18,0.0,601.191211,-155.599805,-393.017871,-130.473633,27.37793,149.018555,1.0,666.712793,-151.693066,-379.065234,-118.103027,36.97998,3.405762,2.0,420.365039,16.073438,-211.745215,-155.566406,-7.229004,42.143555,3.0,439.787109,-47.438965,-176.696191,-160.180664,0.109863,-170.595703
1721315253700000000,1.721315253676434e+18,-1.0,29.91,-1.0,4684.79,-1.0,-1.0,13.0,0.0,0.0,0.0,1.0,0.0,0.0,0.0,1.721315253697e+18,0.0,601.191211,-155.823047,-393.129492,-130.561523,27.487793,148.974609,1.0,666.601172,-151.916309,-379.62334,-118.212891,37.111816,3.361816,2.0,420.699902,15.961816,-211.856836,-155.610352,-7.207031,42.121582,3.0,440.121973,-48.108691,-176.58457,-160.400391,0.263672,-170.661621
1721315253733333333,1.7213152537129846e+18,-1.0,29.7,-1.0,5643.86,-1.0,-1.0,13.0,0.0,0.0,0.0,1.0,0.0,0.0,0.0,1.7213152537301e+18,0.0,601.302832,-156.269531,-392.794629,-130.649414,27.443848,149.018555,1.0,666.043066,-152.920898,-379.958203,-118.410645,36.97998,3.317871,2.0,420.588281,15.738574,-212.080078,-155.67627,-7.316895,42.143555,3.0,439.787109,-48.555176,-176.807812,-160.532227,0.153809,-170.639648
1721315253766666666,1.7213152537539827e+18,-1.0,29.91,-1.0,6102.12,-1.0,-1.0,14.0,0.0,0.0,0.0,1.0,0.0,0.0,0.0,1.7213152537632e+18,0.0,601.526074,-155.599805,-392.348145,-130.429688,27.399902,149.194336,1.0,665.708203,-152.362793,-380.62793,-118.256836,36.782227,3.317871,2.0,420.588281,16.185059,-212.30332,-155.522461,-7.36084,42.275391,3.0,439.675488,-48.220312,-177.254297,-160.378418,0.087891,-170.529785
1721315253800000000,1.721315253790987e+18,-1.0,29.7,-1.0,6614.24,-1.0,-1.0,13.0,0.0,0.0,0.0,1.0,0.0,0.0,0.0,1.7213152537999002e+18,0.0,602.195801,-153.925488,-392.683008,-130.056152,27.641602,149.282227,1.0,665.708203,-152.139551,-380.404687,-118.015137,36.826172,3.449707,2.0,420.811523,15.961816,-212.191699,-155.544434,-7.272949,42.319336,3.0,440.121973,-47.773828,-177.031055,-160.224609,0.285645,-170.551758
1721315253833333333,1.7213152538281275e+18,-1.0,29.27,-1.0,7506.36,-1.0,-1.0,14.0,0.0,0.0,0.0,1.0,0.0,0.0,0.0,1.721315253833e+18,0.0,602.530664,-154.595215,-392.90625,-130.187988,27.685547,149.282227,1.0,666.37793,-153.590625,-380.181445,-118.190918,36.89209,3.55957,2.0,420.699902,15.626953,-212.191699,-155.632324,-7.294922,42.319336,3.0,440.010352,-47.773828,-177.031055,-160.268555,0.263672,-170.595703
1721315253866666666,1.7213152538281275e+18,-1.0,29.27,-1.0,7506.36,-1.0,-1.0,14.0,0.0,0.0,0.0,1.0,0.0,0.0,0.0,1.7213152538661e+18,0.0,602.419043,-155.599805,-392.459766,-130.275879,27.553711,149.326172,1.0,666.043066,-154.930078,-379.846582,-118.322754,36.716309,3.625488,2.0,420.47666,15.403711,-212.30332,-155.67627,-7.404785,42.363281,3.0,439.340625,-47.99707,-177.58916,-160.334473,-0.021973,-170.639648
1721315253900000000,1.7213152538811256e+18,-1.0,29.7,-1.0,8203.64,-1.0,0.46,13.0,0.0,0.0,0.0,1.0,0.0,0.0,0.0,1.7213152538992e+18,0.0,602.307422,-156.269531,-391.790039,-130.166016,27.531738,149.501953,1.0,665.596582,-155.488184,-379.400098,-118.234863,36.650391,3.713379,2.0,420.588281,15.738574,-212.191699,-155.544434,-7.316895,42.385254,3.0,439.452246,-47.773828,-177.58916,-160.202637,0.0,-170.57373
1721315253933333333,1.7213152539184727e+18,-1.0,30.13,-1.0,7843.39,-1.0,-1.0,13.0,0.0,0.0,0.0,1.0,0.0,0.0,0.0,1.7213152539322e+18,0.0,602.419043,-158.16709,-390.227344,-130.36377,27.773438,149.677734,1.0,665.708203,-156.15791,-379.176855,-118.300781,36.848145,3.691406,2.0,420.699902,15.403711,-211.410352,-155.654297,-7.119141,42.363281,3.0,439.563867,-48.108691,-177.142676,-160.268555,0.109863,-170.683594
1721315253966666666,1.721315253955488e+18,-1.0,29.7,-1.0,8203.64,-1.0,-1.0,13.0,0.0,0.0,0.0,1.0,0.0,0.0,0.0,1.7213152539653e+18,0.0,602.08418,-160.17627,-389.780859,-130.737305,27.729492,149.677734,1.0,666.043066,-156.716016,-378.841992,-118.54248,36.958008,3.625488,2.0,420.47666,14.845605,-211.075488,-155.895996,-7.119141,42.473145,3.0,439.452246,-49.671387,-176.696191,-160.664062,0.0,-170.969238
1721315254000000000,1.7213152539964772e+18,-1.0,29.7,-1.0,8589.65,-1.0,-1.0,13.0,0.0,0.0,0.0,1.0,0.0,0.0,0.0,1.7213152539984e+18,0.0,602.08418,-161.180859,-389.334375,-130.715332,27.597656,149.787598,1.0,665.931445,-156.939258,-378.395508,-118.520508,36.870117,3.669434,2.0,420.141797,15.068848,-210.740625,-155.917969,-6.987305,42.714844,3.0,439.787109,-49.113281,-176.807812,-160.510254,-0.021973,-171.013184
1721315254033333333,1.7213152540329866e+18,-1.0,29.91,-1.0,9004.22,-1.0,-1.0,13.0,0.0,0.0,0.0,1.0,0.0,0.0,0.0,1.7213152540315e+18,0.0,602.753906,-161.29248,-388.664648,-130.539551,27.619629,150.029297,1.0,666.043066,-156.939258,-378.283887,-118.366699,36.848145,3.735352,2.0,421.034766,14.957227,-210.294141,-156.049805,-6.591797,42.802734,3.0,440.010352,-48.778418,-176.58457,-160.422363,0.087891,-171.035156
1721315254066666666,1.7213152540329866e+18,-1.0,29.91,-1.0,9004.22,-1.0,-1.0,13.0,0.0,0.0,0.0,1.0,0.0,0.0,0.0,1.7213152540645e+18,0.0,603.423633,-162.185449,-387.77168,-130.649414,27.79541,150.117188,1.0,666.154687,-158.055469,-378.172266,-118.586426,36.97998,3.669434,2.0,421.592871,12.724805,-210.18252,-156.862793,-6.459961,42.824707,3.0,440.121973,-51.680566,-176.361328,-161.125488,0.087891,-171.386719
1721315254100000000,1.7213152540699973e+18,-1.0,29.91,-1.0,9004.22,-1.0,-1.0,14.0,0.0,0.0,0.0,1.0,0.0,0.0,0.0,1.7213152540976e+18,0.0,603.646875,-162.743555,-387.548437,-130.78125,27.729492,150.117188,1.0,665.931445,-159.283301,-378.507129,-118.916016,36.848145,3.47168,2.0,421.034766,11.162109,-209.17793,-157.763672,-6.240234,43.154297,3.0,438.336035,-51.568945,-178.035645,-161.30127,-0.703125,-171.694336
1721315254133333333,1.7213152541104975e+18,-1.0,29.7,-1.0,8203.64,-1.0,-1.0,13.0,0.0,0.0,0.0,1.0,0.0,0.0,0.0,1.7213152541307e+18,0.0,603.423633,-162.185449,-387.548437,-130.627441,27.663574,150.13916,1.0,666.154687,-158.278711,-378.507129,-118.696289,36.760254,3.47168,2.0,422.262598,12.836426,-207.16875,-157.82959,-5.009766,43.110352,3.0,438.894141,-49.224902,-178.928613,-160.861816,-1.010742,-172.419434
1721315254166666666,1.7213152541594985e+18,-1.0,29.7,-1.0,6614.24,0.15,-1.0,13.0,0.0,0.0,0.0,1.0,0.0,0.0,0.0,1.7213152541638e+18,0.0,603.08877,-161.180859,-388.106543,-130.539551,27.729492,150.007324,1.0,666.266309,-157.832227,-378.395508,-118.608398,36.826172,3.515625,2.0,426.504199,9.041309,-205.494434,-159.763184,-3.295898,42.802734,3.0,438.894141,-49.894629,-178.928613,-161.608887,-1.757812,-173.71582
1721315254200000000,1.721315254196508e+18,-1.0,29.7,-1.0,5866.79,-1.0,-1.0,13.0,0.0,0.0,0.0,1.0,0.0,0.0,0.0,1.7213152541968e+18,0.0,603.200391,-160.957617,-387.994922,-130.649414,27.79541,149.919434,1.0,667.047656,-158.16709,-378.060645,-118.674316,36.936035,3.515625,2.0,430.299316,5.692676,-204.713086,-161.652832,-1.889648,43.044434,3.0,437.554688,-49.224902,-181.161035,-161.982422,-3.405762,-174.506836
1721315254233333333,1.721315254196508e+18,-1.0,29.7,-1.0,5866.79,-1.0,-1.0,13.0,0.0,0.0,0.0,1.0,0.0,0.0,0.0,1.7213152542298998e+18,0.0,602.307422,-161.850586,-387.77168,-130.891113,27.487793,149.919434,1.0,667.159277,-158.613574,-377.837402,-118.762207,36.694336,3.515625,2.0,424.49502,6.697266,-202.03418,-161.806641,-1.186523,43.220215,3.0,438.336035,-52.350293,-180.379687,-162.861328,-3.361816,-174.111328
1721315254266666666,1.7213152542497554e+18,-1.0,30.13,-1.0,3423.23,-1.0,0.61,13.0,0.0,0.0,0.0,1.0,0.0,0.0,0.0,1.7213152542666e+18,0.0,602.530664,-160.399512,-387.883301,-130.561523,27.443848,149.985352,1.0,667.38252,-157.050879,-377.949023,-118.388672,36.628418,3.581543,2.0,425.946094,7.478613,-200.694727,-161.71875,0.197754,43.330078,3.0,438.112793,-50.787598,-180.044824,-162.509766,-2.922363,-174.155273
1721315254300000000,1.7213152542867492e+18,-1.0,29.7,-1.0,1193.03,-1.0,-1.0,13.0,0.0,0.0,0.0,0.0,0.0,0.0,0.0,1.7213152542997e+18,0.0,602.977148,-159.841406,-388.218164,-130.539551,27.531738,149.919434,1.0,667.494141,-156.939258,-378.060645,-118.410645,36.782227,3.581543,2.0,426.057715,4.688086,-199.466895,-162.883301,1.07666,43.198242,3.0,436.996582,-51.345703,-179.821582,-163.168945,-2.219238,-174.462891
1721315254333333333,1.7213152542867492e+18,-1.0,29.7,-1.0,1193.03,-1.0,-1.0,13.0,0.0,0.0,0.0,0.0,0.0,0.0,0.0,1.7213152543328e+18,0.0,603.08877,-159.394922,-389.111133,-130.627441,27.509766,149.765625,1.0,667.494141,-157.1625,-378.283887,-118.630371,36.870117,3.493652,2.0,424.383398,3.571875,-199.690137,-163.45459,1.296387,43.308105,3.0,433.982812,-53.466504,-180.714551,-164.069824,-2.526855,-174.111328
1721315254366666666,1.721315254335749e+18,-1.0,29.7,-1.0,616.94,-1.0,9.52,13.0,0.0,0.0,0.0,0.0,0.0,0.0,0.0,1.7213152543659e+18,0.0,602.977148,-158.725195,-390.338965,-130.627441,27.399902,149.655762,1.0,667.159277,-157.720605,-378.283887,-118.718262,36.760254,3.55957,2.0,423.825293,4.576465,-199.801758,-163.037109,1.779785,42.912598,3.0,433.201465,-52.685156,-181.384277,-163.718262,-2.109375,-173.891602
1721315254400000000,1.721315254385757e+18,-1.0,29.91,-1.0,88.51,-1.0,12.84,13.0,0.0,0.0,0.0,0.0,0.0,0.0,0.0,1.7213152543989e+18,0.0,603.535254,-156.939258,-391.343555,-130.253906,27.443848,149.72168,1.0,666.936035,-156.381152,-378.841992,-118.498535,36.782227,3.537598,2.0,423.49043,5.13457,-199.801758,-162.575684,2.570801,42.473145,3.0,433.313086,-50.675977,-182.054004,-163.059082,-1.428223,-173.562012
1721315254433333333,1.721315254385757e+18,-1.0,29.91,-1.0,88.51,-1.0,12.84,13.0,0.0,0.0,0.0,0.0,0.0,0.0,0.0,1.721315254432e+18,0.0,604.20498,-157.1625,-390.785449,-130.319824,27.597656,149.765625,1.0,667.159277,-155.488184,-379.734961,-118.586426,37.023926,3.383789,2.0,422.597461,3.125391,-199.913379,-162.883301,2.790527,42.93457,3.0,431.973633,-55.14082,-180.826172,-163.87207,-1.384277,-172.419434
1721315254466666666,1.7213152544342884e+18,-1.0,29.7,-1.0,33.66,-1.0,8.33,13.0,0.0,0.0,0.0,0.0,0.0,0.0,0.0,1.7213152544651e+18,0.0,604.20498,-157.943848,-390.450586,-130.627441,27.509766,149.72168,1.0,666.712793,-156.046289,-379.846582,-118.894043,37.045898,3.317871,2.0,421.816113,2.902148,-200.694727,-162.553711,3.383789,44.780273,3.0,430.187695,-52.461914,-181.384277,-162.597656,-1.230469,-171.474609
1721315254500000000,1.7213152544792878e+18,-1.0,29.7,-1.0,30.78,-1.0,6.0,13.0,0.0,0.0,0.0,0.0,0.0,0.0,0.0,1.7213152544982e+18,0.0,604.093359,-158.948437,-390.004102,-130.869141,27.443848,149.787598,1.0,665.596582,-154.483594,-378.61875,-118.718262,37.155762,3.405762,2.0,424.160156,3.795117,-199.466895,-162.399902,5.405273,46.604004,3.0,431.192285,-52.238672,-180.714551,-162.685547,-0.109863,-169.958496
1721315254533333333,1.72131525452885e+18,-1.0,29.7,-1.0,24.66,-1.0,6.33,13.0,0.0,0.0,0.0,0.0,0.0,0.0,0.0,1.7213152545312e+18,0.0,603.981738,-159.17168,-389.557617,-131.19873,27.751465,149.655762,1.0,665.37334,-155.599805,-375.60498,-119.025879,37.880859,3.581543,2.0,428.401758,0.334863,-196.341504,-163.916016,8.063965,48.317871,3.0,429.741211,-49.894629,-180.156445,-163.652344,1.428223,-168.552246
1721315254566666666,1.721315254565842e+18,-1.0,29.7,-1.0,21.26,-1.0,-1.0,13.0,0.0,0.0,0.0,0.0,0.0,0.0,0.0,1.7213152545643e+18,0.0,602.977148,-163.30166,-388.441406,-132.692871,28.256836,149.084473,1.0,665.37334,-158.501953,-373.930664,-119.926758,38.474121,3.295898,2.0,431.63877,-0.446484,-195.560156,-164.267578,10.349121,50.668945,3.0,429.62959,-50.675977,-178.928613,-164.223633,3.120117,-166.179199
1721315254600000000,1.721315254565842e+18,-1.0,29.7,-1.0,21.26,-1.0,-1.0,13.0,0.0,0.0,0.0,0.0,0.0,0.0,0.0,1.7213152545974e+18,0.0,601.191211,-165.31084,-387.994922,-133.110352,27.971191,149.040527,1.0,664.703613,-158.501953,-375.046875,-120.168457,38.254395,3.032227,2.0,435.433887,0.223242,-192.88125,-164.091797,13.31543,53.02002,3.0,429.852832,-50.675977,-176.807812,-164.443359,5.20752,-163.630371
1721315254633333333,1.721315254601846e+18,-1.0,29.7,-1.0,21.46,-1.0,-1.0,13.0,0.0,0.0,0.0,0.0,0.0,0.0,0.0,1.7213152546305e+18,0.0,600.967969,-164.417871,-387.548437,-132.714844,28.015137,149.194336,1.0,664.36875,-157.1625,-375.493359,-119.838867,38.210449,3.054199,2.0,440.90332,0.111621,-191.318555,-164.421387,15.79834,54.448242,3.0,432.531738,-41.634668,-177.254297,-163.103027,7.119141,-161.982422
1721315254666666666,1.7213152546393705e+18,-1.0,29.7,-1.0,16.85,-1.0,-1.0,13.0,0.0,0.0,0.0,0.0,0.0,0.0,0.0,1.7213152546635e+18,0.0,601.637695,-166.203809,-386.097363,-132.429199,28.300781,149.633789,1.0,664.703613,-156.716016,-375.158496,-119.575195,38.364258,3.208008,2.0,445.144922,-3.01377,-189.532617,-165.717773,17.29248,55.437012,3.0,436.438477,-38.286035,-175.57998,-163.234863,8.833008,-161.30127
1721315254700000000,1.7213152546763668e+18,-1.0,29.91,-1.0,22.25,-1.0,-1.0,13.0,0.0,0.0,0.0,0.0,0.0,0.0,0.0,1.7213152546966e+18,0.0,602.08418,-166.427051,-386.432227,-132.363281,28.322754,149.677734,1.0,665.150098,-157.274121,-375.046875,-119.575195,38.408203,3.273926,2.0,445.256543,-1.339453,-190.537207,-165.805664,17.20459,56.25,3.0,435.657129,-39.513867,-175.468359,-163.652344,8.591309,-160.334473
1721315254733333333,1.7213152547089068e+18,-1.0,29.7,-1.0,23.65,-1.0,-1.0,13.0,0.0,0.0,0.0,0.0,0.0,0.0,0.0,1.7213152547297e+18,0.0,601.972559,-165.980566,-386.432227,-132.209473,28.234863,149.72168,1.0,665.261719,-157.720605,-374.48877,-119.509277,38.29834,3.405762,2.0,446.930859,2.455664,-190.648828,-165.168457,17.20459,56.733398,3.0,437.554688,-36.946582,-174.46377,-163.059082,8.723145,-159.916992
1721315254766666666,1.7213152547459013e+18,-1.0,29.91,-1.0,22.25,-1.0,-1.0,13.0,0.0,0.0,0.0,0.0,0.0,0.0,0.0,1.7213152547664e+18,0.0,602.08418,-161.850586,-386.990332,-131.484375,28.344727,149.677734,1.0,665.484961,-156.492773,-373.930664,-119.025879,38.320312,3.55957,2.0,449.721387,5.246191,-189.197754,-164.663086,17.248535,57.106934,3.0,441.126562,-34.490918,-173.235937,-162.641602,8.876953,-159.873047
1721315254800000000,1.7213152547949368e+18,-1.0,29.91,-1.0,22.85,-1.0,13.38,13.0,0.0,0.0,0.0,0.0,0.0,0.0,0.0,1.7213152547995e+18,0.0,602.307422,-161.738965,-386.990332,-131.594238,28.498535,149.655762,1.0,666.266309,-157.050879,-373.595801,-118.981934,38.430176,3.647461,2.0,451.395703,6.13916,-189.086133,-164.685059,16.699219,57.634277,3.0,442.800879,-34.267676,-174.128906,-162.993164,8.283691,-160.026855
1721315254833333333,1.7213152547949368e+18,-1.0,29.91,-1.0,22.85,-1.0,13.38,13.0,0.0,0.0,0.0,0.0,0.0,0.0,0.0,1.7213152548326e+18,0.0,601.749316,-162.631934,-387.325195,-131.813965,28.344727,149.611816,1.0,666.154687,-157.497363,-374.823633,-119.157715,38.188477,3.47168,2.0,451.618945,10.15752,-189.309375,-163.740234,16.391602,58.447266,3.0,443.91709,-32.370117,-174.240527,-162.531738,8.02002,-159.389648
1721315254866666666,1.7213152548444544e+18,-1.0,29.7,-1.0,24.26,-1.0,19.32,13.0,0.0,0.0,0.0,0.0,0.0,0.0,0.0,1.7213152548657e+18,0.0,601.414453,-163.636523,-386.543848,-131.660156,28.015137,149.897461,1.0,665.261719,-157.050879,-375.493359,-118.87207,37.814941,3.515625,2.0,453.404883,15.068848,-188.081543,-162.597656,17.182617,58.688965,3.0,446.037891,-28.240137,-172.901074,-161.323242,8.811035,-159.038086
1721315254900000000,1.721315254893466e+18,-1.0,29.7,-1.0,27.36,-1.0,22.65,13.0,0.0,0.0,0.0,0.0,0.0,0.0,0.0,1.7213152548987e+18,0.0,601.860937,-163.859766,-385.985742,-131.572266,28.146973,150.029297,1.0,665.37334,-156.604395,-374.823633,-118.608398,37.96875,3.757324,2.0,456.083789,15.961816,-186.74209,-162.575684,18.347168,59.0625,3.0,448.940039,-24.333398,-171.561621,-160.795898,10.195312,-158.90625
1721315254933333333,1.721315254893466e+18,-1.0,29.7,-1.0,27.36,-1.0,22.65,13.0,0.0,0.0,0.0,0.0,0.0,0.0,0.0,1.7213152549317998e+18,0.0,601.749316,-164.417871,-386.432227,-131.813965,28.344727,150.007324,1.0,665.931445,-157.608984,-374.377148,-118.806152,38.254395,3.933105,2.0,457.423242,16.743164,-185.7375,-162.333984,19.533691,60.249023,3.0,447.823828,-21.654492,-166.985156,-160.070801,11.381836,-157.434082
1721315254966666666,1.7213152549419845e+18,-1.0,29.91,-1.0,22.85,-1.0,22.65,13.0,0.0,0.0,0.0,0.0,0.0,0.0,0.0,1.7213152549649e+18,0.0,601.972559,-163.190039,-386.543848,-132.011719,28.806152,150.600586,1.0,665.819824,-158.055469,-373.930664,-118.916016,38.29834,4.21875,2.0,459.655664,19.980176,-182.72373,-161.05957,21.577148,62.094727,3.0,447.154102,-18.975586,-162.631934,-159.301758,13.293457,-155.588379
1721315255000000000,1.7213152549909804e+18,-1.0,29.91,-1.0,24.46,-1.0,29.05,13.0,0.0,0.0,0.0,0.0,0.0,0.0,0.0,1.721315254998e+18,0.0,600.856348,-159.060059,-389.669238,-131.396484,29.641113,150.930176,1.0,664.926855,-151.358203,-374.377148,-117.883301,39.133301,4.592285,2.0,461.999707,23.886914,-180.379687,-159.521484,23.554688,63.435059,3.0,446.707617,-12.27832,-163.190039,-157.368164,14.523926,-154.35791
1721315255033333333,1.7213152549909804e+18,-1.0,29.91,-1.0,24.46,-1.0,29.05,13.0,0.0,0.0,0.0,0.0,0.0,0.0,0.0,1.7213152550309998e+18,0.0,599.963379,-157.832227,-392.236523,-132.077637,30.212402,150.161133,1.0,665.150098,-148.679297,-374.823633,-118.366699,40.649414,4.680176,2.0,462.222949,23.663672,-178.147266,-159.191895,24.938965,64.401855,3.0,446.595996,-10.938867,-162.966797,-157.302246,15.732422,-153.325195
1721315255066666666,1.7213152550405307e+18,-1.0,29.91,-1.0,22.65,-1.0,32.77,13.0,0.0,0.0,0.0,0.0,0.0,0.0,0.0,1.7213152550641e+18,0.0,599.07041,-162.408691,-390.89707,-132.912598,30.058594,150.073242,1.0,666.489551,-152.251172,-372.814453,-119.157715,40.869141,4.833984,2.0,460.548633,26.789062,-177.58916,-157.675781,25.422363,65.808105,3.0,442.689258,-12.27832,-162.073828,-156.687012,15.754395,-151.303711
1721315255100000000,1.7213152550895306e+18,-1.0,29.7,-1.0,23.25,-1.0,39.94,13.0,0.0,0.0,0.0,0.0,0.0,0.0,0.0,1.7213152550972e+18,0.0,598.289062,-166.31543,-390.227344,-133.637695,29.772949,150.117188,1.0,665.931445,-153.590625,-373.037695,-119.465332,40.803223,4.943848,2.0,460.325391,31.700391,-176.696191,-155.368652,26.499023,67.324219,3.0,441.90791,-9.599414,-160.511133,-155.126953,16.633301,-149.677734
1721315255133333333,1.7213152550895306e+18,-1.0,29.7,-1.0,23.25,-1.0,39.94,13.0,0.0,0.0,0.0,0.0,0.0,0.0,0.0,1.7213152551301998e+18,0.0,598.177441,-164.975977,-389.780859,-133.813477,30.102539,149.897461,1.0,664.926855,-149.683887,-375.60498,-119.311523,41.154785,4.394531,2.0,460.883496,33.932812,-176.58457,-153.808594,27.004395,68.730469,3.0,440.90332,-5.804297,-159.729785,-153.500977,17.072754,-148.447266
1721315255166666666,1.721315255138608e+18,-1.0,29.7,-1.0,17.98,-1.0,34.11,13.0,0.0,0.0,0.0,0.0,0.0,0.0,0.0,1.7213152551633e+18,0.0,598.847168,-168.212988,-387.77168,-135.351562,30.893555,149.348145,1.0,666.043066,-150.800098,-375.828223,-120.058594,41.77002,3.933105,2.0,460.102148,34.937402,-176.919434,-152.907715,27.026367,69.609375,3.0,439.340625,-4.688086,-159.060059,-152.600098,17.138672,-147.458496
1721315255200000000,1.7213152551881306e+18,-1.0,29.91,-1.0,18.93,-1.0,39.7,13.0,0.0,0.0,0.0,0.0,0.0,0.0,0.0,1.7213152551964e+18,0.0,598.289062,-171.226758,-386.543848,-136.516113,30.673828,148.974609,1.0,665.37334,-151.804688,-374.042285,-120.893555,41.835938,3.515625,2.0,456.976758,38.062793,-180.60293,-150.996094,26.125488,71.081543,3.0,437.443066,-3.460254,-160.511133,-151.45752,16.501465,-146.271973
1721315255233333333,1.7213152551881306e+18,-1.0,29.91,-1.0,18.93,-1.0,39.7,13.0,0.0,0.0,0.0,0.0,0.0,0.0,0.0,1.7213152552331e+18,0.0,598.958789,-171.45,-384.981152,-136.340332,30.651855,149.282227,1.0,664.703613,-153.367383,-370.135547,-120.60791,41.748047,4.086914,2.0,458.539453,42.639258,-182.500488,-148.601074,26.433105,72.509766,3.0,438.001172,2.902148,-161.850586,-148.842773,16.699219,-145.151367
1721315255266666666,1.7213152552366725e+18,-1.0,29.7,-1.0,18.17,-1.0,40.66,13.0,0.0,0.0,0.0,0.0,0.0,0.0,0.0,1.7213152552662e+18,0.0,600.298242,-170.780273,-382.637109,-136.274414,31.113281,149.348145,1.0,664.926855,-151.246582,-368.796094,-120.541992,42.60498,3.867188,2.0,458.20459,42.750879,-184.621289,-148.07373,26.235352,72.971191,3.0,438.336035,3.348633,-163.190039,-148.31543,16.655273,-144.645996
1721315255300000000,1.7213152552866785e+18,-1.0,29.7,-1.0,15.74,-1.0,36.4,13.0,0.0,0.0,0.0,0.0,0.0,0.0,0.0,1.7213152552992998e+18,0.0,601.302832,-170.557031,-379.846582,-137.307129,31.860352,148.666992,1.0,667.605762,-151.693066,-366.563672,-121.398926,43.615723,3.251953,2.0,456.753516,42.416016,-187.858301,-147.744141,25.510254,73.388672,3.0,436.884961,2.00918,-165.087598,-148.381348,15.908203,-143.898926
1721315255333333333,1.7213152552866785e+18,-1.0,29.7,-1.0,15.74,-1.0,36.4,13.0,0.0,0.0,0.0,0.0,0.0,0.0,0.0,1.7213152553324e+18,0.0,601.07959,-171.226758,-379.065234,-137.900391,31.728516,148.40332,1.0,667.270898,-152.920898,-364.33125,-121.970215,43.637695,3.317871,2.0,455.079199,46.099512,-190.760449,-146.513672,25.180664,74.069824,3.0,435.657129,3.795117,-167.654883,-147.678223,15.424805,-142.932129
1721315255366666666,1.7213152553352095e+18,-1.0,29.91,-1.0,13.92,-1.0,45.12,14.0,0.0,0.0,0.0,0.0,0.0,0.0,0.0,1.7213152553654e+18,0.0,600.967969,-171.45,-378.841992,-138.120117,31.970215,148.205566,1.0,665.708203,-152.251172,-362.768555,-122.036133,44.033203,3.295898,2.0,456.083789,49.336523,-192.769629,-145.546875,25.510254,74.509277,3.0,436.215234,5.692676,-168.547852,-147.194824,15.754395,-142.624512
1721315255400000000,1.721315255380773e+18,-1.0,29.91,-1.0,13.92,-1.0,46.9,13.0,0.0,0.0,0.0,0.0,0.0,0.0,0.0,1.7213152553984998e+18,0.0,599.963379,-171.673242,-378.395508,-139.833984,32.893066,146.953125,1.0,666.043066,-150.01875,-361.094238,-123.376465,45.505371,1.999512,2.0,456.641895,48.443555,-194.220703,-146.096191,25.422363,74.465332,3.0,436.438477,5.692676,-170.333789,-147.634277,15.732422,-142.800293
1721315255433333333,1.7213152554293317e+18,-1.0,29.91,-1.0,15.01,-1.0,49.78,13.0,0.0,0.0,0.0,0.0,0.0,0.0,0.0,1.7213152554316e+18,0.0,597.396094,-174.798633,-377.61416,-141.965332,32.783203,145.480957,1.0,664.033887,-149.237402,-358.526953,-124.672852,45.856934,0.900879,2.0,454.855957,48.666797,-196.899609,-146.359863,24.543457,74.685059,3.0,434.875781,5.022949,-173.235937,-148.07373,14.831543,-142.756348
1721315255466666666,1.7213152554293317e+18,-1.0,29.91,-1.0,15.01,-1.0,49.78,13.0,0.0,0.0,0.0,0.0,0.0,0.0,0.0,1.7213152554647e+18,0.0,597.06123,-173.794043,-377.056055,-142.185059,32.695312,145.019531,1.0,661.801465,-151.469824,-355.289941,-125.002441,45.571289,1.054688,2.0,454.967578,49.113281,-198.350684,-146.206055,24.455566,74.838867,3.0,435.880371,5.804297,-174.575391,-147.832031,14.743652,-142.602539
1721315255500000000,1.7213152554783396e+18,-1.0,29.7,-1.0,16.48,-1.0,47.94,13.0,0.0,0.0,0.0,0.0,0.0,0.0,0.0,1.7213152554977e+18,0.0,597.619336,-171.561621,-377.167676,-141.833496,32.871094,144.865723,1.0,661.35498,-150.01875,-353.169141,-124.519043,45.900879,1.032715,2.0,455.637305,49.336523,-199.243652,-146.206055,24.477539,74.663086,3.0,436.996582,6.250781,-175.57998,-147.788086,14.787598,-142.77832
1721315255533333333,1.721315255527878e+18,-1.0,29.91,-1.0,13.74,-1.0,48.72,13.0,0.0,0.0,0.0,0.0,0.0,0.0,0.0,1.7213152555308e+18,0.0,599.516895,-173.570801,-375.828223,-142.316895,33.244629,144.84375,1.0,662.694434,-150.911719,-352.722656,-124.892578,46.494141,0.74707,2.0,456.307031,48.555176,-201.02959,-146.799316,24.169922,74.333496,3.0,437.331445,5.804297,-177.142676,-148.447266,14.545898,-143.173828
1721315255566666666,1.721315255527878e+18,-1.0,29.91,-1.0,13.74,-1.0,48.72,13.0,0.0,0.0,0.0,0.0,0.0,0.0,0.0,1.7213152555639e+18,0.0,599.405273,-174.575391,-376.163086,-142.954102,33.024902,144.536133,1.0,661.913086,-151.02334,-353.615625,-125.441895,46.450195,0.351562,2.0,454.521094,48.890039,-205.047949,-146.953125,23.027344,74.311523,3.0,436.77334,6.362402,-179.151855,-148.601074,13.776855,-143.129883
1721315255600000000,1.7213152555768916e+18,-1.0,29.91,-1.0,14.1,-1.0,48.72,13.0,0.0,0.0,0.0,0.0,0.0,0.0,0.0,1.721315255597e+18,0.0,599.07041,-172.119727,-377.390918,-142.844238,32.980957,144.206543,1.0,662.247949,-150.688477,-353.727246,-125.529785,46.494141,0.263672,2.0,456.19541,51.122461,-205.382812,-146.491699,23.378906,74.333496,3.0,438.336035,8.14834,-179.151855,-148.051758,14.150391,-142.910156
1721315255633333333,1.7213152556263967e+18,-1.0,29.91,-1.0,15.92,-1.0,46.65,13.0,0.0,0.0,0.0,0.0,0.0,0.0,0.0,1.72131525563e+18,0.0,599.293652,-169.998926,-376.832812,-142.932129,33.288574,143.723145,1.0,663.922266,-148.00957,-353.727246,-125.661621,47.021484,-0.219727,2.0,457.2,51.01084,-205.829297,-146.711426,23.510742,74.223633,3.0,439.229004,7.701855,-179.821582,-148.359375,14.304199,-143.041992
1721315255666666666,1.7213152556263967e+18,-1.0,29.91,-1.0,15.92,-1.0,46.65,13.0,0.0,0.0,0.0,0.0,0.0,0.0,0.0,1.7213152556631e+18,0.0,598.958789,-170.557031,-373.819043,-144.360352,33.684082,142.602539,1.0,666.043066,-147.228223,-353.05752,-127.001953,47.922363,-1.472168,2.0,457.534863,48.666797,-207.503613,-147.612305,23.027344,74.179688,3.0,439.229004,7.14375,-182.500488,-148.974609,13.776855,-143.547363
1721315255700000000,1.721315255675395e+18,-1.0,29.91,-1.0,12.84,-1.0,48.46,13.0,0.0,0.0,0.0,0.0,0.0,0.0,0.0,1.7213152556999e+18,0.0,597.619336,-171.003516,-376.274707,-144.799805,33.046875,142.119141,1.0,664.033887,-147.451465,-353.392383,-127.573242,47.570801,-1.977539,2.0,457.311621,49.336523,-208.284961,-147.590332,22.587891,74.11377,3.0,439.675488,6.585645,-184.621289,-149.128418,13.029785,-143.657227
1721315255733333333,1.7213152557249446e+18,-1.0,29.7,-1.0,13.2,-1.0,36.17,13.0,0.0,0.0,0.0,0.0,0.0,0.0,0.0,1.7213152557328998e+18,0.0,597.954199,-170.110547,-377.279297,-144.492188,33.068848,142.163086,1.0,663.587402,-146.112012,-353.504004,-127.243652,47.504883,-1.955566,2.0,457.088379,50.117871,-208.954687,-147.678223,22.368164,73.410645,3.0,441.461426,6.362402,-186.74209,-149.501953,12.919922,-144.711914
1721315255766666666,1.7213152557249446e+18,-1.0,29.7,-1.0,13.2,-1.0,36.17,13.0,0.0,0.0,0.0,0.0,0.0,0.0,0.0,1.721315255766e+18,0.0,599.628516,-170.668652,-377.167676,-144.228516,33.310547,142.492676,1.0,663.922266,-145.442285,-353.727246,-127.045898,47.592773,-1.955566,2.0,457.981348,44.983301,-208.731445,-150.05127,21.467285,71.125488,3.0,441.349805,-0.558105,-188.528027,-152.402344,12.414551,-146.821289
1721315255800000000,1.721315255773955e+18,-1.0,29.7,-1.0,12.13,-1.0,39.7,13.0,0.0,0.0,0.0,0.0,0.0,0.0,0.0,1.7213152557991e+18,0.0,600.521484,-170.891895,-376.60957,-143.942871,33.222656,142.954102,1.0,664.36875,-145.777148,-353.838867,-126.958008,47.504883,-1.845703,2.0,455.302441,41.523047,-207.057129,-151.567383,20.34668,69.521484,3.0,441.461426,-1.562695,-185.625879,-152.687988,12.106934,-147.854004
1721315255833333333,1.7213152558224955e+18,-1.0,29.48,-1.0,13.92,-1.0,33.21,13.0,0.0,0.0,0.0,0.0,0.0,0.0,0.0,1.7213152558322e+18,0.0,601.414453,-168.882715,-377.949023,-143.151855,32.805176,143.4375,1.0,664.145508,-146.335254,-354.620215,-126.518555,46.933594,-1.40625,2.0,454.855957,38.955762,-206.610645,-153.017578,19.995117,67.258301,3.0,444.140332,-1.785937,-182.500488,-152.578125,13.205566,-149.018555
1721315255866666666,1.7213152558224955e+18,-1.0,29.48,-1.0,13.92,-1.0,33.21,13.0,0.0,0.0,0.0,0.0,0.0,0.0,0.0,1.7213152558652e+18,0.0,601.749316,-167.654883,-377.502539,-142.272949,32.893066,144.052734,1.0,664.033887,-145.107422,-354.955078,-125.617676,46.713867,-0.966797,2.0,455.414062,33.597949,-205.047949,-155.478516,19.775391,64.841309,3.0,442.354395,-9.822656,-184.398047,-154.995117,13.293457,-150.578613
1721315255900000000,1.7213152558725e+18,-1.0,29.7,-1.0,15.92,-1.0,29.7,13.0,0.0,0.0,0.0,0.0,0.0,0.0,0.0,1.7213152558983e+18,0.0,602.195801,-167.989746,-377.949023,-142.44873,33.046875,143.942871,1.0,665.819824,-144.995801,-355.289941,-125.57373,46.845703,-1.010742,2.0,455.637305,27.123926,-202.145801,-157.741699,19.995117,63.720703,3.0,440.233594,-14.064258,-185.625879,-156.84082,13.469238,-152.226562
1721315255933333333,1.721315255921021e+18,-1.0,29.91,-1.0,15.01,-1.0,30.78,13.0,0.0,0.0,0.0,0.0,0.0,0.0,0.0,1.7213152559314e+18,0.0,601.972559,-168.659473,-378.283887,-142.602539,32.937012,143.876953,1.0,665.484961,-145.442285,-356.294531,-125.837402,46.582031,-1.274414,2.0,453.739746,22.659082,-201.252832,-159.016113,19.995117,62.973633,3.0,439.117383,-17.189648,-183.839941,-157.609863,13.710938,-153.369141
1721315255966666666,1.721315255921021e+18,-1.0,29.91,-1.0,15.01,-1.0,30.78,13.0,0.0,0.0,0.0,0.0,0.0,0.0,0.0,1.7213152559644e+18,0.0,601.749316,-168.882715,-378.283887,-142.558594,32.805176,143.920898,1.0,665.038477,-145.107422,-356.741016,-125.705566,46.318359,-1.274414,2.0,454.074609,17.189648,-200.471484,-160.686035,21.555176,61.523438,3.0,438.894141,-20.203418,-183.058594,-158.312988,15.13916,-154.797363
1721315256000000000,1.7213152559700183e+18,-1.0,29.91,-1.0,16.67,-1.0,27.15,13.0,0.0,0.0,0.0,0.0,0.0,0.0,0.0,1.7213152559975e+18,0.0,601.860937,-167.766504,-378.172266,-142.36084,32.871094,143.876953,1.0,665.150098,-144.660937,-356.629395,-125.397949,46.274414,-1.164551,2.0,455.860547,8.929688,-194.555566,-163.498535,24.301758,60.007324,3.0,437.666309,-26.119336,-180.60293,-160.422363,16.853027,-156.049805
1721315256033333333,1.7213152560195766e+18,-1.0,29.91,-1.0,17.23,-1.0,27.99,13.0,0.0,0.0,0.0,0.0,0.0,0.0,0.0,1.7213152560306002e+18,0.0,602.419043,-168.324609,-377.279297,-142.470703,32.980957,143.876953,1.0,665.708203,-145.442285,-356.294531,-125.48584,46.362305,-1.164551,2.0,455.972168,1.785937,-190.87207,-166.003418,26.608887,58.666992,3.0,432.420117,-33.486328,-177.812402,-162.641602,18.127441,-156.357422
1721315256066666666,1.7213152560195766e+18,-1.0,29.91,-1.0,17.23,-1.0,27.99,13.0,0.0,0.0,0.0,0.0,0.0,0.0,0.0,1.7213152560637e+18,0.0,601.749316,-169.44082,-376.497949,-142.602539,32.805176,143.920898,1.0,665.37334,-146.112012,-356.071289,-125.639648,46.252441,-1.208496,2.0,455.748926,-1.451074,-187.076953,-167.167969,29.025879,58.095703,3.0,431.973633,-33.151465,-178.816992,-163.476562,19.709473,-157.016602
1721315256100000000,1.721315256068575e+18,-1.0,29.91,-1.0,15.56,-1.0,26.94,13.0,0.0,0.0,0.0,0.0,0.0,0.0,0.0,1.7213152560967e+18,0.0,601.414453,-168.771094,-376.274707,-142.36084,32.739258,144.030762,1.0,665.150098,-145.88877,-355.736426,-125.441895,46.186523,-1.07666,2.0,457.646484,-3.237012,-182.612109,-168.09082,31.904297,56.887207,3.0,431.63877,-33.263086,-174.798633,-164.223633,22.412109,-157.609863
1721315256133333333,1.721315256118089e+18,-1.0,29.91,-1.0,13.92,-1.0,22.85,13.0,0.0,0.0,0.0,0.0,0.0,0.0,0.0,1.7213152561298002e+18,0.0,601.414453,-167.766504,-376.274707,-142.119141,32.893066,144.030762,1.0,665.37334,-146.112012,-355.289941,-125.332031,46.230469,-0.98877,2.0,458.651074,-8.929688,-178.258887,-170.332031,33.42041,55.349121,3.0,430.969043,-34.937402,-171.673242,-165.322266,23.730469,-158.48877
1721315256166666666,1.7213152561630868e+18,-1.0,29.7,-1.0,14.64,-1.0,24.87,13.0,0.0,0.0,0.0,0.0,0.0,0.0,0.0,1.7213152561666e+18,0.0,601.414453,-168.324609,-375.60498,-142.163086,32.937012,144.09668,1.0,665.37334,-147.339844,-355.17832,-125.529785,46.142578,-1.054688,2.0,456.753516,-12.724805,-173.682422,-171.826172,33.947754,54.360352,3.0,428.625,-38.844141,-168.994336,-166.464844,23.774414,-158.90625
1721315256200000000,1.7213152561630868e+18,-1.0,29.7,-1.0,14.64,-1.0,24.87,13.0,0.0,0.0,0.0,0.0,0.0,0.0,0.0,1.7213152561996e+18,0.0,600.967969,-168.659473,-375.381738,-142.009277,32.783203,144.316406,1.0,665.37334,-147.786328,-355.401562,-125.375977,45.812988,-1.010742,2.0,456.865137,-12.166699,-169.887305,-171.958008,34.321289,53.459473,3.0,428.513379,-37.951172,-165.868945,-166.091309,24.016113,-159.279785
1721315256233333333,1.7213152562116298e+18,-1.0,29.91,-1.0,13.92,-1.0,24.26,13.0,0.0,0.0,0.0,0.0,0.0,0.0,0.0,1.7213152562327002e+18,0.0,601.07959,-168.212988,-375.270117,-141.635742,32.915039,144.536133,1.0,665.261719,-147.116602,-354.843457,-124.870605,45.834961,-0.834961,2.0,457.2,-11.385352,-165.199219,-172.023926,34.49707,52.580566,3.0,429.183105,-37.951172,-160.622754,-165.981445,24.345703,-159.960938
1721315256266666666,1.7213152562616197e+18,-1.0,29.7,-1.0,13.2,-1.0,30.57,13.0,0.0,0.0,0.0,0.0,0.0,0.0,0.0,1.7213152562658e+18,0.0,601.972559,-169.217578,-374.823633,-141.70166,33.178711,144.602051,1.0,666.824414,-147.897949,-354.620215,-124.936523,46.142578,-0.834961,2.0,456.865137,-11.050488,-161.180859,-172.133789,34.211426,52.207031,3.0,429.517969,-37.72793,-157.274121,-165.827637,24.016113,-160.532227
1721315256300000000,1.7213152562616197e+18,-1.0,29.7,-1.0,13.2,-1.0,30.57,13.0,0.0,0.0,0.0,0.0,0.0,0.0,0.0,1.7213152562989e+18,0.0,601.860937,-169.552441,-375.270117,-141.767578,33.046875,144.580078,1.0,667.047656,-148.121191,-355.289941,-125.090332,45.98877,-0.966797,2.0,454.744336,-9.264551,-159.283301,-171.430664,33.288574,52.800293,3.0,428.625,-37.058203,-154.818457,-165.322266,23.225098,-160.488281
1721315256333333333,1.7213152563101647e+18,-1.0,29.91,-1.0,12.13,-1.0,36.4,13.0,0.0,0.0,0.0,0.0,0.0,0.0,0.0,1.7213152563319e+18,0.0,601.414453,-168.882715,-376.386328,-141.591797,32.915039,144.558105,1.0,666.712793,-146.000391,-356.964258,-124.892578,45.878906,-1.142578,2.0,455.860547,-5.246191,-156.939258,-170.134277,33.178711,53.195801,3.0,430.522559,-33.821191,-152.139551,-164.091797,23.312988,-160.3125
1721315256366666666,1.7213152563591693e+18,-1.0,29.91,-1.0,12.48,-1.0,36.17,13.0,0.0,0.0,0.0,0.0,0.0,0.0,0.0,1.721315256365e+18,0.0,600.856348,-166.761914,-377.390918,-141.218262,32.915039,144.470215,1.0,666.712793,-143.767969,-357.1875,-124.519043,45.98877,-1.142578,2.0,456.307031,-3.460254,-152.697656,-170.046387,33.200684,52.844238,3.0,431.303906,-33.263086,-149.795508,-164.267578,23.027344,-160.861816
1721315256400000000,1.7213152563591693e+18,-1.0,29.91,-1.0,12.48,-1.0,36.17,13.0,0.0,0.0,0.0,0.0,0.0,0.0,0.0,1.7213152563981e+18,0.0,600.967969,-165.645703,-378.841992,-141.262207,32.915039,144.206543,1.0,667.494141,-143.433105,-357.522363,-124.606934,46.098633,-1.274414,2.0,454.855957,-1.897559,-152.02793,-169.980469,32.080078,52.536621,3.0,430.857422,-32.481738,-148.567676,-164.223633,22.104492,-161.345215
1721315256433333333,1.7213152564087058e+18,-1.0,29.91,-1.0,13.56,-1.0,44.36,13.0,0.0,0.0,0.0,0.0,0.0,0.0,0.0,1.7213152564312e+18,0.0,600.186621,-165.534082,-380.739551,-141.394043,32.519531,144.030762,1.0,666.824414,-144.102832,-357.633984,-124.760742,45.966797,-1.362305,2.0,453.293262,1.339453,-151.693066,-169.321289,30.761719,52.272949,3.0,430.745801,-31.700391,-147.674707,-163.806152,20.983887,-161.872559
1721315256466666666,1.7213152564577198e+18,-1.0,29.91,-1.0,14.28,-1.0,53.83,13.0,0.0,0.0,0.0,0.0,0.0,0.0,0.0,1.7213152564642e+18,0.0,598.958789,-164.083008,-383.641699,-141.086426,32.255859,143.920898,1.0,666.601172,-143.87959,-358.080469,-124.628906,45.856934,-1.296387,2.0,453.293262,5.13457,-149.237402,-168.706055,30.146484,51.064453,3.0,432.531738,-29.691211,-146.000391,-163.432617,20.412598,-163.059082
1721315256500000000,1.7213152564577198e+18,-1.0,29.91,-1.0,14.28,-1.0,53.83,13.0,0.0,0.0,0.0,0.0,0.0,0.0,0.0,1.7213152564973e+18,0.0,599.405273,-164.30625,-383.976562,-141.108398,32.34375,143.920898,1.0,666.712793,-143.544727,-358.861816,-124.541016,45.922852,-1.362305,2.0,450.949219,5.581055,-148.456055,-169.584961,28.059082,48.845215,3.0,432.866602,-30.137695,-145.665527,-164.289551,18.94043,-165.256348
1721315256533333333,1.7213152565067146e+18,-1.0,29.91,-1.0,14.64,-1.0,64.85,13.0,0.0,0.0,0.0,0.0,0.0,0.0,0.0,1.7213152565304e+18,0.0,600.075,-164.864355,-383.418457,-141.218262,32.387695,143.964844,1.0,666.824414,-143.87959,-359.085059,-124.628906,45.922852,-1.428223,2.0,446.819238,7.925098,-149.460645,-169.475098,25.070801,47.307129,3.0,431.750391,-30.807422,-146.112012,-164.377441,16.655273,-167.036133
1721315256566666666,1.721315256556228e+18,-1.0,30.13,-1.0,15.19,-1.0,67.95,13.0,0.0,0.0,0.0,0.0,0.0,0.0,0.0,1.7213152565635e+18,0.0,600.633105,-165.534082,-382.74873,-141.152344,32.255859,144.18457,1.0,666.489551,-144.214453,-358.973437,-124.584961,45.74707,-1.318359,2.0,444.028711,13.729395,-150.353613,-168.046875,22.302246,45.812988,3.0,431.973633,-28.798242,-145.442285,-163.366699,15.13916,-169.035645
1721315256600000000,1.721315256556228e+18,-1.0,30.13,-1.0,15.19,-1.0,67.95,13.0,0.0,0.0,0.0,0.0,0.0,0.0,0.0,1.7213152565965e+18,0.0,600.967969,-164.641113,-382.971973,-140.822754,32.277832,144.294434,1.0,665.596582,-143.767969,-359.531543,-124.255371,45.571289,-1.186523,2.0,442.354395,15.180469,-150.01875,-167.980957,19.907227,43.59375,3.0,433.982812,-28.016895,-144.995801,-163.125,13.930664,-171.694336
1721315256633333333,1.7213152566052554e+18,-1.0,29.91,-1.0,16.11,-1.0,60.95,13.0,0.0,0.0,0.0,0.0,0.0,0.0,0.0,1.7213152566333e+18,0.0,601.414453,-164.641113,-382.860352,-140.844727,32.409668,144.294434,1.0,665.596582,-144.549316,-359.866406,-124.387207,45.65918,-1.252441,2.0,438.559277,15.515332,-151.804688,-168.464355,16.633301,41.154785,3.0,433.982812,-28.575,-148.679297,-163.87207,11.469727,-174.968262
1721315256666666666,1.7213152566547776e+18,-1.0,29.91,-1.0,17.23,-1.0,43.11,13.0,0.0,0.0,0.0,0.0,0.0,0.0,0.0,1.7213152566663002e+18,0.0,601.526074,-165.645703,-382.413867,-140.95459,32.321777,144.360352,1.0,665.819824,-146.112012,-359.866406,-124.606934,45.571289,-1.230469,2.0,433.982812,16.073438,-153.479004,-168.662109,14.194336,39.70459,3.0,433.536328,-29.133105,-150.576855,-164.135742,9.404297,-177.165527
1721315256700000000,1.7213152566547776e+18,-1.0,29.91,-1.0,17.23,-1.0,43.11,13.0,0.0,0.0,0.0,0.0,0.0,0.0,0.0,1.7213152566994e+18,0.0,601.07959,-166.092187,-382.079004,-140.910645,32.233887,144.470215,1.0,665.596582,-146.446875,-359.754785,-124.562988,45.461426,-1.230469,2.0,434.76416,19.310449,-153.255762,-168.09082,13.908691,38.364258,3.0,434.987402,-30.137695,-149.572266,-164.619141,9.008789,-178.549805
1721315256733333333,1.7213152567038213e+18,-1.0,29.91,-1.0,16.85,-1.0,37.33,13.0,0.0,0.0,0.0,0.0,0.0,0.0,0.0,1.7213152567325e+18,0.0,601.07959,-166.092187,-381.297656,-140.822754,32.321777,144.558105,1.0,664.703613,-146.670117,-359.308301,-124.321289,45.373535,-1.120605,2.0,435.322266,17.189648,-151.581445,-169.189453,14.0625,37.22168,3.0,435.880371,-31.365527,-150.241992,-165.739746,8.679199,179.846191
1721315256766666666,1.721315256752331e+18,-1.0,29.91,-1.0,17.6,-1.0,56.06,13.0,0.0,0.0,0.0,0.0,0.0,0.0,0.0,1.7213152567656e+18,0.0,601.637695,-167.32002,-379.958203,-140.95459,32.453613,144.667969,1.0,665.038477,-147.897949,-357.968848,-124.475098,45.549316,-1.164551,2.0,435.322266,16.29668,-151.134961,-169.760742,14.172363,36.936035,3.0,435.545508,-31.923633,-150.353613,-166.311035,8.459473,179.494629
1721315256800000000,1.721315256752331e+18,-1.0,29.91,-1.0,17.6,-1.0,56.06,13.0,0.0,0.0,0.0,0.0,0.0,0.0,0.0,1.7213152567986e+18,0.0,601.191211,-169.998926,-378.61875,-141.174316,32.255859,144.909668,1.0,663.810645,-149.683887,-357.299121,-124.694824,45.307617,-1.164551,2.0,435.210645,16.073438,-151.358203,-169.936523,14.238281,37.001953,3.0,435.322266,-32.146875,-150.800098,-166.508789,8.283691,179.648438
1721315256833333333,1.72131525680136e+18,-1.0,29.91,-1.0,15.74,-1.0,64.85,13.0,0.0,0.0,0.0,0.0,0.0,0.0,0.0,1.7213152568317e+18,0.0,601.07959,-169.998926,-378.283887,-140.866699,32.211914,145.129395,1.0,663.475781,-149.237402,-357.968848,-124.321289,45.175781,-1.054688,2.0,437.443066,18.640723,-151.134961,-169.475098,15.205078,36.936035,3.0,436.550098,-30.919043,-150.688477,-166.135254,8.701172,179.912109
1721315256866666666,1.7213152568508892e+18,-1.0,29.91,-1.0,15.92,-1.0,67.01,13.0,0.0,0.0,0.0,0.0,0.0,0.0,0.0,1.7213152568648e+18,0.0,601.07959,-169.887305,-377.837402,-140.515137,32.409668,145.305176,1.0,663.587402,-148.00957,-358.861816,-123.771973,45.175781,-1.010742,2.0,439.787109,17.189648,-149.125781,-170.397949,16.45752,36.716309,3.0,439.005762,-30.360937,-150.241992,-166.508789,9.711914,179.780273
1721315256900000000,1.7213152568958853e+18,-1.0,29.91,-1.0,27.78,-1.0,67.01,13.0,0.0,0.0,0.0,0.0,0.0,0.0,0.0,1.7213152568979e+18,0.0,600.967969,-170.891895,-378.172266,-140.603027,32.409668,145.305176,1.0,663.587402,-149.907129,-359.866406,-123.969727,45.0,-1.032715,2.0,440.680078,15.180469,-149.125781,-171.386719,16.787109,37.023926,3.0,438.894141,-30.472559,-150.241992,-167.036133,9.777832,-179.978027
1721315256933333333,1.7213152568958853e+18,-1.0,29.91,-1.0,27.78,-1.0,67.01,13.0,0.0,0.0,0.0,0.0,0.0,0.0,0.0,1.7213152569309002e+18,0.0,600.186621,-171.338379,-378.507129,-140.493164,32.233887,145.437012,1.0,662.917676,-152.697656,-359.978027,-123.881836,44.472656,-0.65918,2.0,442.800879,16.631543,-147.339844,-171.298828,17.841797,37.55127,3.0,440.345215,-28.128516,-148.679297,-166.68457,10.393066,-179.055176
1721315256966666666,1.7213152569504097e+18,-1.0,29.7,-1.0,32.55,-1.0,117.87,13.0,0.0,0.0,0.0,0.0,0.0,0.0,0.0,1.721315256964e+18,0.0,599.405273,-168.324609,-379.734961,-139.570312,32.255859,145.634766,1.0,663.252539,-151.469824,-360.20127,-123.266602,44.472656,-0.395508,2.0,446.707617,18.529102,-145.330664,-170.991211,19.138184,38.056641,3.0,443.024121,-26.007715,-147.563086,-166.508789,11.469727,-178.483887
1721315257000000000,1.7213152569984074e+18,-1.0,29.91,-1.0,29.7,-1.0,116.47,13.0,0.0,0.0,0.0,0.0,0.0,0.0,0.0,1.7213152569971e+18,0.0,599.07041,-167.766504,-380.739551,-139.63623,32.387695,145.371094,1.0,663.922266,-150.01875,-360.870996,-123.266602,44.824219,-0.571289,2.0,448.04707,17.412891,-143.87959,-171.650391,19.643555,38.474121,3.0,443.358984,-26.342578,-146.335254,-166.92627,11.931152,-178.066406
1721315257033333333,1.7213152569984074e+18,-1.0,29.91,-1.0,29.7,-1.0,116.47,13.0,0.0,0.0,0.0,0.0,0.0,0.0,0.0,1.7213152570302e+18,0.0,599.07041,-168.547852,-381.409277,-139.833984,32.277832,145.305176,1.0,664.480371,-149.795508,-361.205859,-123.464355,44.824219,-0.74707,2.0,447.600586,18.082617,-144.549316,-171.650391,19.863281,39.528809,3.0,443.247363,-25.449609,-146.000391,-166.970215,12.019043,-176.967773
1721315257066666666,1.7213152570479145e+18,-1.0,29.91,-1.0,32.99,-1.0,116.93,13.0,0.0,0.0,0.0,0.0,0.0,0.0,0.0,1.7213152570632e+18,0.0,598.847168,-168.882715,-381.520898,-139.790039,32.167969,145.393066,1.0,664.703613,-150.01875,-361.094238,-123.354492,44.67041,-0.65918,2.0,450.167871,22.212598,-144.995801,-170.463867,20.895996,40.561523,3.0,444.92168,-19.868555,-146.335254,-165.673828,13.095703,-176.000977
1721315257100000000,1.721315257096926e+18,-1.0,29.91,-1.0,27.57,-1.0,84.83,13.0,0.0,0.0,0.0,0.0,0.0,0.0,0.0,1.7213152571e+18,0.0,598.958789,-168.101367,-381.520898,-139.63623,32.233887,145.437012,1.0,664.815234,-149.795508,-360.647754,-123.178711,44.714355,-0.527344,2.0,452.06543,22.659082,-143.544727,-170.617676,22.478027,41.616211,3.0,444.251953,-19.533691,-144.772559,-165.959473,14.633789,-175.078125
1721315257133333333,1.721315257096926e+18,-1.0,29.91,-1.0,27.57,-1.0,84.83,13.0,0.0,0.0,0.0,0.0,0.0,0.0,0.0,1.7213152571331e+18,0.0,599.740137,-167.766504,-381.63252,-139.680176,32.277832,145.349121,1.0,665.150098,-149.795508,-360.982617,-123.288574,44.824219,-0.637207,2.0,452.400293,23.886914,-144.326074,-170.112305,23.708496,43.417969,3.0,442.466016,-18.082617,-145.88877,-165.498047,15.270996,-173.276367
1721315257166666666,1.721315257145436e+18,-1.0,29.91,-1.0,33.21,-1.0,82.67,13.0,0.0,0.0,0.0,0.0,0.0,0.0,0.0,1.7213152571661e+18,0.0,599.516895,-168.212988,-381.744141,-139.812012,32.145996,145.327148,1.0,664.926855,-150.353613,-361.094238,-123.398438,44.692383,-0.681152,2.0,452.846777,27.012305,-145.330664,-168.903809,25.180664,45.175781,3.0,441.90791,-14.399121,-146.000391,-164.333496,16.567383,-171.254883
1721315257200000000,1.7213152571954537e+18,-1.0,29.91,-1.0,32.1,-1.0,78.81,13.0,0.0,0.0,0.0,0.0,0.0,0.0,0.0,1.7213152571992e+18,0.0,599.405273,-168.101367,-382.190625,-139.680176,32.080078,145.349121,1.0,664.815234,-149.683887,-361.763965,-123.222656,44.604492,-0.681152,2.0,454.409473,30.807422,-146.781738,-167.651367,26.652832,46.472168,3.0,441.573047,-10.380762,-146.000391,-162.927246,17.86377,-169.49707
1721315257233333333,1.7213152571954537e+18,-1.0,29.91,-1.0,32.1,-1.0,78.81,13.0,0.0,0.0,0.0,0.0,0.0,0.0,0.0,1.7213152572323e+18,0.0,599.740137,-167.654883,-382.413867,-139.614258,32.167969,145.305176,1.0,665.038477,-149.237402,-362.433691,-123.200684,44.692383,-0.74707,2.0,454.409473,29.244727,-147.339844,-168.024902,27.399902,47.307129,3.0,439.675488,-10.938867,-147.451465,-163.037109,18.237305,-168.354492
1721315257266666666,1.7213152572439757e+18,-1.0,29.91,-1.0,29.27,-1.0,81.96,13.0,0.0,0.0,0.0,0.0,0.0,0.0,0.0,1.7213152572653998e+18,0.0,599.516895,-167.654883,-382.413867,-139.724121,32.145996,145.239258,1.0,665.038477,-149.237402,-363.103418,-123.464355,44.802246,-0.944824,2.0,452.288672,30.58418,-149.572266,-166.904297,27.312012,48.933105,3.0,438.112793,-10.380762,-149.683887,-162.597656,17.907715,-166.772461
1721315257300000000,1.7213152572929943e+18,-1.0,29.91,-1.0,30.13,-1.0,86.66,13.0,0.0,0.0,0.0,0.0,0.0,0.0,0.0,1.7213152572984e+18,0.0,599.293652,-168.324609,-382.079004,-139.790039,32.036133,145.349121,1.0,664.480371,-149.460645,-362.991797,-123.464355,44.626465,-0.878906,2.0,451.507324,35.495508,-151.134961,-164.904785,27.333984,50.075684,3.0,438.112793,-7.366992,-150.353613,-161.037598,17.841797,-165.432129
1721315257333333333,1.7213152572929943e+18,-1.0,29.91,-1.0,30.13,-1.0,86.66,13.0,0.0,0.0,0.0,0.0,0.0,0.0,0.0,1.7213152573315e+18,0.0,599.405273,-168.43623,-381.855762,-139.658203,32.01416,145.480957,1.0,664.145508,-148.344434,-362.880176,-123.068848,44.516602,-0.74707,2.0,451.730566,38.397656,-152.474414,-163.740234,27.333984,50.646973,3.0,438.894141,-5.357812,-149.795508,-159.873047,18.061523,-164.553223
1721315257366666666,1.721315257342528e+18,-1.0,29.91,-1.0,26.52,-1.0,80.9,13.0,0.0,0.0,0.0,0.0,0.0,0.0,0.0,1.7213152573646e+18,0.0,599.293652,-169.217578,-381.63252,-139.768066,32.058105,145.524902,1.0,664.480371,-148.679297,-362.656934,-123.046875,44.58252,-0.703125,2.0,451.284082,37.281445,-153.702246,-163.78418,26.938477,51.04248,3.0,438.78252,-4.464844,-150.911719,-159.56543,17.666016,-164.333496
1721315257400000000,1.7213152573915254e+18,-1.0,29.7,-1.0,20.09,-1.0,76.42,13.0,0.0,0.0,0.0,0.0,0.0,0.0,0.0,1.7213152573977e+18,0.0,599.182031,-169.44082,-381.967383,-139.87793,31.970215,145.458984,1.0,664.480371,-149.795508,-362.433691,-123.200684,44.538574,-0.703125,2.0,449.163281,40.183594,-156.827637,-162.158203,25.993652,52.646484,3.0,435.76875,-3.906738,-152.362793,-158.664551,16.721191,-163.015137
1721315257433333333,1.7213152573915254e+18,-1.0,29.7,-1.0,20.09,-1.0,76.42,13.0,0.0,0.0,0.0,0.0,0.0,0.0,0.0,1.7213152574307e+18,0.0,599.182031,-169.775684,-381.744141,-139.768066,31.904297,145.612793,1.0,664.033887,-150.130371,-362.433691,-123.134766,44.450684,-0.615234,2.0,449.833008,44.536816,-158.613574,-160.114746,26.081543,53.85498,3.0,436.550098,-0.558105,-152.586035,-156.950684,16.853027,-161.828613
1721315257466666666,1.72131525744106e+18,-1.0,29.91,-1.0,17.42,-1.0,63.64,13.0,0.0,0.0,0.0,0.0,0.0,0.0,0.0,1.7213152574638e+18,0.0,599.405273,-170.333789,-380.962793,-139.54834,31.948242,145.854492,1.0,663.475781,-149.01416,-362.433691,-122.980957,44.538574,-0.65918,2.0,449.944629,44.425195,-159.283301,-159.763184,26.125488,54.404297,3.0,437.219824,0.334863,-152.809277,-156.533203,16.809082,-161.30127
1721315257500000000,1.7213152574855245e+18,-1.0,29.91,-1.0,15.01,-1.0,59.78,13.0,0.0,0.0,0.0,0.0,0.0,0.0,0.0,1.7213152574969e+18,0.0,599.293652,-170.780273,-380.516309,-139.680176,32.080078,145.722656,1.0,664.257129,-149.349023,-361.429102,-123.068848,44.802246,-0.65918,2.0,448.940039,44.648438,-161.29248,-159.543457,25.356445,55.129395,3.0,436.103613,0.0,-154.14873,-156.555176,15.864258,-160.708008
1721315257533333333,1.7213152574855245e+18,-1.0,29.91,-1.0,15.01,-1.0,59.78,13.0,0.0,0.0,0.0,0.0,0.0,0.0,0.0,1.7213152575299e+18,0.0,598.958789,-170.891895,-381.074414,-139.812012,31.948242,145.568848,1.0,664.257129,-150.01875,-361.094238,-123.200684,44.736328,-0.637207,2.0,446.261133,46.545996,-165.534082,-158.620605,23.48877,56.074219,3.0,435.433887,0.111621,-156.716016,-156.181641,14.238281,-160.004883
1721315257566666666,1.7213152575350666e+18,-1.0,29.91,-1.0,16.48,-1.0,59.78,13.0,0.0,0.0,0.0,0.0,0.0,0.0,0.0,1.721315257563e+18,0.0,599.182031,-170.333789,-380.962793,-139.63623,31.92627,145.634766,1.0,663.810645,-150.01875,-360.982617,-123.046875,44.648438,-0.571289,2.0,445.591406,49.783008,-168.994336,-157.565918,21.84082,55.83252,3.0,436.661719,1.451074,-158.501953,-155.43457,12.98584,-160.466309
1721315257600000000,1.721315257584068e+18,-1.0,29.91,-1.0,15.37,-1.0,47.16,13.0,0.0,0.0,0.0,0.0,0.0,0.0,0.0,1.7213152575998e+18,0.0,599.628516,-169.998926,-380.404687,-139.54834,32.058105,145.678711,1.0,663.810645,-150.130371,-360.759375,-122.937012,44.714355,-0.527344,2.0,444.140332,47.662207,-172.008105,-158.334961,18.984375,54.272461,3.0,435.880371,-0.111621,-161.962207,-156.071777,10.92041,-162.883301
1721315257633333333,1.721315257584068e+18,-1.0,29.91,-1.0,15.37,-1.0,47.16,13.0,0.0,0.0,0.0,0.0,0.0,0.0,0.0,1.7213152576328e+18,0.0,599.516895,-169.887305,-380.516309,-139.63623,32.102051,145.568848,1.0,664.257129,-150.576855,-360.870996,-123.134766,44.846191,-0.703125,2.0,440.233594,48.108691,-176.696191,-157.873535,16.21582,53.173828,3.0,437.889551,-2.790527,-165.31084,-156.115723,9.250488,-164.575195
1721315257666666666,1.721315257633602e+18,-1.0,29.91,-1.0,14.82,-1.0,51.92,13.0,0.0,0.0,0.0,0.0,0.0,0.0,0.0,1.7213152576659e+18,0.0,599.293652,-169.887305,-380.516309,-139.702148,32.01416,145.546875,1.0,664.033887,-150.800098,-360.759375,-123.222656,44.758301,-0.74707,2.0,439.89873,48.555176,-178.258887,-157.587891,15.578613,52.36084,3.0,438.670898,-4.911328,-166.31543,-156.489258,9.250488,-165.805664
1721315257700000000,1.7213152576826015e+18,-1.0,29.91,-1.0,14.82,-1.0,52.46,13.0,0.0,0.0,0.0,0.0,0.0,0.0,0.0,1.7213152576989998e+18,0.0,599.628516,-169.105957,-380.62793,-139.570312,32.058105,145.524902,1.0,664.257129,-150.576855,-360.647754,-123.046875,44.736328,-0.681152,2.0,441.461426,45.987891,-178.59375,-158.466797,16.040039,51.723633,3.0,439.787109,-6.697266,-167.431641,-157.038574,9.689941,-166.376953
1721315257733333333,1.7213152577311304e+18,-1.0,29.91,-1.0,15.37,-1.0,53.01,13.0,0.0,0.0,0.0,0.0,0.0,0.0,0.0,1.7213152577321e+18,0.0,599.963379,-168.547852,-380.516309,-139.614258,32.211914,145.415039,1.0,665.261719,-152.139551,-359.866406,-123.156738,44.846191,-0.571289,2.0,442.689258,37.616309,-178.147266,-161.455078,17.072754,50.646973,3.0,439.340625,-10.045898,-168.547852,-158.620605,10.393066,-167.01416
1721315257766666666,1.7213152577311304e+18,-1.0,29.91,-1.0,15.37,-1.0,53.01,13.0,0.0,0.0,0.0,0.0,0.0,0.0,0.0,1.7213152577651e+18,0.0,599.851758,-167.543262,-381.074414,-139.658203,32.145996,145.217285,1.0,666.37793,-152.697656,-359.754785,-123.42041,44.758301,-0.703125,2.0,442.9125,33.70957,-177.924023,-162.993164,18.325195,50.273438,3.0,437.219824,-14.2875,-169.664062,-160.224609,11.271973,-166.882324
1721315257800000000,1.7213152577811223e+18,-1.0,29.91,-1.0,14.46,-1.0,47.42,13.0,0.0,0.0,0.0,0.0,0.0,0.0,0.0,1.7213152577981998e+18,0.0,599.740137,-167.096777,-381.186035,-139.570312,32.080078,145.26123,1.0,666.601172,-151.693066,-359.978027,-123.112793,44.516602,-0.571289,2.0,445.256543,31.030664,-176.696191,-164.157715,20.654297,49.284668,3.0,437.108203,-15.961816,-169.887305,-161.05957,13.183594,-167.102051
1721315257833333333,1.7213152578296732e+18,-1.0,29.91,-1.0,15.92,-1.0,44.11,13.0,0.0,0.0,0.0,0.0,0.0,0.0,0.0,1.7213152578313e+18,0.0,599.516895,-166.650293,-381.63252,-139.482422,32.124023,145.239258,1.0,666.489551,-151.134961,-360.536133,-122.980957,44.516602,-0.593262,2.0,447.265723,21.877734,-174.687012,-167.167969,22.324219,47.746582,3.0,436.438477,-20.42666,-169.887305,-162.971191,14.611816,-168.310547
1721315257866666666,1.7213152578296732e+18,-1.0,29.91,-1.0,15.92,-1.0,44.11,13.0,0.0,0.0,0.0,0.0,0.0,0.0,0.0,1.7213152578644e+18,0.0,599.516895,-166.873535,-381.967383,-139.658203,32.167969,145.107422,1.0,666.712793,-151.02334,-360.536133,-123.112793,44.626465,-0.725098,2.0,446.037891,15.403711,-174.017285,-169.211426,22.785645,46.274414,3.0,433.871191,-25.226367,-170.780273,-164.575195,14.963379,-169.101562
1721315257900000000,1.7213152578786665e+18,-1.0,29.7,-1.0,15.37,-1.0,32.1,13.0,0.0,0.0,0.0,0.0,0.0,0.0,0.0,1.7213152578973998e+18,0.0,598.958789,-167.543262,-382.74873,-139.812012,31.92627,145.041504,1.0,666.266309,-150.353613,-360.759375,-123.244629,44.58252,-0.878906,2.0,445.256543,11.608594,-172.342969,-170.463867,23.444824,44.912109,3.0,431.862012,-28.351758,-170.557031,-165.476074,15.46875,-169.760742
1721315257933333333,1.7213152579282112e+18,-1.0,29.91,-1.0,15.56,-1.0,31.44,13.0,0.0,0.0,0.0,0.0,0.0,0.0,0.0,1.7213152579305e+18,0.0,598.289062,-167.543262,-383.530078,-139.658203,31.728516,145.085449,1.0,665.261719,-148.902539,-360.870996,-123.024902,44.538574,-0.856934,2.0,446.707617,9.041309,-170.780273,-171.540527,24.213867,43.132324,3.0,432.085254,-30.695801,-169.775684,-166.201172,16.325684,-170.749512
1721315257966666666,1.7213152579282112e+18,-1.0,29.91,-1.0,15.56,-1.0,31.44,13.0,0.0,0.0,0.0,0.0,0.0,0.0,0.0,1.7213152579636e+18,0.0,598.289062,-167.654883,-383.530078,-139.658203,31.794434,145.151367,1.0,665.150098,-148.679297,-360.870996,-122.937012,44.626465,-0.834961,2.0,447.265723,1.116211,-166.538672,-174.484863,24.89502,41.220703,3.0,431.527148,-34.937402,-168.659473,-168.024902,16.831055,-171.936035
1721315258000000000,1.7213152579772116e+18,-1.0,29.91,-1.0,13.92,-1.0,46.13,13.0,0.0,0.0,0.0,0.0,0.0,0.0,0.0,1.7213152579967002e+18,0.0,598.289062,-167.766504,-383.306836,-139.768066,31.816406,145.107422,1.0,665.484961,-148.790918,-360.870996,-123.024902,44.692383,-0.878906,2.0,445.479785,-2.455664,-165.645703,-175.847168,24.763184,40.583496,3.0,430.076074,-37.393066,-167.989746,-169.16748,16.655273,-172.001953
1721315258033333333,1.7213152580267633e+18,-1.0,29.91,-1.0,13.2,-1.0,44.86,13.0,0.0,0.0,0.0,0.0,0.0,0.0,0.0,1.7213152580297e+18,0.0,598.177441,-167.766504,-383.306836,-139.812012,31.750488,145.129395,1.0,665.038477,-149.125781,-361.094238,-123.112793,44.604492,-0.900879,2.0,445.92627,-4.12998,-163.748145,-176.52832,25.268555,40.319824,3.0,430.076074,-38.286035,-166.203809,-169.541016,17.050781,-171.738281
1721315258066666666,1.7213152580267633e+18,-1.0,29.91,-1.0,13.2,-1.0,44.86,13.0,0.0,0.0,0.0,0.0,0.0,0.0,0.0,1.7213152580664998e+18,0.0,598.735547,-167.543262,-382.74873,-139.592285,31.838379,145.283203,1.0,664.926855,-148.902539,-360.870996,-122.893066,44.560547,-0.769043,2.0,447.377344,-3.460254,-160.845996,-176.462402,26.05957,40.03418,3.0,430.63418,-37.504687,-163.971387,-169.475098,17.644043,-171.848145
1721315258100000000,1.72131525807576e+18,-1.0,29.91,-1.0,11.6,-1.0,32.32,13.0,0.0,0.0,0.0,0.0,0.0,0.0,0.0,1.7213152580996e+18,0.0,599.963379,-169.329199,-381.074414,-139.724121,32.080078,145.480957,1.0,665.37334,-149.795508,-360.536133,-122.937012,44.736328,-0.725098,2.0,448.381934,-5.022949,-158.16709,-177.099609,26.411133,39.638672,3.0,430.857422,-38.509277,-161.738965,-169.870605,17.797852,-172.023926
1721315258133333333,1.7213152581242964e+18,-1.0,29.91,-1.0,10.9,-1.0,31.22,13.0,0.0,0.0,0.0,0.0,0.0,0.0,0.0,1.7213152581326e+18,0.0,599.963379,-170.780273,-379.846582,-139.87793,32.036133,145.59082,1.0,665.37334,-150.01875,-361.094238,-123.134766,44.714355,-0.900879,2.0,447.377344,-4.576465,-157.608984,-176.923828,26.037598,39.946289,3.0,430.187695,-38.509277,-160.511133,-169.694824,17.446289,-171.5625
1721315258166666666,1.7213152581242964e+18,-1.0,29.91,-1.0,10.9,-1.0,31.22,13.0,0.0,0.0,0.0,0.0,0.0,0.0,0.0,1.7213152581656998e+18,0.0,599.740137,-170.557031,-379.400098,-139.702148,31.992188,145.744629,1.0,664.591992,-150.241992,-361.429102,-123.068848,44.560547,-0.900879,2.0,447.488965,-1.227832,-155.599805,-175.715332,26.30127,40.495605,3.0,431.303906,-35.830371,-157.608984,-168.618164,17.907715,-171.057129
1721315258200000000,1.7213152581735895e+18,-1.0,29.7,-1.0,11.95,-1.0,32.1,13.0,0.0,0.0,0.0,0.0,0.0,0.0,0.0,1.7213152581988e+18,0.0,599.740137,-170.110547,-378.730371,-139.460449,32.145996,145.898438,1.0,663.36416,-149.907129,-362.098828,-122.893066,44.538574,-0.98877,2.0,448.158691,1.00459,-153.367383,-174.748535,26.674805,41.19873,3.0,432.196875,-34.825781,-154.706836,-167.980957,18.303223,-170.771484
1721315258233333333,1.7213152582231237e+18,-1.0,29.27,-1.0,12.48,-1.0,31.88,13.0,0.0,0.0,0.0,0.0,0.0,0.0,0.0,1.7213152582319e+18,0.0,599.851758,-171.673242,-377.837402,-139.702148,32.277832,145.964355,1.0,663.36416,-151.693066,-361.875586,-123.112793,44.604492,-0.98877,2.0,447.488965,2.678906,-151.916309,-174.177246,26.520996,41.901855,3.0,431.750391,-33.486328,-153.255762,-167.67334,18.215332,-170.661621
1721315258266666666,1.7213152582231237e+18,-1.0,29.27,-1.0,12.48,-1.0,31.88,13.0,0.0,0.0,0.0,0.0,0.0,0.0,0.0,1.7213152582649e+18,0.0,599.963379,-172.231348,-377.725781,-139.790039,32.189941,145.964355,1.0,663.029297,-151.916309,-361.875586,-123.178711,44.472656,-1.032715,2.0,446.930859,7.590234,-150.353613,-172.617188,26.71875,42.868652,3.0,430.969043,-30.807422,-152.474414,-166.728516,18.061523,-170.002441
1721315258300000000,1.721315258268136e+18,-1.0,29.27,-1.0,12.13,-1.0,30.35,13.0,0.0,0.0,0.0,0.0,0.0,0.0,0.0,1.721315258298e+18,0.0,599.740137,-172.008105,-377.502539,-139.63623,32.167969,146.030273,1.0,662.806055,-151.246582,-361.652344,-123.00293,44.472656,-0.966797,2.0,447.712207,12.055078,-148.567676,-171.254883,27.421875,43.308105,3.0,431.63877,-27.347168,-150.800098,-165.52002,18.654785,-169.760742
1721315258333333333,1.721315258317654e+18,-1.0,29.27,-1.0,13.38,-1.0,46.9,13.0,0.0,0.0,0.0,0.0,0.0,0.0,0.0,1.7213152583311e+18,0.0,599.851758,-171.561621,-377.390918,-139.63623,32.277832,145.964355,1.0,663.36416,-151.804688,-361.429102,-123.068848,44.626465,-0.944824,2.0,447.823828,13.171289,-146.335254,-171.254883,27.971191,43.439941,3.0,431.862012,-25.114746,-148.790918,-165.19043,19.182129,-169.892578
1721315258366666666,1.7213152583666588e+18,-1.0,29.27,-1.0,12.13,-1.0,54.38,13.0,0.0,0.0,0.0,0.0,0.0,0.0,0.0,1.7213152583641e+18,0.0,599.405273,-172.342969,-377.390918,-139.855957,32.233887,145.854492,1.0,664.033887,-154.14873,-360.536133,-123.33252,44.67041,-0.856934,2.0,445.591406,14.845605,-145.553906,-170.81543,28.015137,44.187012,3.0,429.964453,-23.663672,-147.897949,-164.970703,19.116211,-169.365234
1721315258400000000,1.7213152583666588e+18,-1.0,29.27,-1.0,12.13,-1.0,54.38,13.0,0.0,0.0,0.0,0.0,0.0,0.0,0.0,1.7213152583972e+18,0.0,598.512305,-174.352148,-377.167676,-140.097656,31.860352,145.92041,1.0,664.145508,-154.706836,-360.089648,-123.42041,44.604492,-0.791016,2.0,446.484375,19.756934,-144.214453,-169.211426,29.091797,45.175781,3.0,430.076074,-19.868555,-145.442285,-163.762207,19.973145,-168.398438
1721315258433333333,1.721315258415195e+18,-1.0,29.27,-1.0,11.78,-1.0,56.91,13.0,0.0,0.0,0.0,0.0,0.0,0.0,0.0,1.7213152584303e+18,0.0,598.735547,-173.45918,-377.390918,-139.855957,31.882324,145.964355,1.0,664.36875,-153.479004,-359.978027,-123.244629,44.67041,-0.791016,2.0,446.930859,23.217187,-142.540137,-168.310547,29.992676,45.615234,3.0,429.964453,-16.966406,-142.986621,-163.081055,20.939941,-167.958984
1721315258466666666,1.7213152584642025e+18,-1.0,29.27,-1.0,12.66,-1.0,57.19,13.0,0.0,0.0,0.0,0.0,0.0,0.0,0.0,1.7213152584634e+18,0.0,599.182031,-172.901074,-377.837402,-139.899902,31.992188,145.810547,1.0,664.926855,-152.809277,-360.424512,-123.266602,44.802246,-0.922852,2.0,446.707617,23.44043,-140.754199,-168.354492,30.629883,45.944824,3.0,428.736621,-15.29209,-142.875,-162.883301,21.159668,-167.67334
1721315258500000000,1.7213152584642025e+18,-1.0,29.27,-1.0,12.66,-1.0,57.19,13.0,0.0,0.0,0.0,0.0,0.0,0.0,0.0,1.7213152584964e+18,0.0,598.735547,-172.789453,-379.511719,-140.20752,31.772461,145.480957,1.0,665.150098,-152.362793,-360.759375,-123.42041,44.780273,-1.120605,2.0,444.698437,25.337988,-141.200684,-167.607422,30.454102,46.933594,3.0,427.062305,-14.845605,-143.098242,-162.553711,20.720215,-166.640625
1721315258533333333,1.7213152585140426e+18,-1.0,29.27,-1.0,11.78,-1.0,55.5,13.0,0.0,0.0,0.0,0.0,0.0,0.0,0.0,1.7213152585332e+18,0.0,598.958789,-170.780273,-380.62793,-139.96582,31.574707,145.393066,1.0,665.708203,-150.911719,-359.531543,-123.068848,44.714355,-0.812988,2.0,445.144922,30.58418,-140.530957,-165.915527,31.223145,47.548828,3.0,428.178516,-11.831836,-140.754199,-161.213379,21.599121,-165.629883
1721315258566666666,1.721315258563045e+18,-1.0,29.27,-1.0,11.6,-1.0,56.62,14.0,0.0,0.0,0.0,0.0,0.0,0.0,0.0,1.7213152585663e+18,0.0,599.07041,-170.222168,-380.62793,-139.833984,31.640625,145.437012,1.0,665.931445,-149.795508,-358.973437,-122.805176,44.846191,-0.703125,2.0,445.033301,31.923633,-140.530957,-165.585938,31.289062,47.702637,3.0,428.066895,-9.822656,-140.530957,-160.861816,21.708984,-165.629883
1721315258600000000,1.721315258563045e+18,-1.0,29.27,-1.0,11.6,-1.0,56.62,14.0,0.0,0.0,0.0,0.0,0.0,0.0,0.0,1.7213152585992998e+18,0.0,599.182031,-170.222168,-380.851172,-139.943848,31.706543,145.371094,1.0,665.596582,-150.241992,-359.643164,-123.09082,44.956055,-0.900879,2.0,444.140332,33.151465,-141.647168,-165.300293,30.915527,47.944336,3.0,426.61582,-8.14834,-141.423926,-160.510254,21.225586,-165.410156
1721315258633333333,1.7213152586116076e+18,-1.0,29.05,-1.0,18.17,-1.0,58.05,13.0,0.0,0.0,0.0,0.0,0.0,0.0,0.0,1.7213152586324e+18,0.0,598.623926,-169.775684,-381.63252,-140.031738,31.508789,145.26123,1.0,665.038477,-150.465234,-360.424512,-123.310547,44.824219,-1.054688,2.0,442.354395,38.174414,-143.209863,-163.608398,30.498047,49.108887,3.0,425.722852,-5.13457,-141.758789,-159.345703,20.786133,-164.223633
1721315258666666666,1.7213152586616095e+18,-1.0,29.27,-1.0,21.06,-1.0,60.07,13.0,0.0,0.0,0.0,0.0,0.0,0.0,0.0,1.7213152586655e+18,0.0,597.730957,-168.994336,-382.637109,-139.87793,31.376953,145.217285,1.0,664.36875,-150.130371,-361.31748,-123.222656,44.714355,-1.054688,2.0,443.582227,41.299805,-143.098242,-162.575684,30.893555,49.658203,3.0,426.839062,-2.567285,-141.647168,-158.510742,21.203613,-163.718262
1721315258700000000,1.7213152586616095e+18,-1.0,29.27,-1.0,21.06,-1.0,60.07,13.0,0.0,0.0,0.0,0.0,0.0,0.0,0.0,1.7213152586986e+18,0.0,597.842578,-168.547852,-382.860352,-139.899902,31.486816,145.129395,1.0,664.257129,-149.460645,-362.210449,-123.200684,44.846191,-1.186523,2.0,444.140332,41.634668,-143.991211,-162.597656,30.761719,50.053711,3.0,427.062305,-1.674316,-142.428516,-158.466797,21.137695,-163.674316
1721315258733333333,1.721315258710128e+18,-1.0,29.48,-1.0,19.12,-1.0,58.62,13.0,0.0,0.0,0.0,0.0,0.0,0.0,0.0,1.7213152587316e+18,0.0,598.400684,-168.994336,-382.860352,-140.009766,31.530762,145.151367,1.0,664.703613,-149.683887,-362.545312,-123.310547,44.846191,-1.208496,2.0,442.242773,43.643848,-146.893359,-161.696777,29.772949,51.416016,3.0,425.946094,-0.446484,-144.660937,-158.137207,20.412598,-163.168945
1721315258766666666,1.7213152587591316e+18,-1.0,29.27,-1.0,15.01,-1.0,60.36,14.0,0.0,0.0,0.0,0.0,0.0,0.0,0.0,1.7213152587647e+18,0.0,598.400684,-168.994336,-383.530078,-139.987793,31.398926,145.195312,1.0,664.480371,-149.907129,-362.768555,-123.310547,44.714355,-1.164551,2.0,443.358984,47.215723,-149.01416,-160.400391,29.641113,52.470703,3.0,427.173926,1.897559,-145.88877,-157.038574,20.302734,-162.553711
1721315258800000000,1.7213152587591316e+18,-1.0,29.27,-1.0,15.01,-1.0,60.36,14.0,0.0,0.0,0.0,0.0,0.0,0.0,0.0,1.7213152587978002e+18,0.0,597.954199,-167.878125,-383.195215,-139.63623,31.420898,145.327148,1.0,664.033887,-148.790918,-362.768555,-122.937012,44.714355,-1.032715,2.0,443.693848,47.885449,-150.688477,-160.070801,29.377441,52.712402,3.0,427.732031,2.902148,-146.446875,-156.643066,20.302734,-162.619629
1721315258833333333,1.7213152588086707e+18,-1.0,29.27,-1.0,12.13,-1.0,55.22,14.0,0.0,0.0,0.0,0.0,0.0,0.0,0.0,1.7213152588309e+18,0.0,598.623926,-167.543262,-382.971973,-139.63623,31.618652,145.283203,1.0,664.703613,-147.563086,-363.215039,-122.893066,44.890137,-1.164551,2.0,442.689258,46.545996,-153.479004,-160.466309,28.410645,52.734375,3.0,427.62041,1.785937,-148.456055,-157.038574,19.731445,-163.037109
1721315258866666666,1.721315258857689e+18,-1.0,29.27,-1.0,11.25,-1.0,59.78,13.0,0.0,0.0,0.0,0.0,0.0,0.0,0.0,1.7213152588639e+18,0.0,598.735547,-168.324609,-382.74873,-139.768066,31.59668,145.305176,1.0,664.815234,-148.121191,-362.656934,-123.00293,44.846191,-1.186523,2.0,440.90332,45.87627,-158.278711,-160.334473,26.740723,53.151855,3.0,426.727441,-0.334863,-153.702246,-157.412109,18.061523,-163.256836
1721315258900000000,1.721315258857689e+18,-1.0,29.27,-1.0,11.25,-1.0,59.78,13.0,0.0,0.0,0.0,0.0,0.0,0.0,0.0,1.7213152588970002e+18,0.0,598.623926,-168.659473,-382.525488,-139.702148,31.552734,145.393066,1.0,664.591992,-148.790918,-361.875586,-122.893066,44.714355,-0.98877,2.0,442.131152,46.545996,-160.734375,-159.873047,26.542969,53.041992,3.0,428.625,0.446484,-155.488184,-156.708984,18.017578,-163.322754
1721315258933333333,1.721315258906704e+18,-1.0,29.27,-1.0,10.9,-1.0,55.5,13.0,0.0,0.0,0.0,0.0,0.0,0.0,0.0,1.7213152589301e+18,0.0,598.623926,-168.659473,-382.079004,-139.614258,31.640625,145.480957,1.0,664.591992,-149.683887,-360.759375,-122.67334,44.780273,-0.681152,2.0,443.024121,42.639258,-163.748145,-160.861816,26.05957,52.250977,3.0,429.294727,-2.790527,-158.613574,-157.587891,17.666016,-164.157715
1721315258966666666,1.721315258956233e+18,-1.0,29.27,-1.0,13.38,-1.0,54.66,14.0,0.0,0.0,0.0,0.0,0.0,0.0,0.0,1.7213152589632e+18,0.0,598.958789,-169.217578,-381.744141,-139.724121,31.750488,145.458984,1.0,664.815234,-151.804688,-359.866406,-123.00293,44.956055,-0.703125,2.0,442.242773,37.72793,-167.208398,-162.026367,25.466309,51.635742,3.0,428.625,-6.474023,-161.850586,-158.400879,17.028809,-164.553223
1721315259000000000,1.721315258956233e+18,-1.0,29.27,-1.0,13.38,-1.0,54.66,14.0,0.0,0.0,0.0,0.0,0.0,0.0,0.0,1.7213152589999002e+18,0.0,598.623926,-170.44541,-380.62793,-139.833984,31.68457,145.568848,1.0,664.257129,-151.693066,-359.643164,-123.112793,44.846191,-0.812988,2.0,442.131152,34.937402,-170.222168,-162.246094,25.356445,51.240234,3.0,428.513379,-9.711035,-164.975977,-158.554688,16.809082,-164.421387
1721315259033333333,1.721315259001469e+18,-1.0,29.27,-1.0,13.2,-1.0,49.25,13.0,0.0,0.0,0.0,0.0,0.0,0.0,0.0,1.721315259033e+18,0.0,598.735547,-169.998926,-379.958203,-139.63623,31.750488,145.678711,1.0,664.033887,-150.800098,-359.643164,-122.893066,44.890137,-0.791016,2.0,444.140332,30.137695,-171.45,-163.037109,25.927734,50.251465,3.0,429.964453,-13.506152,-166.427051,-158.972168,17.424316,-164.926758
1721315259066666666,1.721315259050672e+18,-1.0,29.27,-1.0,12.66,-1.0,48.72,13.0,0.0,0.0,0.0,0.0,0.0,0.0,0.0,1.7213152590661e+18,0.0,599.07041,-170.557031,-379.734961,-139.702148,31.948242,145.678711,1.0,665.596582,-150.911719,-358.303711,-122.717285,45.373535,-0.74707,2.0,443.91709,23.886914,-173.45918,-164.597168,25.576172,49.328613,3.0,429.852832,-18.529102,-168.212988,-160.224609,17.380371,-165.893555
1721315259100000000,1.7213152590996964e+18,-1.0,29.27,-1.0,11.6,-1.0,32.99,14.0,0.0,0.0,0.0,0.0,0.0,0.0,0.0,1.7213152590991002e+18,0.0,599.516895,-171.226758,-380.404687,-139.921875,31.92627,145.524902,1.0,666.824414,-152.362793,-357.857227,-122.937012,45.439453,-0.74707,2.0,442.466016,19.756934,-174.575391,-165.014648,25.202637,49.064941,3.0,428.066895,-23.886914,-169.998926,-160.993652,16.853027,-166.201172
1721315259133333333,1.7213152590996964e+18,-1.0,29.27,-1.0,11.6,-1.0,32.99,14.0,0.0,0.0,0.0,0.0,0.0,0.0,0.0,1.7213152591322e+18,0.0,599.628516,-170.780273,-380.739551,-139.833984,31.882324,145.480957,1.0,666.266309,-151.693066,-358.638574,-122.937012,45.373535,-0.834961,2.0,443.470605,17.078027,-175.57998,-165.146484,25.576172,47.790527,3.0,428.736621,-26.342578,-170.557031,-160.773926,17.138672,-166.618652
1721315259166666666,1.7213152591482332e+18,-1.0,29.27,-1.0,11.25,-1.0,30.13,14.0,0.0,0.0,0.0,0.0,0.0,0.0,0.0,1.7213152591653e+18,0.0,599.516895,-168.882715,-381.186035,-139.570312,32.01416,145.349121,1.0,665.708203,-151.246582,-359.19668,-122.717285,45.395508,-0.74707,2.0,443.358984,10.604004,-174.128906,-166.662598,25.817871,46.274414,3.0,428.513379,-31.477148,-170.780273,-161.762695,17.468262,-167.409668
1721315259200000000,1.721315259198233e+18,-1.0,29.05,-1.0,12.84,-1.0,17.98,13.0,0.0,0.0,0.0,0.0,0.0,0.0,0.0,1.7213152591983e+18,0.0,599.963379,-167.32002,-381.297656,-139.812012,32.497559,145.085449,1.0,665.931445,-152.02793,-359.419922,-122.849121,45.637207,-0.593262,2.0,442.354395,6.027539,-174.017285,-167.607422,25.72998,45.32959,3.0,427.173926,-35.495508,-170.780273,-162.663574,17.468262,-168.068848
1721315259233333333,1.721315259198233e+18,-1.0,29.05,-1.0,12.84,-1.0,17.98,13.0,0.0,0.0,0.0,0.0,0.0,0.0,0.0,1.7213152592314e+18,0.0,598.958789,-168.212988,-381.297656,-140.273438,32.321777,145.17334,1.0,664.480371,-152.697656,-359.308301,-123.09082,45.395508,-0.41748,2.0,441.014941,2.902148,-175.468359,-167.651367,25.114746,45.175781,3.0,425.61123,-39.067383,-171.003516,-163.015137,17.226562,-168.024902
1721315259266666666,1.721315259246757e+18,-1.0,29.05,-1.0,12.31,-1.0,15.19,14.0,0.0,0.0,0.0,0.0,0.0,0.0,0.0,1.7213152592645e+18,0.0,598.400684,-165.868945,-381.63252,-139.899902,32.189941,145.415039,1.0,665.038477,-148.902539,-359.866406,-122.233887,45.065918,0.241699,2.0,440.791699,2.120801,-175.57998,-166.640625,24.916992,45.109863,3.0,426.839062,-41.523047,-169.998926,-162.37793,18.039551,-167.76123
1721315259300000000,1.7213152592957755e+18,-1.0,29.27,-1.0,12.31,-1.0,16.11,13.0,0.0,0.0,0.0,0.0,0.0,0.0,0.0,1.7213152592976e+18,0.0,599.851758,-160.734375,-378.61875,-139.394531,32.849121,145.766602,1.0,668.163867,-145.107422,-359.531543,-121.574707,44.956055,0.593262,2.0,440.791699,-2.455664,-175.021875,-166.882324,24.411621,44.868164,3.0,426.057715,-43.755469,-169.552441,-162.729492,18.215332,-167.915039
1721315259333333333,1.7213152592957755e+18,-1.0,29.27,-1.0,12.31,-1.0,16.11,13.0,0.0,0.0,0.0,0.0,0.0,0.0,0.0,1.7213152593306e+18,0.0,600.409863,-162.185449,-379.511719,-139.416504,32.541504,145.83252,1.0,670.619531,-148.902539,-366.228809,-123.728027,42.539062,-0.109863,2.0,439.229004,-5.022949,-177.254297,-166.59668,23.027344,44.538574,3.0,424.271777,-45.987891,-169.44082,-162.817383,18.237305,-167.497559
1721315259366666666,1.7213152593454508e+18,-1.0,29.27,-1.0,11.25,-1.0,17.04,13.0,0.0,0.0,0.0,0.0,0.0,0.0,0.0,1.7213152593637e+18,0.0,590.92207,-146.446875,-390.673828,-136.472168,29.663086,144.536133,1.0,667.605762,-142.540137,-383.976562,-124.628906,37.397461,-2.548828,2.0,434.652539,-2.902148,-179.709961,-164.794922,21.137695,44.25293,3.0,421.258008,-48.778418,-168.659473,-162.004395,18.654785,-166.157227
1721315259400000000,1.7213152593944568e+18,-1.0,29.27,-1.0,11.43,-1.0,17.42,13.0,0.0,0.0,0.0,0.0,0.0,0.0,0.0,1.7213152593968e+18,0.0,591.703418,-141.87041,-392.348145,-133.154297,28.608398,145.327148,1.0,667.605762,-139.972852,-391.90166,-122.519531,34.475098,-0.834961,2.0,435.099023,-3.125391,-180.937793,-163.608398,20.324707,44.692383,3.0,422.374219,-48.890039,-168.994336,-161.015625,18.588867,-166.047363
1721315259433333333,1.7213152593944568e+18,-1.0,29.27,-1.0,11.43,-1.0,17.42,13.0,0.0,0.0,0.0,0.0,0.0,0.0,0.0,1.7213152594299e+18,0.0,599.740137,-152.920898,-388.329785,-133.286133,28.850098,147.436523,1.0,679.995703,-149.460645,-382.860352,-122.321777,33.398438,1.142578,2.0,434.652539,-5.246191,-182.612109,-163.410645,18.874512,44.626465,3.0,423.602051,-49.671387,-168.43623,-161.279297,18.544922,-166.706543
1721315259466666666,1.7213152594435702e+18,-1.0,29.27,-1.0,10.9,-1.0,20.09,13.0,0.0,0.0,0.0,0.0,0.0,0.0,0.0,1.7213152594666e+18,0.0,605.879297,-161.515723,-384.75791,-133.044434,28.234863,148.930664,1.0,685.688379,-152.02793,-382.413867,-122.255859,29.750977,0.922852,2.0,430.969043,-5.022949,-184.509668,-162.597656,16.853027,44.560547,3.0,421.927734,-50.117871,-169.775684,-160.532227,17.797852,-167.145996
1721315259500000000,1.7213152594925512e+18,-1.0,29.27,-1.0,11.08,-1.0,18.17,13.0,0.0,0.0,0.0,0.0,0.0,0.0,0.0,1.7213152594997e+18,0.0,608.669824,-170.668652,-382.302246,-132.385254,27.443848,150.292969,1.0,688.367285,-148.679297,-383.864941,-121.530762,28.015137,1.142578,2.0,430.857422,-2.567285,-186.295605,-161.411133,15.974121,44.384766,3.0,422.48584,-51.345703,-169.105957,-160.158691,18.061523,-167.036133
1721315259533333333,1.7213152595300293e+18,-1.0,29.27,-1.0,10.9,-1.0,-1.0,14.0,0.0,0.0,0.0,0.0,0.0,0.0,0.0,1.7213152595328e+18,0.0,609.562793,-167.096777,-384.981152,-131.77002,27.79541,150.161133,1.0,688.367285,-150.688477,-386.320605,-122.036133,26.960449,1.274414,2.0,431.63877,-3.683496,-186.072363,-161.38916,15.842285,44.560547,3.0,422.597461,-52.908398,-168.994336,-160.488281,18.215332,-167.321777
1721315259566666666,1.7213152595660247e+18,-1.0,29.27,-1.0,10.73,-1.0,-1.0,14.0,0.0,0.0,0.0,0.0,0.0,0.0,0.0,1.7213152595658e+18,0.0,611.125488,-159.618164,-391.678418,-131.726074,28.718262,148.952637,1.0,693.836719,-155.041699,-388.664648,-123.640137,25.664062,0.703125,2.0,431.527148,-5.469434,-185.7375,-161.652832,15.644531,44.956055,3.0,422.150977,-54.694336,-169.329199,-161.037598,18.149414,-167.915039
1721315259600000000,1.7213152595660247e+18,-1.0,29.27,-1.0,10.73,-1.0,-1.0,14.0,0.0,0.0,0.0,0.0,0.0,0.0,0.0,1.7213152595989e+18,0.0,612.576562,-161.29248,-392.571387,-131.52832,28.366699,149.348145,1.0,693.055371,-161.515723,-389.669238,-125.090332,23.181152,0.461426,2.0,430.187695,-6.250781,-186.965332,-161.542969,15.073242,45.549316,3.0,421.592871,-56.257031,-169.664062,-161.30127,18.039551,-167.827148
1721315259633333333,1.7213152596030377e+18,-1.0,29.27,-1.0,10.73,-1.0,-1.0,14.0,0.0,0.0,0.0,0.0,0.0,0.0,0.0,1.721315259632e+18,0.0,615.36709,-161.738965,-390.227344,-129.287109,28.344727,150.600586,1.0,694.618066,-158.725195,-395.473535,-123.112793,21.489258,1.186523,2.0,430.187695,-5.357812,-187.74668,-160.883789,14.80957,45.812988,3.0,421.816113,-56.815137,-169.664062,-161.037598,18.479004,-167.67334
1721315259666666666,1.7213152596365578e+18,-1.0,29.27,-1.0,10.55,-1.0,-1.0,13.0,0.0,0.0,0.0,0.0,0.0,0.0,0.0,1.7213152596651e+18,0.0,619.162207,-159.17168,-395.361914,-125.57373,28.234863,151.54541,1.0,695.622656,-167.32002,-397.594336,-122.34375,19.929199,1.977539,2.0,429.852832,-6.585645,-187.635059,-160.993652,14.545898,45.483398,3.0,420.47666,-59.15918,-169.105957,-161.586914,19.467773,-168.222656
1721315259700000000,1.721315259672558e+18,-1.0,29.27,-1.0,10.38,-1.0,-1.0,13.0,0.0,0.0,0.0,0.0,0.0,0.0,0.0,1.7213152596981e+18,0.0,622.175977,-162.408691,-396.589746,-123.837891,26.872559,152.731934,1.0,701.650195,-176.807812,-399.826758,-121.838379,18.544922,2.8125,2.0,426.727441,-10.15752,-189.979102,-161.652832,13.117676,44.187012,3.0,419.025586,-61.27998,-169.998926,-162.180176,19.335938,-168.728027
1721315259733333333,1.7213152597216786e+18,-1.0,29.27,-1.0,10.9,-1.0,9.69,13.0,0.0,0.0,0.0,0.0,0.0,0.0,0.0,1.7213152597312e+18,0.0,622.064355,-164.083008,-398.04082,-121.530762,24.125977,154.27002,1.0,704.105859,-179.59834,-397.705957,-119.421387,15.249023,4.614258,2.0,424.718262,-11.496973,-190.313965,-161.586914,13.117676,43.395996,3.0,418.132617,-63.28916,-171.115137,-162.509766,19.094238,-169.145508
1721315259766666666,1.7213152597216786e+18,-1.0,29.27,-1.0,10.9,-1.0,9.69,13.0,0.0,0.0,0.0,0.0,0.0,0.0,0.0,1.7213152597643e+18,0.0,625.747852,-155.15332,-403.398633,-118.630371,23.203125,155.083008,1.0,705.556934,-173.905664,-403.956738,-116.257324,14.040527,4.96582,2.0,425.164746,-13.394531,-189.197754,-161.652832,14.458008,42.495117,3.0,417.128027,-65.409961,-171.226758,-162.312012,19.248047,-169.233398
1721315259800000000,1.7213152597716815e+18,-1.0,29.27,-1.0,10.21,-1.0,20.67,13.0,0.0,0.0,0.0,0.0,0.0,0.0,0.0,1.7213152597974e+18,0.0,627.757031,-156.716016,-403.845117,-118.894043,22.521973,154.797363,1.0,705.110449,-178.928613,-408.19834,-116.652832,14.39209,4.460449,2.0,425.164746,-17.078027,-187.635059,-162.641602,15.380859,41.462402,3.0,415.676953,-66.526172,-171.784863,-162.685547,19.204102,-170.222168
1721315259833333333,1.721315259820217e+18,-1.0,29.27,-1.0,10.73,-1.0,10.55,13.0,0.0,0.0,0.0,0.0,0.0,0.0,0.0,1.7213152598304e+18,0.0,629.319727,-157.050879,-410.654004,-119.94873,20.34668,153.017578,1.0,710.579883,-182.72373,-415.007227,-117.861328,13.337402,3.186035,2.0,423.713672,-18.41748,-187.635059,-163.081055,15.556641,41.154785,3.0,413.891016,-67.977246,-172.119727,-163.015137,18.852539,-170.375977
1721315259866666666,1.7213152598572155e+18,-1.0,29.05,-1.0,10.9,-1.0,-1.0,13.0,0.0,0.0,0.0,0.0,0.0,0.0,0.0,1.7213152598635e+18,0.0,630.770801,-150.911719,-418.46748,-120.124512,18.105469,150.776367,1.0,711.807715,-183.281836,-414.560742,-118.740234,11.403809,2.746582,2.0,423.602051,-18.752344,-186.74209,-163.103027,16.369629,41.154785,3.0,413.33291,-67.977246,-171.896484,-162.971191,19.02832,-170.288086
1721315259900000000,1.7213152598942236e+18,-1.0,29.27,-1.0,10.73,-1.0,-1.0,13.0,0.0,0.0,0.0,0.0,0.0,0.0,0.0,1.7213152598966e+18,0.0,633.338086,-150.911719,-421.816113,-121.223145,17.687988,149.765625,1.0,712.254199,-182.277246,-418.802344,-119.619141,11.008301,2.197266,2.0,424.383398,-19.310449,-185.402637,-163.322754,17.468262,41.132812,3.0,412.774805,-69.205078,-170.780273,-163.256836,19.775391,-170.002441
1721315259933333333,1.7213152598942236e+18,-1.0,29.27,-1.0,10.73,-1.0,-1.0,13.0,0.0,0.0,0.0,0.0,0.0,0.0,0.0,1.7213152599333e+18,0.0,639.477246,-152.362793,-423.155566,-124.101562,17.160645,148.447266,1.0,719.732812,-182.612109,-425.61123,-122.01416,11.052246,1.010742,2.0,424.271777,-19.756934,-184.844531,-163.696289,17.841797,41.330566,3.0,411.546973,-69.651562,-170.557031,-163.410645,19.995117,-169.804688
1721315259966666666,1.721315259938751e+18,-1.0,29.05,-1.0,9.86,-1.0,1.69,13.0,0.0,0.0,0.0,0.0,0.0,0.0,0.0,1.7213152599664e+18,0.0,637.691309,-153.479004,-425.053125,-125.991211,14.787598,147.810059,1.0,716.049316,-177.924023,-417.462891,-124.211426,10.26123,0.615234,2.0,423.155566,-18.194238,-185.7375,-163.278809,17.578125,42.033691,3.0,410.988867,-68.312109,-171.003516,-162.949219,19.907227,-169.431152
1721315260000000000,1.7213152599887444e+18,-1.0,29.05,-1.0,9.69,-1.0,12.13,13.0,0.0,0.0,0.0,0.0,0.0,0.0,0.0,1.7213152599995e+18,0.0,641.263184,-145.777148,-425.164746,-125.639648,14.567871,147.854004,1.0,718.170117,-173.570801,-420.588281,-124.07959,10.634766,0.483398,2.0,423.825293,-15.29209,-185.179395,-162.13623,17.841797,42.51709,3.0,411.881836,-65.744824,-170.110547,-161.850586,20.302734,-169.277344
1721315260033333333,1.7213152599887444e+18,-1.0,29.05,-1.0,9.69,-1.0,12.13,13.0,0.0,0.0,0.0,0.0,0.0,0.0,0.0,1.7213152600325e+18,0.0,646.397754,-146.335254,-423.713672,-127.067871,14.611816,147.524414,1.0,721.295508,-175.914844,-423.155566,-124.980469,11.25,0.0,2.0,423.936914,-15.515332,-184.286426,-162.13623,17.929688,42.495117,3.0,412.216699,-65.633203,-169.105957,-161.762695,20.478516,-169.475098
1721315260066666666,1.7213152600377554e+18,-1.0,29.27,-1.0,10.04,-1.0,29.91,14.0,0.0,0.0,0.0,0.0,0.0,0.0,0.0,1.7213152600656e+18,0.0,647.625586,-152.474414,-427.062305,-130.012207,13.974609,146.008301,1.0,726.430078,-178.482129,-426.839062,-127.880859,12.524414,-1.911621,2.0,423.155566,-16.631543,-183.839941,-162.531738,17.644043,42.385254,3.0,411.993457,-66.079687,-168.994336,-161.938477,20.126953,-169.892578
1721315260100000000,1.721315260086753e+18,-1.0,29.27,-1.0,10.38,-1.0,61.54,13.0,0.0,0.0,0.0,0.0,0.0,0.0,0.0,1.7213152600987e+18,0.0,645.393164,-155.934668,-426.392578,-131.77002,12.216797,145.415039,1.0,726.095215,-177.477539,-421.927734,-129.353027,11.843262,-2.48291,2.0,422.262598,-17.078027,-183.058594,-162.575684,17.314453,42.583008,3.0,411.658594,-65.521582,-168.771094,-161.71875,19.863281,-169.958496
1721315260133333333,1.721315260086753e+18,-1.0,29.27,-1.0,10.38,-1.0,61.54,13.0,0.0,0.0,0.0,0.0,0.0,0.0,0.0,1.7213152601318e+18,0.0,649.188281,-149.795508,-427.062305,-131.616211,12.590332,144.931641,1.0,726.095215,-172.119727,-422.709082,-129.023438,11.975098,-2.900391,2.0,422.932324,-16.073438,-182.835352,-162.13623,17.490234,42.648926,3.0,412.105078,-64.405371,-168.324609,-161.257324,20.039062,-169.914551
1721315260166666666,1.7213152601353216e+18,-1.0,29.27,-1.0,10.73,-1.0,60.07,13.0,0.0,0.0,0.0,0.0,0.0,0.0,0.0,1.7213152601648e+18,0.0,653.764746,-152.02793,-424.160156,-133.461914,13.381348,144.140625,1.0,728.104395,-171.338379,-422.150977,-130.341797,13.029785,-4.086914,2.0,423.49043,-16.743164,-182.612109,-162.290039,17.62207,42.670898,3.0,412.216699,-65.186719,-167.766504,-161.499023,20.192871,-170.046387
1721315260200000000,1.7213152601813125e+18,-1.0,29.27,-1.0,10.21,-1.0,62.73,13.0,0.0,0.0,0.0,0.0,0.0,0.0,0.0,1.7213152601979e+18,0.0,656.332031,-156.604395,-422.597461,-135.219727,12.678223,143.305664,1.0,730.113574,-168.43623,-422.150977,-131.813965,13.095703,-5.712891,2.0,423.378809,-17.524512,-182.835352,-162.443848,17.512207,42.736816,3.0,411.770215,-66.526172,-168.101367,-161.828613,19.951172,-170.024414
1721315260233333333,1.7213152602298317e+18,-1.0,29.48,-1.0,9.52,-1.0,60.66,14.0,0.0,0.0,0.0,0.0,0.0,0.0,0.0,1.721315260231e+18,0.0,658.341211,-154.818457,-423.043945,-135.153809,12.019043,143.10791,1.0,729.66709,-168.212988,-420.588281,-131.945801,12.260742,-5.493164,2.0,422.932324,-17.30127,-183.505078,-162.312012,17.314453,42.824707,3.0,411.881836,-66.749414,-168.43623,-161.806641,19.841309,-169.914551
1721315260266666666,1.7213152602298317e+18,-1.0,29.48,-1.0,9.52,-1.0,60.66,14.0,0.0,0.0,0.0,0.0,0.0,0.0,0.0,1.7213152602641e+18,0.0,659.010937,-152.251172,-423.825293,-135.021973,12.260742,142.712402,1.0,730.001953,-167.654883,-419.025586,-131.923828,12.502441,-5.537109,2.0,423.49043,-16.743164,-184.063184,-162.13623,17.314453,42.670898,3.0,412.663184,-66.30293,-168.659473,-161.652832,19.907227,-169.958496
1721315260300000000,1.7213152602793362e+18,-1.0,29.27,-1.0,10.73,-1.0,61.25,13.0,0.0,0.0,0.0,0.0,0.0,0.0,0.0,1.7213152602971e+18,0.0,661.35498,-153.590625,-420.923145,-135.878906,12.875977,142.316895,1.0,733.573828,-168.547852,-415.900195,-132.626953,13.183594,-6.064453,2.0,424.160156,-18.082617,-183.393457,-162.663574,17.380371,42.385254,3.0,412.998047,-66.749414,-168.994336,-162.026367,19.841309,-170.266113
1721315260333333333,1.7213152603286124e+18,-1.0,29.27,-1.0,10.55,-1.0,61.25,14.0,0.0,0.0,0.0,0.0,0.0,0.0,0.0,1.7213152603302e+18,0.0,662.024707,-156.716016,-420.030176,-136.845703,12.458496,141.767578,1.0,736.475977,-165.087598,-416.235059,-133.000488,13.117676,-7.141113,2.0,423.602051,-18.305859,-183.281836,-162.839355,17.050781,42.495117,3.0,412.774805,-67.642383,-169.329199,-162.290039,19.445801,-170.134277
1721315260366666666,1.7213152603286124e+18,-1.0,29.27,-1.0,10.55,-1.0,61.25,14.0,0.0,0.0,0.0,0.0,0.0,0.0,0.0,1.7213152603633e+18,0.0,661.243359,-158.836816,-419.695312,-136.845703,12.062988,141.921387,1.0,734.578418,-163.190039,-415.007227,-132.495117,13.029785,-7.141113,2.0,424.160156,-17.747754,-183.839941,-162.531738,17.050781,42.583008,3.0,413.556152,-67.195898,-168.882715,-161.960449,19.555664,-169.936523
1721315260400000000,1.721315260379619e+18,-1.0,29.27,-1.0,10.9,-1.0,61.25,13.0,0.0,0.0,0.0,0.0,0.0,0.0,0.0,1.7213152604e+18,0.0,662.024707,-157.608984,-419.360449,-136.647949,12.172852,141.987305,1.0,735.359766,-163.748145,-414.002637,-132.451172,13.381348,-6.987305,2.0,425.053125,-17.859375,-183.951562,-162.509766,17.138672,42.60498,3.0,414.3375,-66.972656,-168.659473,-161.894531,19.731445,-170.046387
1721315260433333333,1.721315260426738e+18,-1.0,29.27,-1.0,11.43,-1.0,62.14,13.0,0.0,0.0,0.0,0.0,0.0,0.0,0.0,1.7213152604331e+18,0.0,663.475781,-159.618164,-417.128027,-137.087402,12.216797,142.141113,1.0,738.596777,-167.543262,-411.881836,-132.93457,14.106445,-6.833496,2.0,425.053125,-18.640723,-183.839941,-162.773438,16.962891,42.648926,3.0,414.3375,-67.642383,-168.994336,-162.224121,19.555664,-170.178223
1721315260466666666,1.721315260426738e+18,-1.0,29.27,-1.0,11.43,-1.0,62.14,13.0,0.0,0.0,0.0,0.0,0.0,0.0,0.0,1.7213152604662e+18,0.0,662.806055,-157.832227,-417.909375,-137.329102,11.491699,142.163086,1.0,739.601367,-168.882715,-410.765625,-133.154297,14.172363,-6.635742,2.0,425.164746,-18.305859,-183.951562,-162.663574,16.809082,42.736816,3.0,414.3375,-67.977246,-169.329199,-162.290039,19.313965,-170.046387
1721315260500000000,1.7213152604761656e+18,-1.0,29.27,-1.0,11.6,-1.0,78.12,13.0,0.0,0.0,0.0,0.0,0.0,0.0,0.0,1.7213152604993e+18,0.0,662.806055,-148.00957,-421.704492,-136.032715,11.293945,141.987305,1.0,740.494336,-167.989746,-408.756445,-132.802734,14.348145,-6.37207,2.0,425.61123,-17.524512,-183.839941,-162.355957,16.918945,42.714844,3.0,415.007227,-67.530762,-169.217578,-162.026367,19.401855,-169.958496
1721315260533333333,1.7213152605247066e+18,-1.0,29.27,-1.0,10.55,-1.0,103.62,14.0,0.0,0.0,0.0,0.0,0.0,0.0,0.0,1.7213152605323e+18,0.0,662.136328,-141.647168,-425.834473,-135.791016,11.513672,141.240234,1.0,741.722168,-169.105957,-406.412402,-133.132324,15.161133,-6.394043,2.0,426.280957,-18.529102,-183.72832,-162.641602,17.006836,42.539062,3.0,415.676953,-67.865625,-169.329199,-162.13623,19.467773,-170.15625
1721315260566666666,1.7213152605247066e+18,-1.0,29.27,-1.0,10.55,-1.0,103.62,14.0,0.0,0.0,0.0,0.0,0.0,0.0,0.0,1.7213152605653998e+18,0.0,662.806055,-141.87041,-425.946094,-135.878906,11.184082,141.130371,1.0,741.610547,-168.212988,-407.305371,-133.395996,15.380859,-6.789551,2.0,425.834473,-19.310449,-184.509668,-162.905273,16.567383,42.583008,3.0,415.453711,-68.088867,-170.110547,-162.290039,19.094238,-170.244141
1721315260600000000,1.7213152605737075e+18,-1.0,29.27,-1.0,10.04,-1.0,93.87,14.0,0.0,0.0,0.0,0.0,0.0,0.0,0.0,1.7213152605985e+18,0.0,662.247949,-142.540137,-425.722852,-135.791016,10.458984,141.37207,1.0,741.052441,-167.32002,-408.421582,-133.352051,15.249023,-6.877441,2.0,425.61123,-18.194238,-185.067773,-162.597656,16.435547,42.583008,3.0,415.900195,-67.195898,-169.998926,-161.960449,19.116211,-170.134277
1721315260633333333,1.7213152606232622e+18,-1.0,29.27,-1.0,11.43,-1.0,94.26,14.0,0.0,0.0,0.0,0.0,0.0,0.0,0.0,1.7213152606316e+18,0.0,663.029297,-140.977441,-424.941504,-135.527344,10.656738,141.437988,1.0,740.494336,-165.422461,-409.314551,-133.132324,15.314941,-7.009277,2.0,426.280957,-17.747754,-185.291016,-162.46582,16.523438,42.451172,3.0,416.681543,-66.637793,-169.998926,-161.762695,19.248047,-170.178223
1721315260666666666,1.7213152606232622e+18,-1.0,29.27,-1.0,11.43,-1.0,94.26,14.0,0.0,0.0,0.0,0.0,0.0,0.0,0.0,1.7213152606645998e+18,0.0,664.36875,-141.423926,-424.048535,-135.615234,10.788574,141.481934,1.0,740.271094,-163.636523,-410.430762,-133.110352,15.556641,-7.272949,2.0,426.950684,-18.863965,-185.514258,-162.949219,16.523438,42.209473,3.0,416.904785,-67.195898,-170.222168,-162.092285,19.226074,-170.332031
1721315260700000000,1.7213152606722468e+18,-1.0,29.27,-1.0,11.6,-1.0,81.25,14.0,0.0,0.0,0.0,0.0,0.0,0.0,0.0,1.7213152606977e+18,0.0,664.703613,-139.191504,-425.164746,-135.32959,10.480957,141.064453,1.0,739.378125,-161.069238,-412.774805,-132.912598,15.314941,-7.668457,2.0,426.169336,-18.41748,-185.960742,-162.949219,16.193848,42.275391,3.0,416.34668,-68.088867,-170.891895,-162.399902,18.852539,-170.288086
1721315260733333333,1.721315260721792e+18,-1.0,29.27,-1.0,11.43,-1.0,80.2,14.0,0.0,0.0,0.0,0.0,0.0,0.0,0.0,1.7213152607308e+18,0.0,663.252539,-136.512598,-425.499609,-134.472656,10.305176,140.734863,1.0,735.359766,-158.501953,-413.221289,-132.077637,14.765625,-7.77832,2.0,426.280957,-17.524512,-185.960742,-162.685547,16.237793,42.341309,3.0,416.681543,-67.642383,-171.115137,-162.202148,18.874512,-170.244141
1721315260766666666,1.721315260721792e+18,-1.0,29.27,-1.0,11.43,-1.0,80.2,14.0,0.0,0.0,0.0,0.0,0.0,0.0,0.0,1.7213152607637998e+18,0.0,662.471191,-134.280176,-426.280957,-133.813477,10.722656,140.053711,1.0,734.690039,-158.836816,-413.667773,-131.835938,14.787598,-7.866211,2.0,426.504199,-17.524512,-185.849121,-162.641602,16.303711,42.341309,3.0,416.904785,-67.642383,-171.003516,-162.202148,18.984375,-170.288086
1721315260800000000,1.7213152607708534e+18,-1.0,29.27,-1.0,11.08,-1.0,78.46,14.0,0.0,0.0,0.0,0.0,0.0,0.0,0.0,1.7213152607969e+18,0.0,662.806055,-137.182324,-425.722852,-134.033203,10.766602,139.790039,1.0,734.80166,-160.845996,-414.449121,-131.989746,14.567871,-7.954102,2.0,426.839062,-18.41748,-185.849121,-162.927246,16.281738,42.275391,3.0,416.793164,-68.200488,-170.780273,-162.443848,18.984375,-170.419922
1721315260833333333,1.721315260820241e+18,-1.0,29.27,-1.0,11.6,-1.0,59.49,13.0,0.0,0.0,0.0,0.0,0.0,0.0,0.0,1.72131526083e+18,0.0,661.466602,-136.73584,-426.61582,-133.835449,10.327148,139.658203,1.0,732.457617,-162.073828,-416.235059,-132.011719,13.864746,-8.041992,2.0,426.504199,-18.640723,-186.295605,-163.015137,16.083984,42.275391,3.0,416.458301,-67.977246,-171.003516,-162.421875,18.786621,-170.441895
1721315260866666666,1.721315260820241e+18,-1.0,29.27,-1.0,11.6,-1.0,59.49,13.0,0.0,0.0,0.0,0.0,0.0,0.0,0.0,1.7213152608631002e+18,0.0,660.685254,-135.173145,-425.387988,-133.198242,10.283203,139.833984,1.0,729.890332,-160.957617,-416.011816,-131.154785,13.337402,-7.624512,2.0,426.61582,-18.41748,-186.295605,-162.949219,16.105957,42.297363,3.0,416.569922,-67.530762,-171.003516,-162.268066,18.830566,-170.441895
1721315260900000000,1.7213152608686848e+18,-1.0,29.27,-1.0,11.6,-1.0,47.16,14.0,0.0,0.0,0.0,0.0,0.0,0.0,0.0,1.7213152608998e+18,0.0,662.35957,-135.173145,-423.602051,-133.022461,10.458984,139.943848,1.0,731.006543,-160.734375,-415.453711,-130.935059,13.557129,-7.382812,2.0,426.839062,-18.863965,-185.7375,-163.103027,16.259766,42.1875,3.0,417.128027,-67.195898,-170.557031,-162.312012,19.006348,-170.683594
1721315260933333333,1.7213152609182085e+18,-1.0,29.27,-1.0,11.6,-1.0,55.5,14.0,0.0,0.0,0.0,0.0,0.0,0.0,0.0,1.7213152609328998e+18,0.0,662.136328,-135.396387,-423.936914,-133.066406,10.17334,139.833984,1.0,730.783301,-162.631934,-415.118848,-131.066895,13.469238,-7.294922,2.0,426.392578,-19.198828,-185.402637,-163.344727,16.12793,42.011719,3.0,416.793164,-67.419141,-170.668652,-162.553711,18.830566,-170.81543
1721315260966666666,1.7213152609632207e+18,-1.0,29.27,-1.0,12.48,-1.0,68.26,14.0,0.0,0.0,0.0,0.0,0.0,0.0,0.0,1.721315260966e+18,0.0,661.020117,-134.949902,-424.271777,-133.044434,9.711914,139.96582,1.0,729.890332,-162.966797,-415.565332,-131.022949,13.271484,-7.207031,2.0,426.392578,-18.975586,-185.514258,-163.256836,16.105957,42.033691,3.0,416.793164,-67.419141,-170.668652,-162.487793,18.786621,-170.749512
1721315261000000000,1.7213152609632207e+18,-1.0,29.27,-1.0,12.48,-1.0,68.26,14.0,0.0,0.0,0.0,0.0,0.0,0.0,0.0,1.721315260999e+18,0.0,660.685254,-134.280176,-423.602051,-132.956543,9.536133,140.141602,1.0,729.108984,-160.845996,-415.788574,-130.561523,13.337402,-7.185059,2.0,426.727441,-18.752344,-185.291016,-163.125,16.193848,42.099609,3.0,416.904785,-67.419141,-170.557031,-162.443848,18.874512,-170.727539
1721315261033333333,1.7213152610126042e+18,-1.0,29.27,-1.0,12.31,-1.0,90.78,14.0,0.0,0.0,0.0,0.0,0.0,0.0,0.0,1.7213152610320998e+18,0.0,661.35498,-134.949902,-423.267187,-133.198242,9.580078,140.031738,1.0,729.443848,-160.622754,-415.788574,-130.869141,13.798828,-7.470703,2.0,426.839062,-18.975586,-185.179395,-163.190918,16.21582,42.099609,3.0,417.016406,-68.200488,-170.222168,-162.619629,19.006348,-170.771484
1721315261066666666,1.7213152610660114e+18,-1.0,29.27,-1.0,12.31,-1.0,116.93,14.0,0.0,0.0,0.0,0.0,0.0,0.0,0.0,1.7213152610652e+18,0.0,662.917676,-135.842871,-423.043945,-133.813477,9.008789,139.570312,1.0,728.6625,-161.069238,-414.783984,-131.550293,13.930664,-7.932129,2.0,426.61582,-19.310449,-185.067773,-163.234863,16.171875,42.209473,3.0,416.904785,-68.535352,-170.333789,-162.70752,18.94043,-170.727539
1721315261100000000,1.7213152610660114e+18,-1.0,29.27,-1.0,12.31,-1.0,116.93,14.0,0.0,0.0,0.0,0.0,0.0,0.0,0.0,1.7213152610983e+18,0.0,663.36416,-135.061523,-422.597461,-133.901367,8.76709,139.416504,1.0,727.65791,-158.613574,-412.105078,-131.813965,14.194336,-8.371582,2.0,426.727441,-19.310449,-185.179395,-163.059082,16.171875,42.429199,3.0,416.904785,-68.200488,-170.333789,-162.531738,18.962402,-170.617676
1721315261133333333,1.721315261114862e+18,-1.0,29.27,-1.0,11.95,-1.0,131.69,14.0,0.0,0.0,0.0,0.0,0.0,0.0,0.0,1.7213152611313e+18,0.0,665.038477,-131.824512,-422.820703,-133.901367,9.052734,138.845215,1.0,730.001953,-154.037109,-411.435352,-131.682129,14.633789,-8.833008,2.0,426.839062,-19.42207,-185.179395,-163.015137,16.21582,42.429199,3.0,417.128027,-68.200488,-169.887305,-162.443848,19.116211,-170.595703
1721315261166666666,1.7213152611637484e+18,-1.0,29.27,-1.0,11.95,-1.0,128.61,14.0,0.0,0.0,0.0,0.0,0.0,0.0,0.0,1.7213152611644e+18,0.0,667.047656,-132.829102,-422.262598,-135.065918,8.833008,137.922363,1.0,734.913281,-156.046289,-408.756445,-132.714844,14.831543,-9.140625,2.0,426.61582,-19.533691,-185.291016,-163.081055,16.149902,42.385254,3.0,417.239648,-68.312109,-169.887305,-162.487793,19.094238,-170.595703
1721315261200000000,1.7213152611637484e+18,-1.0,29.27,-1.0,11.95,-1.0,128.61,14.0,0.0,0.0,0.0,0.0,0.0,0.0,0.0,1.7213152611975e+18,0.0,668.49873,-134.503418,-421.816113,-135.922852,8.261719,137.878418,1.0,735.583008,-159.283301,-409.537793,-133.857422,14.084473,-9.51416,2.0,426.280957,-19.310449,-185.402637,-163.059082,16.062012,42.363281,3.0,417.128027,-68.42373,-170.110547,-162.46582,18.94043,-170.507812
1721315261233333333,1.721315261212714e+18,-1.0,29.48,-1.0,12.48,-1.0,117.87,14.0,0.0,0.0,0.0,0.0,0.0,0.0,0.0,1.7213152612306002e+18,0.0,668.945215,-131.154785,-422.262598,-135.615234,8.349609,137.746582,1.0,735.248145,-154.260352,-407.640234,-133.417969,14.106445,-9.624023,2.0,426.61582,-18.975586,-185.291016,-162.927246,16.171875,42.363281,3.0,417.462891,-67.977246,-169.998926,-162.246094,19.050293,-170.441895
1721315261266666666,1.7213152612625915e+18,-1.0,29.05,-1.0,12.48,-1.0,95.05,14.0,0.0,0.0,0.0,0.0,0.0,0.0,0.0,1.7213152612636e+18,0.0,670.731152,-129.815332,-422.48584,-135.769043,8.547363,137.307129,1.0,738.485156,-151.804688,-407.19375,-133.725586,14.633789,-10.107422,2.0,427.062305,-18.975586,-185.179395,-162.949219,16.303711,42.319336,3.0,417.797754,-68.088867,-169.775684,-162.290039,19.160156,-170.507812
1721315261300000000,1.7213152612625915e+18,-1.0,29.05,-1.0,12.48,-1.0,95.05,14.0,0.0,0.0,0.0,0.0,0.0,0.0,0.0,1.7213152612967e+18,0.0,672.963574,-127.58291,-421.592871,-136.252441,8.063965,136.669922,1.0,740.717578,-150.800098,-407.305371,-134.692383,14.128418,-10.92041,2.0,427.062305,-19.198828,-185.514258,-163.081055,16.171875,42.275391,3.0,417.462891,-68.535352,-170.333789,-162.531738,18.918457,-170.639648
1721315261333333333,1.7213152613115151e+18,-1.0,29.05,-1.0,11.95,-1.0,76.42,14.0,0.0,0.0,0.0,0.0,0.0,0.0,0.0,1.7213152613298e+18,0.0,675.084375,-124.792383,-421.592871,-136.186523,7.404785,136.625977,1.0,741.722168,-143.656348,-410.988867,-134.494629,13.161621,-11.293945,2.0,427.173926,-18.529102,-186.183984,-162.883301,16.062012,42.319336,3.0,417.462891,-68.312109,-170.557031,-162.421875,18.808594,-170.551758
1721315261366666666,1.7213152613608763e+18,-1.0,29.27,-1.0,10.73,-1.0,46.65,14.0,0.0,0.0,0.0,0.0,0.0,0.0,0.0,1.7213152613664998e+18,0.0,676.423828,-123.787793,-420.699902,-135.922852,7.470703,136.691895,1.0,742.280273,-140.530957,-411.881836,-133.879395,13.007812,-11.337891,2.0,427.62041,-17.970996,-186.518848,-162.70752,16.12793,42.297363,3.0,417.797754,-68.088867,-170.44541,-162.333984,18.94043,-170.529785
1721315261400000000,1.7213152613608763e+18,-1.0,29.27,-1.0,10.73,-1.0,46.65,14.0,0.0,0.0,0.0,0.0,0.0,0.0,0.0,1.7213152613996e+18,0.0,678.321387,-123.787793,-421.369629,-136.274414,7.624512,136.230469,1.0,743.842969,-141.423926,-412.216699,-134.318848,13.227539,-11.711426,2.0,427.843652,-18.640723,-186.295605,-162.949219,16.193848,42.253418,3.0,418.020996,-68.200488,-170.668652,-162.46582,18.984375,-170.727539
1721315261433333333,1.7213152614096763e+18,-1.0,29.27,-1.0,11.08,-1.0,19.89,14.0,0.0,0.0,0.0,0.0,0.0,0.0,0.0,1.7213152614327e+18,0.0,679.884082,-125.238867,-422.262598,-136.691895,6.767578,136.032715,1.0,745.294043,-142.205273,-410.20752,-134.736328,12.963867,-11.733398,2.0,427.397168,-18.975586,-186.407227,-163.125,16.018066,42.275391,3.0,417.574512,-68.42373,-171.226758,-162.70752,18.720703,-170.793457
1721315261466666666,1.7213152614590502e+18,-1.0,29.48,-1.0,11.25,-1.0,4.22,14.0,0.0,0.0,0.0,0.0,0.0,0.0,0.0,1.7213152614658e+18,0.0,680.888672,-124.792383,-421.927734,-136.516113,6.437988,136.252441,1.0,746.298633,-139.86123,-409.984277,-134.450684,12.810059,-11.645508,2.0,427.732031,-18.640723,-186.407227,-163.037109,16.083984,42.319336,3.0,417.909375,-68.42373,-171.226758,-162.597656,18.742676,-170.705566
1721315261500000000,1.7213152614910605e+18,-1.0,29.27,-1.0,11.6,-1.0,-1.0,13.0,0.0,0.0,0.0,0.0,0.0,0.0,0.0,1.7213152614988e+18,0.0,681.000293,-124.122656,-421.816113,-136.428223,6.503906,136.186523,1.0,746.745117,-138.410156,-409.649414,-134.274902,12.98584,-11.799316,2.0,427.732031,-18.640723,-186.295605,-163.037109,16.12793,42.297363,3.0,418.132617,-68.42373,-171.115137,-162.619629,18.852539,-170.771484
1721315261533333333,1.7213152615280614e+18,-1.0,29.27,-1.0,12.31,-1.0,-1.0,13.0,0.0,0.0,0.0,0.0,0.0,0.0,0.0,1.7213152615319e+18,0.0,682.674609,-125.685352,-420.811523,-136.845703,6.328125,136.252441,1.0,748.977539,-140.530957,-408.756445,-134.626465,13.117676,-11.887207,2.0,427.955273,-19.533691,-185.960742,-163.300781,16.105957,42.275391,3.0,418.132617,-68.870215,-171.226758,-162.839355,18.830566,-170.881348
1721315261566666666,1.7213152615653962e+18,-1.0,29.27,-1.0,11.95,-1.0,-1.0,13.0,0.0,0.0,0.0,0.0,0.0,0.0,0.0,1.721315261565e+18,0.0,685.353516,-129.703711,-417.128027,-137.702637,5.273438,137.373047,1.0,749.200781,-145.88877,-407.082129,-135.021973,13.007812,-11.557617,2.0,427.508789,-19.980176,-186.74209,-163.410645,15.776367,42.363281,3.0,417.797754,-69.205078,-171.896484,-162.949219,18.479004,-170.771484
1721315261600000000,1.7213152615653962e+18,-1.0,29.27,-1.0,11.95,-1.0,-1.0,13.0,0.0,0.0,0.0,0.0,0.0,0.0,0.0,1.721315261598e+18,0.0,685.8,-128.475879,-412.32832,-137.351074,5.185547,139.460449,1.0,750.205371,-143.321484,-401.05459,-134.714355,14.0625,-11.162109,2.0,427.843652,-19.645312,-186.853711,-163.278809,15.842285,42.385254,3.0,418.355859,-68.646973,-171.896484,-162.70752,18.566895,-170.705566
1721315261633333333,1.7213152616017498e+18,-1.0,29.27,-1.0,12.66,-1.0,-1.0,13.0,0.0,0.0,0.0,0.0,0.0,0.0,0.0,1.7213152616311e+18,0.0,683.344336,-129.033984,-416.123437,-137.263184,4.482422,139.570312,1.0,748.977539,-139.191504,-402.282422,-134.802246,15.644531,-11.975098,2.0,428.290137,-20.091797,-186.518848,-163.388672,15.930176,42.341309,3.0,418.690723,-68.870215,-171.784863,-162.79541,18.676758,-170.81543
1721315261666666666,1.721315261638492e+18,-1.0,29.27,-1.0,12.13,-1.0,-1.0,13.0,0.0,0.0,0.0,0.0,0.0,0.0,0.0,1.7213152616642002e+18,0.0,677.65166,-124.792383,-426.392578,-137.263184,3.032227,138.955078,1.0,749.200781,-139.414746,-401.389453,-135.175781,16.45752,-12.436523,2.0,428.178516,-20.761523,-186.74209,-163.586426,15.710449,42.363281,3.0,418.579102,-69.093457,-171.896484,-162.949219,18.566895,-170.90332
1721315261700000000,1.7213152616879713e+18,-1.0,29.27,-1.0,11.95,-1.0,3.74,13.0,0.0,0.0,0.0,0.0,0.0,0.0,0.0,1.7213152616973e+18,0.0,668.49873,-101.575195,-426.057715,-136.07666,3.22998,138.295898,1.0,745.628906,-130.819922,-406.747266,-134.274902,16.699219,-13.535156,2.0,427.843652,-20.315039,-187.188574,-163.432617,15.512695,42.429199,3.0,418.690723,-69.093457,-171.896484,-162.883301,18.435059,-170.793457
1721315261733333333,1.7213152616879713e+18,-1.0,29.27,-1.0,11.95,-1.0,3.74,13.0,0.0,0.0,0.0,0.0,0.0,0.0,0.0,1.7213152617303e+18,0.0,670.954395,-108.16084,-422.48584,-136.252441,2.922363,139.372559,1.0,741.387305,-121.555371,-405.854297,-132.670898,17.358398,-14.545898,2.0,428.178516,-19.980176,-187.076953,-163.344727,15.578613,42.407227,3.0,419.025586,-69.093457,-171.673242,-162.79541,18.522949,-170.749512
1721315261766666666,1.7213152617372608e+18,-1.0,29.27,-1.0,12.48,-1.0,11.78,13.0,0.0,0.0,0.0,0.0,0.0,0.0,0.0,1.7213152617634002e+18,0.0,677.205176,-119.881055,-421.592871,-137.307129,2.351074,139.768066,1.0,745.628906,-135.396387,-402.952148,-134.604492,18.215332,-14.677734,2.0,428.736621,-21.096387,-186.74209,-163.674316,15.622559,42.297363,3.0,419.248828,-69.539941,-171.673242,-162.993164,18.522949,-170.859375
1721315261800000000,1.7213152617866944e+18,-1.0,29.27,-1.0,12.66,-1.0,22.25,13.0,0.0,0.0,0.0,0.0,0.0,0.0,0.0,1.7213152617965e+18,0.0,678.65625,-128.922363,-420.47666,-138.076172,0.900879,140.053711,1.0,746.075391,-140.084473,-401.05459,-135.219727,17.95166,-14.436035,2.0,428.178516,-22.100977,-186.853711,-163.916016,15.336914,42.385254,3.0,418.690723,-70.544531,-172.231348,-163.388672,18.061523,-170.837402
1721315261833333333,1.7213152618317128e+18,-1.0,29.27,-1.0,12.48,-1.0,21.65,14.0,0.0,0.0,0.0,0.0,0.0,0.0,0.0,1.7213152618332e+18,0.0,679.995703,-125.685352,-420.47666,-137.329102,0.812988,140.185547,1.0,746.075391,-139.86123,-400.608105,-135.109863,17.797852,-14.348145,2.0,428.513379,-20.873145,-187.300195,-163.54248,15.270996,42.385254,3.0,419.025586,-69.874805,-172.342969,-163.059082,18.083496,-170.705566
1721315261866666666,1.7213152618317128e+18,-1.0,29.27,-1.0,12.48,-1.0,21.65,14.0,0.0,0.0,0.0,0.0,0.0,0.0,0.0,1.7213152618663002e+18,0.0,681.893262,-126.020215,-418.690723,-137.15332,1.164551,140.20752,1.0,745.96377,-140.642578,-399.268652,-135.021973,17.907715,-14.326172,2.0,429.071484,-20.649902,-187.188574,-163.476562,15.402832,42.297363,3.0,419.695312,-69.763184,-172.008105,-163.015137,18.237305,-170.793457
1721315261900000000,1.7213152618807347e+18,-1.0,29.27,-1.0,13.02,-1.0,22.25,13.0,0.0,0.0,0.0,0.0,0.0,0.0,0.0,1.7213152618994e+18,0.0,683.121094,-121.666992,-416.904785,-136.999512,1.977539,139.394531,1.0,749.982129,-144.214453,-396.254883,-135.285645,17.995605,-14.304199,2.0,429.071484,-20.761523,-187.076953,-163.630371,15.292969,42.143555,3.0,420.141797,-70.209668,-172.008105,-163.256836,18.237305,-170.991211
1721315261933333333,1.7213152619295245e+18,-1.0,29.27,-1.0,13.2,-1.0,22.25,13.0,0.0,0.0,0.0,0.0,0.0,0.0,0.0,1.7213152619325e+18,0.0,684.683789,-119.211328,-412.663184,-136.889648,2.922363,138.427734,1.0,751.09834,-142.205273,-396.924609,-135.0,17.468262,-14.370117,2.0,428.513379,-20.203418,-187.858301,-163.520508,15.05127,42.143555,3.0,419.918555,-70.321289,-172.566211,-163.300781,17.995605,-170.947266
1721315261966666666,1.7213152619295245e+18,-1.0,29.27,-1.0,13.2,-1.0,22.25,13.0,0.0,0.0,0.0,0.0,0.0,0.0,0.0,1.7213152619655002e+18,0.0,669.838184,-109.053809,-427.843652,-133.659668,2.48291,135.593262,1.0,745.628906,-126.466699,-406.970508,-133.439941,16.611328,-15.666504,2.0,428.848242,-19.756934,-187.969922,-163.344727,15.161133,42.143555,3.0,420.365039,-69.763184,-172.45459,-163.059082,18.127441,-170.881348
1721315262000000000,1.7213152619791788e+18,-1.0,29.27,-1.0,14.1,-1.0,16.48,14.0,0.0,0.0,0.0,0.0,0.0,0.0,0.0,1.7213152619986e+18,0.0,659.010937,-80.255566,-449.609766,-131.77002,4.790039,129.616699,1.0,752.326172,-109.500293,-412.439941,-132.648926,15.996094,-18.237305,2.0,429.517969,-19.980176,-187.635059,-163.432617,15.292969,42.055664,3.0,420.699902,-69.651562,-172.231348,-163.059082,18.237305,-170.947266
1721315262033333333,1.721315262028188e+18,-1.0,29.27,-1.0,13.56,-1.0,15.01,13.0,0.0,0.0,0.0,0.0,0.0,0.0,0.0,1.7213152620317e+18,0.0,672.51709,-110.17002,-433.871191,-135.219727,5.822754,132.363281,1.0,753.442383,-122.894824,-406.747266,-133.747559,15.578613,-17.138672,2.0,429.406348,-20.203418,-187.74668,-163.608398,15.205078,41.967773,3.0,420.588281,-69.874805,-172.231348,-163.168945,18.171387,-170.969238
1721315262066666666,1.721315262028188e+18,-1.0,29.27,-1.0,13.56,-1.0,15.01,13.0,0.0,0.0,0.0,0.0,0.0,0.0,0.0,1.7213152620648e+18,0.0,678.321387,-118.206738,-426.950684,-135.373535,6.965332,133.417969,1.0,750.540234,-134.280176,-404.514844,-133.813477,15.029297,-15.512695,2.0,429.294727,-19.868555,-187.969922,-163.564453,15.13916,41.923828,3.0,420.365039,-69.986426,-172.566211,-163.190918,18.039551,-170.925293
1721315262100000000,1.7213152620774748e+18,-1.0,29.27,-1.0,14.28,-1.0,16.67,13.0,0.0,0.0,0.0,0.0,0.0,0.0,0.0,1.7213152620978e+18,0.0,679.214355,-116.644043,-424.048535,-134.58252,8.327637,133.000488,1.0,747.303223,-139.079883,-402.505664,-132.60498,14.458008,-14.0625,2.0,429.406348,-19.645312,-187.969922,-163.498535,15.161133,41.85791,3.0,420.588281,-69.651562,-172.566211,-163.103027,18.083496,-170.969238
1721315262133333333,1.721315262126407e+18,-1.0,29.48,-1.0,14.46,-1.0,17.6,13.0,0.0,0.0,0.0,0.0,0.0,0.0,0.0,1.7213152621309e+18,0.0,679.66084,-121.44375,-423.602051,-135.153809,9.118652,132.077637,1.0,746.187012,-138.298535,-404.961328,-132.539062,14.677734,-14.567871,2.0,429.62959,-20.42666,-187.858301,-163.828125,15.205078,41.52832,3.0,420.699902,-69.651562,-172.566211,-163.212891,18.149414,-171.101074
1721315262166666666,1.721315262126407e+18,-1.0,29.48,-1.0,14.46,-1.0,17.6,13.0,0.0,0.0,0.0,0.0,0.0,0.0,0.0,1.721315262164e+18,0.0,679.214355,-122.559961,-421.927734,-135.065918,8.789062,132.209473,1.0,744.401074,-139.079883,-405.854297,-132.626953,14.326172,-14.589844,2.0,429.071484,-20.649902,-187.523438,-164.025879,15.029297,41.44043,3.0,420.253418,-69.763184,-172.789453,-163.498535,17.907715,-171.298828
1721315262200000000,1.7213152621751186e+18,-1.0,29.27,-1.0,14.64,-1.0,12.66,14.0,0.0,0.0,0.0,0.0,0.0,0.0,0.0,1.7213152621971e+18,0.0,679.437598,-121.666992,-421.48125,-134.406738,8.635254,132.670898,1.0,739.266504,-140.530957,-409.091309,-131.945801,13.381348,-13.930664,2.0,428.959863,-19.868555,-187.523438,-163.806152,15.029297,41.418457,3.0,420.253418,-69.093457,-172.677832,-163.300781,17.907715,-171.320801
1721315262233333333,1.7213152622248394e+18,-1.0,29.27,-1.0,15.01,-1.0,10.38,13.0,0.0,0.0,0.0,0.0,0.0,0.0,0.0,1.7213152622301e+18,0.0,678.209766,-121.555371,-420.588281,-133.308105,9.030762,133.220215,1.0,733.350586,-145.219043,-411.993457,-131.352539,12.919922,-13.688965,2.0,429.294727,-20.203418,-186.630469,-163.937988,15.314941,41.176758,3.0,420.47666,-68.981836,-172.566211,-163.278809,18.017578,-171.496582
1721315262266666666,1.7213152622620293e+18,-1.0,29.27,-1.0,15.01,-1.0,-1.0,13.0,0.0,0.0,0.0,0.0,0.0,0.0,0.0,1.7213152622632e+18,0.0,677.093555,-121.332129,-422.932324,-132.451172,9.140625,132.956543,1.0,734.243555,-148.00957,-412.551562,-131.374512,12.875977,-13.820801,2.0,428.959863,-21.208008,-186.407227,-164.223633,15.183105,41.176758,3.0,420.253418,-69.763184,-172.342969,-163.586426,17.973633,-171.716309
1721315262300000000,1.7213152622988362e+18,-1.0,29.05,-1.0,15.19,-1.0,-1.0,13.0,0.0,0.0,0.0,0.0,0.0,0.0,0.0,1.7213152623e+18,0.0,672.182227,-121.890234,-425.499609,-131.308594,8.613281,133.022461,1.0,730.783301,-156.716016,-411.658594,-131.308594,11.90918,-13.095703,2.0,428.401758,-21.208008,-186.407227,-164.20166,15.029297,41.264648,3.0,420.030176,-70.098047,-172.566211,-163.630371,17.775879,-171.672363
1721315262333333333,1.7213152622988362e+18,-1.0,29.05,-1.0,15.19,-1.0,-1.0,13.0,0.0,0.0,0.0,0.0,0.0,0.0,0.0,1.721315262333e+18,0.0,670.731152,-117.871875,-428.959863,-128.803711,9.118652,133.330078,1.0,727.546289,-158.278711,-414.449121,-129.023438,11.25,-12.062988,2.0,428.513379,-20.203418,-186.407227,-163.87207,15.073242,41.220703,3.0,420.365039,-69.651562,-172.342969,-163.388672,17.907715,-171.606445
1721315262366666666,,,,,,,,,,,,,,,,1.7213152623661e+18,0.0,672.405469,-121.666992,-427.397168,-128.62793,9.755859,133.220215,1.0,732.569238,-160.734375,-411.770215,-127.880859,11.425781,-11.469727,2.0,428.736621,-20.42666,-185.960742,-163.981934,15.161133,41.088867,3.0,420.588281,-69.874805,-171.561621,-163.498535,18.105469,-171.760254
1721315262400000000,,,,,,,,,,,,,,,,,,,,,,,,,,,,,,,,,,,,,,,,,,,,
1721315262433333333,,,,,,,,,,,,,,,,,,,,,,,,,,,,,,,,,,,,,,,,,,,,
1721315262466666666,,,,,,,,,,,,,,,,,,,,,,,,,,,,,,,,,,,,,,,,,,,,
