PDS Time,OBS Stamps,Pedal 1 Pressure,Pedal 2 Pressure,Pedal 3 Pressure,Pedal 4 Pressure,Pedal 5 Pressure,Pedal 6 Pressure,Pedal 7 Pressure,Pedal 1 Pressed,Pedal 2 Pressed,Pedal 3 Pressed,Pedal 4 Pressed,Pedal 5 Pressesd,Pedal 6 Pressed,Pedal 7 Pressed
1.721315217461177e+18,1721315217500000000,-1.0,29.7,-1.0,27.15,-1.0,36.17,13.0,0.0,0.0,0.0,0.0,0.0,0.0,0.0
1.7213152175098954e+18,1721315217533333333,-1.0,29.91,-1.0,28.63,-1.0,38.75,14.0,0.0,0.0,0.0,0.0,0.0,0.0,0.0
1.721315217559567e+18,1721315217566666666,-1.0,29.91,-1.0,23.65,-1.0,44.61,13.0,0.0,0.0,0.0,0.0,0.0,0.0,0.0
1.721315217559567e+18,1721315217600000000,-1.0,29.91,-1.0,23.65,-1.0,44.61,13.0,0.0,0.0,0.0,0.0,0.0,0.0,0.0
1.7213152176081536e+18,1721315217633333333,-1.0,29.91,-1.0,23.45,-1.0,42.87,13.0,0.0,0.0,0.0,0.0,0.0,0.0,0.0
1.721315217657519e+18,1721315217666666666,-1.0,29.91,-1.0,23.05,-1.0,48.46,14.0,0.0,0.0,0.0,0.0,0.0,0.0,0.0
1.721315217657519e+18,1721315217700000000,-1.0,29.91,-1.0,23.05,-1.0,48.46,14.0,0.0,0.0,0.0,0.0,0.0,0.0,0.0
1.721315217702518e+18,1721315217733333333,-1.0,29.91,-1.0,23.25,-1.0,66.39,14.0,0.0,0.0,0.0,0.0,0.0,0.0,0.0
1.7213152177521636e+18,1721315217766666666,-1.0,29.91,-1.0,23.65,-1.0,69.85,14.0,0.0,0.0,0.0,0.0,0.0,0.0,0.0
1.7213152177521636e+18,1721315217800000000,-1.0,29.91,-1.0,23.65,-1.0,69.85,14.0,0.0,0.0,0.0,0.0,0.0,0.0,0.0
1.7213152178013373e+18,1721315217833333333,-1.0,29.7,-1.0,24.66,-1.0,82.31,14.0,0.0,0.0,0.0,0.0,0.0,0.0,0.0
1.7213152178504945e+18,1721315217866666666,-1.0,29.7,-1.0,19.12,-1.0,86.29,13.0,0.0,0.0,0.0,0.0,0.0,0.0,0.0
1.7213152178990085e+18,1721315217900000000,-1.0,29.91,-1.0,13.56,-1.0,84.83,13.0,0.0,0.0,0.0,0.0,0.0,0.0,0.0
1.7213152178990085e+18,1721315217933333333,-1.0,29.91,-1.0,13.56,-1.0,84.83,13.0,0.0,0.0,0.0,0.0,0.0,0.0,0.0
1.7213152179481746e+18,1721315217966666666,-1.0,29.91,-1.0,12.84,-1.0,84.1,13.0,0.0,0.0,0.0,0.0,0.0,0.0,0.0
1.7213152179977006e+18,1721315218000000000,-1.0,29.91,-1.0,17.04,-1.0,77.78,14.0,0.0,0.0,0.0,0.0,0.0,0.0,0.0
1.7213152179977006e+18,1721315218033333333,-1.0,29.91,-1.0,17.04,-1.0,77.78,14.0,0.0,0.0,0.0,0.0,0.0,0.0,0.0
1.7213152180467072e+18,1721315218066666666,-1.0,29.91,-1.0,18.17,-1.0,69.53,13.0,0.0,0.0,0.0,0.0,0.0,0.0,0.0
1.7213152180958556e+18,1721315218100000000,-1.0,29.91,-1.0,19.7,-1.0,67.32,13.0,0.0,0.0,0.0,0.0,0.0,0.0,0.0
1.7213152180958556e+18,1721315218133333333,-1.0,29.91,-1.0,19.7,-1.0,67.32,13.0,0.0,0.0,0.0,0.0,0.0,0.0,0.0
1.7213152181449551e+18,1721315218166666666,-1.0,29.7,-1.0,18.93,-1.0,66.7,14.0,0.0,0.0,0.0,0.0,0.0,0.0,0.0
1.7213152181939466e+18,1721315218200000000,-1.0,29.91,-1.0,18.55,-1.0,78.46,14.0,0.0,0.0,0.0,0.0,0.0,0.0,0.0
1.7213152181939466e+18,1721315218233333333,-1.0,29.91,-1.0,18.55,-1.0,78.46,14.0,0.0,0.0,0.0,0.0,0.0,0.0,0.0
1.7213152182434575e+18,1721315218266666666,-1.0,29.91,-1.0,19.32,-1.0,73.08,14.0,0.0,0.0,0.0,0.0,0.0,0.0,0.0
1.721315218292982e+18,1721315218300000000,-1.0,29.91,-1.0,16.29,-1.0,71.45,14.0,0.0,0.0,0.0,0.0,0.0,0.0,0.0
1.721315218292982e+18,1721315218333333333,-1.0,29.91,-1.0,16.29,-1.0,71.45,14.0,0.0,0.0,0.0,0.0,0.0,0.0,0.0
1.7213152183419848e+18,1721315218366666666,-1.0,29.91,-1.0,17.42,-1.0,73.74,13.0,0.0,0.0,0.0,0.0,0.0,0.0,0.0
1.7213152183905096e+18,1721315218400000000,-1.0,29.7,-1.0,18.36,-1.0,88.89,14.0,0.0,0.0,0.0,0.0,0.0,0.0,0.0
1.7213152183905096e+18,1721315218433333333,-1.0,29.7,-1.0,18.36,-1.0,88.89,14.0,0.0,0.0,0.0,0.0,0.0,0.0,0.0
1.7213152184405084e+18,1721315218466666666,-1.0,29.7,-1.0,18.74,-1.0,90.4,13.0,0.0,0.0,0.0,0.0,0.0,0.0,0.0
1.721315218485053e+18,1721315218500000000,-1.0,29.91,-1.0,17.6,-1.0,87.03,14.0,0.0,0.0,0.0,0.0,0.0,0.0,0.0
1.721315218485053e+18,1721315218533333333,-1.0,29.91,-1.0,17.6,-1.0,87.03,14.0,0.0,0.0,0.0,0.0,0.0,0.0,0.0
1.7213152185340605e+18,1721315218566666666,-1.0,29.91,-1.0,14.82,-1.0,85.19,14.0,0.0,0.0,0.0,0.0,0.0,0.0,0.0
1.721315218583073e+18,1721315218600000000,-1.0,29.7,-1.0,14.82,-1.0,84.46,13.0,0.0,0.0,0.0,0.0,0.0,0.0,0.0
1.7213152186321984e+18,1721315218633333333,-1.0,29.91,-1.0,15.19,-1.0,81.6,13.0,0.0,0.0,0.0,0.0,0.0,0.0,0.0
1.7213152186321984e+18,1721315218666666666,-1.0,29.91,-1.0,15.19,-1.0,81.6,13.0,0.0,0.0,0.0,0.0,0.0,0.0,0.0
1.721315218682207e+18,1721315218700000000,-1.0,29.91,-1.0,11.95,-1.0,84.83,14.0,0.0,0.0,0.0,0.0,0.0,0.0,0.0
1.7213152187313098e+18,1721315218733333333,-1.0,29.91,-1.0,11.6,-1.0,87.03,14.0,0.0,0.0,0.0,0.0,0.0,0.0,0.0
1.7213152187313098e+18,1721315218766666666,-1.0,29.91,-1.0,11.6,-1.0,87.03,14.0,0.0,0.0,0.0,0.0,0.0,0.0,0.0
1.7213152187803116e+18,1721315218800000000,-1.0,29.91,-1.0,11.25,-1.0,66.7,13.0,0.0,0.0,0.0,0.0,0.0,0.0,0.0
1.721315218828861e+18,1721315218833333333,-1.0,29.91,-1.0,11.43,-1.0,40.18,14.0,0.0,0.0,0.0,0.0,0.0,0.0,0.0
1.721315218828861e+18,1721315218866666666,-1.0,29.91,-1.0,11.43,-1.0,40.18,14.0,0.0,0.0,0.0,0.0,0.0,0.0,0.0
1.721315218877868e+18,1721315218900000000,-1.0,29.7,-1.0,10.21,-1.0,40.42,13.0,0.0,0.0,0.0,0.0,0.0,0.0,0.0
1.7213152189273682e+18,1721315218933333333,-1.0,29.91,-1.0,11.43,-1.0,48.2,14.0,0.0,0.0,0.0,0.0,0.0,0.0,0.0
1.7213152189273682e+18,1721315218966666666,-1.0,29.91,-1.0,11.43,-1.0,48.2,14.0,0.0,0.0,0.0,0.0,0.0,0.0,0.0
1.72131521897637e+18,1721315219000000000,-1.0,29.91,-1.0,11.78,-1.0,76.08,13.0,0.0,0.0,0.0,0.0,0.0,0.0,0.0
1.7213152190258862e+18,1721315219033333333,-1.0,29.91,-1.0,12.48,-1.0,84.83,14.0,0.0,0.0,0.0,0.0,0.0,0.0,0.0
1.7213152190258862e+18,1721315219066666666,-1.0,29.91,-1.0,12.48,-1.0,84.83,14.0,0.0,0.0,0.0,0.0,0.0,0.0,0.0
1.7213152190750607e+18,1721315219100000000,-1.0,29.91,-1.0,14.1,-1.0,88.51,13.0,0.0,0.0,0.0,0.0,0.0,0.0,0.0
1.7213152191235436e+18,1721315219133333333,-1.0,29.91,-1.0,13.56,-1.0,88.89,14.0,0.0,0.0,0.0,0.0,0.0,0.0,0.0
1.7213152191235436e+18,1721315219166666666,-1.0,29.91,-1.0,13.56,-1.0,88.89,14.0,0.0,0.0,0.0,0.0,0.0,0.0,0.0
1.7213152191735665e+18,1721315219200000000,-1.0,29.91,-1.0,14.1,-1.0,85.19,14.0,0.0,0.0,0.0,0.0,0.0,0.0,0.0
1.7213152192178665e+18,1721315219233333333,-1.0,29.91,-1.0,13.92,-1.0,91.16,14.0,0.0,0.0,0.0,0.0,0.0,0.0,0.0
1.7213152192178665e+18,1721315219266666666,-1.0,29.91,-1.0,13.92,-1.0,91.16,14.0,0.0,0.0,0.0,0.0,0.0,0.0,0.0
1.72131521926687e+18,1721315219300000000,-1.0,29.91,-1.0,13.02,-1.0,84.83,14.0,0.0,0.0,0.0,0.0,0.0,0.0,0.0
1.721315219316533e+18,1721315219333333333,-1.0,29.91,-1.0,11.78,-1.0,85.92,13.0,0.0,0.0,0.0,0.0,0.0,0.0,0.0
1.7213152193655196e+18,1721315219366666666,-1.0,29.91,-1.0,12.31,-1.0,95.05,14.0,0.0,0.0,0.0,0.0,0.0,0.0,0.0
1.7213152193655196e+18,1721315219400000000,-1.0,29.91,-1.0,12.31,-1.0,95.05,14.0,0.0,0.0,0.0,0.0,0.0,0.0,0.0
1.7213152194150912e+18,1721315219433333333,-1.0,29.91,-1.0,11.78,-1.0,124.12,14.0,0.0,0.0,0.0,0.0,0.0,0.0,0.0
1.7213152194150912e+18,1721315219466666666,-1.0,29.91,-1.0,11.78,-1.0,124.12,14.0,0.0,0.0,0.0,0.0,0.0,0.0,0.0
1.7213152194681656e+18,1721315219500000000,-1.0,29.91,-1.0,11.78,-1.0,129.63,14.0,0.0,0.0,0.0,0.0,0.0,0.0,0.0
1.7213152195177078e+18,1721315219533333333,-1.0,29.91,-1.0,13.02,-1.0,126.1,14.0,0.0,0.0,0.0,0.0,0.0,0.0,0.0
1.7213152195177078e+18,1721315219566666666,-1.0,29.91,-1.0,13.02,-1.0,126.1,14.0,0.0,0.0,0.0,0.0,0.0,0.0,0.0
1.721315219566709e+18,1721315219600000000,-1.0,29.91,-1.0,13.02,-1.0,136.97,14.0,0.0,0.0,0.0,0.0,0.0,0.0,0.0
1.7213152196152307e+18,1721315219633333333,-1.0,29.91,-1.0,13.92,-1.0,131.69,14.0,0.0,0.0,0.0,0.0,0.0,0.0,0.0
1.7213152196642396e+18,1721315219666666666,-1.0,29.91,-1.0,14.1,-1.0,130.14,13.0,0.0,0.0,0.0,0.0,0.0,0.0,0.0
1.7213152196642396e+18,1721315219700000000,-1.0,29.91,-1.0,14.1,-1.0,130.14,13.0,0.0,0.0,0.0,0.0,0.0,0.0,0.0
1.7213152197177848e+18,1721315219733333333,-1.0,29.91,-1.0,15.37,-1.0,134.83,14.0,0.0,0.0,0.0,0.0,0.0,0.0,0.0
1.7213152197177848e+18,1721315219766666666,-1.0,29.91,-1.0,15.37,-1.0,134.83,14.0,0.0,0.0,0.0,0.0,0.0,0.0,0.0
1.7213152197675238e+18,1721315219800000000,-1.0,29.91,-1.0,15.56,-1.0,145.26,14.0,0.0,0.0,0.0,0.0,0.0,0.0,0.0
1.7213152198160868e+18,1721315219833333333,-1.0,29.91,-1.0,15.56,-1.0,139.14,14.0,0.0,0.0,0.0,0.0,0.0,0.0,0.0
1.7213152198650732e+18,1721315219866666666,-1.0,29.91,-1.0,13.56,-1.0,137.51,14.0,0.0,0.0,0.0,0.0,0.0,0.0,0.0
1.7213152198650732e+18,1721315219900000000,-1.0,29.91,-1.0,13.56,-1.0,137.51,14.0,0.0,0.0,0.0,0.0,0.0,0.0,0.0
1.721315219914623e+18,1721315219933333333,-1.0,29.7,-1.0,13.56,-1.0,132.21,13.0,0.0,0.0,0.0,0.0,0.0,0.0,0.0
1.721315219914623e+18,1721315219966666666,-1.0,29.7,-1.0,13.56,-1.0,132.21,13.0,0.0,0.0,0.0,0.0,0.0,0.0,0.0
1.7213152199676214e+18,1721315220000000000,-1.0,29.91,-1.0,13.56,-1.0,124.61,14.0,0.0,0.0,0.0,0.0,0.0,0.0,0.0
1.7213152200171372e+18,1721315220033333333,-1.0,29.7,-1.0,14.1,-1.0,123.63,13.0,0.0,0.0,0.0,0.0,0.0,0.0,0.0
1.72131522006615e+18,1721315220066666666,-1.0,29.7,-1.0,13.38,-1.0,118.34,14.0,0.0,0.0,0.0,0.0,0.0,0.0,0.0
1.72131522006615e+18,1721315220100000000,-1.0,29.7,-1.0,13.38,-1.0,118.34,14.0,0.0,0.0,0.0,0.0,0.0,0.0,0.0
1.7213152201152888e+18,1721315220133333333,-1.0,29.91,-1.0,16.11,-1.0,108.35,14.0,0.0,0.0,0.0,0.0,0.0,0.0,0.0
1.721315220164839e+18,1721315220166666666,-1.0,29.91,-1.0,16.29,-1.0,103.2,13.0,0.0,0.0,0.0,0.0,0.0,0.0,0.0
1.721315220164839e+18,1721315220200000000,-1.0,29.91,-1.0,16.29,-1.0,103.2,13.0,0.0,0.0,0.0,0.0,0.0,0.0,0.0
1.721315220217378e+18,1721315220233333333,-1.0,29.91,-1.0,15.74,-1.0,110.11,14.0,0.0,0.0,0.0,0.0,0.0,0.0,0.0
1.7213152202663788e+18,1721315220266666666,-1.0,29.7,-1.0,16.11,-1.0,116.47,13.0,0.0,0.0,0.0,0.0,0.0,0.0,0.0
1.7213152202663788e+18,1721315220300000000,-1.0,29.7,-1.0,16.11,-1.0,116.47,13.0,0.0,0.0,0.0,0.0,0.0,0.0,0.0
1.7213152203159173e+18,1721315220333333333,-1.0,29.91,-1.0,15.74,-1.0,126.6,14.0,0.0,0.0,0.0,0.0,0.0,0.0,0.0
1.721315220364917e+18,1721315220366666666,-1.0,29.7,-1.0,15.01,-1.0,123.14,14.0,0.0,0.0,0.0,0.0,0.0,0.0,0.0
1.721315220364917e+18,1721315220400000000,-1.0,29.7,-1.0,15.01,-1.0,123.14,14.0,0.0,0.0,0.0,0.0,0.0,0.0,0.0
1.721315220414048e+18,1721315220433333333,-1.0,29.91,-1.0,15.56,-1.0,127.1,13.0,0.0,0.0,0.0,0.0,0.0,0.0,0.0
1.721315220463037e+18,1721315220466666666,-1.0,29.91,-1.0,14.64,-1.0,129.12,14.0,0.0,0.0,0.0,0.0,0.0,0.0,0.0
1.721315220463037e+18,1721315220500000000,-1.0,29.91,-1.0,14.64,-1.0,129.12,14.0,0.0,0.0,0.0,0.0,0.0,0.0,0.0
1.7213152205165844e+18,1721315220533333333,-1.0,29.91,-1.0,14.82,-1.0,129.12,14.0,0.0,0.0,0.0,0.0,0.0,0.0,0.0
1.721315220565577e+18,1721315220566666666,-1.0,29.91,-1.0,15.92,-1.0,128.61,14.0,0.0,0.0,0.0,0.0,0.0,0.0,0.0
1.721315220565577e+18,1721315220600000000,-1.0,29.91,-1.0,15.92,-1.0,128.61,14.0,0.0,0.0,0.0,0.0,0.0,0.0,0.0
1.7213152206151306e+18,1721315220633333333,-1.0,29.91,-1.0,16.11,-1.0,129.12,14.0,0.0,0.0,0.0,0.0,0.0,0.0,0.0
1.721315220664136e+18,1721315220666666666,-1.0,29.7,-1.0,15.74,-1.0,132.21,13.0,0.0,0.0,0.0,0.0,0.0,0.0,0.0
1.721315220664136e+18,1721315220700000000,-1.0,29.7,-1.0,15.74,-1.0,132.21,13.0,0.0,0.0,0.0,0.0,0.0,0.0,0.0
1.7213152207136556e+18,1721315220733333333,-1.0,29.91,-1.0,16.48,-1.0,131.17,14.0,0.0,0.0,0.0,0.0,0.0,0.0,0.0
1.7213152207662825e+18,1721315220766666666,-1.0,29.7,-1.0,16.29,-1.0,133.78,13.0,0.0,0.0,0.0,0.0,0.0,0.0,0.0
1.7213152207662825e+18,1721315220800000000,-1.0,29.7,-1.0,16.29,-1.0,133.78,13.0,0.0,0.0,0.0,0.0,0.0,0.0,0.0
1.7213152208158124e+18,1721315220833333333,-1.0,29.91,-1.0,15.74,-1.0,129.63,13.0,0.0,0.0,0.0,0.0,0.0,0.0,0.0
1.721315220864818e+18,1721315220866666666,-1.0,29.91,-1.0,14.64,-1.0,129.63,14.0,0.0,0.0,0.0,0.0,0.0,0.0,0.0
1.721315220864818e+18,1721315220900000000,-1.0,29.91,-1.0,14.64,-1.0,129.63,14.0,0.0,0.0,0.0,0.0,0.0,0.0,0.0
1.7213152209143652e+18,1721315220933333333,-1.0,29.91,-1.0,13.02,-1.0,130.66,13.0,0.0,0.0,0.0,0.0,0.0,0.0,0.0
1.721315220963366e+18,1721315220966666666,-1.0,29.91,-1.0,14.28,-1.0,127.6,14.0,0.0,0.0,0.0,0.0,0.0,0.0,0.0
1.721315220963366e+18,1721315221000000000,-1.0,29.91,-1.0,14.28,-1.0,127.6,14.0,0.0,0.0,0.0,0.0,0.0,0.0,0.0
1.7213152210159355e+18,1721315221033333333,-1.0,30.13,-1.0,14.46,-1.0,127.1,14.0,0.0,0.0,0.0,0.0,0.0,0.0,0.0
1.7213152210659315e+18,1721315221066666666,-1.0,29.91,-1.0,14.82,-1.0,122.16,14.0,0.0,0.0,0.0,0.0,0.0,0.0,0.0
1.7213152210659315e+18,1721315221100000000,-1.0,29.91,-1.0,14.82,-1.0,122.16,14.0,0.0,0.0,0.0,0.0,0.0,0.0,0.0
1.7213152211144773e+18,1721315221133333333,-1.0,29.91,-1.0,13.92,-1.0,115.08,13.0,0.0,0.0,0.0,0.0,0.0,0.0,0.0
1.7213152211634982e+18,1721315221166666666,-1.0,29.91,-1.0,13.38,-1.0,118.81,13.0,0.0,0.0,0.0,0.0,0.0,0.0,0.0
1.7213152211634982e+18,1721315221200000000,-1.0,29.91,-1.0,13.38,-1.0,118.81,13.0,0.0,0.0,0.0,0.0,0.0,0.0,0.0
1.7213152212130463e+18,1721315221233333333,-1.0,29.91,-1.0,14.46,-1.0,123.14,14.0,0.0,0.0,0.0,0.0,0.0,0.0,0.0
1.7213152212660357e+18,1721315221266666666,-1.0,29.7,-1.0,14.46,-1.0,124.61,14.0,0.0,0.0,0.0,0.0,0.0,0.0,0.0
1.7213152212660357e+18,1721315221300000000,-1.0,29.7,-1.0,14.46,-1.0,124.61,14.0,0.0,0.0,0.0,0.0,0.0,0.0,0.0
1.721315221315135e+18,1721315221333333333,-1.0,29.91,-1.0,14.28,-1.0,114.62,13.0,0.0,0.0,0.0,0.0,0.0,0.0,0.0
1.7213152213641372e+18,1721315221366666666,-1.0,29.91,-1.0,14.28,-1.0,120.24,13.0,0.0,0.0,0.0,0.0,0.0,0.0,0.0
1.7213152213641372e+18,1721315221400000000,-1.0,29.91,-1.0,14.28,-1.0,120.24,13.0,0.0,0.0,0.0,0.0,0.0,0.0,0.0
1.721315221413652e+18,1721315221433333333,-1.0,29.91,-1.0,14.64,-1.0,120.72,14.0,0.0,0.0,0.0,0.0,0.0,0.0,0.0
1.7213152214626583e+18,1721315221466666666,-1.0,29.91,-1.0,14.46,-1.0,115.08,13.0,0.0,0.0,0.0,0.0,0.0,0.0,0.0
1.7213152214626583e+18,1721315221500000000,-1.0,29.91,-1.0,14.46,-1.0,115.08,13.0,0.0,0.0,0.0,0.0,0.0,0.0,0.0
1.7213152215115105e+18,1721315221533333333,-1.0,29.91,-1.0,15.37,-1.0,107.04,14.0,0.0,0.0,0.0,0.0,0.0,0.0,0.0
1.7213152215655276e+18,1721315221566666666,-1.0,29.91,-1.0,15.56,-1.0,107.47,14.0,0.0,0.0,0.0,0.0,0.0,0.0,0.0
1.7213152215655276e+18,1721315221600000000,-1.0,29.91,-1.0,15.56,-1.0,107.47,14.0,0.0,0.0,0.0,0.0,0.0,0.0,0.0
1.721315221614073e+18,1721315221633333333,-1.0,29.91,-1.0,15.37,-1.0,105.75,13.0,0.0,0.0,0.0,0.0,0.0,0.0,0.0
1.7213152216630733e+18,1721315221666666666,-1.0,29.91,-1.0,15.74,-1.0,108.79,14.0,0.0,0.0,0.0,0.0,0.0,0.0,0.0
1.7213152216630733e+18,1721315221700000000,-1.0,29.91,-1.0,15.74,-1.0,108.79,14.0,0.0,0.0,0.0,0.0,0.0,0.0,0.0
1.7213152217126129e+18,1721315221733333333,-1.0,29.91,-1.0,15.37,-1.0,109.23,14.0,0.0,0.0,0.0,0.0,0.0,0.0,0.0
1.7213152217616225e+18,1721315221766666666,-1.0,29.91,-1.0,16.48,-1.0,109.23,13.0,0.0,0.0,0.0,0.0,0.0,0.0,0.0
1.7213152217616225e+18,1721315221800000000,-1.0,29.91,-1.0,16.48,-1.0,109.23,13.0,0.0,0.0,0.0,0.0,0.0,0.0,0.0
1.7213152218151478e+18,1721315221833333333,-1.0,29.7,-1.0,15.01,-1.0,107.04,13.0,0.0,0.0,0.0,0.0,0.0,0.0,0.0
1.7213152218641526e+18,1721315221866666666,-1.0,29.91,-1.0,12.84,-1.0,92.7,13.0,0.0,0.0,0.0,0.0,0.0,0.0,0.0
1.7213152218641526e+18,1721315221900000000,-1.0,29.91,-1.0,12.84,-1.0,92.7,13.0,0.0,0.0,0.0,0.0,0.0,0.0,0.0
1.721315221909697e+18,1721315221933333333,-1.0,29.91,-1.0,12.13,-1.0,84.1,13.0,0.0,0.0,0.0,0.0,0.0,0.0,0.0
1.7213152219587034e+18,1721315221966666666,-1.0,29.91,-1.0,12.84,-1.0,80.2,14.0,0.0,0.0,0.0,0.0,0.0,0.0,0.0
1.7213152219587034e+18,1721315222000000000,-1.0,29.91,-1.0,12.84,-1.0,80.2,14.0,0.0,0.0,0.0,0.0,0.0,0.0,0.0
1.7213152220072387e+18,1721315222033333333,-1.0,29.91,-1.0,13.02,-1.0,83.74,14.0,0.0,0.0,0.0,0.0,0.0,0.0,0.0
1.7213152220562312e+18,1721315222066666666,-1.0,29.91,-1.0,12.31,-1.0,83.74,14.0,0.0,0.0,0.0,0.0,0.0,0.0,0.0
1.7213152220562312e+18,1721315222100000000,-1.0,29.91,-1.0,12.31,-1.0,83.74,14.0,0.0,0.0,0.0,0.0,0.0,0.0,0.0
1.7213152221058e+18,1721315222133333333,-1.0,29.91,-1.0,13.74,-1.0,86.29,14.0,0.0,0.0,0.0,0.0,0.0,0.0,0.0
1.7213152221547927e+18,1721315222166666666,-1.0,29.91,-1.0,14.46,-1.0,90.02,14.0,0.0,0.0,0.0,0.0,0.0,0.0,0.0
1.7213152221547927e+18,1721315222200000000,-1.0,29.91,-1.0,14.46,-1.0,90.02,14.0,0.0,0.0,0.0,0.0,0.0,0.0,0.0
1.721315222204335e+18,1721315222233333333,-1.0,29.91,-1.0,12.84,-1.0,91.16,14.0,0.0,0.0,0.0,0.0,0.0,0.0,0.0
1.7213152222533353e+18,1721315222266666666,-1.0,29.91,-1.0,14.82,-1.0,92.7,14.0,0.0,0.0,0.0,0.0,0.0,0.0,0.0
1.7213152222533353e+18,1721315222300000000,-1.0,29.91,-1.0,14.82,-1.0,92.7,14.0,0.0,0.0,0.0,0.0,0.0,0.0,0.0
1.721315222301899e+18,1721315222333333333,-1.0,29.91,-1.0,14.64,-1.0,93.87,14.0,0.0,0.0,0.0,0.0,0.0,0.0,0.0
1.721315222351881e+18,1721315222366666666,-1.0,29.7,-1.0,14.64,-1.0,92.32,13.0,0.0,0.0,0.0,0.0,0.0,0.0,0.0
1.721315222351881e+18,1721315222400000000,-1.0,29.7,-1.0,14.64,-1.0,92.32,13.0,0.0,0.0,0.0,0.0,0.0,0.0,0.0
1.7213152224005038e+18,1721315222433333333,-1.0,29.7,-1.0,14.46,-1.0,98.65,13.0,0.0,0.0,0.0,0.0,0.0,0.0,0.0
1.7213152224499932e+18,1721315222466666666,-1.0,29.91,-1.0,13.02,-1.0,104.04,14.0,0.0,0.0,0.0,0.0,0.0,0.0,0.0
1.721315222499531e+18,1721315222500000000,-1.0,29.7,-1.0,12.13,-1.0,105.32,14.0,0.0,0.0,0.0,0.0,0.0,0.0,0.0
1.721315222499531e+18,1721315222533333333,-1.0,29.7,-1.0,12.13,-1.0,105.32,14.0,0.0,0.0,0.0,0.0,0.0,0.0,0.0
1.7213152225485394e+18,1721315222566666666,-1.0,29.91,-1.0,12.48,-1.0,101.94,14.0,0.0,0.0,0.0,0.0,0.0,0.0,0.0
1.7213152225485394e+18,1721315222600000000,-1.0,29.91,-1.0,12.48,-1.0,101.94,14.0,0.0,0.0,0.0,0.0,0.0,0.0,0.0
1.7213152226016033e+18,1721315222633333333,-1.0,29.7,-1.0,12.48,-1.0,101.11,14.0,0.0,0.0,0.0,0.0,0.0,0.0,0.0
1.721315222650585e+18,1721315222666666666,-1.0,29.91,-1.0,12.31,-1.0,103.2,14.0,0.0,0.0,0.0,0.0,0.0,0.0,0.0
1.721315222650585e+18,1721315222700000000,-1.0,29.91,-1.0,12.31,-1.0,103.2,14.0,0.0,0.0,0.0,0.0,0.0,0.0,0.0
1.7213152227001285e+18,1721315222733333333,-1.0,29.91,-1.0,12.13,-1.0,99.06,13.0,0.0,0.0,0.0,0.0,0.0,0.0,0.0
1.7213152227488292e+18,1721315222766666666,-1.0,29.91,-1.0,11.6,-1.0,93.09,13.0,0.0,0.0,0.0,0.0,0.0,0.0,0.0
1.7213152227982438e+18,1721315222800000000,-1.0,29.91,-1.0,12.13,-1.0,90.02,13.0,0.0,0.0,0.0,0.0,0.0,0.0,0.0
1.7213152227982438e+18,1721315222833333333,-1.0,29.91,-1.0,12.13,-1.0,90.02,13.0,0.0,0.0,0.0,0.0,0.0,0.0,0.0
1.7213152228472417e+18,1721315222866666666,-1.0,29.91,-1.0,11.43,-1.0,93.87,13.0,0.0,0.0,0.0,0.0,0.0,0.0,0.0
1.7213152228917696e+18,1721315222900000000,-1.0,30.13,-1.0,11.08,-1.0,91.93,14.0,0.0,0.0,0.0,0.0,0.0,0.0,0.0
1.7213152228917696e+18,1721315222933333333,-1.0,30.13,-1.0,11.08,-1.0,91.93,14.0,0.0,0.0,0.0,0.0,0.0,0.0,0.0
1.721315222941773e+18,1721315222966666666,-1.0,29.91,-1.0,11.6,-1.0,95.44,14.0,0.0,0.0,0.0,0.0,0.0,0.0,0.0
1.7213152229903396e+18,1721315223000000000,-1.0,29.91,-1.0,10.73,-1.0,96.24,14.0,0.0,0.0,0.0,0.0,0.0,0.0,0.0
1.7213152229903396e+18,1721315223033333333,-1.0,29.91,-1.0,10.73,-1.0,96.24,14.0,0.0,0.0,0.0,0.0,0.0,0.0,0.0
1.7213152230393354e+18,1721315223066666666,-1.0,29.91,-1.0,11.08,-1.0,96.64,13.0,0.0,0.0,0.0,0.0,0.0,0.0,0.0
1.7213152230888745e+18,1721315223100000000,-1.0,29.91,-1.0,11.78,-1.0,96.24,14.0,0.0,0.0,0.0,0.0,0.0,0.0,0.0
1.7213152230888745e+18,1721315223133333333,-1.0,29.91,-1.0,11.78,-1.0,96.24,14.0,0.0,0.0,0.0,0.0,0.0,0.0,0.0
1.7213152231378742e+18,1721315223166666666,-1.0,29.91,-1.0,11.95,-1.0,95.84,13.0,0.0,0.0,0.0,0.0,0.0,0.0,0.0
1.721315223187425e+18,1721315223200000000,-1.0,29.91,-1.0,12.31,-1.0,91.93,14.0,0.0,0.0,0.0,0.0,0.0,0.0,0.0
1.721315223187425e+18,1721315223233333333,-1.0,29.91,-1.0,12.31,-1.0,91.93,14.0,0.0,0.0,0.0,0.0,0.0,0.0,0.0
1.72131522323642e+18,1721315223266666666,-1.0,29.7,-1.0,11.78,-1.0,88.89,14.0,0.0,0.0,0.0,0.0,0.0,0.0,0.0
1.72131522328445e+18,1721315223300000000,-1.0,29.91,-1.0,11.43,-1.0,86.29,14.0,0.0,0.0,0.0,0.0,0.0,0.0,0.0
1.72131522328445e+18,1721315223333333333,-1.0,29.91,-1.0,11.43,-1.0,86.29,14.0,0.0,0.0,0.0,0.0,0.0,0.0,0.0
1.7213152233349775e+18,1721315223366666666,-1.0,29.7,-1.0,12.13,-1.0,87.4,13.0,0.0,0.0,0.0,0.0,0.0,0.0,0.0
1.721315223383981e+18,1721315223400000000,-1.0,29.91,-1.0,11.6,-1.0,87.03,14.0,0.0,0.0,0.0,0.0,0.0,0.0,0.0
1.721315223432493e+18,1721315223433333333,-1.0,29.91,-1.0,11.78,-1.0,89.64,13.0,0.0,0.0,0.0,0.0,0.0,0.0,0.0
1.721315223432493e+18,1721315223466666666,-1.0,29.91,-1.0,11.78,-1.0,89.64,13.0,0.0,0.0,0.0,0.0,0.0,0.0,0.0
1.7213152234825183e+18,1721315223500000000,-1.0,29.91,-1.0,11.25,-1.0,87.03,14.0,0.0,0.0,0.0,0.0,0.0,0.0,0.0
1.721315223531069e+18,1721315223533333333,-1.0,29.91,-1.0,11.43,-1.0,88.14,14.0,0.0,0.0,0.0,0.0,0.0,0.0,0.0
1.721315223531069e+18,1721315223566666666,-1.0,29.91,-1.0,11.43,-1.0,88.14,14.0,0.0,0.0,0.0,0.0,0.0,0.0,0.0
1.7213152235800745e+18,1721315223600000000,-1.0,29.91,-1.0,10.55,-1.0,78.12,14.0,0.0,0.0,0.0,0.0,0.0,0.0,0.0
1.721315223625233e+18,1721315223633333333,-1.0,29.7,-1.0,10.38,-1.0,74.74,14.0,0.0,0.0,0.0,0.0,0.0,0.0,0.0
1.721315223625233e+18,1721315223666666666,-1.0,29.7,-1.0,10.38,-1.0,74.74,14.0,0.0,0.0,0.0,0.0,0.0,0.0,0.0
1.7213152236742472e+18,1721315223700000000,-1.0,29.91,-1.0,9.69,-1.0,75.74,14.0,0.0,0.0,0.0,0.0,0.0,0.0,0.0
1.7213152237237632e+18,1721315223733333333,-1.0,29.91,-1.0,10.21,-1.0,79.5,14.0,0.0,0.0,0.0,0.0,0.0,0.0,0.0
1.7213152237237632e+18,1721315223766666666,-1.0,29.91,-1.0,10.21,-1.0,79.5,14.0,0.0,0.0,0.0,0.0,0.0,0.0,0.0
1.7213152237727839e+18,1721315223800000000,-1.0,29.91,-1.0,11.08,-1.0,82.31,14.0,0.0,0.0,0.0,0.0,0.0,0.0,0.0
1.7213152238223043e+18,1721315223833333333,-1.0,29.7,-1.0,11.08,-1.0,83.38,14.0,0.0,0.0,0.0,0.0,0.0,0.0,0.0
1.7213152238223043e+18,1721315223866666666,-1.0,29.7,-1.0,11.08,-1.0,83.38,14.0,0.0,0.0,0.0,0.0,0.0,0.0,0.0
1.721315223870588e+18,1721315223900000000,-1.0,29.91,-1.0,9.69,-1.0,84.1,13.0,0.0,0.0,0.0,0.0,0.0,0.0,0.0
1.7213152239201316e+18,1721315223933333333,-1.0,29.91,-1.0,10.73,-1.0,85.56,14.0,0.0,0.0,0.0,0.0,0.0,0.0,0.0
1.7213152239201316e+18,1721315223966666666,-1.0,29.91,-1.0,10.73,-1.0,85.56,14.0,0.0,0.0,0.0,0.0,0.0,0.0,0.0
1.721315223969136e+18,1721315224000000000,-1.0,29.91,-1.0,10.55,-1.0,82.67,13.0,0.0,0.0,0.0,0.0,0.0,0.0,0.0
1.7213152240146716e+18,1721315224033333333,-1.0,29.7,-1.0,9.86,-1.0,82.67,14.0,0.0,0.0,0.0,0.0,0.0,0.0,0.0
1.721315224063663e+18,1721315224066666666,-1.0,29.91,-1.0,11.25,-1.0,85.56,14.0,0.0,0.0,0.0,0.0,0.0,0.0,0.0
1.721315224063663e+18,1721315224100000000,-1.0,29.91,-1.0,11.25,-1.0,85.56,14.0,0.0,0.0,0.0,0.0,0.0,0.0,0.0
1.7213152241132157e+18,1721315224133333333,-1.0,29.91,-1.0,11.78,-1.0,87.4,14.0,0.0,0.0,0.0,0.0,0.0,0.0,0.0
1.7213152241623913e+18,1721315224166666666,-1.0,29.91,-1.0,10.9,-1.0,91.16,13.0,0.0,0.0,0.0,0.0,0.0,0.0,0.0
1.7213152241623913e+18,1721315224200000000,-1.0,29.91,-1.0,10.9,-1.0,91.16,13.0,0.0,0.0,0.0,0.0,0.0,0.0,0.0
1.7213152242109084e+18,1721315224233333333,-1.0,29.91,-1.0,10.55,-1.0,90.02,14.0,0.0,0.0,0.0,0.0,0.0,0.0,0.0
1.7213152242599096e+18,1721315224266666666,-1.0,29.91,-1.0,11.25,-1.0,89.64,14.0,0.0,0.0,0.0,0.0,0.0,0.0,0.0
1.7213152242599096e+18,1721315224300000000,-1.0,29.91,-1.0,11.25,-1.0,89.64,14.0,0.0,0.0,0.0,0.0,0.0,0.0,0.0
1.7213152243096673e+18,1721315224333333333,-1.0,29.7,-1.0,10.55,-1.0,93.09,14.0,0.0,0.0,0.0,0.0,0.0,0.0,0.0
1.7213152243586724e+18,1721315224366666666,-1.0,29.7,-1.0,10.55,-1.0,90.02,14.0,0.0,0.0,0.0,0.0,0.0,0.0,0.0
1.7213152243586724e+18,1721315224400000000,-1.0,29.7,-1.0,10.55,-1.0,90.02,14.0,0.0,0.0,0.0,0.0,0.0,0.0,0.0
1.7213152244071995e+18,1721315224433333333,-1.0,29.7,-1.0,11.25,-1.0,96.24,14.0,0.0,0.0,0.0,0.0,0.0,0.0,0.0
1.7213152244561884e+18,1721315224466666666,-1.0,29.7,-1.0,10.73,-1.0,96.64,14.0,0.0,0.0,0.0,0.0,0.0,0.0,0.0
1.7213152244561884e+18,1721315224500000000,-1.0,29.7,-1.0,10.73,-1.0,96.64,14.0,0.0,0.0,0.0,0.0,0.0,0.0,0.0
1.721315224506393e+18,1721315224533333333,-1.0,29.91,-1.0,11.08,-1.0,96.64,14.0,0.0,0.0,0.0,0.0,0.0,0.0,0.0
1.721315224554862e+18,1721315224566666666,-1.0,29.91,-1.0,12.13,-1.0,95.05,14.0,0.0,0.0,0.0,0.0,0.0,0.0,0.0
1.721315224554862e+18,1721315224600000000,-1.0,29.91,-1.0,12.13,-1.0,95.05,14.0,0.0,0.0,0.0,0.0,0.0,0.0,0.0
1.7213152246003837e+18,1721315224633333333,-1.0,29.91,-1.0,11.78,-1.0,95.44,14.0,0.0,0.0,0.0,0.0,0.0,0.0,0.0
1.7213152246493855e+18,1721315224666666666,-1.0,29.91,-1.0,19.32,-1.0,99.06,14.0,0.0,0.0,0.0,0.0,0.0,0.0,0.0
1.7213152246493855e+18,1721315224700000000,-1.0,29.91,-1.0,19.32,-1.0,99.06,14.0,0.0,0.0,0.0,0.0,0.0,0.0,0.0
1.721315224702476e+18,1721315224733333333,-1.0,29.91,-1.0,27.36,-1.0,100.7,14.0,0.0,0.0,0.0,0.0,0.0,0.0,0.0
1.721315224751475e+18,1721315224766666666,-1.0,29.91,-1.0,24.66,-1.0,104.89,14.0,0.0,0.0,0.0,0.0,0.0,0.0,0.0
1.721315224751475e+18,1721315224800000000,-1.0,29.91,-1.0,24.66,-1.0,104.89,14.0,0.0,0.0,0.0,0.0,0.0,0.0,0.0
1.721315224800996e+18,1721315224833333333,-1.0,29.7,-1.0,26.1,-1.0,106.18,14.0,0.0,0.0,0.0,0.0,0.0,0.0,0.0
1.7213152248500014e+18,1721315224866666666,-1.0,29.91,-1.0,27.99,-1.0,104.89,13.0,0.0,0.0,0.0,0.0,0.0,0.0,0.0
1.7213152248995425e+18,1721315224900000000,-1.0,29.91,-1.0,26.31,-1.0,105.75,14.0,0.0,0.0,0.0,0.0,0.0,0.0,0.0
1.7213152248995425e+18,1721315224933333333,-1.0,29.91,-1.0,26.31,-1.0,105.75,14.0,0.0,0.0,0.0,0.0,0.0,0.0,0.0
1.7213152249526067e+18,1721315224966666666,-1.0,29.91,-1.0,25.28,-1.0,105.75,14.0,0.0,0.0,0.0,0.0,0.0,0.0,0.0
1.7213152249526067e+18,1721315225000000000,-1.0,29.91,-1.0,25.28,-1.0,105.75,14.0,0.0,0.0,0.0,0.0,0.0,0.0,0.0
1.7213152250020275e+18,1721315225033333333,-1.0,29.7,-1.0,26.1,-1.0,103.62,13.0,0.0,0.0,0.0,0.0,0.0,0.0,0.0
1.721315225051026e+18,1721315225066666666,-1.0,29.91,-1.0,28.63,-1.0,104.47,13.0,0.0,0.0,0.0,0.0,0.0,0.0,0.0
1.7213152250995548e+18,1721315225100000000,-1.0,29.91,-1.0,32.1,-1.0,104.89,14.0,0.0,0.0,0.0,0.0,0.0,0.0,0.0
1.7213152250995548e+18,1721315225133333333,-1.0,29.91,-1.0,32.1,-1.0,104.89,14.0,0.0,0.0,0.0,0.0,0.0,0.0,0.0
1.721315225149547e+18,1721315225166666666,-1.0,29.91,-1.0,32.99,-1.0,104.89,14.0,0.0,0.0,0.0,0.0,0.0,0.0,0.0
1.721315225198062e+18,1721315225200000000,-1.0,29.7,-1.0,29.7,-1.0,105.75,14.0,0.0,0.0,0.0,0.0,0.0,0.0,0.0
1.721315225198062e+18,1721315225233333333,-1.0,29.7,-1.0,29.7,-1.0,105.75,14.0,0.0,0.0,0.0,0.0,0.0,0.0,0.0
1.7213152252512182e+18,1721315225266666666,-1.0,29.7,-1.0,21.46,-1.0,106.18,14.0,0.0,0.0,0.0,0.0,0.0,0.0,0.0
1.7213152252512182e+18,1721315225300000000,-1.0,29.7,-1.0,21.46,-1.0,106.18,14.0,0.0,0.0,0.0,0.0,0.0,0.0,0.0
1.7213152253008868e+18,1721315225333333333,-1.0,29.91,-1.0,9.86,-1.0,104.47,14.0,0.0,0.0,0.0,0.0,0.0,0.0,0.0
1.7213152253501358e+18,1721315225366666666,-1.0,29.91,-1.0,11.78,-1.0,101.94,14.0,0.0,0.0,0.0,0.0,0.0,0.0,0.0
1.721315225398704e+18,1721315225400000000,-1.0,29.91,-1.0,11.95,-1.0,101.94,14.0,0.0,0.0,0.0,0.0,0.0,0.0,0.0
1.721315225398704e+18,1721315225433333333,-1.0,29.91,-1.0,11.95,-1.0,101.94,14.0,0.0,0.0,0.0,0.0,0.0,0.0,0.0
1.7213152254477046e+18,1721315225466666666,-1.0,29.91,-1.0,11.6,-1.0,92.7,14.0,0.0,0.0,0.0,0.0,0.0,0.0,0.0
1.7213152254973824e+18,1721315225500000000,-1.0,29.91,-1.0,10.73,-1.0,90.02,14.0,0.0,0.0,0.0,0.0,0.0,0.0,0.0
1.7213152254973824e+18,1721315225533333333,-1.0,29.91,-1.0,10.73,-1.0,90.02,14.0,0.0,0.0,0.0,0.0,0.0,0.0,0.0
1.7213152255460833e+18,1721315225566666666,-1.0,29.91,-1.0,10.73,-1.0,94.65,14.0,0.0,0.0,0.0,0.0,0.0,0.0,0.0
1.7213152255949722e+18,1721315225600000000,-1.0,29.91,-1.0,10.55,-1.0,99.47,14.0,0.0,0.0,0.0,0.0,0.0,0.0,0.0
1.7213152255949722e+18,1721315225633333333,-1.0,29.91,-1.0,10.55,-1.0,99.47,14.0,0.0,0.0,0.0,0.0,0.0,0.0,0.0
1.7213152256442058e+18,1721315225666666666,-1.0,29.7,-1.0,10.9,-1.0,99.47,14.0,0.0,0.0,0.0,0.0,0.0,0.0,0.0
1.721315225693398e+18,1721315225700000000,-1.0,29.91,-1.0,10.55,-1.0,97.04,14.0,0.0,0.0,0.0,0.0,0.0,0.0,0.0
1.721315225693398e+18,1721315225733333333,-1.0,29.91,-1.0,10.55,-1.0,97.04,14.0,0.0,0.0,0.0,0.0,0.0,0.0,0.0
1.7213152257425068e+18,1721315225766666666,-1.0,29.91,-1.0,10.73,-1.0,97.04,14.0,0.0,0.0,0.0,0.0,0.0,0.0,0.0
1.7213152257875118e+18,1721315225800000000,-1.0,29.91,-1.0,10.73,-1.0,99.88,14.0,0.0,0.0,0.0,0.0,0.0,0.0,0.0
1.7213152257875118e+18,1721315225833333333,-1.0,29.91,-1.0,10.73,-1.0,99.88,14.0,0.0,0.0,0.0,0.0,0.0,0.0,0.0
1.721315225841024e+18,1721315225866666666,-1.0,29.7,-1.0,10.21,-1.0,102.36,14.0,0.0,0.0,0.0,0.0,0.0,0.0,0.0
1.721315225890432e+18,1721315225900000000,-1.0,29.7,-1.0,10.38,-1.0,102.36,14.0,0.0,0.0,0.0,0.0,0.0,0.0,0.0
1.721315225890432e+18,1721315225933333333,-1.0,29.7,-1.0,10.38,-1.0,102.36,14.0,0.0,0.0,0.0,0.0,0.0,0.0,0.0
1.721315225939423e+18,1721315225966666666,-1.0,29.7,-1.0,10.21,-1.0,102.36,14.0,0.0,0.0,0.0,0.0,0.0,0.0,0.0
1.721315225988931e+18,1721315226000000000,-1.0,29.91,-1.0,9.86,-1.0,101.11,14.0,0.0,0.0,0.0,0.0,0.0,0.0,0.0
1.721315225988931e+18,1721315226033333333,-1.0,29.91,-1.0,9.86,-1.0,101.11,14.0,0.0,0.0,0.0,0.0,0.0,0.0,0.0
1.7213152260379377e+18,1721315226066666666,-1.0,29.7,-1.0,10.04,-1.0,100.7,13.0,0.0,0.0,0.0,0.0,0.0,0.0,0.0
1.72131522608696e+18,1721315226100000000,-1.0,29.91,-1.0,10.38,-1.0,97.44,14.0,0.0,0.0,0.0,0.0,0.0,0.0,0.0
1.72131522608696e+18,1721315226133333333,-1.0,29.91,-1.0,10.38,-1.0,97.44,14.0,0.0,0.0,0.0,0.0,0.0,0.0,0.0
1.7213152261361628e+18,1721315226166666666,-1.0,29.91,-1.0,10.55,-1.0,89.64,14.0,0.0,0.0,0.0,0.0,0.0,0.0,0.0
1.7213152261851924e+18,1721315226200000000,-1.0,29.91,-1.0,10.38,-1.0,89.26,14.0,0.0,0.0,0.0,0.0,0.0,0.0,0.0
1.7213152261851924e+18,1721315226233333333,-1.0,29.91,-1.0,10.38,-1.0,89.26,14.0,0.0,0.0,0.0,0.0,0.0,0.0,0.0
1.7213152262342172e+18,1721315226266666666,-1.0,29.91,-1.0,10.04,-1.0,85.19,13.0,0.0,0.0,0.0,0.0,0.0,0.0,0.0
1.7213152262832287e+18,1721315226300000000,-1.0,29.91,-1.0,9.18,-1.0,85.56,13.0,0.0,0.0,0.0,0.0,0.0,0.0,0.0
1.7213152263287378e+18,1721315226333333333,-1.0,29.91,-1.0,9.52,-1.0,85.56,14.0,0.0,0.0,0.0,0.0,0.0,0.0,0.0
1.7213152263287378e+18,1721315226366666666,-1.0,29.91,-1.0,9.52,-1.0,85.56,14.0,0.0,0.0,0.0,0.0,0.0,0.0,0.0
1.7213152263777482e+18,1721315226400000000,-1.0,29.91,-1.0,10.04,-1.0,95.84,14.0,0.0,0.0,0.0,0.0,0.0,0.0,0.0
1.7213152264272535e+18,1721315226433333333,-1.0,29.91,-1.0,10.21,-1.0,97.44,14.0,0.0,0.0,0.0,0.0,0.0,0.0,0.0
1.7213152264272535e+18,1721315226466666666,-1.0,29.91,-1.0,10.21,-1.0,97.44,14.0,0.0,0.0,0.0,0.0,0.0,0.0,0.0
1.7213152264762714e+18,1721315226500000000,-1.0,29.91,-1.0,10.55,-1.0,100.7,13.0,0.0,0.0,0.0,0.0,0.0,0.0,0.0
1.7213152265255447e+18,1721315226533333333,-1.0,29.91,-1.0,11.25,-1.0,84.83,14.0,0.0,0.0,0.0,0.0,0.0,0.0,0.0
1.7213152265255447e+18,1721315226566666666,-1.0,29.91,-1.0,11.25,-1.0,84.83,14.0,0.0,0.0,0.0,0.0,0.0,0.0,0.0
1.721315226574553e+18,1721315226600000000,-1.0,29.91,-1.0,11.6,-1.0,79.5,14.0,0.0,0.0,0.0,0.0,0.0,0.0,0.0
1.7213152266240689e+18,1721315226633333333,-1.0,29.91,-1.0,11.6,-1.0,91.16,13.0,0.0,0.0,0.0,0.0,0.0,0.0,0.0
1.7213152266240689e+18,1721315226666666666,-1.0,29.91,-1.0,11.6,-1.0,91.16,13.0,0.0,0.0,0.0,0.0,0.0,0.0,0.0
1.7213152266730598e+18,1721315226700000000,-1.0,29.7,-1.0,11.25,-1.0,98.25,13.0,0.0,0.0,0.0,0.0,0.0,0.0,0.0
1.7213152267215939e+18,1721315226733333333,-1.0,29.91,-1.0,11.25,-1.0,97.84,14.0,0.0,0.0,0.0,0.0,0.0,0.0,0.0
1.7213152267215939e+18,1721315226766666666,-1.0,29.91,-1.0,11.25,-1.0,97.84,14.0,0.0,0.0,0.0,0.0,0.0,0.0,0.0
1.7213152267706043e+18,1721315226800000000,-1.0,29.91,-1.0,10.38,-1.0,102.36,13.0,0.0,0.0,0.0,0.0,0.0,0.0,0.0
1.7213152268197686e+18,1721315226833333333,-1.0,29.7,-1.0,9.86,-1.0,100.7,14.0,0.0,0.0,0.0,0.0,0.0,0.0,0.0
1.7213152268197686e+18,1721315226866666666,-1.0,29.7,-1.0,9.86,-1.0,100.7,14.0,0.0,0.0,0.0,0.0,0.0,0.0,0.0
1.7213152268697718e+18,1721315226900000000,-1.0,29.91,-1.0,9.86,-1.0,101.94,14.0,0.0,0.0,0.0,0.0,0.0,0.0,0.0
1.721315226918294e+18,1721315226933333333,-1.0,29.91,-1.0,9.86,-1.0,102.78,14.0,0.0,0.0,0.0,0.0,0.0,0.0,0.0
1.721315226918294e+18,1721315226966666666,-1.0,29.91,-1.0,9.86,-1.0,102.78,14.0,0.0,0.0,0.0,0.0,0.0,0.0,0.0
1.721315226967285e+18,1721315227000000000,-1.0,29.91,-1.0,9.18,-1.0,106.18,14.0,0.0,0.0,0.0,0.0,0.0,0.0,0.0
1.7213152270168335e+18,1721315227033333333,-1.0,29.91,-1.0,10.38,-1.0,105.75,14.0,0.0,0.0,0.0,0.0,0.0,0.0,0.0
1.7213152270658235e+18,1721315227066666666,-1.0,29.91,-1.0,10.55,-1.0,107.47,14.0,0.0,0.0,0.0,0.0,0.0,0.0,0.0
1.7213152270658235e+18,1721315227100000000,-1.0,29.91,-1.0,10.55,-1.0,107.47,14.0,0.0,0.0,0.0,0.0,0.0,0.0,0.0
1.7213152271189814e+18,1721315227133333333,-1.0,29.91,-1.0,10.9,-1.0,109.67,14.0,0.0,0.0,0.0,0.0,0.0,0.0,0.0
1.7213152271189814e+18,1721315227166666666,-1.0,29.91,-1.0,10.9,-1.0,109.67,14.0,0.0,0.0,0.0,0.0,0.0,0.0,0.0
1.7213152271679816e+18,1721315227200000000,-1.0,30.13,-1.0,10.55,-1.0,104.89,14.0,0.0,0.0,0.0,0.0,0.0,0.0,0.0
1.7213152272172636e+18,1721315227233333333,-1.0,29.91,-1.0,10.9,-1.0,107.04,14.0,0.0,0.0,0.0,0.0,0.0,0.0,0.0
1.7213152272662659e+18,1721315227266666666,-1.0,29.7,-1.0,10.9,-1.0,108.79,14.0,0.0,0.0,0.0,0.0,0.0,0.0,0.0
1.7213152272662659e+18,1721315227300000000,-1.0,29.7,-1.0,10.9,-1.0,108.79,14.0,0.0,0.0,0.0,0.0,0.0,0.0,0.0
1.7213152273158067e+18,1721315227333333333,-1.0,29.7,-1.0,11.08,-1.0,111.0,14.0,0.0,0.0,0.0,0.0,0.0,0.0,0.0
1.7213152273648056e+18,1721315227366666666,-1.0,29.91,-1.0,11.43,-1.0,108.35,14.0,0.0,0.0,0.0,0.0,0.0,0.0,0.0
1.7213152273648056e+18,1721315227400000000,-1.0,29.91,-1.0,11.43,-1.0,108.35,14.0,0.0,0.0,0.0,0.0,0.0,0.0,0.0
1.7213152274183378e+18,1721315227433333333,-1.0,29.91,-1.0,11.43,-1.0,108.35,14.0,0.0,0.0,0.0,0.0,0.0,0.0,0.0
1.7213152274183378e+18,1721315227466666666,-1.0,29.91,-1.0,11.43,-1.0,108.35,14.0,0.0,0.0,0.0,0.0,0.0,0.0,0.0
1.721315227467385e+18,1721315227500000000,-1.0,29.7,-1.0,11.6,-1.0,105.75,13.0,0.0,0.0,0.0,0.0,0.0,0.0,0.0
1.7213152275169298e+18,1721315227533333333,-1.0,29.91,-1.0,11.43,-1.0,107.91,14.0,0.0,0.0,0.0,0.0,0.0,0.0,0.0
1.72131522756593e+18,1721315227566666666,-1.0,29.7,-1.0,11.43,-1.0,107.91,14.0,0.0,0.0,0.0,0.0,0.0,0.0,0.0
1.72131522756593e+18,1721315227600000000,-1.0,29.7,-1.0,11.43,-1.0,107.91,14.0,0.0,0.0,0.0,0.0,0.0,0.0,0.0
1.721315227614447e+18,1721315227633333333,-1.0,29.91,-1.0,11.78,-1.0,108.35,14.0,0.0,0.0,0.0,0.0,0.0,0.0,0.0
1.721315227614447e+18,1721315227666666666,-1.0,29.91,-1.0,11.78,-1.0,108.35,14.0,0.0,0.0,0.0,0.0,0.0,0.0,0.0
1.7213152276674493e+18,1721315227700000000,-1.0,29.91,-1.0,12.31,-1.0,104.47,14.0,0.0,0.0,0.0,0.0,0.0,0.0,0.0
1.7213152277168218e+18,1721315227733333333,-1.0,29.91,-1.0,11.78,-1.0,107.04,14.0,0.0,0.0,0.0,0.0,0.0,0.0,0.0
1.7213152277658186e+18,1721315227766666666,-1.0,29.91,-1.0,11.6,-1.0,107.47,14.0,0.0,0.0,0.0,0.0,0.0,0.0,0.0
1.7213152277658186e+18,1721315227800000000,-1.0,29.91,-1.0,11.6,-1.0,107.47,14.0,0.0,0.0,0.0,0.0,0.0,0.0,0.0
1.7213152278153362e+18,1721315227833333333,-1.0,29.91,-1.0,11.43,-1.0,105.75,14.0,0.0,0.0,0.0,0.0,0.0,0.0,0.0
1.7213152278643364e+18,1721315227866666666,-1.0,29.91,-1.0,10.9,-1.0,104.89,14.0,0.0,0.0,0.0,0.0,0.0,0.0,0.0
1.7213152278643364e+18,1721315227900000000,-1.0,29.91,-1.0,10.9,-1.0,104.89,14.0,0.0,0.0,0.0,0.0,0.0,0.0,0.0
1.7213152279178586e+18,1721315227933333333,-1.0,29.91,-1.0,10.73,-1.0,104.04,14.0,0.0,0.0,0.0,0.0,0.0,0.0,0.0
1.7213152279178586e+18,1721315227966666666,-1.0,29.91,-1.0,10.73,-1.0,104.04,14.0,0.0,0.0,0.0,0.0,0.0,0.0,0.0
1.7213152279668598e+18,1721315228000000000,-1.0,29.91,-1.0,10.73,-1.0,104.04,14.0,0.0,0.0,0.0,0.0,0.0,0.0,0.0
1.7213152280163776e+18,1721315228033333333,-1.0,29.91,-1.0,11.25,-1.0,107.47,14.0,0.0,0.0,0.0,0.0,0.0,0.0,0.0
1.7213152280653855e+18,1721315228066666666,-1.0,29.91,-1.0,10.55,-1.0,107.04,14.0,0.0,0.0,0.0,0.0,0.0,0.0,0.0
1.7213152280653855e+18,1721315228100000000,-1.0,29.91,-1.0,10.55,-1.0,107.04,14.0,0.0,0.0,0.0,0.0,0.0,0.0,0.0
1.7213152281147295e+18,1721315228133333333,-1.0,29.91,-1.0,11.78,-1.0,107.47,14.0,0.0,0.0,0.0,0.0,0.0,0.0,0.0
1.7213152281147295e+18,1721315228166666666,-1.0,29.91,-1.0,11.78,-1.0,107.47,14.0,0.0,0.0,0.0,0.0,0.0,0.0,0.0
1.7213152281677286e+18,1721315228200000000,-1.0,29.91,-1.0,12.48,-1.0,106.61,14.0,0.0,0.0,0.0,0.0,0.0,0.0,0.0
1.7213152282170547e+18,1721315228233333333,-1.0,29.91,-1.0,13.2,-1.0,101.94,14.0,0.0,0.0,0.0,0.0,0.0,0.0,0.0
1.7213152282659005e+18,1721315228266666666,-1.0,29.7,-1.0,13.56,-1.0,98.25,14.0,0.0,0.0,0.0,0.0,0.0,0.0,0.0
1.7213152282659005e+18,1721315228300000000,-1.0,29.7,-1.0,13.56,-1.0,98.25,14.0,0.0,0.0,0.0,0.0,0.0,0.0,0.0
1.721315228314957e+18,1721315228333333333,-1.0,29.91,-1.0,13.56,-1.0,97.84,13.0,0.0,0.0,0.0,0.0,0.0,0.0,0.0
1.7213152283604815e+18,1721315228366666666,-1.0,29.91,-1.0,13.74,-1.0,98.65,13.0,0.0,0.0,0.0,0.0,0.0,0.0,0.0
1.7213152283604815e+18,1721315228400000000,-1.0,29.91,-1.0,13.74,-1.0,98.65,13.0,0.0,0.0,0.0,0.0,0.0,0.0,0.0
1.721315228408902e+18,1721315228433333333,-1.0,29.91,-1.0,13.74,-1.0,98.25,14.0,0.0,0.0,0.0,0.0,0.0,0.0,0.0
1.7213152284624202e+18,1721315228466666666,-1.0,29.91,-1.0,13.74,-1.0,101.53,14.0,0.0,0.0,0.0,0.0,0.0,0.0,0.0
1.7213152284624202e+18,1721315228500000000,-1.0,29.91,-1.0,13.74,-1.0,101.53,14.0,0.0,0.0,0.0,0.0,0.0,0.0,0.0
1.721315228511247e+18,1721315228533333333,-1.0,29.91,-1.0,13.38,-1.0,90.78,14.0,0.0,0.0,0.0,0.0,0.0,0.0,0.0
1.7213152285567324e+18,1721315228566666666,-1.0,29.91,-1.0,13.74,-1.0,90.02,14.0,0.0,0.0,0.0,0.0,0.0,0.0,0.0
1.7213152285567324e+18,1721315228600000000,-1.0,29.91,-1.0,13.74,-1.0,90.02,14.0,0.0,0.0,0.0,0.0,0.0,0.0,0.0
1.7213152286060206e+18,1721315228633333333,-1.0,29.91,-1.0,13.74,-1.0,85.56,14.0,0.0,0.0,0.0,0.0,0.0,0.0,0.0
1.7213152286550193e+18,1721315228666666666,-1.0,29.91,-1.0,13.02,-1.0,86.29,14.0,0.0,0.0,0.0,0.0,0.0,0.0,0.0
1.7213152286550193e+18,1721315228700000000,-1.0,29.91,-1.0,13.02,-1.0,86.29,14.0,0.0,0.0,0.0,0.0,0.0,0.0,0.0
1.7213152287040538e+18,1721315228733333333,-1.0,29.91,-1.0,13.02,-1.0,84.83,14.0,0.0,0.0,0.0,0.0,0.0,0.0,0.0
1.7213152287530473e+18,1721315228766666666,-1.0,29.7,-1.0,13.02,-1.0,81.25,14.0,0.0,0.0,0.0,0.0,0.0,0.0,0.0
1.7213152287530473e+18,1721315228800000000,-1.0,29.7,-1.0,13.02,-1.0,81.25,14.0,0.0,0.0,0.0,0.0,0.0,0.0,0.0
1.7213152288025782e+18,1721315228833333333,-1.0,29.91,-1.0,12.84,-1.0,81.25,14.0,0.0,0.0,0.0,0.0,0.0,0.0,0.0
1.721315228851579e+18,1721315228866666666,-1.0,29.91,-1.0,13.56,-1.0,87.03,13.0,0.0,0.0,0.0,0.0,0.0,0.0,0.0
1.721315228851579e+18,1721315228900000000,-1.0,29.91,-1.0,13.56,-1.0,87.03,13.0,0.0,0.0,0.0,0.0,0.0,0.0,0.0
1.7213152289011067e+18,1721315228933333333,-1.0,29.7,-1.0,13.2,-1.0,89.26,14.0,0.0,0.0,0.0,0.0,0.0,0.0,0.0
1.7213152289501074e+18,1721315228966666666,-1.0,29.91,-1.0,13.38,-1.0,91.16,14.0,0.0,0.0,0.0,0.0,0.0,0.0,0.0
1.7213152289996288e+18,1721315229000000000,-1.0,29.91,-1.0,13.74,-1.0,92.32,14.0,0.0,0.0,0.0,0.0,0.0,0.0,0.0
1.7213152289996288e+18,1721315229033333333,-1.0,29.91,-1.0,13.74,-1.0,92.32,14.0,0.0,0.0,0.0,0.0,0.0,0.0,0.0
1.7213152290486277e+18,1721315229066666666,-1.0,29.91,-1.0,13.92,-1.0,92.7,13.0,0.0,0.0,0.0,0.0,0.0,0.0,0.0
1.7213152290971538e+18,1721315229100000000,-1.0,29.91,-1.0,13.92,-1.0,88.51,14.0,0.0,0.0,0.0,0.0,0.0,0.0,0.0
1.7213152290971538e+18,1721315229133333333,-1.0,29.91,-1.0,13.92,-1.0,88.51,14.0,0.0,0.0,0.0,0.0,0.0,0.0,0.0
1.7213152291461527e+18,1721315229166666666,-1.0,29.91,-1.0,14.46,-1.0,88.89,14.0,0.0,0.0,0.0,0.0,0.0,0.0,0.0
1.721315229195203e+18,1721315229200000000,-1.0,29.91,-1.0,13.74,-1.0,73.08,14.0,0.0,0.0,0.0,0.0,0.0,0.0,0.0
1.721315229195203e+18,1721315229233333333,-1.0,29.91,-1.0,13.74,-1.0,73.08,14.0,0.0,0.0,0.0,0.0,0.0,0.0,0.0
1.7213152292451953e+18,1721315229266666666,-1.0,29.91,-1.0,13.2,-1.0,69.85,14.0,0.0,0.0,0.0,0.0,0.0,0.0,0.0
1.721315229294291e+18,1721315229300000000,-1.0,29.91,-1.0,13.38,-1.0,77.44,14.0,0.0,0.0,0.0,0.0,0.0,0.0,0.0
1.721315229294291e+18,1721315229333333333,-1.0,29.91,-1.0,13.38,-1.0,77.44,14.0,0.0,0.0,0.0,0.0,0.0,0.0,0.0
1.721315229339302e+18,1721315229366666666,-1.0,29.7,-1.0,13.2,-1.0,89.64,14.0,0.0,0.0,0.0,0.0,0.0,0.0,0.0
1.7213152293882947e+18,1721315229400000000,-1.0,29.91,-1.0,13.56,-1.0,92.32,14.0,0.0,0.0,0.0,0.0,0.0,0.0,0.0
1.7213152293882947e+18,1721315229433333333,-1.0,29.91,-1.0,13.56,-1.0,92.32,14.0,0.0,0.0,0.0,0.0,0.0,0.0,0.0
1.7213152294376143e+18,1721315229466666666,-1.0,29.7,-1.0,13.56,-1.0,87.77,14.0,0.0,0.0,0.0,0.0,0.0,0.0,0.0
1.721315229486632e+18,1721315229500000000,-1.0,29.91,-1.0,13.56,-1.0,80.9,13.0,0.0,0.0,0.0,0.0,0.0,0.0,0.0
1.721315229486632e+18,1721315229533333333,-1.0,29.91,-1.0,13.56,-1.0,80.9,13.0,0.0,0.0,0.0,0.0,0.0,0.0,0.0
1.721315229536154e+18,1721315229566666666,-1.0,29.7,-1.0,14.28,-1.0,88.89,14.0,0.0,0.0,0.0,0.0,0.0,0.0,0.0
1.7213152295851633e+18,1721315229600000000,-1.0,29.91,-1.0,14.46,-1.0,84.1,14.0,0.0,0.0,0.0,0.0,0.0,0.0,0.0
1.7213152295851633e+18,1721315229633333333,-1.0,29.91,-1.0,14.46,-1.0,84.1,14.0,0.0,0.0,0.0,0.0,0.0,0.0,0.0
1.7213152296342162e+18,1721315229666666666,-1.0,29.91,-1.0,14.46,-1.0,88.89,14.0,0.0,0.0,0.0,0.0,0.0,0.0,0.0
1.721315229683215e+18,1721315229700000000,-1.0,29.91,-1.0,14.46,-1.0,88.89,14.0,0.0,0.0,0.0,0.0,0.0,0.0,0.0
1.7213152297324047e+18,1721315229733333333,-1.0,29.7,-1.0,14.1,-1.0,88.14,14.0,0.0,0.0,0.0,0.0,0.0,0.0,0.0
1.7213152297324047e+18,1721315229766666666,-1.0,29.7,-1.0,14.1,-1.0,88.14,14.0,0.0,0.0,0.0,0.0,0.0,0.0,0.0
1.721315229781412e+18,1721315229800000000,-1.0,29.91,-1.0,14.1,-1.0,90.78,14.0,0.0,0.0,0.0,0.0,0.0,0.0,0.0
1.72131522983095e+18,1721315229833333333,-1.0,29.91,-1.0,14.46,-1.0,90.78,13.0,0.0,0.0,0.0,0.0,0.0,0.0,0.0
1.72131522983095e+18,1721315229866666666,-1.0,29.91,-1.0,14.46,-1.0,90.78,13.0,0.0,0.0,0.0,0.0,0.0,0.0,0.0
1.7213152298799631e+18,1721315229900000000,-1.0,29.91,-1.0,14.64,-1.0,92.32,14.0,0.0,0.0,0.0,0.0,0.0,0.0,0.0
1.7213152299284736e+18,1721315229933333333,-1.0,29.91,-1.0,14.64,-1.0,85.19,14.0,0.0,0.0,0.0,0.0,0.0,0.0,0.0
1.7213152299284736e+18,1721315229966666666,-1.0,29.91,-1.0,14.64,-1.0,85.19,14.0,0.0,0.0,0.0,0.0,0.0,0.0,0.0
1.7213152299784776e+18,1721315230000000000,-1.0,29.7,-1.0,14.28,-1.0,85.56,14.0,0.0,0.0,0.0,0.0,0.0,0.0,0.0
1.721315230027503e+18,1721315230033333333,-1.0,29.91,-1.0,13.74,-1.0,85.56,14.0,0.0,0.0,0.0,0.0,0.0,0.0,0.0
1.721315230027503e+18,1721315230066666666,-1.0,29.91,-1.0,13.74,-1.0,85.56,14.0,0.0,0.0,0.0,0.0,0.0,0.0,0.0
1.7213152300765038e+18,1721315230100000000,-1.0,29.91,-1.0,13.56,-1.0,84.83,13.0,0.0,0.0,0.0,0.0,0.0,0.0,0.0
1.7213152301216197e+18,1721315230133333333,-1.0,29.91,-1.0,13.38,-1.0,86.66,14.0,0.0,0.0,0.0,0.0,0.0,0.0,0.0
1.7213152301216197e+18,1721315230166666666,-1.0,29.91,-1.0,13.38,-1.0,86.66,14.0,0.0,0.0,0.0,0.0,0.0,0.0,0.0
1.721315230170628e+18,1721315230200000000,-1.0,29.91,-1.0,13.74,-1.0,88.51,14.0,0.0,0.0,0.0,0.0,0.0,0.0,0.0
1.7213152302196554e+18,1721315230233333333,-1.0,29.91,-1.0,13.92,-1.0,88.51,14.0,0.0,0.0,0.0,0.0,0.0,0.0,0.0
1.7213152302196554e+18,1721315230266666666,-1.0,29.91,-1.0,13.92,-1.0,88.51,14.0,0.0,0.0,0.0,0.0,0.0,0.0,0.0
1.7213152302686546e+18,1721315230300000000,-1.0,29.7,-1.0,13.56,-1.0,91.16,14.0,0.0,0.0,0.0,0.0,0.0,0.0,0.0
1.7213152303176686e+18,1721315230333333333,-1.0,29.7,-1.0,13.38,-1.0,93.48,14.0,0.0,0.0,0.0,0.0,0.0,0.0,0.0
1.7213152303176686e+18,1721315230366666666,-1.0,29.7,-1.0,13.38,-1.0,93.48,14.0,0.0,0.0,0.0,0.0,0.0,0.0,0.0
1.7213152303666693e+18,1721315230400000000,-1.0,29.91,-1.0,13.38,-1.0,93.48,14.0,0.0,0.0,0.0,0.0,0.0,0.0,0.0
1.7213152304161905e+18,1721315230433333333,-1.0,29.91,-1.0,13.2,-1.0,100.7,14.0,0.0,0.0,0.0,0.0,0.0,0.0,0.0
1.7213152304651876e+18,1721315230466666666,-1.0,29.91,-1.0,13.56,-1.0,96.64,14.0,0.0,0.0,0.0,0.0,0.0,0.0,0.0
1.7213152304651876e+18,1721315230500000000,-1.0,29.91,-1.0,13.56,-1.0,96.64,14.0,0.0,0.0,0.0,0.0,0.0,0.0,0.0
1.7213152305147162e+18,1721315230533333333,-1.0,29.7,-1.0,13.38,-1.0,94.65,14.0,0.0,0.0,0.0,0.0,0.0,0.0,0.0
1.7213152305637268e+18,1721315230566666666,-1.0,29.7,-1.0,13.38,-1.0,97.44,14.0,0.0,0.0,0.0,0.0,0.0,0.0,0.0
1.7213152305637268e+18,1721315230600000000,-1.0,29.7,-1.0,13.38,-1.0,97.44,14.0,0.0,0.0,0.0,0.0,0.0,0.0,0.0
1.7213152306127575e+18,1721315230633333333,-1.0,29.7,-1.0,13.56,-1.0,100.29,14.0,0.0,0.0,0.0,0.0,0.0,0.0,0.0
1.7213152306617574e+18,1721315230666666666,-1.0,29.91,-1.0,13.38,-1.0,99.06,14.0,0.0,0.0,0.0,0.0,0.0,0.0,0.0
1.7213152306617574e+18,1721315230700000000,-1.0,29.91,-1.0,13.38,-1.0,99.06,14.0,0.0,0.0,0.0,0.0,0.0,0.0,0.0
1.7213152307113044e+18,1721315230733333333,-1.0,29.91,-1.0,13.74,-1.0,97.84,14.0,0.0,0.0,0.0,0.0,0.0,0.0,0.0
1.7213152307603034e+18,1721315230766666666,-1.0,29.91,-1.0,13.56,-1.0,106.61,14.0,0.0,0.0,0.0,0.0,0.0,0.0,0.0
1.7213152307603034e+18,1721315230800000000,-1.0,29.91,-1.0,13.56,-1.0,106.61,14.0,0.0,0.0,0.0,0.0,0.0,0.0,0.0
1.72131523081382e+18,1721315230833333333,-1.0,29.91,-1.0,13.38,-1.0,107.47,14.0,0.0,0.0,0.0,0.0,0.0,0.0,0.0
1.7213152308628234e+18,1721315230866666666,-1.0,29.91,-1.0,14.82,-1.0,105.75,14.0,0.0,0.0,0.0,0.0,0.0,0.0,0.0
1.7213152308628234e+18,1721315230900000000,-1.0,29.91,-1.0,14.82,-1.0,105.75,14.0,0.0,0.0,0.0,0.0,0.0,0.0,0.0
1.721315230912355e+18,1721315230933333333,-1.0,29.91,-1.0,15.19,-1.0,101.53,14.0,0.0,0.0,0.0,0.0,0.0,0.0,0.0
1.7213152309613686e+18,1721315230966666666,-1.0,29.91,-1.0,15.56,-1.0,99.88,14.0,0.0,0.0,0.0,0.0,0.0,0.0,0.0
1.7213152309613686e+18,1721315231000000000,-1.0,29.91,-1.0,15.56,-1.0,99.88,14.0,0.0,0.0,0.0,0.0,0.0,0.0,0.0
1.721315231009883e+18,1721315231033333333,-1.0,29.91,-1.0,16.11,-1.0,102.36,14.0,0.0,0.0,0.0,0.0,0.0,0.0,0.0
1.7213152310592924e+18,1721315231066666666,-1.0,29.91,-1.0,16.48,-1.0,103.2,14.0,0.0,0.0,0.0,0.0,0.0,0.0,0.0
1.7213152310592924e+18,1721315231100000000,-1.0,29.91,-1.0,16.48,-1.0,103.2,14.0,0.0,0.0,0.0,0.0,0.0,0.0,0.0
1.7213152311088136e+18,1721315231133333333,-1.0,29.7,-1.0,16.67,-1.0,102.78,14.0,0.0,0.0,0.0,0.0,0.0,0.0,0.0
1.721315231161811e+18,1721315231166666666,-1.0,29.7,-1.0,16.48,-1.0,103.62,14.0,0.0,0.0,0.0,0.0,0.0,0.0,0.0
1.721315231161811e+18,1721315231200000000,-1.0,29.7,-1.0,16.48,-1.0,103.62,14.0,0.0,0.0,0.0,0.0,0.0,0.0,0.0
1.7213152312113329e+18,1721315231233333333,-1.0,29.7,-1.0,16.48,-1.0,106.18,14.0,0.0,0.0,0.0,0.0,0.0,0.0,0.0
1.7213152312603364e+18,1721315231266666666,-1.0,29.91,-1.0,17.04,-1.0,107.47,14.0,0.0,0.0,0.0,0.0,0.0,0.0,0.0
1.7213152312603364e+18,1721315231300000000,-1.0,29.91,-1.0,17.04,-1.0,107.47,14.0,0.0,0.0,0.0,0.0,0.0,0.0,0.0
1.721315231308875e+18,1721315231333333333,-1.0,29.7,-1.0,16.85,-1.0,107.91,14.0,0.0,0.0,0.0,0.0,0.0,0.0,0.0
1.721315231357886e+18,1721315231366666666,-1.0,29.91,-1.0,16.67,-1.0,107.47,14.0,0.0,0.0,0.0,0.0,0.0,0.0,0.0
1.721315231357886e+18,1721315231400000000,-1.0,29.91,-1.0,16.67,-1.0,107.47,14.0,0.0,0.0,0.0,0.0,0.0,0.0,0.0
1.7213152314114015e+18,1721315231433333333,-1.0,29.91,-1.0,17.42,-1.0,102.78,13.0,0.0,0.0,0.0,0.0,0.0,0.0,0.0
1.7213152314604142e+18,1721315231466666666,-1.0,29.91,-1.0,17.79,-1.0,101.53,14.0,0.0,0.0,0.0,0.0,0.0,0.0,0.0
1.7213152314604142e+18,1721315231500000000,-1.0,29.91,-1.0,17.79,-1.0,101.53,14.0,0.0,0.0,0.0,0.0,0.0,0.0,0.0
1.721315231509932e+18,1721315231533333333,-1.0,29.7,-1.0,17.04,-1.0,101.53,14.0,0.0,0.0,0.0,0.0,0.0,0.0,0.0
1.721315231558938e+18,1721315231566666666,-1.0,29.91,-1.0,17.23,-1.0,103.2,14.0,0.0,0.0,0.0,0.0,0.0,0.0,0.0
1.721315231558938e+18,1721315231600000000,-1.0,29.91,-1.0,17.23,-1.0,103.2,14.0,0.0,0.0,0.0,0.0,0.0,0.0,0.0
1.7213152316082273e+18,1721315231633333333,-1.0,29.91,-1.0,17.04,-1.0,102.78,14.0,0.0,0.0,0.0,0.0,0.0,0.0,0.0
1.7213152316612285e+18,1721315231666666666,-1.0,29.91,-1.0,17.23,-1.0,100.7,14.0,0.0,0.0,0.0,0.0,0.0,0.0,0.0
1.7213152316612285e+18,1721315231700000000,-1.0,29.91,-1.0,17.23,-1.0,100.7,14.0,0.0,0.0,0.0,0.0,0.0,0.0,0.0
1.721315231710288e+18,1721315231733333333,-1.0,29.7,-1.0,17.23,-1.0,101.53,14.0,0.0,0.0,0.0,0.0,0.0,0.0,0.0
1.7213152317592996e+18,1721315231766666666,-1.0,29.7,-1.0,17.23,-1.0,99.06,13.0,0.0,0.0,0.0,0.0,0.0,0.0,0.0
1.7213152317592996e+18,1721315231800000000,-1.0,29.7,-1.0,17.23,-1.0,99.06,13.0,0.0,0.0,0.0,0.0,0.0,0.0,0.0
1.7213152318088177e+18,1721315231833333333,-1.0,29.91,-1.0,17.23,-1.0,99.88,14.0,0.0,0.0,0.0,0.0,0.0,0.0,0.0
1.7213152318578063e+18,1721315231866666666,-1.0,29.7,-1.0,17.23,-1.0,101.53,14.0,0.0,0.0,0.0,0.0,0.0,0.0,0.0
1.7213152318578063e+18,1721315231900000000,-1.0,29.7,-1.0,17.23,-1.0,101.53,14.0,0.0,0.0,0.0,0.0,0.0,0.0,0.0
1.7213152319073454e+18,1721315231933333333,-1.0,29.91,-1.0,16.48,-1.0,101.11,14.0,0.0,0.0,0.0,0.0,0.0,0.0,0.0
1.721315231956347e+18,1721315231966666666,-1.0,29.7,-1.0,16.48,-1.0,101.11,14.0,0.0,0.0,0.0,0.0,0.0,0.0,0.0
1.721315231956347e+18,1721315232000000000,-1.0,29.7,-1.0,16.48,-1.0,101.11,14.0,0.0,0.0,0.0,0.0,0.0,0.0,0.0
1.7213152320058665e+18,1721315232033333333,-1.0,29.91,-1.0,15.56,-1.0,102.36,14.0,0.0,0.0,0.0,0.0,0.0,0.0,0.0
1.7213152320588654e+18,1721315232066666666,-1.0,29.7,-1.0,17.23,-1.0,103.62,14.0,0.0,0.0,0.0,0.0,0.0,0.0,0.0
1.7213152320588654e+18,1721315232100000000,-1.0,29.7,-1.0,17.23,-1.0,103.62,14.0,0.0,0.0,0.0,0.0,0.0,0.0,0.0
1.7213152321083965e+18,1721315232133333333,-1.0,29.91,-1.0,17.42,-1.0,104.04,14.0,0.0,0.0,0.0,0.0,0.0,0.0,0.0
1.7213152321573947e+18,1721315232166666666,-1.0,29.91,-1.0,17.42,-1.0,103.2,14.0,0.0,0.0,0.0,0.0,0.0,0.0,0.0
1.7213152321573947e+18,1721315232200000000,-1.0,29.91,-1.0,17.42,-1.0,103.2,14.0,0.0,0.0,0.0,0.0,0.0,0.0,0.0
1.7213152322065513e+18,1721315232233333333,-1.0,29.91,-1.0,17.98,-1.0,101.94,14.0,0.0,0.0,0.0,0.0,0.0,0.0,0.0
1.7213152322549535e+18,1721315232266666666,-1.0,29.7,-1.0,17.98,-1.0,101.53,14.0,0.0,0.0,0.0,0.0,0.0,0.0,0.0
1.7213152322549535e+18,1721315232300000000,-1.0,29.7,-1.0,17.98,-1.0,101.53,14.0,0.0,0.0,0.0,0.0,0.0,0.0,0.0
1.7213152323049362e+18,1721315232333333333,-1.0,29.7,-1.0,17.42,-1.0,96.24,14.0,0.0,0.0,0.0,0.0,0.0,0.0,0.0
1.7213152323539935e+18,1721315232366666666,-1.0,29.48,-1.0,17.98,-1.0,92.32,14.0,0.0,0.0,0.0,0.0,0.0,0.0,0.0
1.7213152323539935e+18,1721315232400000000,-1.0,29.48,-1.0,17.98,-1.0,92.32,14.0,0.0,0.0,0.0,0.0,0.0,0.0,0.0
1.721315232402596e+18,1721315232433333333,-1.0,29.91,-1.0,17.98,-1.0,91.93,14.0,0.0,0.0,0.0,0.0,0.0,0.0,0.0
1.7213152324523525e+18,1721315232466666666,-1.0,29.7,-1.0,18.55,-1.0,87.03,14.0,0.0,0.0,0.0,0.0,0.0,0.0,0.0
1.7213152324523525e+18,1721315232500000000,-1.0,29.7,-1.0,18.55,-1.0,87.03,14.0,0.0,0.0,0.0,0.0,0.0,0.0,0.0
1.7213152325011433e+18,1721315232533333333,-1.0,29.91,-1.0,18.17,-1.0,90.4,14.0,0.0,0.0,0.0,0.0,0.0,0.0,0.0
1.7213152325506399e+18,1721315232566666666,-1.0,29.7,-1.0,17.79,-1.0,93.48,14.0,0.0,0.0,0.0,0.0,0.0,0.0,0.0
1.7213152325996623e+18,1721315232600000000,-1.0,29.91,-1.0,17.79,-1.0,95.84,13.0,0.0,0.0,0.0,0.0,0.0,0.0,0.0
1.7213152325996623e+18,1721315232633333333,-1.0,29.91,-1.0,17.79,-1.0,95.84,13.0,0.0,0.0,0.0,0.0,0.0,0.0,0.0
1.7213152326491284e+18,1721315232666666666,-1.0,29.91,-1.0,17.42,-1.0,97.04,14.0,0.0,0.0,0.0,0.0,0.0,0.0,0.0
1.721315232697764e+18,1721315232700000000,-1.0,29.91,-1.0,17.98,-1.0,96.24,13.0,0.0,0.0,0.0,0.0,0.0,0.0,0.0
1.721315232697764e+18,1721315232733333333,-1.0,29.91,-1.0,17.98,-1.0,96.24,13.0,0.0,0.0,0.0,0.0,0.0,0.0,0.0
1.7213152327465436e+18,1721315232766666666,-1.0,29.7,-1.0,18.17,-1.0,95.84,14.0,0.0,0.0,0.0,0.0,0.0,0.0,0.0
1.7213152327957412e+18,1721315232800000000,-1.0,29.7,-1.0,17.79,-1.0,99.06,14.0,0.0,0.0,0.0,0.0,0.0,0.0,0.0
1.7213152327957412e+18,1721315232833333333,-1.0,29.7,-1.0,17.79,-1.0,99.06,14.0,0.0,0.0,0.0,0.0,0.0,0.0,0.0
1.7213152328453422e+18,1721315232866666666,-1.0,29.91,-1.0,17.6,-1.0,101.11,14.0,0.0,0.0,0.0,0.0,0.0,0.0,0.0
1.7213152328943854e+18,1721315232900000000,-1.0,29.91,-1.0,17.79,-1.0,101.11,14.0,0.0,0.0,0.0,0.0,0.0,0.0,0.0
1.7213152328943854e+18,1721315232933333333,-1.0,29.91,-1.0,17.79,-1.0,101.11,14.0,0.0,0.0,0.0,0.0,0.0,0.0,0.0
1.7213152329430385e+18,1721315232966666666,-1.0,29.91,-1.0,17.79,-1.0,103.2,13.0,0.0,0.0,0.0,0.0,0.0,0.0,0.0
1.7213152329927734e+18,1721315233000000000,-1.0,29.91,-1.0,17.79,-1.0,103.2,14.0,0.0,0.0,0.0,0.0,0.0,0.0,0.0
1.7213152329927734e+18,1721315233033333333,-1.0,29.91,-1.0,17.79,-1.0,103.2,14.0,0.0,0.0,0.0,0.0,0.0,0.0,0.0
1.7213152330458056e+18,1721315233066666666,-1.0,29.91,-1.0,17.79,-1.0,101.94,14.0,0.0,0.0,0.0,0.0,0.0,0.0,0.0
1.7213152330950287e+18,1721315233100000000,-1.0,29.91,-1.0,17.42,-1.0,100.7,14.0,0.0,0.0,0.0,0.0,0.0,0.0,0.0
1.7213152330950287e+18,1721315233133333333,-1.0,29.91,-1.0,17.42,-1.0,100.7,14.0,0.0,0.0,0.0,0.0,0.0,0.0,0.0
1.7213152331442112e+18,1721315233166666666,-1.0,29.91,-1.0,16.67,-1.0,101.11,14.0,0.0,0.0,0.0,0.0,0.0,0.0,0.0
1.721315233193588e+18,1721315233200000000,-1.0,29.91,-1.0,21.26,-1.0,101.11,14.0,0.0,0.0,0.0,0.0,0.0,0.0,0.0
1.721315233193588e+18,1721315233233333333,-1.0,29.91,-1.0,21.26,-1.0,101.11,14.0,0.0,0.0,0.0,0.0,0.0,0.0,0.0
1.7213152332427617e+18,1721315233266666666,-1.0,29.91,-1.0,29.27,-1.0,101.94,14.0,0.0,0.0,0.0,0.0,0.0,0.0,0.0
1.7213152332918602e+18,1721315233300000000,-1.0,29.7,-1.0,25.48,-1.0,102.78,14.0,0.0,0.0,0.0,0.0,0.0,0.0,0.0
1.7213152332918602e+18,1721315233333333333,-1.0,29.7,-1.0,25.48,-1.0,102.78,14.0,0.0,0.0,0.0,0.0,0.0,0.0,0.0
1.7213152333447982e+18,1721315233366666666,-1.0,30.13,-1.0,12.48,-1.0,104.04,14.0,0.0,0.0,0.0,0.0,0.0,0.0,0.0
1.7213152333942277e+18,1721315233400000000,-1.0,29.91,-1.0,13.92,-1.0,104.47,14.0,0.0,0.0,0.0,0.0,0.0,0.0,0.0
1.7213152333942277e+18,1721315233433333333,-1.0,29.91,-1.0,13.92,-1.0,104.47,14.0,0.0,0.0,0.0,0.0,0.0,0.0,0.0
1.7213152334433848e+18,1721315233466666666,-1.0,29.91,-1.0,17.04,-1.0,103.2,14.0,0.0,0.0,0.0,0.0,0.0,0.0,0.0
1.7213152334927311e+18,1721315233500000000,-1.0,29.91,-1.0,17.42,-1.0,104.89,14.0,0.0,0.0,0.0,0.0,0.0,0.0,0.0
1.7213152334927311e+18,1721315233533333333,-1.0,29.91,-1.0,17.42,-1.0,104.89,14.0,0.0,0.0,0.0,0.0,0.0,0.0,0.0
1.721315233541635e+18,1721315233566666666,-1.0,29.7,-1.0,17.98,-1.0,106.18,14.0,0.0,0.0,0.0,0.0,0.0,0.0,0.0
1.721315233594893e+18,1721315233600000000,-1.0,29.91,-1.0,17.79,-1.0,106.61,14.0,0.0,0.0,0.0,0.0,0.0,0.0,0.0
1.721315233594893e+18,1721315233633333333,-1.0,29.91,-1.0,17.79,-1.0,106.61,14.0,0.0,0.0,0.0,0.0,0.0,0.0,0.0
1.7213152336438853e+18,1721315233666666666,-1.0,29.91,-1.0,17.79,-1.0,106.18,14.0,0.0,0.0,0.0,0.0,0.0,0.0,0.0
1.7213152336931e+18,1721315233700000000,-1.0,29.7,-1.0,17.42,-1.0,106.61,14.0,0.0,0.0,0.0,0.0,0.0,0.0,0.0
1.7213152336931e+18,1721315233733333333,-1.0,29.7,-1.0,17.42,-1.0,106.61,14.0,0.0,0.0,0.0,0.0,0.0,0.0,0.0
1.72131523374201e+18,1721315233766666666,-1.0,29.91,-1.0,17.6,-1.0,107.47,14.0,0.0,0.0,0.0,0.0,0.0,0.0,0.0
1.721315233791804e+18,1721315233800000000,-1.0,29.91,-1.0,17.04,-1.0,105.32,14.0,0.0,0.0,0.0,0.0,0.0,0.0,0.0
1.721315233791804e+18,1721315233833333333,-1.0,29.91,-1.0,17.04,-1.0,105.32,14.0,0.0,0.0,0.0,0.0,0.0,0.0,0.0
1.7213152338447992e+18,1721315233866666666,-1.0,29.91,-1.0,16.67,-1.0,103.2,14.0,0.0,0.0,0.0,0.0,0.0,0.0,0.0
1.7213152338938867e+18,1721315233900000000,-1.0,29.91,-1.0,17.04,-1.0,102.36,14.0,0.0,0.0,0.0,0.0,0.0,0.0,0.0
1.7213152338938867e+18,1721315233933333333,-1.0,29.91,-1.0,17.04,-1.0,102.36,14.0,0.0,0.0,0.0,0.0,0.0,0.0,0.0
1.7213152339425894e+18,1721315233966666666,-1.0,29.91,-1.0,16.67,-1.0,97.04,14.0,0.0,0.0,0.0,0.0,0.0,0.0,0.0
1.7213152339923604e+18,1721315234000000000,-1.0,29.91,-1.0,16.48,-1.0,96.24,14.0,0.0,0.0,0.0,0.0,0.0,0.0,0.0
1.7213152339923604e+18,1721315234033333333,-1.0,29.91,-1.0,16.48,-1.0,96.24,14.0,0.0,0.0,0.0,0.0,0.0,0.0,0.0
1.721315234041659e+18,1721315234066666666,-1.0,29.91,-1.0,15.92,-1.0,90.4,13.0,0.0,0.0,0.0,0.0,0.0,0.0,0.0
1.7213152340905042e+18,1721315234100000000,-1.0,29.7,-1.0,15.74,-1.0,93.48,14.0,0.0,0.0,0.0,0.0,0.0,0.0,0.0
1.7213152340905042e+18,1721315234133333333,-1.0,29.7,-1.0,15.74,-1.0,93.48,14.0,0.0,0.0,0.0,0.0,0.0,0.0,0.0
1.7213152341351398e+18,1721315234166666666,-1.0,29.91,-1.0,15.56,-1.0,93.48,14.0,0.0,0.0,0.0,0.0,0.0,0.0,0.0
1.721315234185223e+18,1721315234200000000,-1.0,29.7,-1.0,15.56,-1.0,88.51,14.0,0.0,0.0,0.0,0.0,0.0,0.0,0.0
1.721315234185223e+18,1721315234233333333,-1.0,29.7,-1.0,15.56,-1.0,88.51,14.0,0.0,0.0,0.0,0.0,0.0,0.0,0.0
1.7213152342334377e+18,1721315234266666666,-1.0,29.91,-1.0,16.29,-1.0,88.14,14.0,0.0,0.0,0.0,0.0,0.0,0.0,0.0
1.7213152342821993e+18,1721315234300000000,-1.0,29.7,-1.0,16.29,-1.0,90.02,14.0,0.0,0.0,0.0,0.0,0.0,0.0,0.0
1.7213152343317524e+18,1721315234333333333,-1.0,29.7,-1.0,16.48,-1.0,91.16,14.0,0.0,0.0,0.0,0.0,0.0,0.0,0.0
1.7213152343317524e+18,1721315234366666666,-1.0,29.7,-1.0,16.48,-1.0,91.16,14.0,0.0,0.0,0.0,0.0,0.0,0.0,0.0
1.7213152343811103e+18,1721315234400000000,-1.0,29.7,-1.0,16.67,-1.0,90.4,14.0,0.0,0.0,0.0,0.0,0.0,0.0,0.0
1.7213152344306301e+18,1721315234433333333,-1.0,29.91,-1.0,16.48,-1.0,85.19,14.0,0.0,0.0,0.0,0.0,0.0,0.0,0.0
1.7213152344306301e+18,1721315234466666666,-1.0,29.91,-1.0,16.48,-1.0,85.19,14.0,0.0,0.0,0.0,0.0,0.0,0.0,0.0
1.7213152344797563e+18,1721315234500000000,-1.0,29.7,-1.0,16.85,-1.0,86.29,13.0,0.0,0.0,0.0,0.0,0.0,0.0,0.0
1.721315234528772e+18,1721315234533333333,-1.0,29.91,-1.0,16.67,-1.0,93.48,13.0,0.0,0.0,0.0,0.0,0.0,0.0,0.0
1.721315234528772e+18,1721315234566666666,-1.0,29.91,-1.0,16.67,-1.0,93.48,13.0,0.0,0.0,0.0,0.0,0.0,0.0,0.0
1.721315234577265e+18,1721315234600000000,-1.0,29.91,-1.0,16.48,-1.0,97.44,14.0,0.0,0.0,0.0,0.0,0.0,0.0,0.0
1.7213152346264673e+18,1721315234633333333,-1.0,30.13,-1.0,16.11,-1.0,98.65,13.0,0.0,0.0,0.0,0.0,0.0,0.0,0.0
1.7213152346264673e+18,1721315234666666666,-1.0,30.13,-1.0,16.11,-1.0,98.65,13.0,0.0,0.0,0.0,0.0,0.0,0.0,0.0
1.7213152346762102e+18,1721315234700000000,-1.0,29.91,-1.0,16.11,-1.0,101.11,14.0,0.0,0.0,0.0,0.0,0.0,0.0,0.0
1.7213152347249485e+18,1721315234733333333,-1.0,29.7,-1.0,15.56,-1.0,100.29,13.0,0.0,0.0,0.0,0.0,0.0,0.0,0.0
1.7213152347249485e+18,1721315234766666666,-1.0,29.7,-1.0,15.56,-1.0,100.29,13.0,0.0,0.0,0.0,0.0,0.0,0.0,0.0
1.7213152347746747e+18,1721315234800000000,-1.0,29.91,-1.0,16.29,-1.0,100.7,14.0,0.0,0.0,0.0,0.0,0.0,0.0,0.0
1.7213152348272942e+18,1721315234833333333,-1.0,29.7,-1.0,15.92,-1.0,101.94,14.0,0.0,0.0,0.0,0.0,0.0,0.0,0.0
1.7213152348272942e+18,1721315234866666666,-1.0,29.7,-1.0,15.92,-1.0,101.94,14.0,0.0,0.0,0.0,0.0,0.0,0.0,0.0
1.721315234877199e+18,1721315234900000000,-1.0,29.91,-1.0,15.92,-1.0,103.2,14.0,0.0,0.0,0.0,0.0,0.0,0.0,0.0
1.7213152349256123e+18,1721315234933333333,-1.0,29.91,-1.0,15.37,-1.0,104.47,14.0,0.0,0.0,0.0,0.0,0.0,0.0,0.0
1.7213152349256123e+18,1721315234966666666,-1.0,29.91,-1.0,15.37,-1.0,104.47,14.0,0.0,0.0,0.0,0.0,0.0,0.0,0.0
1.7213152349745216e+18,1721315235000000000,-1.0,29.7,-1.0,14.82,-1.0,101.11,14.0,0.0,0.0,0.0,0.0,0.0,0.0,0.0
1.7213152350240896e+18,1721315235033333333,-1.0,29.7,-1.0,14.82,-1.0,99.47,14.0,0.0,0.0,0.0,0.0,0.0,0.0,0.0
1.7213152350240896e+18,1721315235066666666,-1.0,29.7,-1.0,14.82,-1.0,99.47,14.0,0.0,0.0,0.0,0.0,0.0,0.0,0.0
1.721315235073604e+18,1721315235100000000,-1.0,29.91,-1.0,15.01,-1.0,100.29,14.0,0.0,0.0,0.0,0.0,0.0,0.0,0.0
1.721315235122685e+18,1721315235133333333,-1.0,29.91,-1.0,15.19,-1.0,102.78,14.0,0.0,0.0,0.0,0.0,0.0,0.0,0.0
1.721315235122685e+18,1721315235166666666,-1.0,29.91,-1.0,15.19,-1.0,102.78,14.0,0.0,0.0,0.0,0.0,0.0,0.0,0.0
1.721315235176075e+18,1721315235200000000,-1.0,29.91,-1.0,15.19,-1.0,104.89,14.0,0.0,0.0,0.0,0.0,0.0,0.0,0.0
1.7213152352247332e+18,1721315235233333333,-1.0,29.7,-1.0,15.37,-1.0,101.94,14.0,0.0,0.0,0.0,0.0,0.0,0.0,0.0
1.7213152352247332e+18,1721315235266666666,-1.0,29.7,-1.0,15.37,-1.0,101.94,14.0,0.0,0.0,0.0,0.0,0.0,0.0,0.0
1.7213152352741545e+18,1721315235300000000,-1.0,29.91,-1.0,15.01,-1.0,109.23,14.0,0.0,0.0,0.0,0.0,0.0,0.0,0.0
1.7213152353233838e+18,1721315235333333333,-1.0,29.7,-1.0,15.37,-1.0,113.25,14.0,0.0,0.0,0.0,0.0,0.0,0.0,0.0
1.7213152353233838e+18,1721315235366666666,-1.0,29.7,-1.0,15.37,-1.0,113.25,14.0,0.0,0.0,0.0,0.0,0.0,0.0,0.0
1.7213152353723318e+18,1721315235400000000,-1.0,29.91,-1.0,15.37,-1.0,115.54,14.0,0.0,0.0,0.0,0.0,0.0,0.0,0.0
1.7213152354256259e+18,1721315235433333333,-1.0,29.7,-1.0,14.64,-1.0,112.8,14.0,0.0,0.0,0.0,0.0,0.0,0.0,0.0
1.7213152354256259e+18,1721315235466666666,-1.0,29.7,-1.0,14.64,-1.0,112.8,14.0,0.0,0.0,0.0,0.0,0.0,0.0,0.0
1.721315235474234e+18,1721315235500000000,-1.0,29.7,-1.0,14.64,-1.0,115.54,14.0,0.0,0.0,0.0,0.0,0.0,0.0,0.0
1.7213152355233498e+18,1721315235533333333,-1.0,29.91,-1.0,15.92,-1.0,119.29,14.0,0.0,0.0,0.0,0.0,0.0,0.0,0.0
1.7213152355233498e+18,1721315235566666666,-1.0,29.91,-1.0,15.92,-1.0,119.29,14.0,0.0,0.0,0.0,0.0,0.0,0.0,0.0
1.7213152355734382e+18,1721315235600000000,-1.0,29.91,-1.0,16.11,-1.0,120.24,14.0,0.0,0.0,0.0,0.0,0.0,0.0,0.0
1.7213152356225206e+18,1721315235633333333,-1.0,29.91,-1.0,17.04,-1.0,122.16,14.0,0.0,0.0,0.0,0.0,0.0,0.0,0.0
1.7213152356225206e+18,1721315235666666666,-1.0,29.91,-1.0,17.04,-1.0,122.16,14.0,0.0,0.0,0.0,0.0,0.0,0.0,0.0
1.7213152356758687e+18,1721315235700000000,-1.0,29.7,-1.0,16.67,-1.0,129.63,14.0,0.0,0.0,0.0,0.0,0.0,0.0,0.0
1.7213152357247398e+18,1721315235733333333,-1.0,29.91,-1.0,16.11,-1.0,134.83,14.0,0.0,0.0,0.0,0.0,0.0,0.0,0.0
1.7213152357247398e+18,1721315235766666666,-1.0,29.91,-1.0,16.11,-1.0,134.83,14.0,0.0,0.0,0.0,0.0,0.0,0.0,0.0
1.721315235773415e+18,1721315235800000000,-1.0,29.7,-1.0,16.29,-1.0,133.25,14.0,0.0,0.0,0.0,0.0,0.0,0.0,0.0
1.721315235822929e+18,1721315235833333333,-1.0,29.91,-1.0,17.04,-1.0,121.68,14.0,0.0,0.0,0.0,0.0,0.0,0.0,0.0
1.721315235822929e+18,1721315235866666666,-1.0,29.91,-1.0,17.04,-1.0,121.68,14.0,0.0,0.0,0.0,0.0,0.0,0.0,0.0
1.7213152358719242e+18,1721315235900000000,-1.0,29.91,-1.0,17.6,-1.0,108.35,13.0,0.0,0.0,0.0,0.0,0.0,0.0,0.0
1.7213152359214415e+18,1721315235933333333,-1.0,30.13,-1.0,17.6,-1.0,103.62,14.0,0.0,0.0,0.0,0.0,0.0,0.0,0.0
1.7213152359214415e+18,1721315235966666666,-1.0,30.13,-1.0,17.6,-1.0,103.62,14.0,0.0,0.0,0.0,0.0,0.0,0.0,0.0
1.7213152359704402e+18,1721315236000000000,-1.0,29.91,-1.0,17.6,-1.0,99.06,14.0,0.0,0.0,0.0,0.0,0.0,0.0,0.0
1.721315236018976e+18,1721315236033333333,-1.0,29.91,-1.0,17.79,-1.0,93.87,13.0,0.0,0.0,0.0,0.0,0.0,0.0,0.0
1.721315236018976e+18,1721315236066666666,-1.0,29.91,-1.0,17.79,-1.0,93.87,13.0,0.0,0.0,0.0,0.0,0.0,0.0,0.0
1.721315236068976e+18,1721315236100000000,-1.0,29.91,-1.0,17.6,-1.0,82.31,14.0,0.0,0.0,0.0,0.0,0.0,0.0,0.0
1.7213152361175173e+18,1721315236133333333,-1.0,29.91,-1.0,17.79,-1.0,75.41,14.0,0.0,0.0,0.0,0.0,0.0,0.0,0.0
1.7213152361665162e+18,1721315236166666666,-1.0,29.7,-1.0,17.79,-1.0,75.41,14.0,0.0,0.0,0.0,0.0,0.0,0.0,0.0
1.7213152361665162e+18,1721315236200000000,-1.0,29.7,-1.0,17.79,-1.0,75.41,14.0,0.0,0.0,0.0,0.0,0.0,0.0,0.0
1.7213152362157033e+18,1721315236233333333,-1.0,29.7,-1.0,18.17,-1.0,69.53,13.0,0.0,0.0,0.0,0.0,0.0,0.0,0.0
1.7213152362646994e+18,1721315236266666666,-1.0,29.7,-1.0,18.17,-1.0,58.91,14.0,0.0,0.0,0.0,0.0,0.0,0.0,0.0
1.7213152362646994e+18,1721315236300000000,-1.0,29.7,-1.0,18.17,-1.0,58.91,14.0,0.0,0.0,0.0,0.0,0.0,0.0,0.0
1.7213152363147802e+18,1721315236333333333,-1.0,29.91,-1.0,17.98,-1.0,54.11,14.0,0.0,0.0,0.0,0.0,0.0,0.0,0.0
1.721315236363782e+18,1721315236366666666,-1.0,29.91,-1.0,18.17,-1.0,51.11,14.0,0.0,0.0,0.0,0.0,0.0,0.0,0.0
1.721315236363782e+18,1721315236400000000,-1.0,29.91,-1.0,18.17,-1.0,51.11,14.0,0.0,0.0,0.0,0.0,0.0,0.0,0.0
1.7213152364129597e+18,1721315236433333333,-1.0,29.7,-1.0,17.79,-1.0,60.66,14.0,0.0,0.0,0.0,0.0,0.0,0.0,0.0
1.7213152364619594e+18,1721315236466666666,-1.0,29.91,-1.0,16.48,-1.0,55.22,14.0,0.0,0.0,0.0,0.0,0.0,0.0,0.0
1.7213152364619594e+18,1721315236500000000,-1.0,29.91,-1.0,16.48,-1.0,55.22,14.0,0.0,0.0,0.0,0.0,0.0,0.0,0.0
1.721315236511012e+18,1721315236533333333,-1.0,29.91,-1.0,16.29,-1.0,54.66,14.0,0.0,0.0,0.0,0.0,0.0,0.0,0.0
1.7213152365600133e+18,1721315236566666666,-1.0,29.91,-1.0,16.48,-1.0,54.38,13.0,0.0,0.0,0.0,0.0,0.0,0.0,0.0
1.7213152365600133e+18,1721315236600000000,-1.0,29.91,-1.0,16.48,-1.0,54.38,13.0,0.0,0.0,0.0,0.0,0.0,0.0,0.0
1.721315236609531e+18,1721315236633333333,-1.0,29.91,-1.0,17.23,-1.0,60.07,14.0,0.0,0.0,0.0,0.0,0.0,0.0,0.0
1.721315236658534e+18,1721315236666666666,-1.0,29.91,-1.0,16.85,-1.0,65.46,14.0,0.0,0.0,0.0,0.0,0.0,0.0,0.0
1.721315236658534e+18,1721315236700000000,-1.0,29.91,-1.0,16.85,-1.0,65.46,14.0,0.0,0.0,0.0,0.0,0.0,0.0,0.0
1.7213152367030487e+18,1721315236733333333,-1.0,29.7,-1.0,16.85,-1.0,73.74,14.0,0.0,0.0,0.0,0.0,0.0,0.0,0.0
1.721315236753046e+18,1721315236766666666,-1.0,29.91,-1.0,16.29,-1.0,87.03,14.0,0.0,0.0,0.0,0.0,0.0,0.0,0.0
1.721315236753046e+18,1721315236800000000,-1.0,29.91,-1.0,16.29,-1.0,87.03,14.0,0.0,0.0,0.0,0.0,0.0,0.0,0.0
1.7213152368015342e+18,1721315236833333333,-1.0,29.91,-1.0,16.11,-1.0,91.16,14.0,0.0,0.0,0.0,0.0,0.0,0.0,0.0
1.7213152368505362e+18,1721315236866666666,-1.0,29.7,-1.0,15.92,-1.0,92.32,14.0,0.0,0.0,0.0,0.0,0.0,0.0,0.0
1.7213152368505362e+18,1721315236900000000,-1.0,29.7,-1.0,15.92,-1.0,92.32,14.0,0.0,0.0,0.0,0.0,0.0,0.0,0.0
1.7213152369000648e+18,1721315236933333333,-1.0,29.7,-1.0,15.74,-1.0,91.93,13.0,0.0,0.0,0.0,0.0,0.0,0.0,0.0
1.721315236949062e+18,1721315236966666666,-1.0,29.91,-1.0,15.74,-1.0,90.78,14.0,0.0,0.0,0.0,0.0,0.0,0.0,0.0
1.7213152369981263e+18,1721315237000000000,-1.0,29.7,-1.0,15.74,-1.0,91.55,14.0,0.0,0.0,0.0,0.0,0.0,0.0,0.0
1.7213152369981263e+18,1721315237033333333,-1.0,29.7,-1.0,15.74,-1.0,91.55,14.0,0.0,0.0,0.0,0.0,0.0,0.0,0.0
1.7213152370471288e+18,1721315237066666666,-1.0,29.91,-1.0,15.92,-1.0,94.65,14.0,0.0,0.0,0.0,0.0,0.0,0.0,0.0
1.7213152370966413e+18,1721315237100000000,-1.0,29.91,-1.0,13.92,-1.0,97.04,14.0,0.0,0.0,0.0,0.0,0.0,0.0,0.0
1.7213152370966413e+18,1721315237133333333,-1.0,29.91,-1.0,13.92,-1.0,97.04,14.0,0.0,0.0,0.0,0.0,0.0,0.0,0.0
1.7213152371456566e+18,1721315237166666666,-1.0,29.91,-1.0,17.98,-1.0,100.29,14.0,0.0,0.0,0.0,0.0,0.0,0.0,0.0
1.7213152371946527e+18,1721315237200000000,-1.0,29.7,-1.0,15.19,-1.0,99.06,14.0,0.0,0.0,0.0,0.0,0.0,0.0,0.0
1.7213152371946527e+18,1721315237233333333,-1.0,29.7,-1.0,15.19,-1.0,99.06,14.0,0.0,0.0,0.0,0.0,0.0,0.0,0.0
1.7213152372441843e+18,1721315237266666666,-1.0,29.7,-1.0,13.92,-1.0,98.65,13.0,0.0,0.0,0.0,0.0,0.0,0.0,0.0
1.7213152372931889e+18,1721315237300000000,-1.0,29.7,-1.0,18.36,-1.0,101.94,14.0,0.0,0.0,0.0,0.0,0.0,0.0,0.0
1.7213152372931889e+18,1721315237333333333,-1.0,29.7,-1.0,18.36,-1.0,101.94,14.0,0.0,0.0,0.0,0.0,0.0,0.0,0.0
1.7213152373423222e+18,1721315237366666666,-1.0,29.7,-1.0,18.36,-1.0,104.47,14.0,0.0,0.0,0.0,0.0,0.0,0.0,0.0
1.721315237395341e+18,1721315237400000000,-1.0,29.91,-1.0,17.42,-1.0,116.47,14.0,0.0,0.0,0.0,0.0,0.0,0.0,0.0
1.721315237395341e+18,1721315237433333333,-1.0,29.91,-1.0,17.42,-1.0,116.47,14.0,0.0,0.0,0.0,0.0,0.0,0.0,0.0
1.721315237444659e+18,1721315237466666666,-1.0,29.91,-1.0,16.85,-1.0,125.6,14.0,0.0,0.0,0.0,0.0,0.0,0.0,0.0
1.7213152374941112e+18,1721315237500000000,-1.0,29.7,-1.0,15.74,-1.0,118.81,14.0,0.0,0.0,0.0,0.0,0.0,0.0,0.0
1.7213152374941112e+18,1721315237533333333,-1.0,29.7,-1.0,15.74,-1.0,118.81,14.0,0.0,0.0,0.0,0.0,0.0,0.0,0.0
1.7213152375426406e+18,1721315237566666666,-1.0,29.7,-1.0,15.56,-1.0,108.79,13.0,0.0,0.0,0.0,0.0,0.0,0.0,0.0
1.7213152375926356e+18,1721315237600000000,-1.0,29.91,-1.0,15.56,-1.0,104.47,14.0,0.0,0.0,0.0,0.0,0.0,0.0,0.0
1.7213152375926356e+18,1721315237633333333,-1.0,29.91,-1.0,15.56,-1.0,104.47,14.0,0.0,0.0,0.0,0.0,0.0,0.0,0.0
1.721315237645141e+18,1721315237666666666,-1.0,29.7,-1.0,15.74,-1.0,106.18,13.0,0.0,0.0,0.0,0.0,0.0,0.0,0.0
1.7213152376941435e+18,1721315237700000000,-1.0,29.91,-1.0,15.56,-1.0,117.87,14.0,0.0,0.0,0.0,0.0,0.0,0.0,0.0
1.7213152376941435e+18,1721315237733333333,-1.0,29.91,-1.0,15.56,-1.0,117.87,14.0,0.0,0.0,0.0,0.0,0.0,0.0,0.0
1.7213152377436736e+18,1721315237766666666,-1.0,29.7,-1.0,15.37,-1.0,118.81,14.0,0.0,0.0,0.0,0.0,0.0,0.0,0.0
1.7213152377926717e+18,1721315237800000000,-1.0,29.7,-1.0,15.37,-1.0,117.87,14.0,0.0,0.0,0.0,0.0,0.0,0.0,0.0
1.7213152377926717e+18,1721315237833333333,-1.0,29.7,-1.0,15.37,-1.0,117.87,14.0,0.0,0.0,0.0,0.0,0.0,0.0,0.0
1.7213152378421898e+18,1721315237866666666,-1.0,29.91,-1.0,14.64,-1.0,114.16,14.0,0.0,0.0,0.0,0.0,0.0,0.0,0.0
1.7213152378912028e+18,1721315237900000000,-1.0,29.91,-1.0,14.28,-1.0,107.47,13.0,0.0,0.0,0.0,0.0,0.0,0.0,0.0
1.7213152378912028e+18,1721315237933333333,-1.0,29.91,-1.0,14.28,-1.0,107.47,13.0,0.0,0.0,0.0,0.0,0.0,0.0,0.0
1.7213152379447283e+18,1721315237966666666,-1.0,29.91,-1.0,14.28,-1.0,107.47,14.0,0.0,0.0,0.0,0.0,0.0,0.0,0.0
1.7213152379940298e+18,1721315238000000000,-1.0,29.91,-1.0,14.1,-1.0,109.67,14.0,0.0,0.0,0.0,0.0,0.0,0.0,0.0
1.7213152379940298e+18,1721315238033333333,-1.0,29.91,-1.0,14.1,-1.0,109.67,14.0,0.0,0.0,0.0,0.0,0.0,0.0,0.0
1.721315238043066e+18,1721315238066666666,-1.0,29.91,-1.0,13.92,-1.0,107.47,14.0,0.0,0.0,0.0,0.0,0.0,0.0,0.0
1.7213152380920742e+18,1721315238100000000,-1.0,29.91,-1.0,13.92,-1.0,102.36,14.0,0.0,0.0,0.0,0.0,0.0,0.0,0.0
1.7213152380920742e+18,1721315238133333333,-1.0,29.91,-1.0,13.92,-1.0,102.36,14.0,0.0,0.0,0.0,0.0,0.0,0.0,0.0
1.7213152381415905e+18,1721315238166666666,-1.0,29.91,-1.0,13.92,-1.0,97.84,13.0,0.0,0.0,0.0,0.0,0.0,0.0,0.0
1.7213152381905876e+18,1721315238200000000,-1.0,29.7,-1.0,13.92,-1.0,97.04,14.0,0.0,0.0,0.0,0.0,0.0,0.0,0.0
1.7213152381905876e+18,1721315238233333333,-1.0,29.7,-1.0,13.92,-1.0,97.04,14.0,0.0,0.0,0.0,0.0,0.0,0.0,0.0
1.7213152382391e+18,1721315238266666666,-1.0,29.91,-1.0,13.74,-1.0,94.26,14.0,0.0,0.0,0.0,0.0,0.0,0.0,0.0
1.7213152382881032e+18,1721315238300000000,-1.0,29.91,-1.0,13.92,-1.0,95.84,14.0,0.0,0.0,0.0,0.0,0.0,0.0,0.0
1.7213152382881032e+18,1721315238333333333,-1.0,29.91,-1.0,13.92,-1.0,95.84,14.0,0.0,0.0,0.0,0.0,0.0,0.0,0.0
1.7213152383376212e+18,1721315238366666666,-1.0,29.91,-1.0,13.74,-1.0,95.44,14.0,0.0,0.0,0.0,0.0,0.0,0.0,0.0
1.7213152383866368e+18,1721315238400000000,-1.0,29.91,-1.0,13.74,-1.0,97.84,14.0,0.0,0.0,0.0,0.0,0.0,0.0,0.0
1.7213152383866368e+18,1721315238433333333,-1.0,29.91,-1.0,13.74,-1.0,97.84,14.0,0.0,0.0,0.0,0.0,0.0,0.0,0.0
1.7213152384361577e+18,1721315238466666666,-1.0,29.91,-1.0,13.74,-1.0,96.64,14.0,0.0,0.0,0.0,0.0,0.0,0.0,0.0
1.721315238485168e+18,1721315238500000000,-1.0,29.7,-1.0,13.74,-1.0,95.05,13.0,0.0,0.0,0.0,0.0,0.0,0.0,0.0
1.721315238485168e+18,1721315238533333333,-1.0,29.7,-1.0,13.74,-1.0,95.05,13.0,0.0,0.0,0.0,0.0,0.0,0.0,0.0
1.7213152385347123e+18,1721315238566666666,-1.0,29.91,-1.0,13.74,-1.0,90.4,14.0,0.0,0.0,0.0,0.0,0.0,0.0,0.0
1.7213152385837322e+18,1721315238600000000,-1.0,29.91,-1.0,14.64,-1.0,92.7,14.0,0.0,0.0,0.0,0.0,0.0,0.0,0.0
1.7213152386322552e+18,1721315238633333333,-1.0,29.91,-1.0,14.82,-1.0,95.05,13.0,0.0,0.0,0.0,0.0,0.0,0.0,0.0
1.7213152386322552e+18,1721315238666666666,-1.0,29.91,-1.0,14.82,-1.0,95.05,13.0,0.0,0.0,0.0,0.0,0.0,0.0,0.0
1.7213152386772562e+18,1721315238700000000,-1.0,29.7,-1.0,14.82,-1.0,98.25,13.0,0.0,0.0,0.0,0.0,0.0,0.0,0.0
1.72131523873081e+18,1721315238733333333,-1.0,30.13,-1.0,14.82,-1.0,104.04,14.0,0.0,0.0,0.0,0.0,0.0,0.0,0.0
1.72131523873081e+18,1721315238766666666,-1.0,30.13,-1.0,14.82,-1.0,104.04,14.0,0.0,0.0,0.0,0.0,0.0,0.0,0.0
1.7213152387798067e+18,1721315238800000000,-1.0,29.91,-1.0,14.82,-1.0,106.61,14.0,0.0,0.0,0.0,0.0,0.0,0.0,0.0
1.7213152388293568e+18,1721315238833333333,-1.0,29.91,-1.0,14.82,-1.0,106.61,14.0,0.0,0.0,0.0,0.0,0.0,0.0,0.0
1.7213152388293568e+18,1721315238866666666,-1.0,29.91,-1.0,14.82,-1.0,106.61,14.0,0.0,0.0,0.0,0.0,0.0,0.0,0.0
1.7213152388783565e+18,1721315238900000000,-1.0,29.91,-1.0,14.64,-1.0,104.89,14.0,0.0,0.0,0.0,0.0,0.0,0.0,0.0
1.721315238927972e+18,1721315238933333333,-1.0,29.91,-1.0,17.6,-1.0,104.04,13.0,0.0,0.0,0.0,0.0,0.0,0.0,0.0
1.721315238927972e+18,1721315238966666666,-1.0,29.91,-1.0,17.6,-1.0,104.04,13.0,0.0,0.0,0.0,0.0,0.0,0.0,0.0
1.7213152389808927e+18,1721315239000000000,-1.0,29.91,-1.0,23.65,-1.0,104.04,14.0,0.0,0.0,0.0,0.0,0.0,0.0,0.0
1.7213152390304015e+18,1721315239033333333,-1.0,29.91,-1.0,32.77,-1.0,121.68,14.0,0.0,0.0,0.0,0.0,0.0,0.0,0.0
1.7213152390304015e+18,1721315239066666666,-1.0,29.91,-1.0,32.77,-1.0,121.68,14.0,0.0,0.0,0.0,0.0,0.0,0.0,0.0
1.721315239079407e+18,1721315239100000000,-1.0,29.91,-1.0,35.71,-1.0,123.14,14.0,0.0,0.0,0.0,0.0,0.0,0.0,0.0
1.721315239127931e+18,1721315239133333333,-1.0,29.7,-1.0,27.99,-1.0,115.08,13.0,0.0,0.0,0.0,0.0,0.0,0.0,0.0
1.721315239127931e+18,1721315239166666666,-1.0,29.7,-1.0,27.99,-1.0,115.08,13.0,0.0,0.0,0.0,0.0,0.0,0.0,0.0
1.7213152391769324e+18,1721315239200000000,-1.0,29.91,-1.0,13.38,-1.0,114.62,13.0,0.0,0.0,0.0,0.0,0.0,0.0,0.0
1.7213152392300362e+18,1721315239233333333,-1.0,29.91,-1.0,13.74,-1.0,111.0,14.0,0.0,0.0,0.0,0.0,0.0,0.0,0.0
1.7213152392300362e+18,1721315239266666666,-1.0,29.91,-1.0,13.74,-1.0,111.0,14.0,0.0,0.0,0.0,0.0,0.0,0.0,0.0
1.721315239280028e+18,1721315239300000000,-1.0,29.91,-1.0,13.74,-1.0,109.23,14.0,0.0,0.0,0.0,0.0,0.0,0.0,0.0
1.721315239328555e+18,1721315239333333333,-1.0,29.91,-1.0,12.48,-1.0,107.04,13.0,0.0,0.0,0.0,0.0,0.0,0.0,0.0
1.721315239328555e+18,1721315239366666666,-1.0,29.91,-1.0,12.48,-1.0,107.04,13.0,0.0,0.0,0.0,0.0,0.0,0.0,0.0
1.721315239377551e+18,1721315239400000000,-1.0,29.91,-1.0,11.25,-1.0,107.47,13.0,0.0,0.0,0.0,0.0,0.0,0.0,0.0
1.7213152394276567e+18,1721315239433333333,-1.0,29.91,-1.0,12.84,-1.0,95.05,13.0,0.0,0.0,0.0,0.0,0.0,0.0,0.0
1.7213152394276567e+18,1721315239466666666,-1.0,29.91,-1.0,12.84,-1.0,95.05,13.0,0.0,0.0,0.0,0.0,0.0,0.0,0.0
1.7213152394766461e+18,1721315239500000000,-1.0,29.7,-1.0,12.48,-1.0,93.87,13.0,0.0,0.0,0.0,0.0,0.0,0.0,0.0
1.7213152395251855e+18,1721315239533333333,-1.0,29.7,-1.0,12.48,-1.0,97.44,14.0,0.0,0.0,0.0,0.0,0.0,0.0,0.0
1.7213152395251855e+18,1721315239566666666,-1.0,29.7,-1.0,12.48,-1.0,97.44,14.0,0.0,0.0,0.0,0.0,0.0,0.0,0.0
1.721315239574192e+18,1721315239600000000,-1.0,29.91,-1.0,12.84,-1.0,100.7,13.0,0.0,0.0,0.0,0.0,0.0,0.0,0.0
1.7213152396237376e+18,1721315239633333333,-1.0,29.7,-1.0,12.84,-1.0,101.94,14.0,0.0,0.0,0.0,0.0,0.0,0.0,0.0
1.7213152396237376e+18,1721315239666666666,-1.0,29.7,-1.0,12.84,-1.0,101.94,14.0,0.0,0.0,0.0,0.0,0.0,0.0,0.0
1.7213152396767442e+18,1721315239700000000,-1.0,29.7,-1.0,13.2,-1.0,103.62,13.0,0.0,0.0,0.0,0.0,0.0,0.0,0.0
1.7213152397262636e+18,1721315239733333333,-1.0,29.7,-1.0,13.38,-1.0,104.89,13.0,0.0,0.0,0.0,0.0,0.0,0.0,0.0
1.7213152397262636e+18,1721315239766666666,-1.0,29.7,-1.0,13.38,-1.0,104.89,13.0,0.0,0.0,0.0,0.0,0.0,0.0,0.0
1.7213152397752666e+18,1721315239800000000,-1.0,29.7,-1.0,13.92,-1.0,106.18,13.0,0.0,0.0,0.0,0.0,0.0,0.0,0.0
1.7213152398248292e+18,1721315239833333333,-1.0,29.91,-1.0,13.92,-1.0,104.04,13.0,0.0,0.0,0.0,0.0,0.0,0.0,0.0
1.7213152398248292e+18,1721315239866666666,-1.0,29.91,-1.0,13.92,-1.0,104.04,13.0,0.0,0.0,0.0,0.0,0.0,0.0,0.0
1.7213152398738117e+18,1721315239900000000,-1.0,29.91,-1.0,13.74,-1.0,103.2,14.0,0.0,0.0,0.0,0.0,0.0,0.0,0.0
1.7213152399223588e+18,1721315239933333333,-1.0,29.91,-1.0,13.56,-1.0,90.02,14.0,0.0,0.0,0.0,0.0,0.0,0.0,0.0
1.7213152399223588e+18,1721315239966666666,-1.0,29.91,-1.0,13.56,-1.0,90.02,14.0,0.0,0.0,0.0,0.0,0.0,0.0,0.0
1.72131523997201e+18,1721315240000000000,-1.0,29.91,-1.0,13.02,-1.0,70.81,14.0,0.0,0.0,0.0,0.0,0.0,0.0,0.0
1.721315240021565e+18,1721315240033333333,-1.0,29.91,-1.0,13.56,-1.0,47.94,14.0,0.0,0.0,0.0,0.0,0.0,0.0,0.0
1.721315240021565e+18,1721315240066666666,-1.0,29.91,-1.0,13.56,-1.0,47.94,14.0,0.0,0.0,0.0,0.0,0.0,0.0,0.0
1.7213152400705713e+18,1721315240100000000,-1.0,29.7,-1.0,13.38,-1.0,31.44,13.0,0.0,0.0,0.0,0.0,0.0,0.0,0.0
1.7213152401190938e+18,1721315240133333333,-1.0,29.7,-1.0,13.38,-1.0,32.55,13.0,0.0,0.0,0.0,0.0,0.0,0.0,0.0
1.7213152401190938e+18,1721315240166666666,-1.0,29.7,-1.0,13.38,-1.0,32.55,13.0,0.0,0.0,0.0,0.0,0.0,0.0,0.0
1.7213152401680927e+18,1721315240200000000,-1.0,29.7,-1.0,12.48,-1.0,22.05,13.0,0.0,0.0,0.0,0.0,0.0,0.0,0.0
1.7213152402172262e+18,1721315240233333333,-1.0,29.7,-1.0,12.48,-1.0,17.04,13.0,0.0,0.0,0.0,0.0,0.0,0.0,0.0
1.7213152402172262e+18,1721315240266666666,-1.0,29.7,-1.0,12.48,-1.0,17.04,13.0,0.0,0.0,0.0,0.0,0.0,0.0,0.0
1.721315240267221e+18,1721315240300000000,-1.0,29.91,-1.0,12.84,-1.0,15.37,14.0,0.0,0.0,0.0,0.0,0.0,0.0,0.0
1.7213152403157622e+18,1721315240333333333,-1.0,29.91,-1.0,12.84,-1.0,15.56,14.0,0.0,0.0,0.0,0.0,0.0,0.0,0.0
1.7213152403647688e+18,1721315240366666666,-1.0,29.7,-1.0,12.66,-1.0,19.89,14.0,0.0,0.0,0.0,0.0,0.0,0.0,0.0
1.7213152403647688e+18,1721315240400000000,-1.0,29.7,-1.0,12.66,-1.0,19.89,14.0,0.0,0.0,0.0,0.0,0.0,0.0,0.0
1.7213152404142853e+18,1721315240433333333,-1.0,29.7,-1.0,12.66,-1.0,20.28,14.0,0.0,0.0,0.0,0.0,0.0,0.0,0.0
1.7213152404592968e+18,1721315240466666666,-1.0,29.7,-1.0,12.48,-1.0,21.26,13.0,0.0,0.0,0.0,0.0,0.0,0.0,0.0
1.7213152404592968e+18,1721315240500000000,-1.0,29.7,-1.0,12.48,-1.0,21.26,13.0,0.0,0.0,0.0,0.0,0.0,0.0,0.0
1.7213152405088333e+18,1721315240533333333,-1.0,29.7,-1.0,12.48,-1.0,27.78,13.0,0.0,0.0,0.0,0.0,0.0,0.0,0.0
1.721315240557835e+18,1721315240566666666,-1.0,29.91,-1.0,12.66,-1.0,24.66,14.0,0.0,0.0,0.0,0.0,0.0,0.0,0.0
1.721315240557835e+18,1721315240600000000,-1.0,29.91,-1.0,12.66,-1.0,24.66,14.0,0.0,0.0,0.0,0.0,0.0,0.0,0.0
1.7213152406064573e+18,1721315240633333333,-1.0,29.7,-1.0,12.48,-1.0,26.94,13.0,0.0,0.0,0.0,0.0,0.0,0.0,0.0
1.7213152406564462e+18,1721315240666666666,-1.0,29.7,-1.0,12.31,-1.0,25.48,13.0,0.0,0.0,0.0,0.0,0.0,0.0,0.0
1.7213152406564462e+18,1721315240700000000,-1.0,29.7,-1.0,12.31,-1.0,25.48,13.0,0.0,0.0,0.0,0.0,0.0,0.0,0.0
1.7213152407055741e+18,1721315240733333333,-1.0,29.91,-1.0,12.48,-1.0,29.91,13.0,0.0,0.0,0.0,0.0,0.0,0.0,0.0
1.7213152407545738e+18,1721315240766666666,-1.0,29.91,-1.0,12.84,-1.0,32.55,13.0,0.0,0.0,0.0,0.0,0.0,0.0,0.0
1.7213152407545738e+18,1721315240800000000,-1.0,29.91,-1.0,12.84,-1.0,32.55,13.0,0.0,0.0,0.0,0.0,0.0,0.0,0.0
1.721315240803153e+18,1721315240833333333,-1.0,29.7,-1.0,12.66,-1.0,32.99,13.0,0.0,0.0,0.0,0.0,0.0,0.0,0.0
1.72131524085209e+18,1721315240866666666,-1.0,29.7,-1.0,12.48,-1.0,31.44,14.0,0.0,0.0,0.0,0.0,0.0,0.0,0.0
1.72131524085209e+18,1721315240900000000,-1.0,29.7,-1.0,12.48,-1.0,31.44,14.0,0.0,0.0,0.0,0.0,0.0,0.0,0.0
1.7213152409016356e+18,1721315240933333333,-1.0,29.7,-1.0,12.48,-1.0,32.99,13.0,0.0,0.0,0.0,0.0,0.0,0.0,0.0
1.721315240950635e+18,1721315240966666666,-1.0,29.91,-1.0,12.31,-1.0,33.89,13.0,0.0,0.0,0.0,0.0,0.0,0.0,0.0
1.721315240950635e+18,1721315241000000000,-1.0,29.91,-1.0,12.31,-1.0,33.89,13.0,0.0,0.0,0.0,0.0,0.0,0.0,0.0
1.721315241000155e+18,1721315241033333333,-1.0,29.91,-1.0,12.31,-1.0,32.99,13.0,0.0,0.0,0.0,0.0,0.0,0.0,0.0
1.7213152410491566e+18,1721315241066666666,-1.0,29.91,-1.0,12.13,-1.0,35.94,14.0,0.0,0.0,0.0,0.0,0.0,0.0,0.0
1.7213152410986903e+18,1721315241100000000,-1.0,29.91,-1.0,12.31,-1.0,33.44,13.0,0.0,0.0,0.0,0.0,0.0,0.0,0.0
1.7213152410986903e+18,1721315241133333333,-1.0,29.91,-1.0,12.31,-1.0,33.44,13.0,0.0,0.0,0.0,0.0,0.0,0.0,0.0
1.7213152411476992e+18,1721315241166666666,-1.0,29.91,-1.0,12.66,-1.0,35.25,14.0,0.0,0.0,0.0,0.0,0.0,0.0,0.0
1.7213152411967204e+18,1721315241200000000,-1.0,29.7,-1.0,11.95,-1.0,36.63,13.0,0.0,0.0,0.0,0.0,0.0,0.0,0.0
1.7213152411967204e+18,1721315241233333333,-1.0,29.7,-1.0,11.95,-1.0,36.63,13.0,0.0,0.0,0.0,0.0,0.0,0.0,0.0
1.7213152412418222e+18,1721315241266666666,-1.0,29.7,-1.0,12.13,-1.0,36.4,14.0,0.0,0.0,0.0,0.0,0.0,0.0,0.0
1.721315241290826e+18,1721315241300000000,-1.0,29.91,-1.0,12.31,-1.0,34.11,14.0,0.0,0.0,0.0,0.0,0.0,0.0,0.0
1.721315241290826e+18,1721315241333333333,-1.0,29.91,-1.0,12.31,-1.0,34.11,14.0,0.0,0.0,0.0,0.0,0.0,0.0,0.0
1.7213152413403612e+18,1721315241366666666,-1.0,29.7,-1.0,11.95,-1.0,34.34,13.0,0.0,0.0,0.0,0.0,0.0,0.0,0.0
1.7213152413893583e+18,1721315241400000000,-1.0,29.7,-1.0,11.78,-1.0,53.28,13.0,0.0,0.0,0.0,0.0,0.0,0.0,0.0
1.7213152413893583e+18,1721315241433333333,-1.0,29.7,-1.0,11.78,-1.0,53.28,13.0,0.0,0.0,0.0,0.0,0.0,0.0,0.0
1.7213152414378936e+18,1721315241466666666,-1.0,29.91,-1.0,12.13,-1.0,53.28,14.0,0.0,0.0,0.0,0.0,0.0,0.0,0.0
1.721315241487908e+18,1721315241500000000,-1.0,29.7,-1.0,12.48,-1.0,58.91,13.0,0.0,0.0,0.0,0.0,0.0,0.0,0.0
1.721315241487908e+18,1721315241533333333,-1.0,29.7,-1.0,12.48,-1.0,58.91,13.0,0.0,0.0,0.0,0.0,0.0,0.0,0.0
1.7213152415364406e+18,1721315241566666666,-1.0,29.91,-1.0,13.02,-1.0,56.62,14.0,0.0,0.0,0.0,0.0,0.0,0.0,0.0
1.721315241585449e+18,1721315241600000000,-1.0,29.7,-1.0,14.28,-1.0,59.2,14.0,0.0,0.0,0.0,0.0,0.0,0.0,0.0
1.721315241585449e+18,1721315241633333333,-1.0,29.7,-1.0,14.28,-1.0,59.2,14.0,0.0,0.0,0.0,0.0,0.0,0.0,0.0
1.7213152416349606e+18,1721315241666666666,-1.0,29.7,-1.0,14.46,-1.0,75.41,14.0,0.0,0.0,0.0,0.0,0.0,0.0,0.0
1.7213152416839583e+18,1721315241700000000,-1.0,29.91,-1.0,14.46,-1.0,73.74,13.0,0.0,0.0,0.0,0.0,0.0,0.0,0.0
1.7213152416839583e+18,1721315241733333333,-1.0,29.91,-1.0,14.46,-1.0,73.74,13.0,0.0,0.0,0.0,0.0,0.0,0.0,0.0
1.7213152417334925e+18,1721315241766666666,-1.0,29.7,-1.0,14.1,-1.0,66.7,13.0,0.0,0.0,0.0,0.0,0.0,0.0,0.0
1.7213152417824773e+18,1721315241800000000,-1.0,29.7,-1.0,14.28,-1.0,56.34,13.0,0.0,0.0,0.0,0.0,0.0,0.0,0.0
1.7213152418315658e+18,1721315241833333333,-1.0,29.91,-1.0,14.64,-1.0,34.8,13.0,0.0,0.0,0.0,0.0,0.0,0.0,0.0
1.7213152418315658e+18,1721315241866666666,-1.0,29.91,-1.0,14.64,-1.0,34.8,13.0,0.0,0.0,0.0,0.0,0.0,0.0,0.0
1.7213152418805627e+18,1721315241900000000,-1.0,29.91,-1.0,14.82,-1.0,34.57,13.0,0.0,0.0,0.0,0.0,0.0,0.0,0.0
1.7213152419301668e+18,1721315241933333333,-1.0,29.7,-1.0,14.1,-1.0,34.57,13.0,0.0,0.0,0.0,0.0,0.0,0.0,0.0
1.7213152419301668e+18,1721315241966666666,-1.0,29.7,-1.0,14.1,-1.0,34.57,13.0,0.0,0.0,0.0,0.0,0.0,0.0,0.0
1.721315241979087e+18,1721315242000000000,-1.0,29.7,-1.0,14.46,-1.0,35.48,13.0,0.0,0.0,0.0,0.0,0.0,0.0,0.0
1.721315242023718e+18,1721315242033333333,-1.0,29.7,-1.0,14.28,-1.0,33.44,13.0,0.0,0.0,0.0,0.0,0.0,0.0,0.0
1.721315242023718e+18,1721315242066666666,-1.0,29.7,-1.0,14.28,-1.0,33.44,13.0,0.0,0.0,0.0,0.0,0.0,0.0,0.0
1.7213152420727178e+18,1721315242100000000,-1.0,29.7,-1.0,14.82,-1.0,37.8,13.0,0.0,0.0,0.0,0.0,0.0,0.0,0.0
1.7213152421222538e+18,1721315242133333333,-1.0,29.91,-1.0,14.64,-1.0,52.46,14.0,0.0,0.0,0.0,0.0,0.0,0.0,0.0
1.7213152421222538e+18,1721315242166666666,-1.0,29.91,-1.0,14.64,-1.0,52.46,14.0,0.0,0.0,0.0,0.0,0.0,0.0,0.0
1.721315242171256e+18,1721315242200000000,-1.0,29.91,-1.0,14.64,-1.0,54.94,14.0,0.0,0.0,0.0,0.0,0.0,0.0,0.0
1.7213152422207939e+18,1721315242233333333,-1.0,29.7,-1.0,14.1,-1.0,58.05,14.0,0.0,0.0,0.0,0.0,0.0,0.0,0.0
1.7213152422207939e+18,1721315242266666666,-1.0,29.7,-1.0,14.1,-1.0,58.05,14.0,0.0,0.0,0.0,0.0,0.0,0.0,0.0
1.721315242269793e+18,1721315242300000000,-1.0,29.91,-1.0,13.74,-1.0,60.95,14.0,0.0,0.0,0.0,0.0,0.0,0.0,0.0
1.7213152423193418e+18,1721315242333333333,-1.0,29.91,-1.0,14.46,-1.0,60.36,13.0,0.0,0.0,0.0,0.0,0.0,0.0,0.0
1.7213152423193418e+18,1721315242366666666,-1.0,29.91,-1.0,14.46,-1.0,60.36,13.0,0.0,0.0,0.0,0.0,0.0,0.0,0.0
1.721315242368347e+18,1721315242400000000,-1.0,29.7,-1.0,13.92,-1.0,60.66,13.0,0.0,0.0,0.0,0.0,0.0,0.0,0.0
1.7213152424168952e+18,1721315242433333333,-1.0,29.7,-1.0,14.1,-1.0,61.25,14.0,0.0,0.0,0.0,0.0,0.0,0.0,0.0
1.7213152424659643e+18,1721315242466666666,-1.0,29.91,-1.0,13.92,-1.0,54.38,13.0,0.0,0.0,0.0,0.0,0.0,0.0,0.0
1.7213152424659643e+18,1721315242500000000,-1.0,29.91,-1.0,13.92,-1.0,54.38,13.0,0.0,0.0,0.0,0.0,0.0,0.0,0.0
1.7213152425154414e+18,1721315242533333333,-1.0,29.7,-1.0,14.28,-1.0,54.38,14.0,0.0,0.0,0.0,0.0,0.0,0.0,0.0
1.7213152425644493e+18,1721315242566666666,-1.0,29.7,-1.0,14.1,-1.0,38.27,14.0,0.0,0.0,0.0,0.0,0.0,0.0,0.0
1.7213152425644493e+18,1721315242600000000,-1.0,29.7,-1.0,14.1,-1.0,38.27,14.0,0.0,0.0,0.0,0.0,0.0,0.0,0.0
1.721315242613972e+18,1721315242633333333,-1.0,29.7,-1.0,14.28,-1.0,35.25,14.0,0.0,0.0,0.0,0.0,0.0,0.0,0.0
1.7213152426629596e+18,1721315242666666666,-1.0,29.91,-1.0,14.1,-1.0,35.94,14.0,0.0,0.0,0.0,0.0,0.0,0.0,0.0
1.7213152426629596e+18,1721315242700000000,-1.0,29.91,-1.0,14.1,-1.0,35.94,14.0,0.0,0.0,0.0,0.0,0.0,0.0,0.0
1.7213152427124872e+18,1721315242733333333,-1.0,29.91,-1.0,14.28,-1.0,36.87,13.0,0.0,0.0,0.0,0.0,0.0,0.0,0.0
1.7213152427574948e+18,1721315242766666666,-1.0,29.7,-1.0,14.1,-1.0,35.94,13.0,0.0,0.0,0.0,0.0,0.0,0.0,0.0
1.7213152427574948e+18,1721315242800000000,-1.0,29.7,-1.0,14.1,-1.0,35.94,13.0,0.0,0.0,0.0,0.0,0.0,0.0,0.0
1.7213152428062438e+18,1721315242833333333,-1.0,29.7,-1.0,14.28,-1.0,35.71,13.0,0.0,0.0,0.0,0.0,0.0,0.0,0.0
1.7213152428555965e+18,1721315242866666666,-1.0,29.91,-1.0,13.56,-1.0,34.8,13.0,0.0,0.0,0.0,0.0,0.0,0.0,0.0
1.7213152428555965e+18,1721315242900000000,-1.0,29.91,-1.0,13.56,-1.0,34.8,13.0,0.0,0.0,0.0,0.0,0.0,0.0,0.0
1.7213152429051423e+18,1721315242933333333,-1.0,29.7,-1.0,14.82,-1.0,33.66,14.0,0.0,0.0,0.0,0.0,0.0,0.0,0.0
1.7213152429541437e+18,1721315242966666666,-1.0,29.91,-1.0,15.56,-1.0,27.36,13.0,0.0,0.0,0.0,0.0,0.0,0.0,0.0
1.7213152429541437e+18,1721315243000000000,-1.0,29.91,-1.0,15.56,-1.0,27.36,13.0,0.0,0.0,0.0,0.0,0.0,0.0,0.0
1.721315243002691e+18,1721315243033333333,-1.0,29.91,-1.0,15.56,-1.0,26.73,13.0,0.0,0.0,0.0,0.0,0.0,0.0,0.0
1.7213152430516882e+18,1721315243066666666,-1.0,29.7,-1.0,15.37,-1.0,23.25,13.0,0.0,0.0,0.0,0.0,0.0,0.0,0.0
1.7213152430516882e+18,1721315243100000000,-1.0,29.7,-1.0,15.37,-1.0,23.25,13.0,0.0,0.0,0.0,0.0,0.0,0.0,0.0
1.7213152431009093e+18,1721315243133333333,-1.0,29.7,-1.0,15.37,-1.0,25.07,14.0,0.0,0.0,0.0,0.0,0.0,0.0,0.0
1.7213152431498998e+18,1721315243166666666,-1.0,29.91,-1.0,15.19,-1.0,26.52,14.0,0.0,0.0,0.0,0.0,0.0,0.0,0.0
1.7213152431999112e+18,1721315243200000000,-1.0,29.7,-1.0,14.82,-1.0,35.48,13.0,0.0,0.0,0.0,0.0,0.0,0.0,0.0
1.7213152431999112e+18,1721315243233333333,-1.0,29.7,-1.0,14.82,-1.0,35.48,13.0,0.0,0.0,0.0,0.0,0.0,0.0,0.0
1.721315243249016e+18,1721315243266666666,-1.0,29.7,-1.0,15.19,-1.0,40.18,14.0,0.0,0.0,0.0,0.0,0.0,0.0,0.0
1.721315243298029e+18,1721315243300000000,-1.0,29.91,-1.0,13.56,-1.0,41.39,14.0,0.0,0.0,0.0,0.0,0.0,0.0,0.0
1.721315243298029e+18,1721315243333333333,-1.0,29.91,-1.0,13.56,-1.0,41.39,14.0,0.0,0.0,0.0,0.0,0.0,0.0,0.0
1.7213152433465738e+18,1721315243366666666,-1.0,29.7,-1.0,13.74,-1.0,45.12,13.0,0.0,0.0,0.0,0.0,0.0,0.0,0.0
1.721315243395573e+18,1721315243400000000,-1.0,29.7,-1.0,13.38,-1.0,40.66,14.0,0.0,0.0,0.0,0.0,0.0,0.0,0.0
1.721315243395573e+18,1721315243433333333,-1.0,29.7,-1.0,13.38,-1.0,40.66,14.0,0.0,0.0,0.0,0.0,0.0,0.0,0.0
1.7213152434452485e+18,1721315243466666666,-1.0,29.7,-1.0,13.38,-1.0,53.28,14.0,0.0,0.0,0.0,0.0,0.0,0.0,0.0
1.721315243494256e+18,1721315243500000000,-1.0,29.7,-1.0,13.2,-1.0,43.86,13.0,0.0,0.0,0.0,0.0,0.0,0.0,0.0
1.721315243494256e+18,1721315243533333333,-1.0,29.7,-1.0,13.2,-1.0,43.86,13.0,0.0,0.0,0.0,0.0,0.0,0.0,0.0
1.7213152435398093e+18,1721315243566666666,-1.0,29.7,-1.0,13.38,-1.0,38.75,14.0,0.0,0.0,0.0,0.0,0.0,0.0,0.0
1.7213152435888005e+18,1721315243600000000,-1.0,29.7,-1.0,13.2,-1.0,38.75,13.0,0.0,0.0,0.0,0.0,0.0,0.0,0.0
1.7213152435888005e+18,1721315243633333333,-1.0,29.7,-1.0,13.2,-1.0,38.75,13.0,0.0,0.0,0.0,0.0,0.0,0.0,0.0
1.7213152436374487e+18,1721315243666666666,-1.0,29.7,-1.0,12.84,-1.0,38.51,14.0,0.0,0.0,0.0,0.0,0.0,0.0,0.0
1.72131524368645e+18,1721315243700000000,-1.0,29.7,-1.0,12.84,-1.0,38.98,13.0,0.0,0.0,0.0,0.0,0.0,0.0,0.0
1.72131524368645e+18,1721315243733333333,-1.0,29.7,-1.0,12.84,-1.0,38.98,13.0,0.0,0.0,0.0,0.0,0.0,0.0,0.0
1.7213152437360806e+18,1721315243766666666,-1.0,29.7,-1.0,12.84,-1.0,38.98,13.0,0.0,0.0,0.0,0.0,0.0,0.0,0.0
1.7213152437849836e+18,1721315243800000000,-1.0,29.91,-1.0,12.84,-1.0,38.75,14.0,0.0,0.0,0.0,0.0,0.0,0.0,0.0
1.7213152437849836e+18,1721315243833333333,-1.0,29.91,-1.0,12.84,-1.0,38.75,14.0,0.0,0.0,0.0,0.0,0.0,0.0,0.0
1.7213152438342144e+18,1721315243866666666,-1.0,29.91,-1.0,12.66,-1.0,39.22,13.0,0.0,0.0,0.0,0.0,0.0,0.0,0.0
1.721315243883207e+18,1721315243900000000,-1.0,29.91,-1.0,12.66,-1.0,27.15,13.0,0.0,0.0,0.0,0.0,0.0,0.0,0.0
1.7213152439327675e+18,1721315243933333333,-1.0,29.91,-1.0,13.02,-1.0,20.87,14.0,0.0,0.0,0.0,0.0,0.0,0.0,0.0
1.7213152439327675e+18,1721315243966666666,-1.0,29.91,-1.0,13.02,-1.0,20.87,14.0,0.0,0.0,0.0,0.0,0.0,0.0,0.0
1.7213152439697759e+18,1721315244000000000,-1.0,29.7,-1.0,12.84,-1.0,-1.0,13.0,0.0,0.0,0.0,0.0,0.0,0.0,0.0
1.72131524400632e+18,1721315244033333333,-1.0,29.7,-1.0,13.2,-1.0,-1.0,13.0,0.0,0.0,0.0,0.0,0.0,0.0,0.0
1.721315244043313e+18,1721315244066666666,-1.0,29.7,-1.0,13.2,-1.0,-1.0,14.0,0.0,0.0,0.0,0.0,0.0,0.0,0.0
1.7213152440759867e+18,1721315244100000000,-1.0,29.7,-1.0,13.02,-1.0,-1.0,13.0,0.0,0.0,0.0,0.0,0.0,0.0,0.0
1.7213152441125391e+18,1721315244133333333,-1.0,29.7,-1.0,12.84,-1.0,-1.0,13.0,0.0,0.0,0.0,0.0,0.0,0.0,0.0
1.7213152441495283e+18,1721315244166666666,-1.0,29.7,-1.0,12.84,-1.0,-1.0,13.0,0.0,0.0,0.0,0.0,0.0,0.0,0.0
1.7213152441865341e+18,1721315244200000000,-1.0,29.7,-1.0,13.2,-1.0,-1.0,13.0,0.0,0.0,0.0,0.0,0.0,0.0,0.0
1.721315244223062e+18,1721315244233333333,-1.0,29.7,-1.0,12.66,-1.0,-1.0,14.0,0.0,0.0,0.0,0.0,0.0,0.0,0.0
1.721315244260061e+18,1721315244266666666,-1.0,29.7,-1.0,12.66,-1.0,-1.0,13.0,0.0,0.0,0.0,0.0,0.0,0.0,0.0
1.7213152442970744e+18,1721315244300000000,-1.0,29.7,-1.0,12.48,-1.0,-1.0,13.0,0.0,0.0,0.0,0.0,0.0,0.0,0.0
1.7213152442970744e+18,1721315244333333333,-1.0,29.7,-1.0,12.48,-1.0,-1.0,13.0,0.0,0.0,0.0,0.0,0.0,0.0,0.0
1.7213152443336023e+18,1721315244366666666,-1.0,29.7,-1.0,12.13,-1.0,-1.0,13.0,0.0,0.0,0.0,0.0,0.0,0.0,0.0
1.7213152443705938e+18,1721315244400000000,-1.0,29.7,-1.0,12.13,-1.0,-1.0,13.0,0.0,0.0,0.0,0.0,0.0,0.0,0.0
1.721315244404121e+18,1721315244433333333,-1.0,29.91,-1.0,11.6,-1.0,-1.0,13.0,0.0,0.0,0.0,0.0,0.0,0.0,0.0
1.7213152444401234e+18,1721315244466666666,-1.0,29.7,-1.0,11.43,-1.0,-1.0,13.0,0.0,0.0,0.0,0.0,0.0,0.0,0.0
1.7213152444771387e+18,1721315244500000000,-1.0,29.7,-1.0,11.43,-1.0,-1.0,13.0,0.0,0.0,0.0,0.0,0.0,0.0,0.0
1.721315244514646e+18,1721315244533333333,-1.0,29.7,-1.0,11.78,-1.0,-1.0,13.0,0.0,0.0,0.0,0.0,0.0,0.0,0.0
1.7213152445506483e+18,1721315244566666666,-1.0,29.7,-1.0,29.91,-1.0,-1.0,13.0,0.0,0.0,0.0,0.0,0.0,0.0,0.0
1.7213152445886577e+18,1721315244600000000,-1.0,29.91,-1.0,26.73,-1.0,-1.0,13.0,0.0,0.0,0.0,0.0,0.0,0.0,0.0
1.721315244625173e+18,1721315244633333333,-1.0,29.7,-1.0,33.66,-1.0,-1.0,13.0,0.0,0.0,0.0,0.0,0.0,0.0,0.0
1.7213152446611725e+18,1721315244666666666,-1.0,29.7,-1.0,35.25,-1.0,-1.0,13.0,0.0,0.0,0.0,0.0,0.0,0.0,0.0
1.7213152446982582e+18,1721315244700000000,-1.0,29.91,-1.0,34.11,-1.0,-1.0,13.0,0.0,0.0,0.0,0.0,0.0,0.0,0.0
1.7213152447317921e+18,1721315244733333333,-1.0,29.7,-1.0,36.4,-1.0,-1.0,13.0,0.0,0.0,0.0,0.0,0.0,0.0,0.0
1.7213152447317921e+18,1721315244766666666,-1.0,29.7,-1.0,36.4,-1.0,-1.0,13.0,0.0,0.0,0.0,0.0,0.0,0.0,0.0
1.721315244767798e+18,1721315244800000000,-1.0,29.7,-1.0,37.1,-1.0,-1.0,13.0,0.0,0.0,0.0,0.0,0.0,0.0,0.0
1.7213152448053417e+18,1721315244833333333,-1.0,29.91,-1.0,35.94,-1.0,-1.0,13.0,0.0,0.0,0.0,0.0,0.0,0.0,0.0
1.7213152448423386e+18,1721315244866666666,-1.0,29.7,-1.0,29.7,-1.0,-1.0,13.0,0.0,0.0,0.0,0.0,0.0,0.0,0.0
1.721315244878335e+18,1721315244900000000,-1.0,29.7,-1.0,25.07,-1.0,-1.0,13.0,0.0,0.0,0.0,0.0,0.0,0.0,0.0
1.7213152449158866e+18,1721315244933333333,-1.0,29.7,-1.0,55.5,-1.0,-1.0,13.0,0.0,0.0,0.0,0.0,0.0,0.0,0.0
1.7213152449528868e+18,1721315244966666666,-1.0,29.7,-1.0,288.95,-1.0,-1.0,13.0,0.0,0.0,0.0,0.0,0.0,0.0,0.0
1.7213152449899036e+18,1721315245000000000,-1.0,29.91,-1.0,656.35,-1.0,-1.0,13.0,0.0,0.0,0.0,0.0,0.0,0.0,0.0
1.7213152450304317e+18,1721315245033333333,-1.0,29.7,-1.0,1632.46,-1.0,-1.0,13.0,0.0,0.0,0.0,0.0,0.0,0.0,0.0
1.7213152450304317e+18,1721315245066666666,-1.0,29.7,-1.0,1632.46,-1.0,-1.0,13.0,0.0,0.0,0.0,0.0,0.0,0.0,0.0
1.7213152450672402e+18,1721315245100000000,-1.0,29.7,-1.0,2411.11,-1.0,-1.0,13.0,0.0,0.0,0.0,0.0,0.0,0.0,0.0
1.721315245103798e+18,1721315245133333333,-1.0,29.7,-1.0,3094.46,-1.0,-1.0,13.0,0.0,0.0,0.0,1.0,0.0,0.0,0.0
1.721315245144792e+18,1721315245166666666,-1.0,29.7,-1.0,3541.41,-1.0,-1.0,13.0,0.0,0.0,0.0,1.0,0.0,0.0,0.0
1.7213152451817925e+18,1721315245200000000,-1.0,29.7,-1.0,3925.51,-1.0,-1.0,13.0,0.0,0.0,0.0,1.0,0.0,0.0,0.0
1.721315245222333e+18,1721315245233333333,-1.0,29.7,-1.0,4064.44,-1.0,-1.0,13.0,0.0,0.0,0.0,1.0,0.0,0.0,0.0
1.721315245259326e+18,1721315245266666666,-1.0,29.7,-1.0,4209.41,-1.0,-1.0,13.0,0.0,0.0,0.0,1.0,0.0,0.0,0.0
1.721315245259326e+18,1721315245300000000,-1.0,29.7,-1.0,4209.41,-1.0,-1.0,13.0,0.0,0.0,0.0,1.0,0.0,0.0,0.0
1.7213152453088924e+18,1721315245333333333,-1.0,29.7,-1.0,4519.12,-1.0,0.3,13.0,0.0,0.0,0.0,1.0,0.0,0.0,0.0
1.7213152453498813e+18,1721315245366666666,-1.0,30.35,-1.0,4360.83,-1.0,-1.0,13.0,0.0,0.0,0.0,1.0,0.0,0.0,0.0
1.7213152453868982e+18,1721315245400000000,-1.0,29.7,-1.0,4209.41,-1.0,-1.0,13.0,0.0,0.0,0.0,1.0,0.0,0.0,0.0
1.7213152454234342e+18,1721315245433333333,-1.0,29.91,-1.0,4209.41,-1.0,-1.0,14.0,0.0,0.0,0.0,1.0,0.0,0.0,0.0
1.7213152454234342e+18,1721315245466666666,-1.0,29.91,-1.0,4209.41,-1.0,-1.0,14.0,0.0,0.0,0.0,1.0,0.0,0.0,0.0
1.7213152454764388e+18,1721315245500000000,-1.0,29.7,-1.0,3925.51,0.3,-1.0,13.0,0.0,0.0,0.0,1.0,0.0,0.0,0.0
1.7213152455139948e+18,1721315245533333333,-1.0,29.7,-1.0,4064.44,-1.0,-1.0,13.0,0.0,0.0,0.0,1.0,0.0,0.0,0.0
1.7213152455499863e+18,1721315245566666666,-1.0,29.91,-1.0,3925.51,-1.0,-1.0,13.0,0.0,0.0,0.0,1.0,0.0,0.0,0.0
1.7213152455910277e+18,1721315245600000000,-1.0,29.7,-1.0,3792.26,-1.0,-1.0,14.0,0.0,0.0,0.0,1.0,0.0,0.0,0.0
1.7213152456285335e+18,1721315245633333333,-1.0,29.91,-1.0,3792.26,-1.0,-1.0,13.0,0.0,0.0,0.0,1.0,0.0,0.0,0.0
1.7213152456285335e+18,1721315245666666666,-1.0,29.91,-1.0,3792.26,-1.0,-1.0,13.0,0.0,0.0,0.0,1.0,0.0,0.0,0.0
1.721315245669539e+18,1721315245700000000,-1.0,29.91,-1.0,3541.41,-1.0,-1.0,14.0,0.0,0.0,0.0,1.0,0.0,0.0,0.0
1.7213152457060933e+18,1721315245733333333,-1.0,29.91,-1.0,3423.23,-1.0,-1.0,13.0,0.0,0.0,0.0,1.0,0.0,0.0,0.0
1.7213152457430907e+18,1721315245766666666,-1.0,29.91,-1.0,3094.46,-1.0,-1.0,13.0,0.0,0.0,0.0,1.0,0.0,0.0,0.0
1.7213152457840924e+18,1721315245800000000,-1.0,29.7,-1.0,2588.13,-1.0,-1.0,13.0,0.0,0.0,0.0,0.0,0.0,0.0,0.0
1.7213152458206615e+18,1721315245833333333,-1.0,29.7,-1.0,2292.65,-1.0,-1.0,13.0,0.0,0.0,0.0,0.0,0.0,0.0,0.0
1.721315245861647e+18,1721315245866666666,-1.0,29.91,-1.0,1994.9,-1.0,-1.0,13.0,0.0,0.0,0.0,0.0,0.0,0.0,0.0
1.721315245898666e+18,1721315245900000000,-1.0,29.91,-1.0,1652.78,-1.0,-1.0,13.0,0.0,0.0,0.0,0.0,0.0,0.0,0.0
1.721315245898666e+18,1721315245933333333,-1.0,29.91,-1.0,1652.78,-1.0,-1.0,13.0,0.0,0.0,0.0,0.0,0.0,0.0,0.0
1.7213152459357343e+18,1721315245966666666,-1.0,29.7,-1.0,1159.6,-1.0,-1.0,13.0,0.0,0.0,0.0,0.0,0.0,0.0,0.0
1.7213152459724321e+18,1721315246000000000,-1.0,29.91,-1.0,681.99,-1.0,-1.0,13.0,0.0,0.0,0.0,0.0,0.0,0.0,0.0
1.7213152460129613e+18,1721315246033333333,-1.0,29.7,-1.0,248.34,-1.0,-1.0,13.0,0.0,0.0,0.0,0.0,0.0,0.0,0.0
1.7213152460459615e+18,1721315246066666666,-1.0,29.7,-1.0,60.95,-1.0,-1.0,13.0,0.0,0.0,0.0,0.0,0.0,0.0,0.0
1.7213152460829627e+18,1721315246100000000,-1.0,29.91,-1.0,35.25,-1.0,-1.0,13.0,0.0,0.0,0.0,0.0,0.0,0.0,0.0
1.7213152461195238e+18,1721315246133333333,-1.0,29.91,-1.0,24.87,-1.0,-1.0,13.0,0.0,0.0,0.0,0.0,0.0,0.0,0.0
1.7213152461565166e+18,1721315246166666666,-1.0,29.7,-1.0,24.05,-1.0,-1.0,13.0,0.0,0.0,0.0,0.0,0.0,0.0,0.0
1.7213152461935288e+18,1721315246200000000,-1.0,29.7,-1.0,21.26,-1.0,-1.0,14.0,0.0,0.0,0.0,0.0,0.0,0.0,0.0
1.7213152462300639e+18,1721315246233333333,-1.0,29.91,-1.0,18.17,-1.0,-1.0,13.0,0.0,0.0,0.0,0.0,0.0,0.0,0.0
1.7213152462300639e+18,1721315246266666666,-1.0,29.91,-1.0,18.17,-1.0,-1.0,13.0,0.0,0.0,0.0,0.0,0.0,0.0,0.0
1.7213152462670628e+18,1721315246300000000,-1.0,29.91,-1.0,17.79,-1.0,-1.0,13.0,0.0,0.0,0.0,0.0,0.0,0.0,0.0
1.7213152463046085e+18,1721315246333333333,-1.0,29.7,-1.0,18.74,-1.0,-1.0,13.0,0.0,0.0,0.0,0.0,0.0,0.0,0.0
1.7213152463406065e+18,1721315246366666666,-1.0,29.7,-1.0,15.37,-1.0,-1.0,13.0,0.0,0.0,0.0,0.0,0.0,0.0,0.0
1.721315246373609e+18,1721315246400000000,-1.0,29.91,-1.0,13.02,-1.0,-1.0,13.0,0.0,0.0,0.0,0.0,0.0,0.0,0.0
1.721315246423156e+18,1721315246433333333,-1.0,29.91,-1.0,15.56,-1.0,2.31,13.0,0.0,0.0,0.0,0.0,0.0,0.0,0.0
1.721315246423156e+18,1721315246466666666,-1.0,29.91,-1.0,15.56,-1.0,2.31,13.0,0.0,0.0,0.0,0.0,0.0,0.0,0.0
1.721315246472152e+18,1721315246500000000,-1.0,29.91,-1.0,19.12,-1.0,8.67,13.0,0.0,0.0,0.0,0.0,0.0,0.0,0.0
1.7213152465215593e+18,1721315246533333333,-1.0,29.7,-1.0,22.25,-1.0,16.85,13.0,0.0,0.0,0.0,0.0,0.0,0.0,0.0
1.7213152465215593e+18,1721315246566666666,-1.0,29.7,-1.0,22.25,-1.0,16.85,13.0,0.0,0.0,0.0,0.0,0.0,0.0,0.0
1.7213152465705626e+18,1721315246600000000,-1.0,29.91,-1.0,19.7,-1.0,16.67,13.0,0.0,0.0,0.0,0.0,0.0,0.0,0.0
1.72131524661912e+18,1721315246633333333,-1.0,29.7,-1.0,15.56,-1.0,18.74,13.0,0.0,0.0,0.0,0.0,0.0,0.0,0.0
1.72131524661912e+18,1721315246666666666,-1.0,29.7,-1.0,15.56,-1.0,18.74,13.0,0.0,0.0,0.0,0.0,0.0,0.0,0.0
1.7213152466691162e+18,1721315246700000000,-1.0,29.7,-1.0,17.98,-1.0,20.09,13.0,0.0,0.0,0.0,0.0,0.0,0.0,0.0
1.7213152467176684e+18,1721315246733333333,-1.0,29.7,-1.0,18.36,-1.0,26.1,13.0,0.0,0.0,0.0,0.0,0.0,0.0,0.0
1.7213152467626816e+18,1721315246766666666,-1.0,29.91,-1.0,20.67,-1.0,29.48,13.0,0.0,0.0,0.0,0.0,0.0,0.0,0.0
1.7213152467626816e+18,1721315246800000000,-1.0,29.91,-1.0,20.67,-1.0,29.48,13.0,0.0,0.0,0.0,0.0,0.0,0.0,0.0
1.721315246812211e+18,1721315246833333333,-1.0,29.91,-1.0,13.56,-1.0,28.41,13.0,0.0,0.0,0.0,0.0,0.0,0.0,0.0
1.7213152468608333e+18,1721315246866666666,-1.0,29.91,-1.0,13.92,-1.0,30.35,13.0,0.0,0.0,0.0,0.0,0.0,0.0,0.0
1.7213152468608333e+18,1721315246900000000,-1.0,29.91,-1.0,13.92,-1.0,30.35,13.0,0.0,0.0,0.0,0.0,0.0,0.0,0.0
1.7213152469103798e+18,1721315246933333333,-1.0,29.7,-1.0,13.74,-1.0,28.41,13.0,0.0,0.0,0.0,0.0,0.0,0.0,0.0
1.721315246959379e+18,1721315246966666666,-1.0,29.91,-1.0,13.74,-1.0,29.7,13.0,0.0,0.0,0.0,0.0,0.0,0.0,0.0
1.721315246959379e+18,1721315247000000000,-1.0,29.91,-1.0,13.74,-1.0,29.7,13.0,0.0,0.0,0.0,0.0,0.0,0.0,0.0
1.7213152470089144e+18,1721315247033333333,-1.0,29.7,-1.0,14.28,-1.0,29.91,13.0,0.0,0.0,0.0,0.0,0.0,0.0,0.0
1.721315247057914e+18,1721315247066666666,-1.0,29.7,-1.0,15.37,-1.0,45.62,13.0,0.0,0.0,0.0,0.0,0.0,0.0,0.0
1.721315247057914e+18,1721315247100000000,-1.0,29.7,-1.0,15.37,-1.0,45.62,13.0,0.0,0.0,0.0,0.0,0.0,0.0,0.0
1.721315247107448e+18,1721315247133333333,-1.0,29.7,-1.0,15.92,-1.0,46.39,13.0,0.0,0.0,0.0,0.0,0.0,0.0,0.0
1.7213152471564506e+18,1721315247166666666,-1.0,29.91,-1.0,17.23,-1.0,48.99,13.0,0.0,0.0,0.0,0.0,0.0,0.0,0.0
1.7213152471564506e+18,1721315247200000000,-1.0,29.91,-1.0,17.23,-1.0,48.99,13.0,0.0,0.0,0.0,0.0,0.0,0.0,0.0
1.7213152472052132e+18,1721315247233333333,-1.0,29.91,-1.0,17.23,-1.0,47.16,13.0,0.0,0.0,0.0,0.0,0.0,0.0,0.0
1.7213152472547095e+18,1721315247266666666,-1.0,29.91,-1.0,16.29,-1.0,48.72,13.0,0.0,0.0,0.0,0.0,0.0,0.0,0.0
1.7213152472547095e+18,1721315247300000000,-1.0,29.91,-1.0,16.29,-1.0,48.72,13.0,0.0,0.0,0.0,0.0,0.0,0.0,0.0
1.7213152473032312e+18,1721315247333333333,-1.0,29.91,-1.0,15.92,-1.0,52.46,13.0,0.0,0.0,0.0,0.0,0.0,0.0,0.0
1.7213152473522447e+18,1721315247366666666,-1.0,30.13,-1.0,20.48,-1.0,50.58,13.0,0.0,0.0,0.0,0.0,0.0,0.0,0.0
1.7213152473522447e+18,1721315247400000000,-1.0,30.13,-1.0,20.48,-1.0,50.58,13.0,0.0,0.0,0.0,0.0,0.0,0.0,0.0
1.7213152474012431e+18,1721315247433333333,-1.0,29.91,-1.0,17.98,-1.0,51.11,13.0,0.0,0.0,0.0,0.0,0.0,0.0,0.0
1.7213152474507597e+18,1721315247466666666,-1.0,29.91,-1.0,16.85,-1.0,32.55,13.0,0.0,0.0,0.0,0.0,0.0,0.0,0.0
1.7213152474957724e+18,1721315247500000000,-1.0,29.91,-1.0,13.56,-1.0,33.89,14.0,0.0,0.0,0.0,0.0,0.0,0.0,0.0
1.7213152474957724e+18,1721315247533333333,-1.0,29.91,-1.0,13.56,-1.0,33.89,14.0,0.0,0.0,0.0,0.0,0.0,0.0,0.0
1.7213152475453228e+18,1721315247566666666,-1.0,29.91,-1.0,13.2,-1.0,33.66,13.0,0.0,0.0,0.0,0.0,0.0,0.0,0.0
1.7213152475943204e+18,1721315247600000000,-1.0,29.91,-1.0,15.37,-1.0,32.32,13.0,0.0,0.0,0.0,0.0,0.0,0.0,0.0
1.7213152475943204e+18,1721315247633333333,-1.0,29.91,-1.0,15.37,-1.0,32.32,13.0,0.0,0.0,0.0,0.0,0.0,0.0,0.0
1.7213152476438295e+18,1721315247666666666,-1.0,29.91,-1.0,14.64,-1.0,28.63,13.0,0.0,0.0,0.0,0.0,0.0,0.0,0.0
1.7213152476928458e+18,1721315247700000000,-1.0,29.91,-1.0,13.92,-1.0,30.13,13.0,0.0,0.0,0.0,0.0,0.0,0.0,0.0
1.7213152476928458e+18,1721315247733333333,-1.0,29.91,-1.0,13.92,-1.0,30.13,13.0,0.0,0.0,0.0,0.0,0.0,0.0,0.0
1.7213152477413857e+18,1721315247766666666,-1.0,29.91,-1.0,11.6,-1.0,23.25,13.0,0.0,0.0,0.0,0.0,0.0,0.0,0.0
1.7213152477903808e+18,1721315247800000000,-1.0,29.7,-1.0,9.69,-1.0,24.66,13.0,0.0,0.0,0.0,0.0,0.0,0.0,0.0
1.7213152477903808e+18,1721315247833333333,-1.0,29.7,-1.0,9.69,-1.0,24.66,13.0,0.0,0.0,0.0,0.0,0.0,0.0,0.0
1.7213152478405614e+18,1721315247866666666,-1.0,29.91,-1.0,11.25,-1.0,21.26,13.0,0.0,0.0,0.0,0.0,0.0,0.0,0.0
1.7213152478895718e+18,1721315247900000000,-1.0,29.7,-1.0,10.21,-1.0,14.64,13.0,0.0,0.0,0.0,0.0,0.0,0.0,0.0
1.7213152478895718e+18,1721315247933333333,-1.0,29.7,-1.0,10.21,-1.0,14.64,13.0,0.0,0.0,0.0,0.0,0.0,0.0,0.0
1.7213152479341207e+18,1721315247966666666,-1.0,29.7,-1.0,12.13,-1.0,3.1,13.0,0.0,0.0,0.0,0.0,0.0,0.0,0.0
1.7213152479711188e+18,1721315248000000000,-1.0,29.7,-1.0,12.66,-1.0,-1.0,13.0,0.0,0.0,0.0,0.0,0.0,0.0,0.0
1.721315248007648e+18,1721315248033333333,-1.0,29.7,-1.0,12.48,-1.0,-1.0,13.0,0.0,0.0,0.0,0.0,0.0,0.0,0.0
1.7213152480446572e+18,1721315248066666666,-1.0,29.91,-1.0,13.74,-1.0,-1.0,13.0,0.0,0.0,0.0,0.0,0.0,0.0,0.0
1.7213152480816594e+18,1721315248100000000,-1.0,29.7,-1.0,12.84,-1.0,-1.0,13.0,0.0,0.0,0.0,0.0,0.0,0.0,0.0
1.7213152481181893e+18,1721315248133333333,-1.0,29.7,-1.0,13.02,-1.0,-1.0,13.0,0.0,0.0,0.0,0.0,0.0,0.0,0.0
1.7213152481181893e+18,1721315248166666666,-1.0,29.7,-1.0,13.02,-1.0,-1.0,13.0,0.0,0.0,0.0,0.0,0.0,0.0,0.0
1.721315248167189e+18,1721315248200000000,-1.0,29.91,-1.0,13.92,-1.0,1.69,13.0,0.0,0.0,0.0,0.0,0.0,0.0,0.0
1.721315248212773e+18,1721315248233333333,-1.0,29.91,-1.0,12.66,-1.0,3.9,13.0,0.0,0.0,0.0,0.0,0.0,0.0,0.0
1.7213152482617623e+18,1721315248266666666,-1.0,29.7,-1.0,11.78,-1.0,3.58,13.0,0.0,0.0,0.0,0.0,0.0,0.0,0.0
1.7213152482617623e+18,1721315248300000000,-1.0,29.7,-1.0,11.78,-1.0,3.58,13.0,0.0,0.0,0.0,0.0,0.0,0.0,0.0
1.7213152483113052e+18,1721315248333333333,-1.0,29.91,-1.0,12.84,-1.0,8.5,13.0,0.0,0.0,0.0,0.0,0.0,0.0,0.0
1.721315248356309e+18,1721315248366666666,-1.0,29.91,-1.0,13.2,-1.0,9.01,13.0,0.0,0.0,0.0,0.0,0.0,0.0,0.0
1.721315248356309e+18,1721315248400000000,-1.0,29.91,-1.0,13.2,-1.0,9.01,13.0,0.0,0.0,0.0,0.0,0.0,0.0,0.0
1.7213152484056274e+18,1721315248433333333,-1.0,29.91,-1.0,12.66,-1.0,13.74,13.0,0.0,0.0,0.0,0.0,0.0,0.0,0.0
1.7213152484546335e+18,1721315248466666666,-1.0,29.7,-1.0,12.13,-1.0,16.85,13.0,0.0,0.0,0.0,0.0,0.0,0.0,0.0
1.7213152484546335e+18,1721315248500000000,-1.0,29.7,-1.0,12.13,-1.0,16.85,13.0,0.0,0.0,0.0,0.0,0.0,0.0,0.0
1.7213152485036416e+18,1721315248533333333,-1.0,29.91,-1.0,12.13,-1.0,17.23,13.0,0.0,0.0,0.0,0.0,0.0,0.0,0.0
1.7213152485529725e+18,1721315248566666666,-1.0,29.91,-1.0,13.02,-1.0,20.28,13.0,0.0,0.0,0.0,0.0,0.0,0.0,0.0
1.7213152485529725e+18,1721315248600000000,-1.0,29.91,-1.0,13.02,-1.0,20.28,13.0,0.0,0.0,0.0,0.0,0.0,0.0,0.0
1.721315248601986e+18,1721315248633333333,-1.0,29.91,-1.0,12.31,-1.0,28.84,13.0,0.0,0.0,0.0,0.0,0.0,0.0,0.0
1.7213152486515e+18,1721315248666666666,-1.0,29.91,-1.0,12.84,-1.0,30.13,13.0,0.0,0.0,0.0,0.0,0.0,0.0,0.0
1.7213152486515e+18,1721315248700000000,-1.0,29.91,-1.0,12.84,-1.0,30.13,13.0,0.0,0.0,0.0,0.0,0.0,0.0,0.0
1.7213152487005256e+18,1721315248733333333,-1.0,29.91,-1.0,9.69,-1.0,29.05,13.0,0.0,0.0,0.0,0.0,0.0,0.0,0.0
1.7213152487450614e+18,1721315248766666666,-1.0,29.91,-1.0,9.35,-1.0,35.02,13.0,0.0,0.0,0.0,0.0,0.0,0.0,0.0
1.7213152487946312e+18,1721315248800000000,-1.0,29.91,-1.0,9.52,-1.0,30.35,13.0,0.0,0.0,0.0,0.0,0.0,0.0,0.0
1.7213152487946312e+18,1721315248833333333,-1.0,29.91,-1.0,9.52,-1.0,30.35,13.0,0.0,0.0,0.0,0.0,0.0,0.0,0.0
1.7213152488437043e+18,1721315248866666666,-1.0,29.91,-1.0,9.86,-1.0,32.77,13.0,0.0,0.0,0.0,0.0,0.0,0.0,0.0
1.721315248892733e+18,1721315248900000000,-1.0,29.91,-1.0,10.38,-1.0,32.55,13.0,0.0,0.0,0.0,0.0,0.0,0.0,0.0
1.721315248892733e+18,1721315248933333333,-1.0,29.91,-1.0,10.38,-1.0,32.55,13.0,0.0,0.0,0.0,0.0,0.0,0.0,0.0
1.7213152489377523e+18,1721315248966666666,-1.0,29.91,-1.0,11.43,-1.0,32.32,13.0,0.0,0.0,0.0,0.0,0.0,0.0,0.0
1.7213152489867453e+18,1721315249000000000,-1.0,29.91,-1.0,11.6,-1.0,32.77,13.0,0.0,0.0,0.0,0.0,0.0,0.0,0.0
1.7213152489867453e+18,1721315249033333333,-1.0,29.91,-1.0,11.6,-1.0,32.77,13.0,0.0,0.0,0.0,0.0,0.0,0.0,0.0
1.721315249036272e+18,1721315249066666666,-1.0,29.91,-1.0,11.25,-1.0,33.44,13.0,0.0,0.0,0.0,0.0,0.0,0.0,0.0
1.7213152490852861e+18,1721315249100000000,-1.0,29.91,-1.0,11.43,-1.0,34.34,13.0,0.0,0.0,0.0,0.0,0.0,0.0,0.0
1.7213152490852861e+18,1721315249133333333,-1.0,29.91,-1.0,11.43,-1.0,34.34,13.0,0.0,0.0,0.0,0.0,0.0,0.0,0.0
1.721315249134809e+18,1721315249166666666,-1.0,29.7,-1.0,11.43,-1.0,33.66,13.0,0.0,0.0,0.0,0.0,0.0,0.0,0.0
1.7213152491838172e+18,1721315249200000000,-1.0,29.91,-1.0,11.95,-1.0,31.66,13.0,0.0,0.0,0.0,0.0,0.0,0.0,0.0
1.7213152492323768e+18,1721315249233333333,-1.0,29.91,-1.0,11.95,-1.0,33.21,13.0,0.0,0.0,0.0,0.0,0.0,0.0,0.0
1.7213152492323768e+18,1721315249266666666,-1.0,29.91,-1.0,11.95,-1.0,33.21,13.0,0.0,0.0,0.0,0.0,0.0,0.0,0.0
1.7213152492813837e+18,1721315249300000000,-1.0,29.91,-1.0,11.95,-1.0,30.13,13.0,0.0,0.0,0.0,0.0,0.0,0.0,0.0
1.721315249330912e+18,1721315249333333333,-1.0,29.91,-1.0,11.95,-1.0,23.45,13.0,0.0,0.0,0.0,0.0,0.0,0.0,0.0
1.721315249330912e+18,1721315249366666666,-1.0,29.91,-1.0,11.95,-1.0,23.45,13.0,0.0,0.0,0.0,0.0,0.0,0.0,0.0
1.7213152493799104e+18,1721315249400000000,-1.0,29.91,-1.0,11.78,-1.0,20.28,13.0,0.0,0.0,0.0,0.0,0.0,0.0,0.0
1.721315249429457e+18,1721315249433333333,-1.0,29.91,-1.0,12.31,-1.0,16.85,13.0,0.0,0.0,0.0,0.0,0.0,0.0,0.0
1.721315249429457e+18,1721315249466666666,-1.0,29.91,-1.0,12.31,-1.0,16.85,13.0,0.0,0.0,0.0,0.0,0.0,0.0,0.0
1.7213152494784622e+18,1721315249500000000,-1.0,29.91,-1.0,13.02,-1.0,18.36,13.0,0.0,0.0,0.0,0.0,0.0,0.0,0.0
1.721315249527985e+18,1721315249533333333,-1.0,29.91,-1.0,13.02,-1.0,16.48,13.0,0.0,0.0,0.0,0.0,0.0,0.0,0.0
1.721315249527985e+18,1721315249566666666,-1.0,29.91,-1.0,13.02,-1.0,16.48,13.0,0.0,0.0,0.0,0.0,0.0,0.0,0.0
1.7213152495769805e+18,1721315249600000000,-1.0,29.91,-1.0,13.02,-1.0,15.37,13.0,0.0,0.0,0.0,0.0,0.0,0.0,0.0
1.7213152496255263e+18,1721315249633333333,-1.0,29.91,-1.0,13.2,-1.0,14.46,13.0,0.0,0.0,0.0,0.0,0.0,0.0,0.0
1.7213152496255263e+18,1721315249666666666,-1.0,29.91,-1.0,13.2,-1.0,14.46,13.0,0.0,0.0,0.0,0.0,0.0,0.0,0.0
1.721315249674537e+18,1721315249700000000,-1.0,29.91,-1.0,13.56,-1.0,15.37,13.0,0.0,0.0,0.0,0.0,0.0,0.0,0.0
1.7213152497200548e+18,1721315249733333333,-1.0,29.91,-1.0,13.74,-1.0,15.74,13.0,0.0,0.0,0.0,0.0,0.0,0.0,0.0
1.7213152497200548e+18,1721315249766666666,-1.0,29.91,-1.0,13.74,-1.0,15.74,13.0,0.0,0.0,0.0,0.0,0.0,0.0,0.0
1.7213152497690578e+18,1721315249800000000,-1.0,29.7,-1.0,12.48,-1.0,15.74,13.0,0.0,0.0,0.0,0.0,0.0,0.0,0.0
1.7213152498183066e+18,1721315249833333333,-1.0,29.91,-1.0,13.38,-1.0,16.11,13.0,0.0,0.0,0.0,0.0,0.0,0.0,0.0
1.7213152498183066e+18,1721315249866666666,-1.0,29.91,-1.0,13.38,-1.0,16.11,13.0,0.0,0.0,0.0,0.0,0.0,0.0,0.0
1.7213152498672993e+18,1721315249900000000,-1.0,29.7,-1.0,13.56,-1.0,14.28,13.0,0.0,0.0,0.0,0.0,0.0,0.0,0.0
1.721315249916399e+18,1721315249933333333,-1.0,29.91,-1.0,13.92,-1.0,15.19,13.0,0.0,0.0,0.0,0.0,0.0,0.0,0.0
1.7213152499654103e+18,1721315249966666666,-1.0,29.91,-1.0,15.01,-1.0,16.29,13.0,0.0,0.0,0.0,0.0,0.0,0.0,0.0
1.7213152499654103e+18,1721315250000000000,-1.0,29.91,-1.0,15.01,-1.0,16.29,13.0,0.0,0.0,0.0,0.0,0.0,0.0,0.0
1.721315250014975e+18,1721315250033333333,-1.0,29.91,-1.0,14.82,-1.0,19.51,13.0,0.0,0.0,0.0,0.0,0.0,0.0,0.0
1.7213152500639708e+18,1721315250066666666,-1.0,29.91,-1.0,15.19,-1.0,20.67,13.0,0.0,0.0,0.0,0.0,0.0,0.0,0.0
1.7213152500639708e+18,1721315250100000000,-1.0,29.91,-1.0,15.19,-1.0,20.67,13.0,0.0,0.0,0.0,0.0,0.0,0.0,0.0
1.7213152501134991e+18,1721315250133333333,-1.0,29.91,-1.0,14.82,-1.0,20.28,13.0,0.0,0.0,0.0,0.0,0.0,0.0,0.0
1.7213152501621286e+18,1721315250166666666,-1.0,29.91,-1.0,14.28,-1.0,20.67,13.0,0.0,0.0,0.0,0.0,0.0,0.0,0.0
1.7213152501621286e+18,1721315250200000000,-1.0,29.91,-1.0,14.28,-1.0,20.67,13.0,0.0,0.0,0.0,0.0,0.0,0.0,0.0
1.7213152502116716e+18,1721315250233333333,-1.0,29.91,-1.0,14.1,-1.0,21.26,13.0,0.0,0.0,0.0,0.0,0.0,0.0,0.0
1.7213152502606625e+18,1721315250266666666,-1.0,29.7,-1.0,13.74,-1.0,21.06,13.0,0.0,0.0,0.0,0.0,0.0,0.0,0.0
1.7213152502606625e+18,1721315250300000000,-1.0,29.7,-1.0,13.74,-1.0,21.06,13.0,0.0,0.0,0.0,0.0,0.0,0.0,0.0
1.7213152503101975e+18,1721315250333333333,-1.0,29.91,-1.0,14.1,-1.0,19.51,13.0,0.0,0.0,0.0,0.0,0.0,0.0,0.0
1.7213152503592013e+18,1721315250366666666,-1.0,29.7,-1.0,14.1,-1.0,21.46,13.0,0.0,0.0,0.0,0.0,0.0,0.0,0.0
1.7213152503592013e+18,1721315250400000000,-1.0,29.7,-1.0,14.1,-1.0,21.46,13.0,0.0,0.0,0.0,0.0,0.0,0.0,0.0
1.7213152504077366e+18,1721315250433333333,-1.0,29.91,-1.0,13.56,-1.0,21.65,13.0,0.0,0.0,0.0,0.0,0.0,0.0,0.0
1.721315250453736e+18,1721315250466666666,-1.0,29.7,-1.0,14.1,-1.0,21.46,13.0,0.0,0.0,0.0,0.0,0.0,0.0,0.0
1.721315250453736e+18,1721315250500000000,-1.0,29.7,-1.0,14.1,-1.0,21.46,13.0,0.0,0.0,0.0,0.0,0.0,0.0,0.0
1.7213152505027558e+18,1721315250533333333,-1.0,29.91,-1.0,13.92,-1.0,19.51,13.0,0.0,0.0,0.0,0.0,0.0,0.0,0.0
1.7213152505517732e+18,1721315250566666666,-1.0,29.91,-1.0,14.46,-1.0,18.74,13.0,0.0,0.0,0.0,0.0,0.0,0.0,0.0
1.7213152505517732e+18,1721315250600000000,-1.0,29.91,-1.0,14.46,-1.0,18.74,13.0,0.0,0.0,0.0,0.0,0.0,0.0,0.0
1.7213152506007718e+18,1721315250633333333,-1.0,29.91,-1.0,14.46,-1.0,18.74,13.0,0.0,0.0,0.0,0.0,0.0,0.0,0.0
1.7213152506502868e+18,1721315250666666666,-1.0,29.91,-1.0,14.64,-1.0,22.65,13.0,0.0,0.0,0.0,0.0,0.0,0.0,0.0
1.7213152506988426e+18,1721315250700000000,-1.0,29.7,-1.0,16.67,-1.0,31.88,13.0,0.0,0.0,0.0,0.0,0.0,0.0,0.0
1.7213152506988426e+18,1721315250733333333,-1.0,29.7,-1.0,16.67,-1.0,31.88,13.0,0.0,0.0,0.0,0.0,0.0,0.0,0.0
1.7213152507478996e+18,1721315250766666666,-1.0,29.91,-1.0,17.42,-1.0,31.22,13.0,0.0,0.0,0.0,0.0,0.0,0.0,0.0
1.72131525079692e+18,1721315250800000000,-1.0,29.91,-1.0,17.98,-1.0,31.22,13.0,0.0,0.0,0.0,0.0,0.0,0.0,0.0
1.72131525079692e+18,1721315250833333333,-1.0,29.91,-1.0,17.98,-1.0,31.22,13.0,0.0,0.0,0.0,0.0,0.0,0.0,0.0
1.7213152508459727e+18,1721315250866666666,-1.0,29.91,-1.0,18.36,-1.0,30.57,13.0,0.0,0.0,0.0,0.0,0.0,0.0,0.0
1.7213152508959997e+18,1721315250900000000,-1.0,29.7,-1.0,17.79,-1.0,25.07,13.0,0.0,0.0,0.0,0.0,0.0,0.0,0.0
1.7213152508959997e+18,1721315250933333333,-1.0,29.7,-1.0,17.79,-1.0,25.07,13.0,0.0,0.0,0.0,0.0,0.0,0.0,0.0
1.7213152509445125e+18,1721315250966666666,-1.0,29.91,-1.0,17.79,-1.0,25.9,13.0,0.0,0.0,0.0,0.0,0.0,0.0,0.0
1.7213152509935954e+18,1721315251000000000,-1.0,29.7,-1.0,17.79,-1.0,22.45,13.0,0.0,0.0,0.0,0.0,0.0,0.0,0.0
1.7213152509935954e+18,1721315251033333333,-1.0,29.7,-1.0,17.79,-1.0,22.45,13.0,0.0,0.0,0.0,0.0,0.0,0.0,0.0
1.7213152510431585e+18,1721315251066666666,-1.0,29.91,-1.0,17.79,-1.0,20.48,13.0,0.0,0.0,0.0,0.0,0.0,0.0,0.0
1.721315251092186e+18,1721315251100000000,-1.0,30.13,-1.0,17.98,-1.0,18.17,13.0,0.0,0.0,0.0,0.0,0.0,0.0,0.0
1.721315251092186e+18,1721315251133333333,-1.0,30.13,-1.0,17.98,-1.0,18.17,13.0,0.0,0.0,0.0,0.0,0.0,0.0,0.0
1.721315251141311e+18,1721315251166666666,-1.0,29.91,-1.0,17.6,-1.0,21.65,13.0,0.0,0.0,0.0,0.0,0.0,0.0,0.0
1.7213152511903222e+18,1721315251200000000,-1.0,29.7,-1.0,18.36,-1.0,30.78,13.0,0.0,0.0,0.0,0.0,0.0,0.0,0.0
1.7213152511903222e+18,1721315251233333333,-1.0,29.7,-1.0,18.36,-1.0,30.78,13.0,0.0,0.0,0.0,0.0,0.0,0.0,0.0
1.7213152512358794e+18,1721315251266666666,-1.0,29.91,-1.0,18.36,-1.0,38.27,13.0,0.0,0.0,0.0,0.0,0.0,0.0,0.0
1.7213152512848812e+18,1721315251300000000,-1.0,29.91,-1.0,19.12,-1.0,34.57,13.0,0.0,0.0,0.0,0.0,0.0,0.0,0.0
1.7213152512848812e+18,1721315251333333333,-1.0,29.91,-1.0,19.12,-1.0,34.57,13.0,0.0,0.0,0.0,0.0,0.0,0.0,0.0
1.7213152513334461e+18,1721315251366666666,-1.0,29.91,-1.0,19.12,-1.0,32.99,14.0,0.0,0.0,0.0,0.0,0.0,0.0,0.0
1.7213152513834373e+18,1721315251400000000,-1.0,29.91,-1.0,18.93,-1.0,31.88,13.0,0.0,0.0,0.0,0.0,0.0,0.0,0.0
1.7213152514319864e+18,1721315251433333333,-1.0,29.91,-1.0,18.93,-1.0,27.78,13.0,0.0,0.0,0.0,0.0,0.0,0.0,0.0
1.7213152514319864e+18,1721315251466666666,-1.0,29.91,-1.0,18.93,-1.0,27.78,13.0,0.0,0.0,0.0,0.0,0.0,0.0,0.0
1.721315251480979e+18,1721315251500000000,-1.0,29.91,-1.0,18.74,-1.0,22.85,13.0,0.0,0.0,0.0,0.0,0.0,0.0,0.0
1.7213152515306995e+18,1721315251533333333,-1.0,29.91,-1.0,18.93,-1.0,33.44,13.0,0.0,0.0,0.0,0.0,0.0,0.0,0.0
1.7213152515306995e+18,1721315251566666666,-1.0,29.91,-1.0,18.93,-1.0,33.44,13.0,0.0,0.0,0.0,0.0,0.0,0.0,0.0
1.721315251579697e+18,1721315251600000000,-1.0,29.7,-1.0,18.93,-1.0,31.0,13.0,0.0,0.0,0.0,0.0,0.0,0.0,0.0
1.721315251629285e+18,1721315251633333333,-1.0,29.91,-1.0,19.12,-1.0,23.65,13.0,0.0,0.0,0.0,0.0,0.0,0.0,0.0
1.721315251629285e+18,1721315251666666666,-1.0,29.91,-1.0,19.12,-1.0,23.65,13.0,0.0,0.0,0.0,0.0,0.0,0.0,0.0
1.721315251678257e+18,1721315251700000000,-1.0,29.91,-1.0,18.93,-1.0,20.09,13.0,0.0,0.0,0.0,0.0,0.0,0.0,0.0
1.7213152517268257e+18,1721315251733333333,-1.0,29.91,-1.0,18.93,-1.0,17.04,13.0,0.0,0.0,0.0,0.0,0.0,0.0,0.0
1.7213152517268257e+18,1721315251766666666,-1.0,29.91,-1.0,18.93,-1.0,17.04,13.0,0.0,0.0,0.0,0.0,0.0,0.0,0.0
1.7213152517758262e+18,1721315251800000000,-1.0,29.91,-1.0,18.93,-1.0,19.12,13.0,0.0,0.0,0.0,0.0,0.0,0.0,0.0
1.7213152518253704e+18,1721315251833333333,-1.0,29.91,-1.0,18.55,-1.0,19.7,13.0,0.0,0.0,0.0,0.0,0.0,0.0,0.0
1.7213152518253704e+18,1721315251866666666,-1.0,29.91,-1.0,18.55,-1.0,19.7,13.0,0.0,0.0,0.0,0.0,0.0,0.0,0.0
1.7213152518743534e+18,1721315251900000000,-1.0,29.91,-1.0,17.42,-1.0,19.12,13.0,0.0,0.0,0.0,0.0,0.0,0.0,0.0
1.721315251923886e+18,1721315251933333333,-1.0,29.91,-1.0,17.6,-1.0,13.38,14.0,0.0,0.0,0.0,0.0,0.0,0.0,0.0
1.721315251923886e+18,1721315251966666666,-1.0,29.91,-1.0,17.6,-1.0,13.38,14.0,0.0,0.0,0.0,0.0,0.0,0.0,0.0
1.721315251968885e+18,1721315252000000000,-1.0,29.91,-1.0,17.79,-1.0,12.66,13.0,0.0,0.0,0.0,0.0,0.0,0.0,0.0
1.721315252017436e+18,1721315252033333333,-1.0,29.91,-1.0,17.6,-1.0,9.18,13.0,0.0,0.0,0.0,0.0,0.0,0.0,0.0
1.7213152520664392e+18,1721315252066666666,-1.0,29.91,-1.0,17.79,-1.0,2.47,13.0,0.0,0.0,0.0,0.0,0.0,0.0,0.0
1.7213152520664392e+18,1721315252100000000,-1.0,29.91,-1.0,17.79,-1.0,2.47,13.0,0.0,0.0,0.0,0.0,0.0,0.0,0.0
1.721315252115974e+18,1721315252133333333,-1.0,29.91,-1.0,17.98,-1.0,2.0,13.0,0.0,0.0,0.0,0.0,0.0,0.0,0.0
1.721315252161e+18,1721315252166666666,-1.0,29.91,-1.0,17.6,-1.0,2.0,14.0,0.0,0.0,0.0,0.0,0.0,0.0,0.0
1.7213152521979786e+18,1721315252200000000,-1.0,29.91,-1.0,17.98,-1.0,-1.0,13.0,0.0,0.0,0.0,0.0,0.0,0.0,0.0
1.7213152521979786e+18,1721315252233333333,-1.0,29.91,-1.0,17.98,-1.0,-1.0,13.0,0.0,0.0,0.0,0.0,0.0,0.0,0.0
1.721315252234528e+18,1721315252266666666,-1.0,29.91,-1.0,18.17,-1.0,-1.0,13.0,0.0,0.0,0.0,0.0,0.0,0.0,0.0
1.7213152522720328e+18,1721315252300000000,-1.0,29.91,-1.0,17.6,-1.0,-1.0,13.0,0.0,0.0,0.0,0.0,0.0,0.0,0.0
1.721315252309136e+18,1721315252333333333,-1.0,29.91,-1.0,17.79,-1.0,-1.0,13.0,0.0,0.0,0.0,0.0,0.0,0.0,0.0
1.721315252345146e+18,1721315252366666666,-1.0,29.91,-1.0,17.98,-1.0,-1.0,13.0,0.0,0.0,0.0,0.0,0.0,0.0,0.0
1.7213152523821396e+18,1721315252400000000,-1.0,29.91,-1.0,16.85,-1.0,-1.0,13.0,0.0,0.0,0.0,0.0,0.0,0.0,0.0
1.721315252415682e+18,1721315252433333333,-1.0,29.91,-1.0,16.48,-1.0,-1.0,13.0,0.0,0.0,0.0,0.0,0.0,0.0,0.0
1.7213152524516808e+18,1721315252466666666,-1.0,29.91,-1.0,16.67,-1.0,-1.0,13.0,0.0,0.0,0.0,0.0,0.0,0.0,0.0
1.721315252488689e+18,1721315252500000000,-1.0,29.91,-1.0,17.42,-1.0,-1.0,13.0,0.0,0.0,0.0,0.0,0.0,0.0,0.0
1.7213152525252058e+18,1721315252533333333,-1.0,29.91,-1.0,18.17,-1.0,-1.0,13.0,0.0,0.0,0.0,0.0,0.0,0.0,0.0
1.7213152525629402e+18,1721315252566666666,-1.0,29.91,-1.0,18.17,-1.0,-1.0,13.0,0.0,0.0,0.0,0.0,0.0,0.0,0.0
1.7213152525991913e+18,1721315252600000000,-1.0,30.13,-1.0,21.85,-1.0,-1.0,13.0,0.0,0.0,0.0,0.0,0.0,0.0,0.0
1.7213152525991913e+18,1721315252633333333,-1.0,30.13,-1.0,21.85,-1.0,-1.0,13.0,0.0,0.0,0.0,0.0,0.0,0.0,0.0
1.721315252636183e+18,1721315252666666666,-1.0,29.91,-1.0,163.99,-1.0,-1.0,13.0,0.0,0.0,0.0,0.0,0.0,0.0,0.0
1.7213152526732997e+18,1721315252700000000,-1.0,29.91,-1.0,1023.21,-1.0,-1.0,13.0,0.0,0.0,0.0,0.0,0.0,0.0,0.0
1.7213152527141834e+18,1721315252733333333,-1.0,29.91,-1.0,1738.89,-1.0,-1.0,13.0,0.0,0.0,0.0,0.0,0.0,0.0,0.0
1.7213152527513843e+18,1721315252766666666,-1.0,29.91,-1.0,2085.76,-1.0,-1.0,13.0,0.0,0.0,0.0,0.0,0.0,0.0,0.0
1.7213152527913943e+18,1721315252800000000,-1.0,29.91,-1.0,2255.55,-1.0,-1.0,13.0,0.0,0.0,0.0,0.0,0.0,0.0,0.0
1.7213152528289075e+18,1721315252833333333,-1.0,29.91,-1.0,2255.55,-1.0,-1.0,13.0,0.0,0.0,0.0,0.0,0.0,0.0,0.0
1.7213152528659523e+18,1721315252866666666,-1.0,29.91,-1.0,2184.64,-1.0,-1.0,13.0,0.0,0.0,0.0,0.0,0.0,0.0,0.0
1.7213152528659523e+18,1721315252900000000,-1.0,29.91,-1.0,2184.64,-1.0,-1.0,13.0,0.0,0.0,0.0,0.0,0.0,0.0,0.0
1.7213152529064635e+18,1721315252933333333,-1.0,29.91,-1.0,2024.35,-1.0,-1.0,13.0,0.0,0.0,0.0,0.0,0.0,0.0,0.0
1.72131525294347e+18,1721315252966666666,-1.0,29.91,-1.0,1911.11,-1.0,-1.0,13.0,0.0,0.0,0.0,0.0,0.0,0.0,0.0
1.721315252984469e+18,1721315253000000000,-1.0,29.91,-1.0,1884.62,-1.0,-1.0,13.0,0.0,0.0,0.0,0.0,0.0,0.0,0.0
1.721315253021018e+18,1721315253033333333,-1.0,29.91,-1.0,1938.3,-1.0,-1.0,13.0,0.0,0.0,0.0,0.0,0.0,0.0,0.0
1.7213152530580257e+18,1721315253066666666,-1.0,29.91,-1.0,1938.3,-1.0,-1.0,13.0,0.0,0.0,0.0,0.0,0.0,0.0,0.0
1.7213152530990418e+18,1721315253100000000,-1.0,29.91,-1.0,1994.9,-1.0,-1.0,13.0,0.0,0.0,0.0,0.0,0.0,0.0,0.0
1.7213152530990418e+18,1721315253133333333,-1.0,29.91,-1.0,1994.9,-1.0,-1.0,13.0,0.0,0.0,0.0,0.0,0.0,0.0,0.0
1.7213152531355807e+18,1721315253166666666,-1.0,29.91,-1.0,2024.35,-1.0,-1.0,13.0,0.0,0.0,0.0,0.0,0.0,0.0,0.0
1.7213152531770156e+18,1721315253200000000,-1.0,29.7,-1.0,2117.78,-1.0,-1.0,13.0,0.0,0.0,0.0,0.0,0.0,0.0,0.0
1.7213152532135547e+18,1721315253233333333,-1.0,29.7,-1.0,2184.64,-1.0,-1.0,13.0,0.0,0.0,0.0,0.0,0.0,0.0,0.0
1.721315253250538e+18,1721315253266666666,-1.0,29.91,-1.0,2184.64,-1.0,-1.0,13.0,0.0,0.0,0.0,0.0,0.0,0.0,0.0
1.721315253291552e+18,1721315253300000000,-1.0,29.91,-1.0,2292.65,-1.0,-1.0,13.0,0.0,0.0,0.0,0.0,0.0,0.0,0.0
1.721315253328082e+18,1721315253333333333,-1.0,29.7,-1.0,2411.11,-1.0,-1.0,13.0,0.0,0.0,0.0,0.0,0.0,0.0,0.0
1.721315253328082e+18,1721315253366666666,-1.0,29.7,-1.0,2411.11,-1.0,-1.0,13.0,0.0,0.0,0.0,0.0,0.0,0.0,0.0
1.721315253369083e+18,1721315253400000000,-1.0,29.91,-1.0,2453.19,-1.0,-1.0,13.0,0.0,0.0,0.0,0.0,0.0,0.0,0.0
1.7213152534066043e+18,1721315253433333333,-1.0,29.91,-1.0,2411.11,-1.0,-1.0,13.0,0.0,0.0,0.0,0.0,0.0,0.0,0.0
1.7213152534436132e+18,1721315253466666666,-1.0,29.91,-1.0,2292.65,-1.0,-1.0,13.0,0.0,0.0,0.0,0.0,0.0,0.0,0.0
1.72131525348362e+18,1721315253500000000,-1.0,29.7,-1.0,2255.55,-1.0,-1.0,13.0,0.0,0.0,0.0,0.0,0.0,0.0,0.0
1.72131525352075e+18,1721315253533333333,-1.0,29.91,-1.0,2330.9,-1.0,-1.0,13.0,0.0,0.0,0.0,0.0,0.0,0.0,0.0
1.7213152535617367e+18,1721315253566666666,-1.0,29.7,-1.0,2496.67,-1.0,-1.0,13.0,0.0,0.0,0.0,0.0,0.0,0.0,0.0
1.7213152535988196e+18,1721315253600000000,-1.0,29.7,-1.0,2992.7,-1.0,-1.0,13.0,0.0,0.0,0.0,0.0,0.0,0.0,0.0
1.7213152535988196e+18,1721315253633333333,-1.0,29.7,-1.0,2992.7,-1.0,-1.0,13.0,0.0,0.0,0.0,0.0,0.0,0.0,0.0
1.7213152536354225e+18,1721315253666666666,-1.0,29.91,-1.0,4064.44,-1.0,-1.0,13.0,0.0,0.0,0.0,1.0,0.0,0.0,0.0
1.721315253676434e+18,1721315253700000000,-1.0,29.91,-1.0,4684.79,-1.0,-1.0,13.0,0.0,0.0,0.0,1.0,0.0,0.0,0.0
1.7213152537129846e+18,1721315253733333333,-1.0,29.7,-1.0,5643.86,-1.0,-1.0,13.0,0.0,0.0,0.0,1.0,0.0,0.0,0.0
1.7213152537539827e+18,1721315253766666666,-1.0,29.91,-1.0,6102.12,-1.0,-1.0,14.0,0.0,0.0,0.0,1.0,0.0,0.0,0.0
1.721315253790987e+18,1721315253800000000,-1.0,29.7,-1.0,6614.24,-1.0,-1.0,13.0,0.0,0.0,0.0,1.0,0.0,0.0,0.0
1.7213152538281275e+18,1721315253833333333,-1.0,29.27,-1.0,7506.36,-1.0,-1.0,14.0,0.0,0.0,0.0,1.0,0.0,0.0,0.0
1.7213152538281275e+18,1721315253866666666,-1.0,29.27,-1.0,7506.36,-1.0,-1.0,14.0,0.0,0.0,0.0,1.0,0.0,0.0,0.0
1.7213152538811256e+18,1721315253900000000,-1.0,29.7,-1.0,8203.64,-1.0,0.46,13.0,0.0,0.0,0.0,1.0,0.0,0.0,0.0
1.7213152539184727e+18,1721315253933333333,-1.0,30.13,-1.0,7843.39,-1.0,-1.0,13.0,0.0,0.0,0.0,1.0,0.0,0.0,0.0
1.721315253955488e+18,1721315253966666666,-1.0,29.7,-1.0,8203.64,-1.0,-1.0,13.0,0.0,0.0,0.0,1.0,0.0,0.0,0.0
1.7213152539964772e+18,1721315254000000000,-1.0,29.7,-1.0,8589.65,-1.0,-1.0,13.0,0.0,0.0,0.0,1.0,0.0,0.0,0.0
1.7213152540329866e+18,1721315254033333333,-1.0,29.91,-1.0,9004.22,-1.0,-1.0,13.0,0.0,0.0,0.0,1.0,0.0,0.0,0.0
1.7213152540329866e+18,1721315254066666666,-1.0,29.91,-1.0,9004.22,-1.0,-1.0,13.0,0.0,0.0,0.0,1.0,0.0,0.0,0.0
1.7213152540699973e+18,1721315254100000000,-1.0,29.91,-1.0,9004.22,-1.0,-1.0,14.0,0.0,0.0,0.0,1.0,0.0,0.0,0.0
1.7213152541104975e+18,1721315254133333333,-1.0,29.7,-1.0,8203.64,-1.0,-1.0,13.0,0.0,0.0,0.0,1.0,0.0,0.0,0.0
1.7213152541594985e+18,1721315254166666666,-1.0,29.7,-1.0,6614.24,0.15,-1.0,13.0,0.0,0.0,0.0,1.0,0.0,0.0,0.0
1.721315254196508e+18,1721315254200000000,-1.0,29.7,-1.0,5866.79,-1.0,-1.0,13.0,0.0,0.0,0.0,1.0,0.0,0.0,0.0
1.721315254196508e+18,1721315254233333333,-1.0,29.7,-1.0,5866.79,-1.0,-1.0,13.0,0.0,0.0,0.0,1.0,0.0,0.0,0.0
1.7213152542497554e+18,1721315254266666666,-1.0,30.13,-1.0,3423.23,-1.0,0.61,13.0,0.0,0.0,0.0,1.0,0.0,0.0,0.0
1.7213152542867492e+18,1721315254300000000,-1.0,29.7,-1.0,1193.03,-1.0,-1.0,13.0,0.0,0.0,0.0,0.0,0.0,0.0,0.0
1.7213152542867492e+18,1721315254333333333,-1.0,29.7,-1.0,1193.03,-1.0,-1.0,13.0,0.0,0.0,0.0,0.0,0.0,0.0,0.0
1.721315254335749e+18,1721315254366666666,-1.0,29.7,-1.0,616.94,-1.0,9.52,13.0,0.0,0.0,0.0,0.0,0.0,0.0,0.0
1.721315254385757e+18,1721315254400000000,-1.0,29.91,-1.0,88.51,-1.0,12.84,13.0,0.0,0.0,0.0,0.0,0.0,0.0,0.0
1.721315254385757e+18,1721315254433333333,-1.0,29.91,-1.0,88.51,-1.0,12.84,13.0,0.0,0.0,0.0,0.0,0.0,0.0,0.0
1.7213152544342884e+18,1721315254466666666,-1.0,29.7,-1.0,33.66,-1.0,8.33,13.0,0.0,0.0,0.0,0.0,0.0,0.0,0.0
1.7213152544792878e+18,1721315254500000000,-1.0,29.7,-1.0,30.78,-1.0,6.0,13.0,0.0,0.0,0.0,0.0,0.0,0.0,0.0
1.72131525452885e+18,1721315254533333333,-1.0,29.7,-1.0,24.66,-1.0,6.33,13.0,0.0,0.0,0.0,0.0,0.0,0.0,0.0
1.721315254565842e+18,1721315254566666666,-1.0,29.7,-1.0,21.26,-1.0,-1.0,13.0,0.0,0.0,0.0,0.0,0.0,0.0,0.0
1.721315254565842e+18,1721315254600000000,-1.0,29.7,-1.0,21.26,-1.0,-1.0,13.0,0.0,0.0,0.0,0.0,0.0,0.0,0.0
1.721315254601846e+18,1721315254633333333,-1.0,29.7,-1.0,21.46,-1.0,-1.0,13.0,0.0,0.0,0.0,0.0,0.0,0.0,0.0
1.7213152546393705e+18,1721315254666666666,-1.0,29.7,-1.0,16.85,-1.0,-1.0,13.0,0.0,0.0,0.0,0.0,0.0,0.0,0.0
1.7213152546763668e+18,1721315254700000000,-1.0,29.91,-1.0,22.25,-1.0,-1.0,13.0,0.0,0.0,0.0,0.0,0.0,0.0,0.0
1.7213152547089068e+18,1721315254733333333,-1.0,29.7,-1.0,23.65,-1.0,-1.0,13.0,0.0,0.0,0.0,0.0,0.0,0.0,0.0
1.7213152547459013e+18,1721315254766666666,-1.0,29.91,-1.0,22.25,-1.0,-1.0,13.0,0.0,0.0,0.0,0.0,0.0,0.0,0.0
1.7213152547949368e+18,1721315254800000000,-1.0,29.91,-1.0,22.85,-1.0,13.38,13.0,0.0,0.0,0.0,0.0,0.0,0.0,0.0
1.7213152547949368e+18,1721315254833333333,-1.0,29.91,-1.0,22.85,-1.0,13.38,13.0,0.0,0.0,0.0,0.0,0.0,0.0,0.0
1.7213152548444544e+18,1721315254866666666,-1.0,29.7,-1.0,24.26,-1.0,19.32,13.0,0.0,0.0,0.0,0.0,0.0,0.0,0.0
1.721315254893466e+18,1721315254900000000,-1.0,29.7,-1.0,27.36,-1.0,22.65,13.0,0.0,0.0,0.0,0.0,0.0,0.0,0.0
1.721315254893466e+18,1721315254933333333,-1.0,29.7,-1.0,27.36,-1.0,22.65,13.0,0.0,0.0,0.0,0.0,0.0,0.0,0.0
1.7213152549419843e+18,1721315254966666666,-1.0,29.91,-1.0,22.85,-1.0,22.65,13.0,0.0,0.0,0.0,0.0,0.0,0.0,0.0
1.7213152549909804e+18,1721315255000000000,-1.0,29.91,-1.0,24.46,-1.0,29.05,13.0,0.0,0.0,0.0,0.0,0.0,0.0,0.0
1.7213152549909804e+18,1721315255033333333,-1.0,29.91,-1.0,24.46,-1.0,29.05,13.0,0.0,0.0,0.0,0.0,0.0,0.0,0.0
1.7213152550405307e+18,1721315255066666666,-1.0,29.91,-1.0,22.65,-1.0,32.77,13.0,0.0,0.0,0.0,0.0,0.0,0.0,0.0
1.7213152550895306e+18,1721315255100000000,-1.0,29.7,-1.0,23.25,-1.0,39.94,13.0,0.0,0.0,0.0,0.0,0.0,0.0,0.0
1.7213152550895306e+18,1721315255133333333,-1.0,29.7,-1.0,23.25,-1.0,39.94,13.0,0.0,0.0,0.0,0.0,0.0,0.0,0.0
1.721315255138608e+18,1721315255166666666,-1.0,29.7,-1.0,17.98,-1.0,34.11,13.0,0.0,0.0,0.0,0.0,0.0,0.0,0.0
1.7213152551881306e+18,1721315255200000000,-1.0,29.91,-1.0,18.93,-1.0,39.7,13.0,0.0,0.0,0.0,0.0,0.0,0.0,0.0
1.7213152551881306e+18,1721315255233333333,-1.0,29.91,-1.0,18.93,-1.0,39.7,13.0,0.0,0.0,0.0,0.0,0.0,0.0,0.0
1.7213152552366723e+18,1721315255266666666,-1.0,29.7,-1.0,18.17,-1.0,40.66,13.0,0.0,0.0,0.0,0.0,0.0,0.0,0.0
1.7213152552866783e+18,1721315255300000000,-1.0,29.7,-1.0,15.74,-1.0,36.4,13.0,0.0,0.0,0.0,0.0,0.0,0.0,0.0
1.7213152552866783e+18,1721315255333333333,-1.0,29.7,-1.0,15.74,-1.0,36.4,13.0,0.0,0.0,0.0,0.0,0.0,0.0,0.0
1.7213152553352095e+18,1721315255366666666,-1.0,29.91,-1.0,13.92,-1.0,45.12,14.0,0.0,0.0,0.0,0.0,0.0,0.0,0.0
1.721315255380773e+18,1721315255400000000,-1.0,29.91,-1.0,13.92,-1.0,46.9,13.0,0.0,0.0,0.0,0.0,0.0,0.0,0.0
1.7213152554293317e+18,1721315255433333333,-1.0,29.91,-1.0,15.01,-1.0,49.78,13.0,0.0,0.0,0.0,0.0,0.0,0.0,0.0
1.7213152554293317e+18,1721315255466666666,-1.0,29.91,-1.0,15.01,-1.0,49.78,13.0,0.0,0.0,0.0,0.0,0.0,0.0,0.0
1.7213152554783396e+18,1721315255500000000,-1.0,29.7,-1.0,16.48,-1.0,47.94,13.0,0.0,0.0,0.0,0.0,0.0,0.0,0.0
1.721315255527878e+18,1721315255533333333,-1.0,29.91,-1.0,13.74,-1.0,48.72,13.0,0.0,0.0,0.0,0.0,0.0,0.0,0.0
1.721315255527878e+18,1721315255566666666,-1.0,29.91,-1.0,13.74,-1.0,48.72,13.0,0.0,0.0,0.0,0.0,0.0,0.0,0.0
1.7213152555768916e+18,1721315255600000000,-1.0,29.91,-1.0,14.1,-1.0,48.72,13.0,0.0,0.0,0.0,0.0,0.0,0.0,0.0
1.7213152556263967e+18,1721315255633333333,-1.0,29.91,-1.0,15.92,-1.0,46.65,13.0,0.0,0.0,0.0,0.0,0.0,0.0,0.0
1.7213152556263967e+18,1721315255666666666,-1.0,29.91,-1.0,15.92,-1.0,46.65,13.0,0.0,0.0,0.0,0.0,0.0,0.0,0.0
1.7213152556753953e+18,1721315255700000000,-1.0,29.91,-1.0,12.84,-1.0,48.46,13.0,0.0,0.0,0.0,0.0,0.0,0.0,0.0
1.7213152557249446e+18,1721315255733333333,-1.0,29.7,-1.0,13.2,-1.0,36.17,13.0,0.0,0.0,0.0,0.0,0.0,0.0,0.0
1.7213152557249446e+18,1721315255766666666,-1.0,29.7,-1.0,13.2,-1.0,36.17,13.0,0.0,0.0,0.0,0.0,0.0,0.0,0.0
1.721315255773955e+18,1721315255800000000,-1.0,29.7,-1.0,12.13,-1.0,39.7,13.0,0.0,0.0,0.0,0.0,0.0,0.0,0.0
1.7213152558224957e+18,1721315255833333333,-1.0,29.48,-1.0,13.92,-1.0,33.21,13.0,0.0,0.0,0.0,0.0,0.0,0.0,0.0
1.7213152558224957e+18,1721315255866666666,-1.0,29.48,-1.0,13.92,-1.0,33.21,13.0,0.0,0.0,0.0,0.0,0.0,0.0,0.0
1.7213152558725e+18,1721315255900000000,-1.0,29.7,-1.0,15.92,-1.0,29.7,13.0,0.0,0.0,0.0,0.0,0.0,0.0,0.0
1.721315255921021e+18,1721315255933333333,-1.0,29.91,-1.0,15.01,-1.0,30.78,13.0,0.0,0.0,0.0,0.0,0.0,0.0,0.0
1.721315255921021e+18,1721315255966666666,-1.0,29.91,-1.0,15.01,-1.0,30.78,13.0,0.0,0.0,0.0,0.0,0.0,0.0,0.0
1.7213152559700183e+18,1721315256000000000,-1.0,29.91,-1.0,16.67,-1.0,27.15,13.0,0.0,0.0,0.0,0.0,0.0,0.0,0.0
1.7213152560195766e+18,1721315256033333333,-1.0,29.91,-1.0,17.23,-1.0,27.99,13.0,0.0,0.0,0.0,0.0,0.0,0.0,0.0
1.7213152560195766e+18,1721315256066666666,-1.0,29.91,-1.0,17.23,-1.0,27.99,13.0,0.0,0.0,0.0,0.0,0.0,0.0,0.0
1.721315256068575e+18,1721315256100000000,-1.0,29.91,-1.0,15.56,-1.0,26.94,13.0,0.0,0.0,0.0,0.0,0.0,0.0,0.0
1.721315256118089e+18,1721315256133333333,-1.0,29.91,-1.0,13.92,-1.0,22.85,13.0,0.0,0.0,0.0,0.0,0.0,0.0,0.0
1.7213152561630868e+18,1721315256166666666,-1.0,29.7,-1.0,14.64,-1.0,24.87,13.0,0.0,0.0,0.0,0.0,0.0,0.0,0.0
1.7213152561630868e+18,1721315256200000000,-1.0,29.7,-1.0,14.64,-1.0,24.87,13.0,0.0,0.0,0.0,0.0,0.0,0.0,0.0
1.7213152562116298e+18,1721315256233333333,-1.0,29.91,-1.0,13.92,-1.0,24.26,13.0,0.0,0.0,0.0,0.0,0.0,0.0,0.0
1.7213152562616195e+18,1721315256266666666,-1.0,29.7,-1.0,13.2,-1.0,30.57,13.0,0.0,0.0,0.0,0.0,0.0,0.0,0.0
1.7213152562616195e+18,1721315256300000000,-1.0,29.7,-1.0,13.2,-1.0,30.57,13.0,0.0,0.0,0.0,0.0,0.0,0.0,0.0
1.7213152563101647e+18,1721315256333333333,-1.0,29.91,-1.0,12.13,-1.0,36.4,13.0,0.0,0.0,0.0,0.0,0.0,0.0,0.0
1.7213152563591693e+18,1721315256366666666,-1.0,29.91,-1.0,12.48,-1.0,36.17,13.0,0.0,0.0,0.0,0.0,0.0,0.0,0.0
1.7213152563591693e+18,1721315256400000000,-1.0,29.91,-1.0,12.48,-1.0,36.17,13.0,0.0,0.0,0.0,0.0,0.0,0.0,0.0
1.7213152564087058e+18,1721315256433333333,-1.0,29.91,-1.0,13.56,-1.0,44.36,13.0,0.0,0.0,0.0,0.0,0.0,0.0,0.0
1.7213152564577198e+18,1721315256466666666,-1.0,29.91,-1.0,14.28,-1.0,53.83,13.0,0.0,0.0,0.0,0.0,0.0,0.0,0.0
1.7213152564577198e+18,1721315256500000000,-1.0,29.91,-1.0,14.28,-1.0,53.83,13.0,0.0,0.0,0.0,0.0,0.0,0.0,0.0
1.7213152565067146e+18,1721315256533333333,-1.0,29.91,-1.0,14.64,-1.0,64.85,13.0,0.0,0.0,0.0,0.0,0.0,0.0,0.0
1.721315256556228e+18,1721315256566666666,-1.0,30.13,-1.0,15.19,-1.0,67.95,13.0,0.0,0.0,0.0,0.0,0.0,0.0,0.0
1.721315256556228e+18,1721315256600000000,-1.0,30.13,-1.0,15.19,-1.0,67.95,13.0,0.0,0.0,0.0,0.0,0.0,0.0,0.0
1.7213152566052554e+18,1721315256633333333,-1.0,29.91,-1.0,16.11,-1.0,60.95,13.0,0.0,0.0,0.0,0.0,0.0,0.0,0.0
1.7213152566547776e+18,1721315256666666666,-1.0,29.91,-1.0,17.23,-1.0,43.11,13.0,0.0,0.0,0.0,0.0,0.0,0.0,0.0
1.7213152566547776e+18,1721315256700000000,-1.0,29.91,-1.0,17.23,-1.0,43.11,13.0,0.0,0.0,0.0,0.0,0.0,0.0,0.0
1.7213152567038213e+18,1721315256733333333,-1.0,29.91,-1.0,16.85,-1.0,37.33,13.0,0.0,0.0,0.0,0.0,0.0,0.0,0.0
1.721315256752331e+18,1721315256766666666,-1.0,29.91,-1.0,17.6,-1.0,56.06,13.0,0.0,0.0,0.0,0.0,0.0,0.0,0.0
1.721315256752331e+18,1721315256800000000,-1.0,29.91,-1.0,17.6,-1.0,56.06,13.0,0.0,0.0,0.0,0.0,0.0,0.0,0.0
1.72131525680136e+18,1721315256833333333,-1.0,29.91,-1.0,15.74,-1.0,64.85,13.0,0.0,0.0,0.0,0.0,0.0,0.0,0.0
1.7213152568508892e+18,1721315256866666666,-1.0,29.91,-1.0,15.92,-1.0,67.01,13.0,0.0,0.0,0.0,0.0,0.0,0.0,0.0
1.7213152568958853e+18,1721315256900000000,-1.0,29.91,-1.0,27.78,-1.0,67.01,13.0,0.0,0.0,0.0,0.0,0.0,0.0,0.0
1.7213152568958853e+18,1721315256933333333,-1.0,29.91,-1.0,27.78,-1.0,67.01,13.0,0.0,0.0,0.0,0.0,0.0,0.0,0.0
1.7213152569504095e+18,1721315256966666666,-1.0,29.7,-1.0,32.55,-1.0,117.87,13.0,0.0,0.0,0.0,0.0,0.0,0.0,0.0
1.7213152569984074e+18,1721315257000000000,-1.0,29.91,-1.0,29.7,-1.0,116.47,13.0,0.0,0.0,0.0,0.0,0.0,0.0,0.0
1.7213152569984074e+18,1721315257033333333,-1.0,29.91,-1.0,29.7,-1.0,116.47,13.0,0.0,0.0,0.0,0.0,0.0,0.0,0.0
1.7213152570479145e+18,1721315257066666666,-1.0,29.91,-1.0,32.99,-1.0,116.93,13.0,0.0,0.0,0.0,0.0,0.0,0.0,0.0
1.721315257096926e+18,1721315257100000000,-1.0,29.91,-1.0,27.57,-1.0,84.83,13.0,0.0,0.0,0.0,0.0,0.0,0.0,0.0
1.721315257096926e+18,1721315257133333333,-1.0,29.91,-1.0,27.57,-1.0,84.83,13.0,0.0,0.0,0.0,0.0,0.0,0.0,0.0
1.721315257145436e+18,1721315257166666666,-1.0,29.91,-1.0,33.21,-1.0,82.67,13.0,0.0,0.0,0.0,0.0,0.0,0.0,0.0
1.7213152571954537e+18,1721315257200000000,-1.0,29.91,-1.0,32.1,-1.0,78.81,13.0,0.0,0.0,0.0,0.0,0.0,0.0,0.0
1.7213152571954537e+18,1721315257233333333,-1.0,29.91,-1.0,32.1,-1.0,78.81,13.0,0.0,0.0,0.0,0.0,0.0,0.0,0.0
1.7213152572439757e+18,1721315257266666666,-1.0,29.91,-1.0,29.27,-1.0,81.96,13.0,0.0,0.0,0.0,0.0,0.0,0.0,0.0
1.7213152572929943e+18,1721315257300000000,-1.0,29.91,-1.0,30.13,-1.0,86.66,13.0,0.0,0.0,0.0,0.0,0.0,0.0,0.0
1.7213152572929943e+18,1721315257333333333,-1.0,29.91,-1.0,30.13,-1.0,86.66,13.0,0.0,0.0,0.0,0.0,0.0,0.0,0.0
1.721315257342528e+18,1721315257366666666,-1.0,29.91,-1.0,26.52,-1.0,80.9,13.0,0.0,0.0,0.0,0.0,0.0,0.0,0.0
1.7213152573915254e+18,1721315257400000000,-1.0,29.7,-1.0,20.09,-1.0,76.42,13.0,0.0,0.0,0.0,0.0,0.0,0.0,0.0
1.7213152573915254e+18,1721315257433333333,-1.0,29.7,-1.0,20.09,-1.0,76.42,13.0,0.0,0.0,0.0,0.0,0.0,0.0,0.0
1.72131525744106e+18,1721315257466666666,-1.0,29.91,-1.0,17.42,-1.0,63.64,13.0,0.0,0.0,0.0,0.0,0.0,0.0,0.0
1.7213152574855245e+18,1721315257500000000,-1.0,29.91,-1.0,15.01,-1.0,59.78,13.0,0.0,0.0,0.0,0.0,0.0,0.0,0.0
1.7213152574855245e+18,1721315257533333333,-1.0,29.91,-1.0,15.01,-1.0,59.78,13.0,0.0,0.0,0.0,0.0,0.0,0.0,0.0
1.7213152575350666e+18,1721315257566666666,-1.0,29.91,-1.0,16.48,-1.0,59.78,13.0,0.0,0.0,0.0,0.0,0.0,0.0,0.0
1.721315257584068e+18,1721315257600000000,-1.0,29.91,-1.0,15.37,-1.0,47.16,13.0,0.0,0.0,0.0,0.0,0.0,0.0,0.0
1.721315257584068e+18,1721315257633333333,-1.0,29.91,-1.0,15.37,-1.0,47.16,13.0,0.0,0.0,0.0,0.0,0.0,0.0,0.0
1.721315257633602e+18,1721315257666666666,-1.0,29.91,-1.0,14.82,-1.0,51.92,13.0,0.0,0.0,0.0,0.0,0.0,0.0,0.0
1.7213152576826015e+18,1721315257700000000,-1.0,29.91,-1.0,14.82,-1.0,52.46,13.0,0.0,0.0,0.0,0.0,0.0,0.0,0.0
1.7213152577311304e+18,1721315257733333333,-1.0,29.91,-1.0,15.37,-1.0,53.01,13.0,0.0,0.0,0.0,0.0,0.0,0.0,0.0
1.7213152577311304e+18,1721315257766666666,-1.0,29.91,-1.0,15.37,-1.0,53.01,13.0,0.0,0.0,0.0,0.0,0.0,0.0,0.0
1.7213152577811223e+18,1721315257800000000,-1.0,29.91,-1.0,14.46,-1.0,47.42,13.0,0.0,0.0,0.0,0.0,0.0,0.0,0.0
1.7213152578296732e+18,1721315257833333333,-1.0,29.91,-1.0,15.92,-1.0,44.11,13.0,0.0,0.0,0.0,0.0,0.0,0.0,0.0
1.7213152578296732e+18,1721315257866666666,-1.0,29.91,-1.0,15.92,-1.0,44.11,13.0,0.0,0.0,0.0,0.0,0.0,0.0,0.0
1.7213152578786665e+18,1721315257900000000,-1.0,29.7,-1.0,15.37,-1.0,32.1,13.0,0.0,0.0,0.0,0.0,0.0,0.0,0.0
1.7213152579282112e+18,1721315257933333333,-1.0,29.91,-1.0,15.56,-1.0,31.44,13.0,0.0,0.0,0.0,0.0,0.0,0.0,0.0
1.7213152579282112e+18,1721315257966666666,-1.0,29.91,-1.0,15.56,-1.0,31.44,13.0,0.0,0.0,0.0,0.0,0.0,0.0,0.0
1.7213152579772116e+18,1721315258000000000,-1.0,29.91,-1.0,13.92,-1.0,46.13,13.0,0.0,0.0,0.0,0.0,0.0,0.0,0.0
1.7213152580267633e+18,1721315258033333333,-1.0,29.91,-1.0,13.2,-1.0,44.86,13.0,0.0,0.0,0.0,0.0,0.0,0.0,0.0
1.7213152580267633e+18,1721315258066666666,-1.0,29.91,-1.0,13.2,-1.0,44.86,13.0,0.0,0.0,0.0,0.0,0.0,0.0,0.0
1.72131525807576e+18,1721315258100000000,-1.0,29.91,-1.0,11.6,-1.0,32.32,13.0,0.0,0.0,0.0,0.0,0.0,0.0,0.0
1.7213152581242964e+18,1721315258133333333,-1.0,29.91,-1.0,10.9,-1.0,31.22,13.0,0.0,0.0,0.0,0.0,0.0,0.0,0.0
1.7213152581242964e+18,1721315258166666666,-1.0,29.91,-1.0,10.9,-1.0,31.22,13.0,0.0,0.0,0.0,0.0,0.0,0.0,0.0
1.7213152581735895e+18,1721315258200000000,-1.0,29.7,-1.0,11.95,-1.0,32.1,13.0,0.0,0.0,0.0,0.0,0.0,0.0,0.0
1.7213152582231235e+18,1721315258233333333,-1.0,29.27,-1.0,12.48,-1.0,31.88,13.0,0.0,0.0,0.0,0.0,0.0,0.0,0.0
1.7213152582231235e+18,1721315258266666666,-1.0,29.27,-1.0,12.48,-1.0,31.88,13.0,0.0,0.0,0.0,0.0,0.0,0.0,0.0
1.721315258268136e+18,1721315258300000000,-1.0,29.27,-1.0,12.13,-1.0,30.35,13.0,0.0,0.0,0.0,0.0,0.0,0.0,0.0
1.721315258317654e+18,1721315258333333333,-1.0,29.27,-1.0,13.38,-1.0,46.9,13.0,0.0,0.0,0.0,0.0,0.0,0.0,0.0
1.7213152583666588e+18,1721315258366666666,-1.0,29.27,-1.0,12.13,-1.0,54.38,13.0,0.0,0.0,0.0,0.0,0.0,0.0,0.0
1.7213152583666588e+18,1721315258400000000,-1.0,29.27,-1.0,12.13,-1.0,54.38,13.0,0.0,0.0,0.0,0.0,0.0,0.0,0.0
1.721315258415195e+18,1721315258433333333,-1.0,29.27,-1.0,11.78,-1.0,56.91,13.0,0.0,0.0,0.0,0.0,0.0,0.0,0.0
1.7213152584642025e+18,1721315258466666666,-1.0,29.27,-1.0,12.66,-1.0,57.19,13.0,0.0,0.0,0.0,0.0,0.0,0.0,0.0
1.7213152584642025e+18,1721315258500000000,-1.0,29.27,-1.0,12.66,-1.0,57.19,13.0,0.0,0.0,0.0,0.0,0.0,0.0,0.0
1.7213152585140426e+18,1721315258533333333,-1.0,29.27,-1.0,11.78,-1.0,55.5,13.0,0.0,0.0,0.0,0.0,0.0,0.0,0.0
1.721315258563045e+18,1721315258566666666,-1.0,29.27,-1.0,11.6,-1.0,56.62,14.0,0.0,0.0,0.0,0.0,0.0,0.0,0.0
1.721315258563045e+18,1721315258600000000,-1.0,29.27,-1.0,11.6,-1.0,56.62,14.0,0.0,0.0,0.0,0.0,0.0,0.0,0.0
1.7213152586116076e+18,1721315258633333333,-1.0,29.05,-1.0,18.17,-1.0,58.05,13.0,0.0,0.0,0.0,0.0,0.0,0.0,0.0
1.7213152586616095e+18,1721315258666666666,-1.0,29.27,-1.0,21.06,-1.0,60.07,13.0,0.0,0.0,0.0,0.0,0.0,0.0,0.0
1.7213152586616095e+18,1721315258700000000,-1.0,29.27,-1.0,21.06,-1.0,60.07,13.0,0.0,0.0,0.0,0.0,0.0,0.0,0.0
1.721315258710128e+18,1721315258733333333,-1.0,29.48,-1.0,19.12,-1.0,58.62,13.0,0.0,0.0,0.0,0.0,0.0,0.0,0.0
1.7213152587591316e+18,1721315258766666666,-1.0,29.27,-1.0,15.01,-1.0,60.36,14.0,0.0,0.0,0.0,0.0,0.0,0.0,0.0
1.7213152587591316e+18,1721315258800000000,-1.0,29.27,-1.0,15.01,-1.0,60.36,14.0,0.0,0.0,0.0,0.0,0.0,0.0,0.0
1.7213152588086707e+18,1721315258833333333,-1.0,29.27,-1.0,12.13,-1.0,55.22,14.0,0.0,0.0,0.0,0.0,0.0,0.0,0.0
1.7213152588576893e+18,1721315258866666666,-1.0,29.27,-1.0,11.25,-1.0,59.78,13.0,0.0,0.0,0.0,0.0,0.0,0.0,0.0
1.7213152588576893e+18,1721315258900000000,-1.0,29.27,-1.0,11.25,-1.0,59.78,13.0,0.0,0.0,0.0,0.0,0.0,0.0,0.0
1.7213152589067041e+18,1721315258933333333,-1.0,29.27,-1.0,10.9,-1.0,55.5,13.0,0.0,0.0,0.0,0.0,0.0,0.0,0.0
1.721315258956233e+18,1721315258966666666,-1.0,29.27,-1.0,13.38,-1.0,54.66,14.0,0.0,0.0,0.0,0.0,0.0,0.0,0.0
1.721315258956233e+18,1721315259000000000,-1.0,29.27,-1.0,13.38,-1.0,54.66,14.0,0.0,0.0,0.0,0.0,0.0,0.0,0.0
1.721315259001469e+18,1721315259033333333,-1.0,29.27,-1.0,13.2,-1.0,49.25,13.0,0.0,0.0,0.0,0.0,0.0,0.0,0.0
1.7213152590506719e+18,1721315259066666666,-1.0,29.27,-1.0,12.66,-1.0,48.72,13.0,0.0,0.0,0.0,0.0,0.0,0.0,0.0
1.7213152590996964e+18,1721315259100000000,-1.0,29.27,-1.0,11.6,-1.0,32.99,14.0,0.0,0.0,0.0,0.0,0.0,0.0,0.0
1.7213152590996964e+18,1721315259133333333,-1.0,29.27,-1.0,11.6,-1.0,32.99,14.0,0.0,0.0,0.0,0.0,0.0,0.0,0.0
1.7213152591482332e+18,1721315259166666666,-1.0,29.27,-1.0,11.25,-1.0,30.13,14.0,0.0,0.0,0.0,0.0,0.0,0.0,0.0
1.721315259198233e+18,1721315259200000000,-1.0,29.05,-1.0,12.84,-1.0,17.98,13.0,0.0,0.0,0.0,0.0,0.0,0.0,0.0
1.721315259198233e+18,1721315259233333333,-1.0,29.05,-1.0,12.84,-1.0,17.98,13.0,0.0,0.0,0.0,0.0,0.0,0.0,0.0
1.721315259246757e+18,1721315259266666666,-1.0,29.05,-1.0,12.31,-1.0,15.19,14.0,0.0,0.0,0.0,0.0,0.0,0.0,0.0
1.7213152592957755e+18,1721315259300000000,-1.0,29.27,-1.0,12.31,-1.0,16.11,13.0,0.0,0.0,0.0,0.0,0.0,0.0,0.0
1.7213152592957755e+18,1721315259333333333,-1.0,29.27,-1.0,12.31,-1.0,16.11,13.0,0.0,0.0,0.0,0.0,0.0,0.0,0.0
1.7213152593454508e+18,1721315259366666666,-1.0,29.27,-1.0,11.25,-1.0,17.04,13.0,0.0,0.0,0.0,0.0,0.0,0.0,0.0
1.7213152593944568e+18,1721315259400000000,-1.0,29.27,-1.0,11.43,-1.0,17.42,13.0,0.0,0.0,0.0,0.0,0.0,0.0,0.0
1.7213152593944568e+18,1721315259433333333,-1.0,29.27,-1.0,11.43,-1.0,17.42,13.0,0.0,0.0,0.0,0.0,0.0,0.0,0.0
1.7213152594435702e+18,1721315259466666666,-1.0,29.27,-1.0,10.9,-1.0,20.09,13.0,0.0,0.0,0.0,0.0,0.0,0.0,0.0
1.7213152594925512e+18,1721315259500000000,-1.0,29.27,-1.0,11.08,-1.0,18.17,13.0,0.0,0.0,0.0,0.0,0.0,0.0,0.0
1.7213152595300293e+18,1721315259533333333,-1.0,29.27,-1.0,10.9,-1.0,-1.0,14.0,0.0,0.0,0.0,0.0,0.0,0.0,0.0
1.7213152595660247e+18,1721315259566666666,-1.0,29.27,-1.0,10.73,-1.0,-1.0,14.0,0.0,0.0,0.0,0.0,0.0,0.0,0.0
1.7213152595660247e+18,1721315259600000000,-1.0,29.27,-1.0,10.73,-1.0,-1.0,14.0,0.0,0.0,0.0,0.0,0.0,0.0,0.0
1.7213152596030377e+18,1721315259633333333,-1.0,29.27,-1.0,10.73,-1.0,-1.0,14.0,0.0,0.0,0.0,0.0,0.0,0.0,0.0
1.7213152596365578e+18,1721315259666666666,-1.0,29.27,-1.0,10.55,-1.0,-1.0,13.0,0.0,0.0,0.0,0.0,0.0,0.0,0.0
1.721315259672558e+18,1721315259700000000,-1.0,29.27,-1.0,10.38,-1.0,-1.0,13.0,0.0,0.0,0.0,0.0,0.0,0.0,0.0
1.7213152597216786e+18,1721315259733333333,-1.0,29.27,-1.0,10.9,-1.0,9.69,13.0,0.0,0.0,0.0,0.0,0.0,0.0,0.0
1.7213152597216786e+18,1721315259766666666,-1.0,29.27,-1.0,10.9,-1.0,9.69,13.0,0.0,0.0,0.0,0.0,0.0,0.0,0.0
1.7213152597716815e+18,1721315259800000000,-1.0,29.27,-1.0,10.21,-1.0,20.67,13.0,0.0,0.0,0.0,0.0,0.0,0.0,0.0
1.7213152598202173e+18,1721315259833333333,-1.0,29.27,-1.0,10.73,-1.0,10.55,13.0,0.0,0.0,0.0,0.0,0.0,0.0,0.0
1.7213152598572155e+18,1721315259866666666,-1.0,29.05,-1.0,10.9,-1.0,-1.0,13.0,0.0,0.0,0.0,0.0,0.0,0.0,0.0
1.7213152598942236e+18,1721315259900000000,-1.0,29.27,-1.0,10.73,-1.0,-1.0,13.0,0.0,0.0,0.0,0.0,0.0,0.0,0.0
1.7213152598942236e+18,1721315259933333333,-1.0,29.27,-1.0,10.73,-1.0,-1.0,13.0,0.0,0.0,0.0,0.0,0.0,0.0,0.0
1.721315259938751e+18,1721315259966666666,-1.0,29.05,-1.0,9.86,-1.0,1.69,13.0,0.0,0.0,0.0,0.0,0.0,0.0,0.0
1.7213152599887444e+18,1721315260000000000,-1.0,29.05,-1.0,9.69,-1.0,12.13,13.0,0.0,0.0,0.0,0.0,0.0,0.0,0.0
1.7213152599887444e+18,1721315260033333333,-1.0,29.05,-1.0,9.69,-1.0,12.13,13.0,0.0,0.0,0.0,0.0,0.0,0.0,0.0
1.7213152600377554e+18,1721315260066666666,-1.0,29.27,-1.0,10.04,-1.0,29.91,14.0,0.0,0.0,0.0,0.0,0.0,0.0,0.0
1.721315260086753e+18,1721315260100000000,-1.0,29.27,-1.0,10.38,-1.0,61.54,13.0,0.0,0.0,0.0,0.0,0.0,0.0,0.0
1.721315260086753e+18,1721315260133333333,-1.0,29.27,-1.0,10.38,-1.0,61.54,13.0,0.0,0.0,0.0,0.0,0.0,0.0,0.0
1.7213152601353216e+18,1721315260166666666,-1.0,29.27,-1.0,10.73,-1.0,60.07,13.0,0.0,0.0,0.0,0.0,0.0,0.0,0.0
1.7213152601813125e+18,1721315260200000000,-1.0,29.27,-1.0,10.21,-1.0,62.73,13.0,0.0,0.0,0.0,0.0,0.0,0.0,0.0
1.7213152602298317e+18,1721315260233333333,-1.0,29.48,-1.0,9.52,-1.0,60.66,14.0,0.0,0.0,0.0,0.0,0.0,0.0,0.0
1.7213152602298317e+18,1721315260266666666,-1.0,29.48,-1.0,9.52,-1.0,60.66,14.0,0.0,0.0,0.0,0.0,0.0,0.0,0.0
1.7213152602793362e+18,1721315260300000000,-1.0,29.27,-1.0,10.73,-1.0,61.25,13.0,0.0,0.0,0.0,0.0,0.0,0.0,0.0
1.7213152603286124e+18,1721315260333333333,-1.0,29.27,-1.0,10.55,-1.0,61.25,14.0,0.0,0.0,0.0,0.0,0.0,0.0,0.0
1.7213152603286124e+18,1721315260366666666,-1.0,29.27,-1.0,10.55,-1.0,61.25,14.0,0.0,0.0,0.0,0.0,0.0,0.0,0.0
1.721315260379619e+18,1721315260400000000,-1.0,29.27,-1.0,10.9,-1.0,61.25,13.0,0.0,0.0,0.0,0.0,0.0,0.0,0.0
1.721315260426738e+18,1721315260433333333,-1.0,29.27,-1.0,11.43,-1.0,62.14,13.0,0.0,0.0,0.0,0.0,0.0,0.0,0.0
1.721315260426738e+18,1721315260466666666,-1.0,29.27,-1.0,11.43,-1.0,62.14,13.0,0.0,0.0,0.0,0.0,0.0,0.0,0.0
1.7213152604761656e+18,1721315260500000000,-1.0,29.27,-1.0,11.6,-1.0,78.12,13.0,0.0,0.0,0.0,0.0,0.0,0.0,0.0
1.7213152605247066e+18,1721315260533333333,-1.0,29.27,-1.0,10.55,-1.0,103.62,14.0,0.0,0.0,0.0,0.0,0.0,0.0,0.0
1.7213152605247066e+18,1721315260566666666,-1.0,29.27,-1.0,10.55,-1.0,103.62,14.0,0.0,0.0,0.0,0.0,0.0,0.0,0.0
1.7213152605737075e+18,1721315260600000000,-1.0,29.27,-1.0,10.04,-1.0,93.87,14.0,0.0,0.0,0.0,0.0,0.0,0.0,0.0
1.7213152606232622e+18,1721315260633333333,-1.0,29.27,-1.0,11.43,-1.0,94.26,14.0,0.0,0.0,0.0,0.0,0.0,0.0,0.0
1.7213152606232622e+18,1721315260666666666,-1.0,29.27,-1.0,11.43,-1.0,94.26,14.0,0.0,0.0,0.0,0.0,0.0,0.0,0.0
1.7213152606722468e+18,1721315260700000000,-1.0,29.27,-1.0,11.6,-1.0,81.25,14.0,0.0,0.0,0.0,0.0,0.0,0.0,0.0
1.721315260721792e+18,1721315260733333333,-1.0,29.27,-1.0,11.43,-1.0,80.2,14.0,0.0,0.0,0.0,0.0,0.0,0.0,0.0
1.721315260721792e+18,1721315260766666666,-1.0,29.27,-1.0,11.43,-1.0,80.2,14.0,0.0,0.0,0.0,0.0,0.0,0.0,0.0
1.7213152607708534e+18,1721315260800000000,-1.0,29.27,-1.0,11.08,-1.0,78.46,14.0,0.0,0.0,0.0,0.0,0.0,0.0,0.0
1.721315260820241e+18,1721315260833333333,-1.0,29.27,-1.0,11.6,-1.0,59.49,13.0,0.0,0.0,0.0,0.0,0.0,0.0,0.0
1.721315260820241e+18,1721315260866666666,-1.0,29.27,-1.0,11.6,-1.0,59.49,13.0,0.0,0.0,0.0,0.0,0.0,0.0,0.0
1.7213152608686848e+18,1721315260900000000,-1.0,29.27,-1.0,11.6,-1.0,47.16,14.0,0.0,0.0,0.0,0.0,0.0,0.0,0.0
1.7213152609182085e+18,1721315260933333333,-1.0,29.27,-1.0,11.6,-1.0,55.5,14.0,0.0,0.0,0.0,0.0,0.0,0.0,0.0
1.7213152609632207e+18,1721315260966666666,-1.0,29.27,-1.0,12.48,-1.0,68.26,14.0,0.0,0.0,0.0,0.0,0.0,0.0,0.0
1.7213152609632207e+18,1721315261000000000,-1.0,29.27,-1.0,12.48,-1.0,68.26,14.0,0.0,0.0,0.0,0.0,0.0,0.0,0.0
1.7213152610126042e+18,1721315261033333333,-1.0,29.27,-1.0,12.31,-1.0,90.78,14.0,0.0,0.0,0.0,0.0,0.0,0.0,0.0
1.7213152610660114e+18,1721315261066666666,-1.0,29.27,-1.0,12.31,-1.0,116.93,14.0,0.0,0.0,0.0,0.0,0.0,0.0,0.0
1.7213152610660114e+18,1721315261100000000,-1.0,29.27,-1.0,12.31,-1.0,116.93,14.0,0.0,0.0,0.0,0.0,0.0,0.0,0.0
1.721315261114862e+18,1721315261133333333,-1.0,29.27,-1.0,11.95,-1.0,131.69,14.0,0.0,0.0,0.0,0.0,0.0,0.0,0.0
1.7213152611637484e+18,1721315261166666666,-1.0,29.27,-1.0,11.95,-1.0,128.61,14.0,0.0,0.0,0.0,0.0,0.0,0.0,0.0
1.7213152611637484e+18,1721315261200000000,-1.0,29.27,-1.0,11.95,-1.0,128.61,14.0,0.0,0.0,0.0,0.0,0.0,0.0,0.0
1.721315261212714e+18,1721315261233333333,-1.0,29.48,-1.0,12.48,-1.0,117.87,14.0,0.0,0.0,0.0,0.0,0.0,0.0,0.0
1.7213152612625915e+18,1721315261266666666,-1.0,29.05,-1.0,12.48,-1.0,95.05,14.0,0.0,0.0,0.0,0.0,0.0,0.0,0.0
1.7213152612625915e+18,1721315261300000000,-1.0,29.05,-1.0,12.48,-1.0,95.05,14.0,0.0,0.0,0.0,0.0,0.0,0.0,0.0
1.7213152613115151e+18,1721315261333333333,-1.0,29.05,-1.0,11.95,-1.0,76.42,14.0,0.0,0.0,0.0,0.0,0.0,0.0,0.0
1.7213152613608763e+18,1721315261366666666,-1.0,29.27,-1.0,10.73,-1.0,46.65,14.0,0.0,0.0,0.0,0.0,0.0,0.0,0.0
1.7213152613608763e+18,1721315261400000000,-1.0,29.27,-1.0,10.73,-1.0,46.65,14.0,0.0,0.0,0.0,0.0,0.0,0.0,0.0
1.7213152614096763e+18,1721315261433333333,-1.0,29.27,-1.0,11.08,-1.0,19.89,14.0,0.0,0.0,0.0,0.0,0.0,0.0,0.0
1.7213152614590502e+18,1721315261466666666,-1.0,29.48,-1.0,11.25,-1.0,4.22,14.0,0.0,0.0,0.0,0.0,0.0,0.0,0.0
1.7213152614910605e+18,1721315261500000000,-1.0,29.27,-1.0,11.6,-1.0,-1.0,13.0,0.0,0.0,0.0,0.0,0.0,0.0,0.0
1.7213152615280614e+18,1721315261533333333,-1.0,29.27,-1.0,12.31,-1.0,-1.0,13.0,0.0,0.0,0.0,0.0,0.0,0.0,0.0
1.7213152615653962e+18,1721315261566666666,-1.0,29.27,-1.0,11.95,-1.0,-1.0,13.0,0.0,0.0,0.0,0.0,0.0,0.0,0.0
1.7213152615653962e+18,1721315261600000000,-1.0,29.27,-1.0,11.95,-1.0,-1.0,13.0,0.0,0.0,0.0,0.0,0.0,0.0,0.0
1.7213152616017498e+18,1721315261633333333,-1.0,29.27,-1.0,12.66,-1.0,-1.0,13.0,0.0,0.0,0.0,0.0,0.0,0.0,0.0
1.721315261638492e+18,1721315261666666666,-1.0,29.27,-1.0,12.13,-1.0,-1.0,13.0,0.0,0.0,0.0,0.0,0.0,0.0,0.0
1.7213152616879713e+18,1721315261700000000,-1.0,29.27,-1.0,11.95,-1.0,3.74,13.0,0.0,0.0,0.0,0.0,0.0,0.0,0.0
1.7213152616879713e+18,1721315261733333333,-1.0,29.27,-1.0,11.95,-1.0,3.74,13.0,0.0,0.0,0.0,0.0,0.0,0.0,0.0
1.7213152617372608e+18,1721315261766666666,-1.0,29.27,-1.0,12.48,-1.0,11.78,13.0,0.0,0.0,0.0,0.0,0.0,0.0,0.0
1.7213152617866944e+18,1721315261800000000,-1.0,29.27,-1.0,12.66,-1.0,22.25,13.0,0.0,0.0,0.0,0.0,0.0,0.0,0.0
1.7213152618317128e+18,1721315261833333333,-1.0,29.27,-1.0,12.48,-1.0,21.65,14.0,0.0,0.0,0.0,0.0,0.0,0.0,0.0
1.7213152618317128e+18,1721315261866666666,-1.0,29.27,-1.0,12.48,-1.0,21.65,14.0,0.0,0.0,0.0,0.0,0.0,0.0,0.0
1.7213152618807347e+18,1721315261900000000,-1.0,29.27,-1.0,13.02,-1.0,22.25,13.0,0.0,0.0,0.0,0.0,0.0,0.0,0.0
1.7213152619295245e+18,1721315261933333333,-1.0,29.27,-1.0,13.2,-1.0,22.25,13.0,0.0,0.0,0.0,0.0,0.0,0.0,0.0
1.7213152619295245e+18,1721315261966666666,-1.0,29.27,-1.0,13.2,-1.0,22.25,13.0,0.0,0.0,0.0,0.0,0.0,0.0,0.0
1.7213152619791788e+18,1721315262000000000,-1.0,29.27,-1.0,14.1,-1.0,16.48,14.0,0.0,0.0,0.0,0.0,0.0,0.0,0.0
1.721315262028188e+18,1721315262033333333,-1.0,29.27,-1.0,13.56,-1.0,15.01,13.0,0.0,0.0,0.0,0.0,0.0,0.0,0.0
1.721315262028188e+18,1721315262066666666,-1.0,29.27,-1.0,13.56,-1.0,15.01,13.0,0.0,0.0,0.0,0.0,0.0,0.0,0.0
1.7213152620774748e+18,1721315262100000000,-1.0,29.27,-1.0,14.28,-1.0,16.67,13.0,0.0,0.0,0.0,0.0,0.0,0.0,0.0
1.7213152621264067e+18,1721315262133333333,-1.0,29.48,-1.0,14.46,-1.0,17.6,13.0,0.0,0.0,0.0,0.0,0.0,0.0,0.0
1.7213152621264067e+18,1721315262166666666,-1.0,29.48,-1.0,14.46,-1.0,17.6,13.0,0.0,0.0,0.0,0.0,0.0,0.0,0.0
1.7213152621751186e+18,1721315262200000000,-1.0,29.27,-1.0,14.64,-1.0,12.66,14.0,0.0,0.0,0.0,0.0,0.0,0.0,0.0
1.7213152622248394e+18,1721315262233333333,-1.0,29.27,-1.0,15.01,-1.0,10.38,13.0,0.0,0.0,0.0,0.0,0.0,0.0,0.0
1.7213152622620293e+18,1721315262266666666,-1.0,29.27,-1.0,15.01,-1.0,-1.0,13.0,0.0,0.0,0.0,0.0,0.0,0.0,0.0
1.7213152622988362e+18,1721315262300000000,-1.0,29.05,-1.0,15.19,-1.0,-1.0,13.0,0.0,0.0,0.0,0.0,0.0,0.0,0.0
1.7213152622988362e+18,1721315262333333333,-1.0,29.05,-1.0,15.19,-1.0,-1.0,13.0,0.0,0.0,0.0,0.0,0.0,0.0,0.0
,1721315262366666666,,,,,,,,,,,,,,
,1721315262400000000,,,,,,,,,,,,,,
,1721315262433333333,,,,,,,,,,,,,,
,1721315262466666666,,,,,,,,,,,,,,
