sw_epoch_ms,wrist_position,sensor_type,value_X_Axis,value_Y_Axis,value_Z_Axis,server_epoch_ms
1669049064059,right,acc,0.22026655077934265,-0.8954314589500427,9.821015357971191,1720123582431139100
1669049064099,right,acc,0.13407529890537262,-0.8355764150619507,9.806650161743164,1720123582438146500
1669049064120,right,acc,0.14604631066322327,-0.8619126081466675,9.749189376831055,1720123582445651900
1669049064159,right,acc,0.1388636976480484,-0.8667010068893433,9.801861763000488,1720123582453650800
1669049064221,right,acc,0.22505496442317963,-0.8619126081466675,9.737217903137207,1720123582459650500
1669049064260,right,acc,0.15562310814857483,-0.9169792532920837,9.806650161743164,1720123582466655800
1669049064299,right,acc,0.17238251864910126,-0.8236053586006165,9.768342971801758,1720123582478650200
1669049064341,right,acc,0.17956513166427612,-0.8355764150619507,9.75637149810791,1720123582486650600
1669049064382,right,acc,0.18914192914962769,-0.8643068075180054,9.787496566772461,1720123582495652000
1669049064418,right,acc,0.13168109953403473,-0.8355764150619507,9.792284965515137,1720123582503653900
1669049064461,right,acc,0.10295066982507706,-0.8954314589500427,9.81143856048584,1720123582521653900
1669049064482,right,acc,0.23702596127986908,-0.7924807667732239,9.832986831665039,1720123582533655700
1669049064541,right,acc,0.21308395266532898,-0.8451532125473022,9.792284965515137,1720123582543655800
1669049064582,right,acc,0.1628057211637497,-0.8523358106613159,9.81143856048584,1720123582550991300
1669049064620,right,acc,0.11252748221158981,-0.849941611289978,9.818621635437012,1720123582559990900
1669049064662,right,acc,0.16759411990642548,-0.8595184087753296,9.75397777557373,1720123582566992000
1669049064700,right,acc,0.1412578970193863,-0.8643068075180054,9.80904483795166,1720123582575991300
1669049064742,right,acc,0.17717093229293823,-0.9145850539207458,9.818621635437012,1720123582594991700
1669049064782,right,acc,0.09576806426048279,-0.8786720037460327,9.773131370544434,1720123582610994400
1669049064820,right,acc,0.11971008777618408,-0.9576807022094727,9.871294021606445,1720123582619993000
1669049064863,right,acc,0.1364694982767105,-0.849941611289978,9.78989028930664,1720123582630999200
1669049064901,right,acc,0.1388636976480484,-0.8690952062606812,9.78989028930664,1720123582647511700
1669049064940,right,acc,0.16519992053508759,-0.8810662031173706,9.801861763000488,1720123582656511300
1669049064983,right,acc,0.13407529890537262,-0.8738836050033569,9.837775230407715,1720123582674509300
1669049065022,right,acc,0.12449848651885986,-0.9002198576927185,9.799467086791992,1720123582687509200
1669049065064,right,acc,0.12449848651885986,-0.7948749661445618,9.792284965515137,1720123582710513600
1669049065101,right,acc,0.15083470940589905,-0.8738836050033569,9.78989028930664,1720123582718511400
1669049065162,right,acc,0.19393034279346466,-0.8595184087753296,9.797073364257812,1720123582730521900
1669049065201,right,acc,0.09816227108240128,-0.8547300100326538,9.768342971801758,1720123582742518300
1669049065248,right,acc,0.07182604819536209,-0.8619126081466675,9.763554573059082,1720123582753029700
1669049065287,right,acc,0.07182604819536209,-0.9050082564353943,9.797073364257812,1720123582764031600
1669049065324,right,acc,0.14604631066322327,-0.8619126081466675,9.768342971801758,1720123582770030000
1669049065364,right,acc,0.14604631066322327,-0.8810662031173706,9.823410034179688,1720123582780029700
1669049065402,right,acc,0.13168109953403473,-0.8690952062606812,9.832986831665039,1720123582793033500
1669049065449,right,acc,0.12689268589019775,-0.8930372595787048,9.821015357971191,1720123582812034500
1669049065525,right,acc,0.12928688526153564,-0.871489405632019,9.823410034179688,1720123582856575600
1669049065565,right,acc,0.15801730751991272,-0.8379706144332886,9.806650161743164,1720123582866575800
1669049065606,right,acc,0.181959331035614,-0.8930372595787048,9.792284965515137,1720123582889575100
1669049065645,right,acc,0.17956513166427612,-0.8810662031173706,9.792284965515137,1720123582906575000
1669049065685,right,acc,0.17477671802043915,-0.8403648138046265,9.749189376831055,1720123582920575700
1669049065726,right,acc,0.15562310814857483,-0.8667010068893433,9.859322547912598,1720123582935585100
1669049065765,right,acc,0.19393034279346466,-0.8475474119186401,9.890447616577148,1720123582945609900
1669049065804,right,acc,0.181959331035614,-0.8475474119186401,9.751583099365234,1720123582953610200
1669049065845,right,acc,0.1843535304069519,-0.8164227604866028,9.823410034179688,1720123582964611000
1669049065886,right,acc,0.12928688526153564,-0.8547300100326538,9.816226959228516,1720123582972609100
1669049065906,right,acc,0.19871874153614044,-0.8906430602073669,9.804255485534668,1720123582983614300
1669049065966,right,acc,0.12689268589019775,-0.7948749661445618,9.837775230407715,1720123582994610000
1669049065987,right,acc,0.11013327538967133,-0.9241618514060974,9.806650161743164,1720123583003610200
1669049066028,right,acc,0.13407529890537262,-0.8978256583213806,9.80904483795166,1720123583015612000
1669049066066,right,acc,0.15562310814857483,-0.8619126081466675,9.813833236694336,1720123583023608500
1669049066109,right,acc,0.1867477297782898,-0.8858546018600464,9.830592155456543,1720123583037618500
1669049066148,right,acc,0.12449848651885986,-0.8643068075180054,9.782708168029785,1720123583056700600
1669049066169,right,acc,0.12210428714752197,-0.8451532125473022,9.768342971801758,1720123583071712700
1669049066206,right,acc,0.13168109953403473,-0.8667010068893433,9.852140426635742,1720123583084701500
1669049066249,right,acc,0.19871874153614044,-0.8667010068893433,9.840168952941895,1720123583096701100
1669049066290,right,acc,0.11013327538967133,-0.9002198576927185,9.84495735168457,1720123583107699300
1669049066329,right,acc,0.18914192914962769,-0.8834604024887085,9.782708168029785,1720123583143701800
1669049066371,right,acc,0.12210428714752197,-0.8403648138046265,9.806650161743164,1720123583156210400
1669049066409,right,acc,0.15801730751991272,-0.8906430602073669,9.847352027893066,1720123583165211100
1669049066451,right,acc,0.2059013396501541,-0.8882488012313843,9.852140426635742,1720123583173210400
1669049066491,right,acc,0.15801730751991272,-0.8619126081466675,9.797073364257812,1720123583188211300
1669049066531,right,acc,0.14604631066322327,-0.8690952062606812,9.775525093078613,1720123583201209900
1669049066549,right,acc,0.16998831927776337,-0.8858546018600464,9.75397777557373,1720123583209213600
1669049066608,right,acc,0.09816227108240128,-0.849941611289978,9.840168952941895,1720123583225212200
1669049066650,right,acc,0.19393034279346466,-0.8858546018600464,9.837775230407715,1720123583234219200
1669049066691,right,acc,0.20111294090747833,-0.8571242094039917,9.813833236694336,1720123583244752100
1669049066731,right,acc,0.19871874153614044,-0.849941611289978,9.84256362915039,1720123583258767400
1669049066769,right,acc,0.18914192914962769,-0.8667010068893433,9.78989028930664,1720123583273804200
1669049066792,right,acc,0.1364694982767105,-0.8523358106613159,9.818621635437012,1720123583291767500
1669049066831,right,acc,0.10295066982507706,-0.8236053586006165,9.818621635437012,1720123583304803400
1669049066891,right,acc,0.20111294090747833,-0.8068459630012512,9.847352027893066,1720123583314800200
1669049066932,right,acc,0.1867477297782898,-0.8667010068893433,9.775525093078613,1720123583325765000
1669049066970,right,acc,0.14365209639072418,-0.849941611289978,9.763554573059082,1720123583339803600
1669049067013,right,acc,0.15322890877723694,-0.8595184087753296,9.81143856048584,1720123583349353500
1669049067051,right,acc,0.20111294090747833,-0.8355764150619507,9.768342971801758,1720123583366349400
1669049067092,right,acc,0.1604115068912506,-0.8690952062606812,9.785101890563965,1720123583377357300
1669049067132,right,acc,0.13407529890537262,-0.8690952062606812,9.797073364257812,1720123583396329100
1669049067172,right,acc,0.12449848651885986,-0.8906430602073669,9.801861763000488,1720123583406352700
1669049067233,right,acc,0.15801730751991272,-0.8571242094039917,9.804255485534668,1720123583426348900
1669049067251,right,acc,0.12210428714752197,-0.9600749015808105,9.840168952941895,1720123583441334800
1669049067314,right,acc,0.15322890877723694,-0.8451532125473022,9.742006301879883,1720123583456864300
1669049067351,right,acc,0.1412578970193863,-0.8307880163192749,9.785101890563965,1720123583471872900
1669049067399,right,acc,0.16759411990642548,-0.8547300100326538,9.77791976928711,1720123583485896400
1669049067433,right,acc,0.1149216815829277,-0.849941611289978,9.75397777557373,1720123583497864000
1669049067499,right,acc,0.14844051003456116,-0.8164227604866028,9.799467086791992,1720123583508864800
1669049067533,right,acc,0.1388636976480484,-0.811634361743927,9.813833236694336,1720123583524922100
1669049067575,right,acc,0.1364694982767105,-0.9145850539207458,9.787496566772461,1720123583548492800
1669049067634,right,acc,0.12689268589019775,-0.8212111592292786,9.797073364257812,1720123583562459600
1669049067675,right,acc,0.181959331035614,-0.8667010068893433,9.799467086791992,1720123583574464900
1669049067703,right,acc,0.2059013396501541,-0.9145850539207458,9.763554573059082,1720123583585486600
1669049067753,right,acc,0.1364694982767105,-0.8906430602073669,9.761159896850586,1720123583596484500
1669049067798,right,acc,0.10055647045373917,-0.8786720037460327,9.830592155456543,1720123583610470200
1669049067834,right,acc,0.12449848651885986,-0.8523358106613159,9.749189376831055,1720123583627128400
1669049067856,right,acc,0.16998831927776337,-0.8762778043746948,9.825803756713867,1720123583637579600
1669049067898,right,acc,0.1364694982767105,-0.8523358106613159,9.856928825378418,1720123583646190400
1669049067934,right,acc,0.12928688526153564,-0.9050082564353943,9.84256362915039,1720123583657164200
1669049067977,right,acc,0.1867477297782898,-0.8020575642585754,9.799467086791992,1720123583669129000
1669049067998,right,acc,0.1604115068912506,-0.9050082564353943,9.768342971801758,1720123583679146200
1669049068035,right,acc,0.17238251864910126,-0.8882488012313843,9.835380554199219,1720123583689132700
1669049068077,right,acc,0.17238251864910126,-0.8954314589500427,9.825803756713867,1720123583701131300
1669049068116,right,acc,0.15083470940589905,-0.8762778043746948,9.80904483795166,1720123583710130900
1669049068157,right,acc,0.16519992053508759,-0.8307880163192749,9.804255485534668,1720123583733148900
1669049068199,right,acc,0.17238251864910126,-0.8978256583213806,9.81143856048584,1720123583748718700
1669049068235,right,acc,0.05267243832349777,-0.8092401623725891,9.799467086791992,1720123583763718800
1669049068258,right,acc,0.1412578970193863,-0.8379706144332886,9.81143856048584,1720123583779697100
1669049068298,right,acc,0.10534487664699554,-0.8355764150619507,9.813833236694336,1720123583795721500
1669049068359,right,acc,0.19153612852096558,-0.8475474119186401,9.797073364257812,1720123583812721000
1669049068399,right,acc,0.11252748221158981,-0.8786720037460327,9.792284965515137,1720123583826425100
1669049068436,right,acc,0.1412578970193863,-0.9097966551780701,9.765948295593262,1720123583835429600
1669049068479,right,acc,0.23702596127986908,-0.8619126081466675,9.787496566772461,1720123583857011100
1669049068517,right,acc,0.12689268589019775,-0.8188169598579407,9.718064308166504,1720123583875002900
1669049068579,right,acc,0.19393034279346466,-0.9002198576927185,9.773131370544434,1720123583887014300
1669049068618,right,acc,0.08140286058187485,-0.8571242094039917,9.821015357971191,1720123583901976700
1669049068658,right,acc,0.13407529890537262,-0.8810662031173706,9.794678688049316,1720123583911013700
1669049068699,right,acc,0.22026655077934265,-0.8547300100326538,9.804255485534668,1720123583922011100
1669049068740,right,acc,0.15562310814857483,-0.8403648138046265,9.830592155456543,1720123583932996200
1669049068779,right,acc,0.16998831927776337,-0.9193734526634216,9.763554573059082,1720123583946590000
1669049068800,right,acc,0.1628057211637497,-0.8451532125473022,9.770736694335938,1720123583959557200
1669049068861,right,acc,0.12928688526153564,-0.8427590131759644,9.801861763000488,1720123583968592100
1669049068901,right,acc,0.15083470940589905,-0.849941611289978,9.84256362915039,1720123583976594600
1669049068939,right,acc,0.1843535304069519,-0.8523358106613159,9.830592155456543,1720123583988591700
1669049068962,right,acc,0.19153612852096558,-0.871489405632019,9.818621635437012,1720123583995574400
1669049069001,right,acc,0.15083470940589905,-0.8523358106613159,9.84495735168457,1720123584007559200
1669049069041,right,acc,0.18914192914962769,-0.9097966551780701,9.806650161743164,1720123584015590100
1669049069082,right,acc,0.1604115068912506,-0.8044517636299133,9.84256362915039,1720123584036609700
1669049069101,right,acc,0.14365209639072418,-0.8475474119186401,9.801861763000488,1720123584044609900
1669049069140,right,acc,0.15083470940589905,-0.8906430602073669,9.794678688049316,1720123584055959100
1669049069182,right,acc,0.1867477297782898,-0.8978256583213806,9.840168952941895,1720123584066993000
1669049069221,right,acc,0.22266076505184174,-0.8475474119186401,9.785101890563965,1720123584077958500
1669049069281,right,acc,0.1412578970193863,-0.8523358106613159,9.801861763000488,1720123584099959500
1669049069322,right,acc,0.1604115068912506,-0.8475474119186401,9.832986831665039,1720123584110993800
1669049069362,right,acc,0.16759411990642548,-0.811634361743927,9.859322547912598,1720123584127003600
1669049069402,right,acc,0.24420857429504395,-0.8427590131759644,9.830592155456543,1720123584134997400
1669049069447,right,acc,0.16519992053508759,-0.8834604024887085,9.81143856048584,1720123584148547800
1669049069503,right,acc,0.16759411990642548,-0.8834604024887085,9.739612579345703,1720123584157554400
1669049069524,right,acc,0.10773907601833344,-0.8188169598579407,9.746794700622559,1720123584168550600
1669049069562,right,acc,0.10534487664699554,-0.828393816947937,9.787496566772461,1720123584177546600
1669049069624,right,acc,0.12928688526153564,-0.8331822156906128,9.825803756713867,1720123584194545800
1669049069648,right,acc,0.16998831927776337,-0.8427590131759644,9.832986831665039,1720123584206513300
1669049069702,right,acc,0.16519992053508759,-0.912190854549408,9.801861763000488,1720123584220515000
1669049069725,right,acc,0.11971008777618408,-0.8667010068893433,9.744400978088379,1720123584232521200
1669049069783,right,acc,0.19871874153614044,-0.8643068075180054,9.806650161743164,1720123584238561400
1669049069824,right,acc,0.12210428714752197,-0.8882488012313843,9.84256362915039,1720123584257143700
1669049069865,right,acc,0.14604631066322327,-0.8786720037460327,9.770736694335938,1720123584269145100
1669049069905,right,acc,0.17238251864910126,-0.8882488012313843,9.792284965515137,1720123584279147800
1669049069944,right,acc,0.15801730751991272,-0.8451532125473022,9.804255485534668,1720123584290733900
1669049069984,right,acc,0.1149216815829277,-0.8619126081466675,9.852140426635742,1720123584300737200
1669049070026,right,acc,0.181959331035614,-0.8188169598579407,9.75397777557373,1720123584308699400
1669049070065,right,acc,0.22505496442317963,-0.9600749015808105,9.804255485534668,1720123584319700200
1669049070108,right,acc,0.1149216815829277,-0.871489405632019,9.773131370544434,1720123584330700400
1669049070147,right,acc,0.19871874153614044,-0.8738836050033569,9.835380554199219,1720123584341710900
1669049070184,right,acc,0.15562310814857483,-0.8307880163192749,9.765948295593262,1720123584353217700
1669049070226,right,acc,0.15322890877723694,-0.8475474119186401,9.792284965515137,1720123584361217700
1669049070265,right,acc,0.14844051003456116,-0.8212111592292786,9.725247383117676,1720123584370216400
1669049070308,right,acc,0.19632454216480255,-0.8427590131759644,9.804255485534668,1720123584388215800
1669049070345,right,acc,0.19393034279346466,-0.871489405632019,9.792284965515137,1720123584397242400
1669049070385,right,acc,0.13407529890537262,-0.8331822156906128,9.801861763000488,1720123584410216100
1669049070448,right,acc,0.181959331035614,-0.8690952062606812,9.742006301879883,1720123584423215200
1669049070485,right,acc,0.13168109953403473,-0.8451532125473022,9.86889934539795,1720123584434219000
1669049070528,right,acc,0.14365209639072418,-0.9050082564353943,9.840168952941895,1720123584443228800
1669049070571,right,acc,0.11252748221158981,-0.8571242094039917,9.837775230407715,1720123584456788000
1669049070609,right,acc,0.16998831927776337,-0.8619126081466675,9.744400978088379,1720123584470754400
1669049070666,right,acc,0.181959331035614,-0.8643068075180054,9.773131370544434,1720123584499755000
1669049070686,right,acc,0.12928688526153564,-0.8307880163192749,9.813833236694336,1720123584511754800
1669049070729,right,acc,0.1364694982767105,-0.8810662031173706,9.806650161743164,1720123584519756100
1669049070767,right,acc,0.20350714027881622,-0.8690952062606812,9.816226959228516,1720123584533793000
1669049070810,right,acc,0.15322890877723694,-0.7972691655158997,9.847352027893066,1720123584549286400
1669049070848,right,acc,0.1628057211637497,-0.8547300100326538,9.816226959228516,1720123584566248700
1669049070888,right,acc,0.1628057211637497,-0.8164227604866028,9.765948295593262,1720123584576284900
1669049070949,right,acc,0.17717093229293823,-0.7565677165985107,9.782708168029785,1720123584593279700
1669049070989,right,acc,0.181959331035614,-0.9074024558067322,9.782708168029785,1720123584605247200
1669049071030,right,acc,0.16519992053508759,-0.8762778043746948,9.77791976928711,1720123584620279700
1669049071067,right,acc,0.10534487664699554,-0.8667010068893433,9.785101890563965,1720123584631271500
1669049071110,right,acc,0.17238251864910126,-0.8571242094039917,9.799467086791992,1720123584639252200
1669049071168,right,acc,0.17477671802043915,-0.8068459630012512,9.773131370544434,1720123584654835100
1669049071212,right,acc,0.1388636976480484,-0.8906430602073669,9.81143856048584,1720123584662833400
1669049071250,right,acc,0.1173158809542656,-0.8427590131759644,9.78989028930664,1720123584670833800
1669049071289,right,acc,0.12928688526153564,-0.8810662031173706,9.782708168029785,1720123584679872000
1669049071331,right,acc,0.1867477297782898,-0.8451532125473022,9.785101890563965,1720123584691869300
1669049071369,right,acc,0.21308395266532898,-0.8786720037460327,9.775525093078613,1720123584697833800
1669049071412,right,acc,0.14604631066322327,-0.871489405632019,9.804255485534668,1720123584706838700
1669049071451,right,acc,0.1388636976480484,-0.8307880163192749,9.765948295593262,1720123584717834000
1669049071494,right,acc,0.15083470940589905,-0.8595184087753296,9.816226959228516,1720123584724873600
1669049071532,right,acc,0.21787235140800476,-0.933738648891449,9.830592155456543,1720123584734907000
1669049071596,right,acc,0.1628057211637497,-0.8427590131759644,9.847352027893066,1720123584743883200
1669049071632,right,acc,0.16519992053508759,-0.8595184087753296,9.828198432922363,1720123584755452100
1669049071671,right,acc,0.23702596127986908,-0.8523358106613159,9.785101890563965,1720123584761451100
1669049071715,right,acc,0.1604115068912506,-0.8906430602073669,9.797073364257812,1720123584770453300
1669049071751,right,acc,0.18914192914962769,-0.7972691655158997,9.787496566772461,1720123584776451000
1669049071795,right,acc,0.1628057211637497,-0.8212111592292786,9.823410034179688,1720123584788453600
1669049071833,right,acc,0.14604631066322327,-0.8595184087753296,9.801861763000488,1720123584795450900
1669049071873,right,acc,0.12449848651885986,-0.8092401623725891,9.835380554199219,1720123584802416800
1669049071915,right,acc,0.15562310814857483,-0.8355764150619507,9.787496566772461,1720123584810416400
1669049071952,right,acc,0.1364694982767105,-0.8834604024887085,9.782708168029785,1720123584818417600
1669049071996,right,acc,0.2082955539226532,-0.8810662031173706,9.81143856048584,1720123584828450900
1669049072032,right,acc,0.16998831927776337,-0.8259995579719543,9.780313491821289,1720123584839456200
1669049072093,right,acc,0.17477671802043915,-0.8307880163192749,9.785101890563965,1720123584858299800
1669049072134,right,acc,0.11971008777618408,-0.8523358106613159,9.86650562286377,1720123584869298300
1669049072174,right,acc,0.20111294090747833,-0.8762778043746948,9.801861763000488,1720123584879303800
1669049072215,right,acc,0.2322375625371933,-0.8020575642585754,9.780313491821289,1720123584889298700
1669049072253,right,acc,0.1628057211637497,-0.871489405632019,9.80904483795166,1720123584897298600
1669049072354,right,acc,0.16998831927776337,-0.8834604024887085,9.761159896850586,1720123584938304200
1669049072395,right,acc,0.19153612852096558,-0.811634361743927,9.804255485534668,1720123584966849300
1669049072434,right,acc,0.181959331035614,-0.8451532125473022,9.813833236694336,1720123584983547100
1669049072475,right,acc,0.15322890877723694,-0.8092401623725891,9.832986831665039,1720123584993045900
1669049072517,right,acc,0.1604115068912506,-0.8619126081466675,9.816226959228516,1720123585002083200
1669049072556,right,acc,0.14604631066322327,-0.9097966551780701,9.799467086791992,1720123585012089500
1669049072597,right,acc,0.11013327538967133,-0.9193734526634216,9.806650161743164,1720123585021047500
1669049072635,right,acc,0.17717093229293823,-0.849941611289978,9.828198432922363,1720123585031073300
1669049072677,right,acc,0.15322890877723694,-0.9217676520347595,9.765948295593262,1720123585039055600
1669049072721,right,acc,0.1364694982767105,-0.8547300100326538,9.77791976928711,1720123585051641500
1669049072757,right,acc,0.14604631066322327,-0.9528923034667969,9.744400978088379,1720123585060675400
1669049072798,right,acc,0.17717093229293823,-0.8188169598579407,9.821015357971191,1720123585072644500
1669049072858,right,acc,0.17238251864910126,-0.8379706144332886,9.81143856048584,1720123585094664900
1669049072898,right,acc,0.14604631066322327,-0.8547300100326538,9.816226959228516,1720123585104640200
1669049072957,right,acc,0.1149216815829277,-0.8475474119186401,9.801861763000488,1720123585120681300
1669049072998,right,acc,0.181959331035614,-0.8523358106613159,9.81143856048584,1720123585131697200
1669049073057,right,acc,0.20350714027881622,-0.7781155705451965,9.871294021606445,1720123585141687300
1669049073077,right,acc,0.18914192914962769,-0.8595184087753296,9.78989028930664,1720123585157275100
1669049073138,right,acc,0.15801730751991272,-0.9002198576927185,9.816226959228516,1720123585171275700
1669049073177,right,acc,0.18914192914962769,-0.8882488012313843,9.792284965515137,1720123585193278700
1669049073239,right,acc,0.16519992053508759,-0.8451532125473022,9.710882186889648,1720123585205273100
1669049073279,right,acc,0.19632454216480255,-0.8690952062606812,9.825803756713867,1720123585234245800
1669049073318,right,acc,0.10055647045373917,-0.8355764150619507,9.744400978088379,1720123585244247600
1669049073358,right,acc,0.19871874153614044,-0.8667010068893433,9.794678688049316,1720123585265637800
1669049073399,right,acc,0.14604631066322327,-0.7805097699165344,9.787496566772461,1720123585275638400
1669049073460,right,acc,0.15801730751991272,-0.8978256583213806,9.785101890563965,1720123585286637800
1669049073499,right,acc,0.15322890877723694,-0.8571242094039917,9.801861763000488,1720123585293639300
1669049073540,right,acc,0.15322890877723694,-0.8523358106613159,9.749189376831055,1720123585303639400
1669049073581,right,acc,0.08140286058187485,-0.8164227604866028,9.75397777557373,1720123585314638500
1669049073619,right,acc,0.19632454216480255,-0.8834604024887085,9.825803756713867,1720123585327638000
1669049073661,right,acc,0.1843535304069519,-0.8667010068893433,9.797073364257812,1720123585338646900
1669049073720,right,acc,0.17717093229293823,-0.8044517636299133,9.849745750427246,1720123585356220500
1669049073745,right,acc,0.13168109953403473,-0.8307880163192749,9.775525093078613,1720123585364183200
1669049073761,right,acc,0.15322890877723694,-0.8762778043746948,9.84495735168457,1720123585373184500
1669049073801,right,acc,0.16519992053508759,-0.849941611289978,9.765948295593262,1720123585390183300
1669049073846,right,acc,0.16759411990642548,-0.9074024558067322,9.782708168029785,1720123585400182100
1669049073881,right,acc,0.19871874153614044,-0.849941611289978,9.821015357971191,1720123585412183800
1669049073923,right,acc,0.19871874153614044,-0.8259995579719543,9.78989028930664,1720123585420184000
1669049073961,right,acc,0.15322890877723694,-0.8810662031173706,9.81143856048584,1720123585429184000
1669049074000,right,acc,0.1388636976480484,-0.8930372595787048,9.78989028930664,1720123585444284700
1669049074025,right,acc,0.16759411990642548,-0.8690952062606812,9.80904483795166,1720123585455809000
1669049074062,right,acc,0.14604631066322327,-0.8643068075180054,9.821015357971191,1720123585465775000
1669049074101,right,acc,0.1364694982767105,-0.9050082564353943,9.775525093078613,1720123585481774100
1669049074162,right,acc,0.20111294090747833,-0.871489405632019,9.742006301879883,1720123585493774200
1669049074201,right,acc,0.1173158809542656,-0.8786720037460327,9.785101890563965,1720123585503770800
1669049074247,right,acc,0.14844051003456116,-0.8978256583213806,9.80904483795166,1720123585515770300
1669049074283,right,acc,0.181959331035614,-0.8355764150619507,9.861717224121094,1720123585533837000
1669049074324,right,acc,0.15801730751991272,-0.8810662031173706,9.806650161743164,1720123585543836500
1669049074362,right,acc,0.15322890877723694,-0.9409212470054626,9.825803756713867,1720123585552354900
1669049074402,right,acc,0.19393034279346466,-0.8307880163192749,9.768342971801758,1720123585560356100
1669049074464,right,acc,0.11971008777618408,-0.8858546018600464,9.794678688049316,1720123585574354600
1669049074503,right,acc,0.17477671802043915,-0.871489405632019,9.794678688049316,1720123585585355600
1669049074544,right,acc,0.2106897532939911,-0.8379706144332886,9.81143856048584,1720123585593389900
1669049074583,right,acc,0.16759411990642548,-0.8020575642585754,9.78989028930664,1720123585600392700
1669049074602,right,acc,0.15562310814857483,-0.8547300100326538,9.773131370544434,1720123585611370800
1669049074645,right,acc,0.15083470940589905,-0.8954314589500427,9.852140426635742,1720123585618355700
1669049074684,right,acc,0.1867477297782898,-0.8619126081466675,9.775525093078613,1720123585627390100
1669049074725,right,acc,0.11971008777618408,-0.8930372595787048,9.81143856048584,1720123585640358300
1669049074769,right,acc,0.13168109953403473,-0.8547300100326538,9.804255485534668,1720123585653866600
1669049074805,right,acc,0.14365209639072418,-0.9050082564353943,9.835380554199219,1720123585661870800
1669049074866,right,acc,0.14604631066322327,-0.912190854549408,9.818621635437012,1720123585674871400
1669049074927,right,acc,0.12210428714752197,-0.9074024558067322,9.78989028930664,1720123585694492100
1669049074965,right,acc,0.14365209639072418,-0.8643068075180054,9.78989028930664,1720123585702485200
1669049075007,right,acc,0.16519992053508759,-0.7852981686592102,9.837775230407715,1720123585713497700
1669049075045,right,acc,0.20111294090747833,-0.9385270476341248,9.80904483795166,1720123585727485500
1669049075085,right,acc,0.181959331035614,-0.8164227604866028,9.84256362915039,1720123585737493500
1669049075128,right,acc,0.1628057211637497,-0.9385270476341248,9.75397777557373,1720123585748005500
1669049075185,right,acc,0.12210428714752197,-0.828393816947937,9.78989028930664,1720123585764012100
1669049075228,right,acc,0.1628057211637497,-0.8475474119186401,9.780313491821289,1720123585780011600
1669049075267,right,acc,0.12449848651885986,-0.871489405632019,9.832986831665039,1720123585797022900
1669049075312,right,acc,0.13168109953403473,-0.8667010068893433,9.828198432922363,1720123585820008400
1669049075367,right,acc,0.1364694982767105,-0.828393816947937,9.763554573059082,1720123585834014100
1669049075408,right,acc,0.16759411990642548,-0.849941611289978,9.813833236694336,1720123585850521200
1669049075430,right,acc,0.15801730751991272,-0.7781155705451965,9.763554573059082,1720123585860531200
1669049075487,right,acc,0.13407529890537262,-0.8834604024887085,9.801861763000488,1720123585881523200
1669049075509,right,acc,0.12928688526153564,-0.8810662031173706,9.818621635437012,1720123585894523200
1669049075567,right,acc,0.10773907601833344,-0.8547300100326538,9.828198432922363,1720123585917521000
1669049075609,right,acc,0.15322890877723694,-0.8667010068893433,9.782708168029785,1720123585926521700
1669049075667,right,acc,0.14604631066322327,-0.8523358106613159,9.823410034179688,1720123585943526700
1669049075709,right,acc,0.21308395266532898,-0.8355764150619507,9.859322547912598,1720123585957035200
1669049075750,right,acc,0.11971008777618408,-0.8595184087753296,9.823410034179688,1720123585966037100
1669049075793,right,acc,0.14604631066322327,-0.8547300100326538,9.775525093078613,1720123585978034800
1669049075831,right,acc,0.17717093229293823,-0.7996633648872375,9.794678688049316,1720123585986035600
1669049075868,right,acc,0.19632454216480255,-0.8882488012313843,9.804255485534668,1720123585998077500
1669049075910,right,acc,0.1843535304069519,-0.8667010068893433,9.77791976928711,1720123586007040700
1669049075968,right,acc,0.19153612852096558,-0.8044517636299133,9.742006301879883,1720123586018071400
1669049076010,right,acc,0.1604115068912506,-0.8379706144332886,9.825803756713867,1720123586027037000
1669049076031,right,acc,0.20350714027881622,-0.8379706144332886,9.821015357971191,1720123586036078800
1669049076069,right,acc,0.20111294090747833,-0.7445967197418213,9.765948295593262,1720123586044657200
1669049076109,right,acc,0.1604115068912506,-0.8547300100326538,9.799467086791992,1720123586058204500
1669049076169,right,acc,0.15801730751991272,-0.8690952062606812,9.794678688049316,1720123586068206300
1669049076211,right,acc,0.15322890877723694,-0.8571242094039917,9.78989028930664,1720123586081245900
1669049076251,right,acc,0.14844051003456116,-0.8643068075180054,9.785101890563965,1720123586089205500
1669049076292,right,acc,0.1604115068912506,-0.8906430602073669,9.806650161743164,1720123586098204500
1669049076332,right,acc,0.16519992053508759,-0.8810662031173706,9.84256362915039,1720123586106203300
1669049076371,right,acc,0.17238251864910126,-0.9026140570640564,9.823410034179688,1720123586117202300
1669049076412,right,acc,0.17238251864910126,-0.8786720037460327,9.770736694335938,1720123586126202700
1669049076433,right,acc,0.12689268589019775,-0.8834604024887085,9.821015357971191,1720123586139213000
1669049076493,right,acc,0.13407529890537262,-0.8667010068893433,9.821015357971191,1720123586148728100
1669049076533,right,acc,0.1843535304069519,-0.8954314589500427,9.816226959228516,1720123586163728400
1669049076593,right,acc,0.19393034279346466,-0.8690952062606812,9.837775230407715,1720123586177761000
1669049076634,right,acc,0.22744916379451752,-0.811634361743927,9.78989028930664,1720123586184763300
1669049076673,right,acc,0.1628057211637497,-0.8140285611152649,9.782708168029785,1720123586198728000
1669049076715,right,acc,0.12449848651885986,-0.8595184087753296,9.80904483795166,1720123586209767700
1669049076751,right,acc,0.2106897532939911,-0.8092401623725891,9.816226959228516,1720123586218763300
1669049076794,right,acc,0.1173158809542656,-0.8667010068893433,9.856928825378418,1720123586227727200
1669049076834,right,acc,0.1412578970193863,-0.8571242094039917,9.852140426635742,1720123586241767000
1669049076874,right,acc,0.12928688526153564,-0.8786720037460327,9.775525093078613,1720123586251906300
1669049076917,right,acc,0.11252748221158981,-0.9026140570640564,9.794678688049316,1720123586263847500
1669049076953,right,acc,0.16519992053508759,-0.8834604024887085,9.768342971801758,1720123586276844000
1669049076995,right,acc,0.15562310814857483,-0.8403648138046265,9.780313491821289,1720123586284845900
1669049077034,right,acc,0.1412578970193863,-0.8930372595787048,9.797073364257812,1720123586300844200
1669049077075,right,acc,0.1412578970193863,-0.8547300100326538,9.849745750427246,1720123586310844600
1669049077115,right,acc,0.15562310814857483,-0.9361328482627869,9.787496566772461,1720123586320845800
1669049077156,right,acc,0.15322890877723694,-0.7972691655158997,9.804255485534668,1720123586328846700
1669049077176,right,acc,0.11013327538967133,-0.9050082564353943,9.830592155456543,1720123586338919900
1669049077235,right,acc,0.14844051003456116,-0.8595184087753296,9.761159896850586,1720123586347947400
1669049077276,right,acc,0.20111294090747833,-0.8475474119186401,9.830592155456543,1720123586358276400
1669049077295,right,acc,0.15562310814857483,-0.8882488012313843,9.768342971801758,1720123586367799600
1669049077335,right,acc,0.17717093229293823,-0.950498104095459,9.859322547912598,1720123586379797900
1669049077378,right,acc,0.181959331035614,-0.8810662031173706,9.787496566772461,1720123586388799900
1669049077415,right,acc,0.1412578970193863,-0.8619126081466675,9.773131370544434,1720123586398805400
1669049077477,right,acc,0.1412578970193863,-0.7374141216278076,9.792284965515137,1720123586411798400
1669049077515,right,acc,0.15322890877723694,-0.8475474119186401,9.81143856048584,1720123586418798000
1669049077536,right,acc,0.1412578970193863,-0.8475474119186401,9.818621635437012,1720123586427806700
1669049077598,right,acc,0.2059013396501541,-0.8619126081466675,9.840168952941895,1720123586439802900
1669049077615,right,acc,0.13168109953403473,-0.8762778043746948,9.80904483795166,1720123586448336000
1669049077660,right,acc,0.090979665517807,-0.8738836050033569,9.780313491821289,1720123586459336100
1669049077698,right,acc,0.1604115068912506,-0.8379706144332886,9.849745750427246,1720123586466305400
1669049077738,right,acc,0.19153612852096558,-0.7972691655158997,9.828198432922363,1720123586479302500
1669049077778,right,acc,0.20350714027881622,-0.7613561153411865,9.799467086791992,1720123586487302900
1669049077817,right,acc,0.2106897532939911,-0.8140285611152649,9.835380554199219,1720123586506302600
1669049077877,right,acc,0.15322890877723694,-0.871489405632019,9.830592155456543,1720123586521302500
1669049077917,right,acc,0.17477671802043915,-0.8451532125473022,9.854534149169922,1720123586531306200
1669049077957,right,acc,0.24181437492370605,-0.8164227604866028,9.835380554199219,1720123586554183300
1669049077977,right,acc,0.1412578970193863,-0.8307880163192749,9.837775230407715,1720123586565186400
1669049078018,right,acc,0.21308395266532898,-0.8355764150619507,9.854534149169922,1720123586578183200
1669049078059,right,acc,0.23942017555236816,-0.8810662031173706,9.854534149169922,1720123586586184100
1669049078098,right,acc,0.10055647045373917,-0.9002198576927185,9.821015357971191,1720123586599184600
1669049078138,right,acc,0.24181437492370605,-0.8547300100326538,9.78989028930664,1720123586607184800
1669049078178,right,acc,0.18914192914962769,-0.8379706144332886,9.78989028930664,1720123586620183100
1669049078240,right,acc,0.15801730751991272,-0.8523358106613159,9.828198432922363,1720123586629185000
1669049078281,right,acc,0.14604631066322327,-0.8140285611152649,9.773131370544434,1720123586642206200
1669049078318,right,acc,0.15562310814857483,-0.8188169598579407,9.840168952941895,1720123586650718300
1669049078341,right,acc,0.2106897532939911,-0.828393816947937,9.830592155456543,1720123586659717600
1669049078381,right,acc,0.11971008777618408,-0.8667010068893433,9.749189376831055,1720123586676752200
1669049078418,right,acc,0.181959331035614,-0.871489405632019,9.830592155456543,1720123586684716800
1669049078460,right,acc,0.17238251864910126,-0.8906430602073669,9.806650161743164,1720123586698716500
1669049078502,right,acc,0.17717093229293823,-0.9576807022094727,9.78989028930664,1720123586706718300
1669049078560,right,acc,0.15322890877723694,-0.9457096457481384,9.78989028930664,1720123586720717400
1669049078581,right,acc,0.1867477297782898,-0.8236053586006165,9.780313491821289,1720123586730716400
1669049078619,right,acc,0.1628057211637497,-0.871489405632019,9.849745750427246,1720123586740723100
1669049078681,right,acc,0.12928688526153564,-0.8451532125473022,9.782708168029785,1720123586752238400
1669049078719,right,acc,0.1604115068912506,-0.8451532125473022,9.782708168029785,1720123586762237200
1669049078762,right,acc,0.15562310814857483,-0.8188169598579407,9.799467086791992,1720123586772236500
1669049078799,right,acc,0.17956513166427612,-0.9648633003234863,9.823410034179688,1720123586782236300
1669049078820,right,acc,0.15801730751991272,-0.9097966551780701,9.797073364257812,1720123586791237800
1669049078865,right,acc,0.12449848651885986,-0.8355764150619507,9.818621635437012,1720123586801237900
1669049078901,right,acc,0.07661445438861847,-0.8738836050033569,9.780313491821289,1720123586811236200
1669049078944,right,acc,0.15562310814857483,-0.8786720037460327,9.806650161743164,1720123586821236300
1669049078999,right,acc,0.17717093229293823,-0.849941611289978,9.751583099365234,1720123586834240900
1669049079040,right,acc,0.2322375625371933,-0.8188169598579407,9.773131370544434,1720123586845240800
1669049079079,right,acc,0.16759411990642548,-0.8427590131759644,9.768342971801758,1720123586853271700
1669049079120,right,acc,0.16998831927776337,-0.8786720037460327,9.775525093078613,1720123586863375600
1669049079161,right,acc,0.17477671802043915,-0.8547300100326538,9.794678688049316,1720123586876819500
1669049079200,right,acc,0.1364694982767105,-0.8882488012313843,9.801861763000488,1720123586889802700
1669049079243,right,acc,0.14365209639072418,-0.9241618514060974,9.734824180603027,1720123586902801000
1669049079264,right,acc,0.16759411990642548,-0.8978256583213806,9.84256362915039,1720123586911837800
1669049079322,right,acc,0.181959331035614,-0.9169792532920837,9.80904483795166,1720123586921800600
1669049079345,right,acc,0.17717093229293823,-0.8403648138046265,9.725247383117676,1720123586931800200
1669049079381,right,acc,0.15562310814857483,-0.8858546018600464,9.835380554199219,1720123586944804100
1669049079420,right,acc,0.19393034279346466,-0.871489405632019,9.835380554199219,1720123586953313600
1669049079460,right,acc,0.1388636976480484,-0.8523358106613159,9.773131370544434,1720123586961313600
1669049079502,right,acc,0.0933738648891449,-0.9026140570640564,9.80904483795166,1720123586968348300
1669049079543,right,acc,0.14604631066322327,-0.9145850539207458,9.816226959228516,1720123586979348600
1669049079583,right,acc,0.19871874153614044,-0.8762778043746948,9.765948295593262,1720123586991348000
1669049079625,right,acc,0.1628057211637497,-0.8379706144332886,9.770736694335938,1720123587003355100
1669049079647,right,acc,0.1843535304069519,-0.8475474119186401,9.77791976928711,1720123587011348100
1669049079685,right,acc,0.10534487664699554,-0.8810662031173706,9.780313491821289,1720123587022349800
1669049079748,right,acc,0.12928688526153564,-0.8331822156906128,9.837775230407715,1720123587034398800
1669049079788,right,acc,0.20350714027881622,-0.7565677165985107,9.830592155456543,1720123587043385000
1669049079803,right,acc,0.2059013396501541,-0.8930372595787048,9.804255485534668,1720123587050649200
1669049079847,right,acc,0.20111294090747833,-0.8164227604866028,9.806650161743164,1720123587061614000
1669049079884,right,acc,0.2322375625371933,-0.8236053586006165,9.821015357971191,1720123587070649500
1669049079925,right,acc,0.12449848651885986,-0.9361328482627869,9.751583099365234,1720123587085629600
1669049079966,right,acc,0.13168109953403473,-0.8643068075180054,9.81143856048584,1720123587093614700
1669049080006,right,acc,0.1867477297782898,-0.8547300100326538,9.818621635437012,1720123587101633500
1669049080048,right,acc,0.1412578970193863,-0.8379706144332886,9.81143856048584,1720123587110648800
1669049080084,right,acc,0.17477671802043915,-0.8978256583213806,9.816226959228516,1720123587121648400
1669049080148,right,acc,0.19153612852096558,-0.8786720037460327,9.821015357971191,1720123587130648600
1669049080166,right,acc,0.20111294090747833,-0.871489405632019,9.775525093078613,1720123587141654300
1669049080207,right,acc,0.12928688526153564,-0.8547300100326538,9.765948295593262,1720123587150235100
1669049080248,right,acc,0.1867477297782898,-0.8690952062606812,9.770736694335938,1720123587160210000
1669049080285,right,acc,0.16519992053508759,-0.871489405632019,9.797073364257812,1720123587170235400
1669049080366,right,acc,0.12689268589019775,-0.8738836050033569,9.840168952941895,1720123587202200600
1669049080428,right,acc,0.1604115068912506,-0.8930372595787048,9.75637149810791,1720123587210200900
1669049080449,right,acc,0.1604115068912506,-0.871489405632019,9.77791976928711,1720123587223211700
1669049080486,right,acc,0.19393034279346466,-0.8930372595787048,9.792284965515137,1720123587232201900
1669049080527,right,acc,0.19393034279346466,-0.7422025203704834,9.770736694335938,1720123587246206700
1669049080586,right,acc,0.12210428714752197,-0.8307880163192749,9.794678688049316,1720123587255714800
1669049080630,right,acc,0.1628057211637497,-0.7805097699165344,9.761159896850586,1720123587263715600
1669049080666,right,acc,0.1388636976480484,-0.8212111592292786,9.828198432922363,1720123587274714800
1669049080709,right,acc,0.08858546614646912,-0.8834604024887085,9.78989028930664,1720123587287749800
1669049080749,right,acc,0.1364694982767105,-0.9552865028381348,9.773131370544434,1720123587303749900
1669049080787,right,acc,0.14844051003456116,-0.8475474119186401,9.77791976928711,1720123587312757100
1669049080830,right,acc,0.1604115068912506,-0.871489405632019,9.77791976928711,1720123587323715600
1669049080867,right,acc,0.17717093229293823,-0.871489405632019,9.770736694335938,1720123587333720700
1669049080914,right,acc,0.1867477297782898,-0.8978256583213806,9.818621635437012,1720123587341721900
1669049080951,right,acc,0.15562310814857483,-0.8212111592292786,9.744400978088379,1720123587347757900
1669049080967,right,acc,0.14604631066322327,-0.8738836050033569,9.828198432922363,1720123587357033500
1669049081015,right,acc,0.17477671802043915,-0.8858546018600464,9.746794700622559,1720123587367033000
1669049081051,right,acc,0.1388636976480484,-0.849941611289978,9.78989028930664,1720123587375069100
1669049081090,right,acc,0.17477671802043915,-0.7948749661445618,9.801861763000488,1720123587383030900
1669049081116,right,acc,0.1388636976480484,-0.8212111592292786,9.86650562286377,1720123587392031100
1669049081150,right,acc,0.1628057211637497,-0.9074024558067322,9.785101890563965,1720123587404030900
1669049081188,right,acc,0.181959331035614,-0.871489405632019,9.854534149169922,1720123587412032600
1669049081230,right,acc,0.12449848651885986,-0.8475474119186401,9.80904483795166,1720123587426033300
1669049081250,right,acc,0.15801730751991272,-0.8188169598579407,9.78989028930664,1720123587439040100
1669049081295,right,acc,0.2059013396501541,-0.8523358106613159,9.797073364257812,1720123587447041700
1669049081331,right,acc,0.11252748221158981,-0.8547300100326538,9.77791976928711,1720123587454551700
1669049081370,right,acc,0.15083470940589905,-0.7876923680305481,9.797073364257812,1720123587464551600
1669049081412,right,acc,0.1364694982767105,-0.9433154463768005,9.821015357971191,1720123587473551300
1669049081431,right,acc,0.1628057211637497,-0.8068459630012512,9.799467086791992,1720123587483550300
1669049081492,right,acc,0.16998831927776337,-0.811634361743927,9.765948295593262,1720123587506551700
1669049081512,right,acc,0.1604115068912506,-0.8619126081466675,9.77791976928711,1720123587522630900
1669049081574,right,acc,0.15322890877723694,-0.8834604024887085,9.818621635437012,1720123587532551700
1669049081614,right,acc,0.24181437492370605,-0.9026140570640564,9.785101890563965,1720123587546556000
1669049081652,right,acc,0.1412578970193863,-0.8810662031173706,9.801861763000488,1720123587556080800
1669049081692,right,acc,0.17717093229293823,-0.8978256583213806,9.80904483795166,1720123587566082300
1669049081733,right,acc,0.17477671802043915,-0.8667010068893433,9.849745750427246,1720123587577080900
1669049081773,right,acc,0.16519992053508759,-0.8236053586006165,9.765948295593262,1720123587586080800
1669049081814,right,acc,0.19393034279346466,-0.8547300100326538,9.78989028930664,1720123587600080700
1669049081853,right,acc,0.12689268589019775,-0.8738836050033569,9.832986831665039,1720123587616082500
1669049081894,right,acc,0.12449848651885986,-0.8667010068893433,9.854534149169922,1720123587628084500
1669049081932,right,acc,0.16759411990642548,-0.8092401623725891,9.732429504394531,1720123587645118900
1669049081973,right,acc,0.1412578970193863,-0.8690952062606812,9.746794700622559,1720123587653242200
1669049082014,right,acc,0.12449848651885986,-0.8667010068893433,9.856928825378418,1720123587665207500
1669049082054,right,acc,0.1412578970193863,-0.8978256583213806,9.792284965515137,1720123587675208100
1669049082094,right,acc,0.1388636976480484,-0.8978256583213806,9.787496566772461,1720123587686207200
1669049082133,right,acc,0.16759411990642548,-0.8810662031173706,9.830592155456543,1720123587696209100
1669049082174,right,acc,0.20350714027881622,-0.8595184087753296,9.770736694335938,1720123587708207900
1669049082214,right,acc,0.1412578970193863,-0.8906430602073669,9.823410034179688,1720123587718208600
1669049082255,right,acc,0.18914192914962769,-0.871489405632019,9.768342971801758,1720123587726374400
1669049082295,right,acc,0.14844051003456116,-0.8667010068893433,9.794678688049316,1720123587736377900
1669049082334,right,acc,0.13407529890537262,-0.8547300100326538,9.828198432922363,1720123587746375900
1669049082376,right,acc,0.16759411990642548,-0.9193734526634216,9.761159896850586,1720123587753525500
1669049082414,right,acc,0.15801730751991272,-0.9074024558067322,9.885659217834473,1720123587764490600
1669049082476,right,acc,0.20111294090747833,-0.7781155705451965,9.86650562286377,1720123587775525700
1669049082497,right,acc,0.1843535304069519,-0.8475474119186401,9.794678688049316,1720123587785489800
1669049082534,right,acc,0.17477671802043915,-0.8571242094039917,9.768342971801758,1720123587795492000
1669049082576,right,acc,0.1604115068912506,-0.8331822156906128,9.792284965515137,1720123587804525100
1669049082616,right,acc,0.15322890877723694,-0.8403648138046265,9.825803756713867,1720123587812525000
1669049082656,right,acc,0.1364694982767105,-0.7924807667732239,9.828198432922363,1720123587826528200
1669049082697,right,acc,0.1388636976480484,-0.8571242094039917,9.770736694335938,1720123587835494400
1669049082735,right,acc,0.17717093229293823,-0.8331822156906128,9.835380554199219,1720123587847530400
1669049082777,right,acc,0.13407529890537262,-0.8379706144332886,9.785101890563965,1720123587857114800
1669049082817,right,acc,0.11971008777618408,-0.8906430602073669,9.794678688049316,1720123587867078100
1669049082860,right,acc,0.16998831927776337,-0.849941611289978,9.828198432922363,1720123587879265700
1669049082898,right,acc,0.11013327538967133,-0.8475474119186401,9.787496566772461,1720123587886814200
1669049082935,right,acc,0.16519992053508759,-0.8236053586006165,9.80904483795166,1720123587894815200
1669049082980,right,acc,0.15083470940589905,-0.8595184087753296,9.837775230407715,1720123588293705600
1669049083036,right,acc,0.11971008777618408,-0.849941611289978,9.799467086791992,1720123588332763500
1669049083078,right,acc,0.16759411990642548,-0.8810662031173706,9.799467086791992,1720123588345782100
1669049083117,right,acc,0.181959331035614,-0.8403648138046265,9.835380554199219,1720123588356361400
1669049083163,right,acc,0.11252748221158981,-0.8690952062606812,9.734824180603027,1720123588367325600
1669049083198,right,acc,0.17956513166427612,-0.8236053586006165,9.792284965515137,1720123588374916500
1669049083237,right,acc,0.16998831927776337,-0.9026140570640564,9.86889934539795,1720123588387838600
1669049083264,right,acc,0.19393034279346466,-0.8523358106613159,9.818621635437012,1720123588396900200
1669049083317,right,acc,0.1364694982767105,-0.8427590131759644,9.806650161743164,1720123588410877300
1669049083360,right,acc,0.2106897532939911,-0.8978256583213806,9.799467086791992,1720123588418874500
1669049083398,right,acc,0.17717093229293823,-0.8475474119186401,9.864110946655273,1720123588428845000
1669049083418,right,acc,0.16759411990642548,-0.8212111592292786,9.81143856048584,1720123588439921400
1669049083459,right,acc,0.18914192914962769,-0.8595184087753296,9.799467086791992,1720123588447888300
1669049083498,right,acc,0.1364694982767105,-0.8547300100326538,9.888052940368652,1720123588457502300
1669049083542,right,acc,0.1149216815829277,-0.9169792532920837,9.768342971801758,1720123588469504200
1669049083581,right,acc,0.1388636976480484,-0.8236053586006165,9.818621635437012,1720123588477518200
1669049083618,right,acc,0.1843535304069519,-0.8858546018600464,9.806650161743164,1720123588491502400
1669049083662,right,acc,0.1843535304069519,-0.8643068075180054,9.804255485534668,1720123588499502400
1669049083699,right,acc,0.17717093229293823,-0.8547300100326538,9.799467086791992,1720123588507500400
1669049083741,right,acc,0.18914192914962769,-0.8259995579719543,9.751583099365234,1720123588518501000
1669049083782,right,acc,0.12689268589019775,-0.8259995579719543,9.806650161743164,1720123588529467300
1669049083819,right,acc,0.16519992053508759,-0.8690952062606812,9.799467086791992,1720123588538469800
1669049083863,right,acc,0.1604115068912506,-0.811634361743927,9.77791976928711,1720123588548974200
1669049083900,right,acc,0.17238251864910126,-0.8810662031173706,9.77791976928711,1720123588555978300
1669049083941,right,acc,0.14844051003456116,-0.912190854549408,9.80904483795166,1720123588569978400
1669049083985,right,acc,0.16519992053508759,-0.8738836050033569,9.765948295593262,1720123588593012700
1669049084021,right,acc,0.12928688526153564,-0.8451532125473022,9.775525093078613,1720123588608013900
1669049084064,right,acc,0.10773907601833344,-0.8882488012313843,9.799467086791992,1720123588622977500
1669049084097,right,acc,0.15562310814857483,-0.8092401623725891,9.840168952941895,1720123588637995700
1669049084141,right,acc,0.2059013396501541,-0.8547300100326538,9.770736694335938,1720123588648983300
1669049084201,right,acc,0.16519992053508759,-0.8762778043746948,9.816226959228516,1720123588660064000
1669049084242,right,acc,0.1628057211637497,-0.849941611289978,9.825803756713867,1720123588672066200
1669049084281,right,acc,0.16998831927776337,-0.8858546018600464,9.806650161743164,1720123588679065600
1669049084322,right,acc,0.16759411990642548,-0.8236053586006165,9.828198432922363,1720123588697064100
1669049084365,right,acc,0.17717093229293823,-0.7924807667732239,9.86889934539795,1720123588711062000
1669049084401,right,acc,0.1843535304069519,-0.9050082564353943,9.787496566772461,1720123588720086700
1669049084464,right,acc,0.16519992053508759,-0.8930372595787048,9.749189376831055,1720123588730064500
1669049084482,right,acc,0.1412578970193863,-0.8068459630012512,9.818621635437012,1720123588743102800
1669049084544,right,acc,0.07900865375995636,-0.8188169598579407,9.806650161743164,1720123588754668400
1669049084583,right,acc,0.15801730751991272,-0.8475474119186401,9.86650562286377,1720123588764619000
1669049084625,right,acc,0.15562310814857483,-0.8259995579719543,9.785101890563965,1720123588775618300
1669049084665,right,acc,0.19632454216480255,-0.8259995579719543,9.770736694335938,1720123588787617900
1669049084703,right,acc,0.1388636976480484,-0.8212111592292786,9.801861763000488,1720123588795623300
1669049084743,right,acc,0.15562310814857483,-0.8164227604866028,9.746794700622559,1720123588808618900
1669049084783,right,acc,0.12210428714752197,-0.8451532125473022,9.770736694335938,1720123588818616000
1669049084825,right,acc,0.1604115068912506,-0.8092401623725891,9.75397777557373,1720123588831224700
1669049084865,right,acc,0.1412578970193863,-0.8475474119186401,9.806650161743164,1720123588843737900
1669049084908,right,acc,0.12928688526153564,-0.8523358106613159,9.797073364257812,1720123588852244800
1669049084945,right,acc,0.1412578970193863,-0.8930372595787048,9.816226959228516,1720123588861245700
1669049084983,right,acc,0.15562310814857483,-0.8954314589500427,9.785101890563965,1720123588873245600
1669049085025,right,acc,0.14844051003456116,-0.8451532125473022,9.830592155456543,1720123588881245900
1669049085047,right,acc,0.09576806426048279,-0.8786720037460327,9.818621635437012,1720123588892244900
1669049085084,right,acc,0.22744916379451752,-0.8547300100326538,9.818621635437012,1720123588900245100
1669049085126,right,acc,0.14604631066322327,-0.8355764150619507,9.830592155456543,1720123588913244900
1669049085166,right,acc,0.13168109953403473,-0.8475474119186401,9.828198432922363,1720123588921281000
1669049085226,right,acc,0.11013327538967133,-0.828393816947937,9.828198432922363,1720123588931286300
1669049085247,right,acc,0.15322890877723694,-0.8379706144332886,9.792284965515137,1720123588941248700
1669049085311,right,acc,0.15083470940589905,-0.8882488012313843,9.832986831665039,1720123588951334100
1669049085326,right,acc,0.19871874153614044,-0.8403648138046265,9.804255485534668,1720123588958333700
1669049085367,right,acc,0.16998831927776337,-0.8236053586006165,9.880870819091797,1720123588971334000
1669049085405,right,acc,0.11252748221158981,-0.8738836050033569,9.832986831665039,1720123588979332300
1669049085466,right,acc,0.16519992053508759,-0.7757213711738586,9.746794700622559,1720123588990333300
1669049085485,right,acc,0.14844051003456116,-0.7876923680305481,9.78989028930664,1720123588998337700
1669049085527,right,acc,0.15562310814857483,-0.8092401623725891,9.75637149810791,1720123589011332600
1669049085567,right,acc,0.18914192914962769,-0.8667010068893433,9.775525093078613,1720123589019334200
1669049085608,right,acc,0.19871874153614044,-0.8427590131759644,9.840168952941895,1720123589031332400
1669049085668,right,acc,0.19871874153614044,-0.8930372595787048,9.823410034179688,1720123589040370400
1669049085707,right,acc,0.1388636976480484,-0.9097966551780701,9.775525093078613,1720123589052451800
1669049085748,right,acc,0.14604631066322327,-0.8643068075180054,9.804255485534668,1720123589062453000
1669049085770,right,acc,0.17717093229293823,-0.8307880163192749,9.825803756713867,1720123589070451400
1669049085809,right,acc,0.15083470940589905,-0.8451532125473022,9.787496566772461,1720123589079366800
1669049085868,right,acc,0.20350714027881622,-0.8188169598579407,9.825803756713867,1720123589089368000
1669049085887,right,acc,0.13407529890537262,-0.8547300100326538,9.840168952941895,1720123589097367200
1669049085932,right,acc,0.15562310814857483,-0.8571242094039917,9.768342971801758,1720123589108367200
1669049085968,right,acc,0.14604631066322327,-0.8690952062606812,9.787496566772461,1720123589117367000
1669049086009,right,acc,0.14604631066322327,-0.8188169598579407,9.794678688049316,1720123589130370700
1669049086049,right,acc,0.1604115068912506,-0.8451532125473022,9.77791976928711,1720123589140455900
1669049086089,right,acc,0.1388636976480484,-0.8236053586006165,9.782708168029785,1720123589150003700
1669049086134,right,acc,0.10534487664699554,-0.8403648138046265,9.813833236694336,1720123589163008600
1669049086169,right,acc,0.15562310814857483,-0.8044517636299133,9.821015357971191,1720123589172013600
1669049086210,right,acc,0.15322890877723694,-0.9169792532920837,9.770736694335938,1720123589183008700
1669049086270,right,acc,0.12449848651885986,-0.7805097699165344,9.785101890563965,1720123589193011600
1669049086310,right,acc,0.09576806426048279,-0.8379706144332886,9.77791976928711,1720123589203008500
1669049086349,right,acc,0.19153612852096558,-0.8595184087753296,9.801861763000488,1720123589213011700
1669049086391,right,acc,0.20111294090747833,-0.8475474119186401,9.81143856048584,1720123589219009700
1669049086431,right,acc,0.12689268589019775,-0.8571242094039917,9.830592155456543,1720123589235015500
1669049086449,right,acc,0.19871874153614044,-0.8164227604866028,9.77791976928711,1720123589244015400
1669049086491,right,acc,0.16998831927776337,-0.8188169598579407,9.813833236694336,1720123589251524400
1669049086531,right,acc,0.14604631066322327,-0.8667010068893433,9.782708168029785,1720123589262529100
1669049086572,right,acc,0.17717093229293823,-0.8403648138046265,9.818621635437012,1720123589271528600
1669049086611,right,acc,0.1412578970193863,-0.9433154463768005,9.806650161743164,1720123589280529600
1669049086650,right,acc,0.14604631066322327,-0.8690952062606812,9.86889934539795,1720123589291527000
1669049086693,right,acc,0.2059013396501541,-0.8762778043746948,9.761159896850586,1720123589301526400
1669049086751,right,acc,0.15083470940589905,-0.8571242094039917,9.782708168029785,1720123589317560000
1669049086792,right,acc,0.2298433631658554,-0.9193734526634216,9.854534149169922,1720123589328527100
1669049086831,right,acc,0.20350714027881622,-0.8307880163192749,9.813833236694336,1720123589338533200
1669049086890,right,acc,0.19393034279346466,-0.8906430602073669,9.859322547912598,1720123589351045600
1669049086914,right,acc,0.2082955539226532,-0.8451532125473022,9.81143856048584,1720123589359046000
1669049086955,right,acc,0.15801730751991272,-0.8667010068893433,9.825803756713867,1720123589370046000
1669049086993,right,acc,0.1412578970193863,-0.8667010068893433,9.782708168029785,1720123589380046200
1669049087033,right,acc,0.15801730751991272,-0.811634361743927,9.816226959228516,1720123589391045000
1669049087076,right,acc,0.17717093229293823,-0.8355764150619507,9.77791976928711,1720123589399082000
1669049087114,right,acc,0.17956513166427612,-0.8882488012313843,9.787496566772461,1720123589411044600
1669049087174,right,acc,0.17717093229293823,-0.8786720037460327,9.773131370544434,1720123589421044800
1669049087214,right,acc,0.11252748221158981,-0.8930372595787048,9.830592155456543,1720123589439051100
1669049087251,right,acc,0.1867477297782898,-0.849941611289978,9.804255485534668,1720123589455574000
1669049087315,right,acc,0.16519992053508759,-0.8236053586006165,9.739612579345703,1720123589465599900
1669049087353,right,acc,0.15322890877723694,-0.8643068075180054,9.81143856048584,1720123589474612300
1669049087393,right,acc,0.11971008777618408,-0.8427590131759644,9.797073364257812,1720123589482618300
1669049087433,right,acc,0.18914192914962769,-0.8619126081466675,9.787496566772461,1720123589495574700
1669049087452,right,acc,0.19632454216480255,-0.8379706144332886,9.775525093078613,1720123589503575700
1669049087494,right,acc,0.18914192914962769,-0.8044517636299133,9.792284965515137,1720123589512608400
1669049087533,right,acc,0.1364694982767105,-0.8834604024887085,9.825803756713867,1720123589521608500
1669049087576,right,acc,0.14365209639072418,-0.8379706144332886,9.80904483795166,1720123589531610900
1669049087615,right,acc,0.17956513166427612,-0.8427590131759644,9.818621635437012,1720123589539614700
1669049087655,right,acc,0.14365209639072418,-0.8331822156906128,9.797073364257812,1720123589552250200
1669049087697,right,acc,0.1604115068912506,-0.8619126081466675,9.768342971801758,1720123589562191100
1669049087734,right,acc,0.181959331035614,-0.8978256583213806,9.806650161743164,1720123589572229500
1669049087777,right,acc,0.1388636976480484,-0.9050082564353943,9.816226959228516,1720123589579226500
1669049087815,right,acc,0.16519992053508759,-0.8523358106613159,9.806650161743164,1720123589588192000
1669049087856,right,acc,0.13168109953403473,-0.8188169598579407,9.81143856048584,1720123589596193000
1669049087897,right,acc,0.16998831927776337,-0.8690952062606812,9.821015357971191,1720123589603193200
1669049087935,right,acc,0.1364694982767105,-0.8786720037460327,9.801861763000488,1720123589611192500
1669049087956,right,acc,0.15801730751991272,-0.8619126081466675,9.832986831665039,1720123589619200900
1669049087999,right,acc,0.1604115068912506,-0.8236053586006165,9.80904483795166,1720123589633191700
1669049088057,right,acc,0.16519992053508759,-0.8259995579719543,9.804255485534668,1720123589639198600
1669049088098,right,acc,0.2106897532939911,-0.9097966551780701,9.854534149169922,1720123589651776700
1669049088135,right,acc,0.1628057211637497,-0.7733271718025208,9.823410034179688,1720123589658762600
1669049088158,right,acc,0.13407529890537262,-0.8571242094039917,9.765948295593262,1720123589669777600
1669049088217,right,acc,0.17238251864910126,-0.8259995579719543,9.840168952941895,1720123589676775900
1669049088257,right,acc,0.13168109953403473,-0.8044517636299133,9.797073364257812,1720123589685762700
1669049088298,right,acc,0.10295066982507706,-0.9145850539207458,9.821015357971191,1720123589694745200
1669049088338,right,acc,0.1628057211637497,-0.7876923680305481,9.773131370544434,1720123589703741800
1669049088381,right,acc,0.13168109953403473,-0.8954314589500427,9.775525093078613,1720123589712743900
1669049088417,right,acc,0.11971008777618408,-0.849941611289978,9.773131370544434,1720123589720743200
1669049088458,right,acc,0.15562310814857483,-0.8834604024887085,9.825803756713867,1720123589729742900
1669049088498,right,acc,0.18914192914962769,-0.8810662031173706,9.782708168029785,1720123589734743500
1669049088517,right,acc,0.20111294090747833,-0.8212111592292786,9.816226959228516,1720123589739748200
1669049088618,right,acc,0.15801730751991272,-0.8978256583213806,9.832986831665039,1720123589772805900
1669049088660,right,acc,0.15083470940589905,-0.849941611289978,9.825803756713867,1720123589783804800
1669049088699,right,acc,0.19393034279346466,-0.8595184087753296,9.84495735168457,1720123589794806300
1669049088739,right,acc,0.15801730751991272,-0.9313444495201111,9.828198432922363,1720123589803805100
1669049088781,right,acc,0.10055647045373917,-0.849941611289978,9.792284965515137,1720123589813839100
1669049088818,right,acc,0.20111294090747833,-0.8690952062606812,9.816226959228516,1720123589822840900
1669049088861,right,acc,0.13407529890537262,-0.8427590131759644,9.832986831665039,1720123589835813900
1669049088881,right,acc,0.13168109953403473,-0.8858546018600464,9.806650161743164,1720123589843813600
1669049088918,right,acc,0.17956513166427612,-0.8068459630012512,9.75637149810791,1720123589855326800
1669049088982,right,acc,0.14365209639072418,-0.8140285611152649,9.75397777557373,1720123589863327300
1669049089003,right,acc,0.20350714027881622,-0.8954314589500427,9.84495735168457,1720123589884327000
1669049089062,right,acc,0.10773907601833344,-0.8906430602073669,9.825803756713867,1720123589896329600
1669049089099,right,acc,0.12689268589019775,-0.8643068075180054,9.81143856048584,1720123589906360100
1669049089141,right,acc,0.14365209639072418,-0.849941611289978,9.801861763000488,1720123589915360600
1669049089200,right,acc,0.1843535304069519,-0.7876923680305481,9.775525093078613,1720123589925325600
1669049089242,right,acc,0.14365209639072418,-0.8906430602073669,9.821015357971191,1720123589938330100
1669049089282,right,acc,0.1628057211637497,-0.8259995579719543,9.797073364257812,1720123589945330300
1669049089305,right,acc,0.1173158809542656,-0.849941611289978,9.854534149169922,1720123589955840900
1669049089321,right,acc,0.12449848651885986,-0.8451532125473022,9.804255485534668,1720123589964841600
1669049089364,right,acc,0.15083470940589905,-0.8379706144332886,9.816226959228516,1720123589977876900
1669049089401,right,acc,0.14844051003456116,-0.7972691655158997,9.78989028930664,1720123589987840700
1669049089442,right,acc,0.1412578970193863,-0.7876923680305481,9.825803756713867,1720123589994841700
1669049089484,right,acc,0.17956513166427612,-0.8427590131759644,9.792284965515137,1720123590007879400
1669049089523,right,acc,0.1843535304069519,-0.8882488012313843,9.785101890563965,1720123590015894700
1669049089564,right,acc,0.15562310814857483,-0.8403648138046265,9.80904483795166,1720123590024892900
1669049089601,right,acc,0.17477671802043915,-0.8643068075180054,9.787496566772461,1720123590035847200
1669049089624,right,acc,0.16998831927776337,-0.828393816947937,9.787496566772461,1720123590043846400
1669049089664,right,acc,0.1364694982767105,-0.8954314589500427,9.816226959228516,1720123590058458700
1669049089723,right,acc,0.11013327538967133,-0.9026140570640564,9.761159896850586,1720123590067463600
1669049089745,right,acc,0.11013327538967133,-0.828393816947937,9.794678688049316,1720123590076477600
1669049089784,right,acc,0.12928688526153564,-0.8475474119186401,9.821015357971191,1720123590084459200
1669049089845,right,acc,0.16998831927776337,-0.811634361743927,9.787496566772461,1720123590095426600
1669049089864,right,acc,0.1412578970193863,-0.8451532125473022,9.801861763000488,1720123590102430400
1669049089925,right,acc,0.20350714027881622,-0.8307880163192749,9.792284965515137,1720123590114467700
1669049089945,right,acc,0.14844051003456116,-0.8571242094039917,9.78989028930664,1720123590123426000
1669049089985,right,acc,0.1843535304069519,-0.7996633648872375,9.775525093078613,1720123590132460500
1669049090030,right,acc,0.1388636976480484,-0.7996633648872375,9.801861763000488,1720123590140499800
1669049090065,right,acc,0.1867477297782898,-0.8738836050033569,9.835380554199219,1720123590148499800
1669049090104,right,acc,0.1628057211637497,-0.8786720037460327,9.828198432922363,1720123590156078000
1669049090130,right,acc,0.17477671802043915,-0.8427590131759644,9.792284965515137,1720123590166076800
1669049090185,right,acc,0.13407529890537262,-0.9026140570640564,9.799467086791992,1720123590179076800
1669049090204,right,acc,0.12449848651885986,-0.8355764150619507,9.813833236694336,1720123590196076200
1669049090241,right,acc,0.22266076505184174,-0.9097966551780701,9.770736694335938,1720123590204044000
1669049090283,right,acc,0.16519992053508759,-0.7948749661445618,9.78989028930664,1720123590216076500
1669049090343,right,acc,0.1628057211637497,-0.7972691655158997,9.828198432922363,1720123590228075000
1669049090364,right,acc,0.12449848651885986,-0.8379706144332886,9.81143856048584,1720123590238049000
1669049090404,right,acc,0.1843535304069519,-0.9481038451194763,9.799467086791992,1720123590246049000
1669049090447,right,acc,0.10055647045373917,-0.9074024558067322,9.797073364257812,1720123590255557100
1669049090486,right,acc,0.1364694982767105,-0.9265560507774353,9.825803756713867,1720123590266556800
1669049090527,right,acc,0.16759411990642548,-0.8643068075180054,9.78989028930664,1720123590278558400
1669049090566,right,acc,0.181959331035614,-0.9217676520347595,9.780313491821289,1720123590284558300
1669049090608,right,acc,0.15322890877723694,-0.9074024558067322,9.75397777557373,1720123590298558300
1669049090647,right,acc,0.15322890877723694,-0.8858546018600464,9.818621635437012,1720123590305557700
1669049090666,right,acc,0.14365209639072418,-0.8954314589500427,9.77791976928711,1720123590318556800
1669049090729,right,acc,0.14365209639072418,-0.8858546018600464,9.799467086791992,1720123590324558000
1669049090767,right,acc,0.1867477297782898,-0.8379706144332886,9.794678688049316,1720123590336648900
1669049090808,right,acc,0.16759411990642548,-0.8403648138046265,9.780313491821289,1720123590347654100
1669049090848,right,acc,0.15322890877723694,-0.8236053586006165,9.828198432922363,1720123590359213400
1669049090889,right,acc,0.17956513166427612,-0.8092401623725891,9.780313491821289,1720123590367186200
1669049090927,right,acc,0.14365209639072418,-0.8068459630012512,9.816226959228516,1720123590377175300
1669049090948,right,acc,0.14844051003456116,-0.9145850539207458,9.75397777557373,1720123590386188200
1669049091010,right,acc,0.10055647045373917,-0.8738836050033569,9.77791976928711,1720123590398175500
1669049091051,right,acc,0.181959331035614,-0.8427590131759644,9.837775230407715,1720123590406210200
1669049091090,right,acc,0.12689268589019775,-0.8978256583213806,9.861717224121094,1720123590418176000
1669049091131,right,acc,0.15322890877723694,-0.8906430602073669,9.751583099365234,1720123590429176400
1669049091168,right,acc,0.14365209639072418,-0.8954314589500427,9.821015357971191,1720123590440203300
1669049091190,right,acc,0.12689268589019775,-0.9050082564353943,9.758766174316406,1720123590448316200
1669049091249,right,acc,0.17956513166427612,-0.8619126081466675,9.825803756713867,1720123590458825800
1669049091291,right,acc,0.21787235140800476,-0.9145850539207458,9.785101890563965,1720123590466826300
1669049091314,right,acc,0.1388636976480484,-0.8307880163192749,9.77791976928711,1720123590475824900
1669049091349,right,acc,0.10295066982507706,-0.8379706144332886,9.840168952941895,1720123590485824900
1669049091391,right,acc,0.15083470940589905,-0.8882488012313843,9.77791976928711,1720123590497856100
1669049091431,right,acc,0.15562310814857483,-0.8954314589500427,9.744400978088379,1720123590514860900
1669049091492,right,acc,0.20350714027881622,-0.9265560507774353,9.801861763000488,1720123590525862900
1669049091531,right,acc,0.16519992053508759,-0.9169792532920837,9.775525093078613,1720123590539901200
1669049091571,right,acc,0.181959331035614,-0.8307880163192749,9.794678688049316,1720123590548903000
1669049091613,right,acc,0.12449848651885986,-0.8571242094039917,9.835380554199219,1720123590558486700
1669049091650,right,acc,0.15322890877723694,-0.8164227604866028,9.797073364257812,1720123590569484700
1669049091693,right,acc,0.11252748221158981,-0.8451532125473022,9.765948295593262,1720123590579484600
1669049091731,right,acc,0.19153612852096558,-0.8188169598579407,9.785101890563965,1720123590587497100
1669049091770,right,acc,0.1604115068912506,-0.8930372595787048,9.799467086791992,1720123590600497100
1669049091812,right,acc,0.15083470940589905,-0.849941611289978,9.837775230407715,1720123590607488200
1669049091851,right,acc,0.19393034279346466,-0.9313444495201111,9.792284965515137,1720123590619489900
1669049091894,right,acc,0.1412578970193863,-0.8810662031173706,9.804255485534668,1720123590629484500
1669049091951,right,acc,0.16998831927776337,-0.828393816947937,9.840168952941895,1720123590642493000
1669049091994,right,acc,0.1173158809542656,-0.8164227604866028,9.792284965515137,1720123590650511400
1669049092032,right,acc,0.15083470940589905,-0.7996633648872375,9.787496566772461,1720123590659614400
1669049092075,right,acc,0.17238251864910126,-0.8906430602073669,9.813833236694336,1720123590669655600
1669049092114,right,acc,0.13407529890537262,-0.9169792532920837,9.799467086791992,1720123590679614900
1669049092133,right,acc,0.12210428714752197,-0.8571242094039917,9.794678688049316,1720123590687649700
1669049092171,right,acc,0.12928688526153564,-0.8834604024887085,9.782708168029785,1720123590699614500
1669049092215,right,acc,0.22505496442317963,-0.8762778043746948,9.823410034179688,1720123590707633500
1669049092253,right,acc,0.1173158809542656,-0.8834604024887085,9.794678688049316,1720123590720649300
1669049092296,right,acc,0.19632454216480255,-0.8164227604866028,9.825803756713867,1720123590728616700
1669049092353,right,acc,0.2753331959247589,-0.8595184087753296,9.825803756713867,1720123590739692700
1669049092380,right,acc,0.1388636976480484,-0.8954314589500427,9.81143856048584,1720123590747732100
1669049092414,right,acc,0.08858546614646912,-0.9193734526634216,9.821015357971191,1720123590759267500
1669049092480,right,acc,0.1843535304069519,-0.8619126081466675,9.765948295593262,1720123590767236500
1669049092515,right,acc,0.1843535304069519,-0.8643068075180054,9.835380554199219,1720123590777269700
1669049092534,right,acc,0.14844051003456116,-0.8786720037460327,9.749189376831055,1720123590786234900
1669049092575,right,acc,0.23702596127986908,-0.9169792532920837,9.813833236694336,1720123590799267300
1669049092634,right,acc,0.16519992053508759,-0.8188169598579407,9.801861763000488,1720123590808235500
1669049092657,right,acc,0.17717093229293823,-0.8978256583213806,9.823410034179688,1720123590820267100
1669049092697,right,acc,0.12689268589019775,-0.8523358106613159,9.75397777557373,1720123590829234200
1669049092759,right,acc,0.18914192914962769,-0.8810662031173706,9.861717224121094,1720123590841238700
1669049092797,right,acc,0.17956513166427612,-0.8355764150619507,9.828198432922363,1720123590851747600
1669049092834,right,acc,0.19632454216480255,-0.8762778043746948,9.81143856048584,1720123590861747200
1669049092877,right,acc,0.15801730751991272,-0.8571242094039917,9.787496566772461,1720123590872783500
1669049092915,right,acc,0.10295066982507706,-0.9097966551780701,9.782708168029785,1720123590879782500
1669049092935,right,acc,0.17956513166427612,-0.8523358106613159,9.780313491821289,1720123590888784200
1669049092998,right,acc,0.1412578970193863,-0.9074024558067322,9.804255485534668,1720123590899424500
1669049093016,right,acc,0.1412578970193863,-0.8643068075180054,9.818621635437012,1720123590908389800
1669049093058,right,acc,0.1388636976480484,-0.8690952062606812,9.775525093078613,1720123590917389200
1669049093100,right,acc,0.11971008777618408,-0.8882488012313843,9.770736694335938,1720123590927389800
1669049093158,right,acc,0.1604115068912506,-0.8259995579719543,9.797073364257812,1720123590943394300
1669049093202,right,acc,0.12449848651885986,-0.8786720037460327,9.773131370544434,1720123590949395300
1669049093236,right,acc,0.17477671802043915,-0.8212111592292786,9.768342971801758,1720123590959989300
1669049093258,right,acc,0.19153612852096558,-0.8667010068893433,9.749189376831055,1720123590966993200
1669049093303,right,acc,0.17956513166427612,-0.8475474119186401,9.818621635437012,1720123590979991200
1669049093358,right,acc,0.1867477297782898,-0.9026140570640564,9.765948295593262,1720123590990025200
1669049093398,right,acc,0.08619125932455063,-0.8595184087753296,9.78989028930664,1720123591009958100
1669049093416,right,acc,0.20350714027881622,-0.871489405632019,9.835380554199219,1720123591014992800
1669049093457,right,acc,0.15083470940589905,-0.8523358106613159,9.763554573059082,1720123591020990800
1669049093477,right,acc,0.15562310814857483,-0.8690952062606812,9.828198432922363,1720123591027956100
1669049093517,right,acc,0.15083470940589905,-0.8619126081466675,9.801861763000488,1720123591106178800
1669049093558,right,acc,0.1604115068912506,-0.8738836050033569,9.821015357971191,1720123591129216000
1669049093600,right,acc,0.12449848651885986,-0.8259995579719543,9.785101890563965,1720123591138230300
1669049093640,right,acc,0.14844051003456116,-0.8140285611152649,9.818621635437012,1720123591144265700
1669049093678,right,acc,0.17956513166427612,-0.8427590131759644,9.81143856048584,1720123591150268100
1669049093718,right,acc,0.17717093229293823,-0.8619126081466675,9.799467086791992,1720123591153851500
1669049093757,right,acc,0.2298433631658554,-0.8523358106613159,9.813833236694336,1720123591159850900
1669049093801,right,acc,0.19393034279346466,-0.8403648138046265,9.81143856048584,1720123591165854600
1669049093836,right,acc,0.19393034279346466,-0.8259995579719543,9.825803756713867,1720123591171851300
1669049093876,right,acc,0.07661445438861847,-0.811634361743927,9.780313491821289,1720123591177866300
1669049093917,right,acc,0.17477671802043915,-0.8475474119186401,9.780313491821289,1720123591183851500
1669049093956,right,acc,0.1364694982767105,-0.8307880163192749,9.768342971801758,1720123591188855900
1669049093976,right,acc,0.18914192914962769,-0.9002198576927185,9.813833236694336,1720123591192852100
1669049094016,right,acc,0.2082955539226532,-0.8786720037460327,9.785101890563965,1720123591198860000
1669049094056,right,acc,0.17956513166427612,-0.8834604024887085,9.86650562286377,1720123591204854400
1669049094098,right,acc,0.10773907601833344,-0.7924807667732239,9.849745750427246,1720123591211818400
1669049094138,right,acc,0.1604115068912506,-0.9145850539207458,9.840168952941895,1720123591218817900
1669049094179,right,acc,0.19871874153614044,-0.8547300100326538,9.801861763000488,1720123591224841400
1669049094239,right,acc,0.15562310814857483,-0.8331822156906128,9.861717224121094,1720123591268398700
1669049094259,right,acc,0.2082955539226532,-0.9026140570640564,9.849745750427246,1720123591276400000
1669049094300,right,acc,0.1364694982767105,-0.9265560507774353,9.890447616577148,1720123591281398400
1669049094342,right,acc,0.15562310814857483,-0.8451532125473022,9.852140426635742,1720123591289399500
1669049094380,right,acc,0.1843535304069519,-0.8475474119186401,9.816226959228516,1720123591295399300
1669049094427,right,acc,0.13168109953403473,-0.933738648891449,9.830592155456543,1720123591303409300
1669049094461,right,acc,0.17956513166427612,-0.828393816947937,9.813833236694336,1720123591308398500
1669049094501,right,acc,0.17238251864910126,-0.8307880163192749,9.873687744140625,1720123591314398300
1669049094541,right,acc,0.13168109953403473,-0.8834604024887085,9.806650161743164,1720123591320400300
1669049094579,right,acc,0.1149216815829277,-0.8595184087753296,9.837775230407715,1720123591326398700
1669049094622,right,acc,0.11252748221158981,-0.7948749661445618,9.86889934539795,1720123591331399200
1669049094663,right,acc,0.15083470940589905,-0.9002198576927185,9.806650161743164,1720123591338441400
1669049094705,right,acc,0.19632454216480255,-0.828393816947937,9.856928825378418,1720123591345474900
1669049094744,right,acc,0.1173158809542656,-0.8858546018600464,9.847352027893066,1720123591351474400
1669049094782,right,acc,0.17477671802043915,-0.8858546018600464,9.797073364257812,1720123591360728100
1669049094825,right,acc,0.16519992053508759,-0.9481038451194763,9.84256362915039,1720123591366762800
1669049094865,right,acc,0.181959331035614,-0.933738648891449,9.911994934082031,1720123591372762300
1669049094883,right,acc,0.12928688526153564,-0.8451532125473022,9.821015357971191,1720123591379768300
1669049094924,right,acc,0.22266076505184174,-0.8643068075180054,9.84495735168457,1720123591388763500
1669049094964,right,acc,0.12210428714752197,-0.8164227604866028,9.832986831665039,1720123591398728100
1669049095006,right,acc,0.21787235140800476,-0.8858546018600464,9.81143856048584,1720123591407727300
1669049095046,right,acc,0.08858546614646912,-0.8954314589500427,9.828198432922363,1720123591415727400
1669049095083,right,acc,0.14604631066322327,-0.9074024558067322,9.804255485534668,1720123591423729000
1669049095126,right,acc,0.1628057211637497,-0.8762778043746948,9.861717224121094,1720123591433728800
1669049095147,right,acc,0.15322890877723694,-0.849941611289978,9.804255485534668,1720123591442794800
1669049095184,right,acc,0.1867477297782898,-0.8786720037460327,9.828198432922363,1720123591447833500
1669049095226,right,acc,0.16759411990642548,-0.9002198576927185,9.804255485534668,1720123591455411100
1669049095264,right,acc,0.19632454216480255,-0.8619126081466675,9.801861763000488,1720123591462411000
1669049095327,right,acc,0.10055647045373917,-0.8164227604866028,9.859322547912598,1720123591467377400
1669049095366,right,acc,0.17238251864910126,-0.8523358106613159,9.787496566772461,1720123591477412800
1669049095407,right,acc,0.13407529890537262,-0.8547300100326538,9.758766174316406,1720123591484415200
1669049095447,right,acc,0.15562310814857483,-0.8690952062606812,9.799467086791992,1720123591490410200
1669049095485,right,acc,0.1149216815829277,-0.8762778043746948,9.86889934539795,1720123591497385500
1669049095528,right,acc,0.13407529890537262,-0.8331822156906128,9.804255485534668,1720123591504410700
1669049095567,right,acc,0.24181437492370605,-0.8762778043746948,9.804255485534668,1720123591515411200
1669049095609,right,acc,0.15322890877723694,-0.8547300100326538,9.78989028930664,1720123591521411100
1669049095647,right,acc,0.1388636976480484,-0.811634361743927,9.864110946655273,1720123591529377500
1669049095686,right,acc,0.13168109953403473,-0.8882488012313843,9.761159896850586,1720123591535416200
1669049095726,right,acc,0.14604631066322327,-0.8475474119186401,9.770736694335938,1720123591539460800
1669049095829,right,acc,0.16519992053508759,-0.8954314589500427,9.84256362915039,1720123591563926600
1669049095849,right,acc,0.17238251864910126,-0.871489405632019,9.727641105651855,1720123591567926000
1669049095910,right,acc,0.1388636976480484,-0.8786720037460327,9.823410034179688,1720123591575925800
1669049095948,right,acc,0.14365209639072418,-0.8547300100326538,9.732429504394531,1720123591581925800
1669049095989,right,acc,0.12210428714752197,-0.8810662031173706,9.782708168029785,1720123591589925600
1669049096031,right,acc,0.19153612852096558,-0.9193734526634216,9.77791976928711,1720123591598928800
1669049096068,right,acc,0.1173158809542656,-0.8547300100326538,9.816226959228516,1720123591605926500
1669049096111,right,acc,0.17238251864910126,-0.8020575642585754,9.775525093078613,1720123591610927000
1669049096150,right,acc,0.1843535304069519,-0.8571242094039917,9.828198432922363,1720123591618925800
1669049096170,right,acc,0.12928688526153564,-0.8906430602073669,9.828198432922363,1720123591625927600
1669049096230,right,acc,0.0933738648891449,-0.8930372595787048,9.787496566772461,1720123591645964600
1669049096273,right,acc,0.18914192914962769,-0.828393816947937,9.773131370544434,1720123591659513500
1669049096291,right,acc,0.20350714027881622,-0.9289502501487732,9.823410034179688,1720123591664514000
1669049096331,right,acc,0.2082955539226532,-0.828393816947937,9.818621635437012,1720123591670516300
1669049096393,right,acc,0.14844051003456116,-0.8643068075180054,9.837775230407715,1720123591679512800
1669049096431,right,acc,0.16519992053508759,-0.7565677165985107,9.770736694335938,1720123591686534000
1669049096470,right,acc,0.1364694982767105,-0.8595184087753296,9.84256362915039,1720123591694480200
1669049096509,right,acc,0.12210428714752197,-0.8690952062606812,9.823410034179688,1720123591700477100
1669049096533,right,acc,0.21308395266532898,-0.7972691655158997,9.804255485534668,1720123591706477000
1669049096570,right,acc,0.1412578970193863,-0.8068459630012512,9.813833236694336,1720123591711477000
1669049096614,right,acc,0.13168109953403473,-0.8259995579719543,9.749189376831055,1720123591720477200
1669049096631,right,acc,0.15801730751991272,-0.8619126081466675,9.785101890563965,1720123591726477800
1669049096650,right,acc,0.13407529890537262,-0.8259995579719543,9.785101890563965,1720123591732478900
1669049096671,right,acc,0.17477671802043915,-0.8619126081466675,9.765948295593262,1720123591739482800
1669049096714,right,acc,0.1364694982767105,-0.8643068075180054,9.806650161743164,1720123591745481500
1669049096750,right,acc,0.1628057211637497,-0.8762778043746948,9.871294021606445,1720123591751987700
1669049096791,right,acc,0.10534487664699554,-0.8427590131759644,9.821015357971191,1720123591759991700
1669049096832,right,acc,0.17717093229293823,-0.7996633648872375,9.859322547912598,1720123591765991400
1669049096873,right,acc,0.23942017555236816,-0.8355764150619507,9.828198432922363,1720123591773993100
1669049096914,right,acc,0.16759411990642548,-0.9050082564353943,9.770736694335938,1720123591780991400
1669049096951,right,acc,0.10055647045373917,-0.8858546018600464,9.792284965515137,1720123591786991600
1669049096992,right,acc,0.08140286058187485,-0.9313444495201111,9.823410034179688,1720123591792992700
1669049097033,right,acc,0.1604115068912506,-0.8595184087753296,9.725247383117676,1720123591800991600
1669049097073,right,acc,0.1867477297782898,-0.8882488012313843,9.897629737854004,1720123591807297100
1669049097114,right,acc,0.1149216815829277,-0.8834604024887085,9.751583099365234,1720123591814823500
1669049097133,right,acc,0.14844051003456116,-0.8930372595787048,9.813833236694336,1720123591818806300
1669049097174,right,acc,0.12689268589019775,-0.8403648138046265,9.871294021606445,1720123591823804600
1669049097232,right,acc,0.14844051003456116,-0.9002198576927185,9.780313491821289,1720123591831806700
1669049097274,right,acc,0.11013327538967133,-0.8930372595787048,9.835380554199219,1720123591839809900
1669049097314,right,acc,0.12449848651885986,-0.9026140570640564,9.797073364257812,1720123591844810700
1669049097354,right,acc,0.1388636976480484,-0.8451532125473022,9.806650161743164,1720123591852374100
1669049097394,right,acc,0.17717093229293823,-0.871489405632019,9.770736694335938,1720123591858411800
1669049097433,right,acc,0.1364694982767105,-0.8475474119186401,9.818621635437012,1720123591865392600
1669049097474,right,acc,0.15562310814857483,-0.849941611289978,9.78989028930664,1720123591870414500
1669049097515,right,acc,0.14844051003456116,-0.8643068075180054,9.823410034179688,1720123591877416600
1669049097555,right,acc,0.13407529890537262,-0.7876923680305481,9.816226959228516,1720123591882413700
1669049097594,right,acc,0.1149216815829277,-0.8259995579719543,9.806650161743164,1720123591891389200
1669049097633,right,acc,0.22026655077934265,-0.8834604024887085,9.871294021606445,1720123591899377600
1669049097694,right,acc,0.1412578970193863,-0.9002198576927185,9.78989028930664,1720123591908377400
1669049097734,right,acc,0.16519992053508759,-0.7541735172271729,9.780313491821289,1720123591916889000
1669049097776,right,acc,0.18914192914962769,-0.8930372595787048,9.75397777557373,1720123591923931600
1669049097815,right,acc,0.13407529890537262,-0.8619126081466675,9.832986831665039,1720123591928892200
1669049097856,right,acc,0.14604631066322327,-0.9145850539207458,9.799467086791992,1720123591932925900
1669049097877,right,acc,0.19393034279346466,-0.7589619159698486,9.813833236694336,1720123591937966300
1669049097915,right,acc,0.1364694982767105,-0.8978256583213806,9.734824180603027,1720123591945969400
1669049097977,right,acc,0.17717093229293823,-0.8810662031173706,9.818621635437012,1720123591950968600
1669049097997,right,acc,0.2059013396501541,-0.9026140570640564,9.818621635437012,1720123591958517700
1669049098035,right,acc,0.14365209639072418,-0.8643068075180054,9.806650161743164,1720123591963517500
1669049098077,right,acc,0.1628057211637497,-0.8595184087753296,9.804255485534668,1720123591969514200
1669049098117,right,acc,0.17956513166427612,-0.7948749661445618,9.854534149169922,1720123591975480100
1669049098157,right,acc,0.1388636976480484,-0.8355764150619507,9.782708168029785,1720123591981516600
1669049098198,right,acc,0.15322890877723694,-0.8762778043746948,9.78989028930664,1720123591985515500
1669049098235,right,acc,0.10773907601833344,-0.9002198576927185,9.830592155456543,1720123591990514000
1669049098277,right,acc,0.1843535304069519,-0.8858546018600464,9.780313491821289,1720123591996514100
1669049098337,right,acc,0.20350714027881622,-0.7805097699165344,9.80904483795166,1720123592004513600
1669049098377,right,acc,0.15083470940589905,-0.8762778043746948,9.773131370544434,1720123592010497900
1669049098417,right,acc,0.1628057211637497,-0.8044517636299133,9.797073364257812,1720123592016514400
1669049098459,right,acc,0.14844051003456116,-0.8882488012313843,9.840168952941895,1720123592022516800
1669049098497,right,acc,0.1388636976480484,-0.828393816947937,9.787496566772461,1720123592027513800
1669049098540,right,acc,0.2298433631658554,-0.8882488012313843,9.806650161743164,1720123592033505500
1669049098579,right,acc,0.1604115068912506,-0.8595184087753296,9.821015357971191,1720123592039517800
1669049098618,right,acc,0.11252748221158981,-0.8834604024887085,9.81143856048584,1720123592044482600
1669049098659,right,acc,0.15562310814857483,-0.8619126081466675,9.77791976928711,1720123592050517300
1669049098699,right,acc,0.15083470940589905,-0.8858546018600464,9.708487510681152,1720123592056106900
1669049098719,right,acc,0.17477671802043915,-0.7829039692878723,9.78989028930664,1720123592060122700
1669049098760,right,acc,0.1388636976480484,-0.849941611289978,9.763554573059082,1720123592065151400
1669049098798,right,acc,0.17717093229293823,-0.7757213711738586,9.763554573059082,1720123592070091700
1669049098839,right,acc,0.17238251864910126,-0.8595184087753296,9.852140426635742,1720123592075128500
1669049098859,right,acc,0.17477671802043915,-0.828393816947937,9.782708168029785,1720123592080094200
1669049098899,right,acc,0.1173158809542656,-0.8331822156906128,9.792284965515137,1720123592085126300
1669049098938,right,acc,0.1867477297782898,-0.8451532125473022,9.770736694335938,1720123592090126700
1669049098981,right,acc,0.23942017555236816,-0.849941611289978,9.871294021606445,1720123592095124600
1669049099020,right,acc,0.17956513166427612,-0.8523358106613159,9.837775230407715,1720123592102128500
1669049099061,right,acc,0.15801730751991272,-0.849941611289978,9.758766174316406,1720123592107152300
1669049099100,right,acc,0.10534487664699554,-0.8140285611152649,9.806650161743164,1720123592111126100
1669049099141,right,acc,0.14844051003456116,-0.8475474119186401,9.818621635437012,1720123592117125500
1669049099181,right,acc,0.14604631066322327,-0.8379706144332886,9.828198432922363,1720123592123093500
1669049099222,right,acc,0.2082955539226532,-0.8786720037460327,9.849745750427246,1720123592128093000
1669049099263,right,acc,0.14365209639072418,-0.8619126081466675,9.813833236694336,1720123592132128700
1669049099300,right,acc,0.20350714027881622,-0.8738836050033569,9.78989028930664,1720123592137091900
1669049099347,right,acc,0.16519992053508759,-0.8212111592292786,9.782708168029785,1720123592142129700
1669049099381,right,acc,0.10534487664699554,-0.8690952062606812,9.794678688049316,1720123592146135400
1669049099400,right,acc,0.11971008777618408,-0.8858546018600464,9.794678688049316,1720123592152666600
1669049099447,right,acc,0.13168109953403473,-0.8930372595787048,9.782708168029785,1720123592156673300
1669049099482,right,acc,0.1149216815829277,-0.8188169598579407,9.804255485534668,1720123592161672200
1669049099525,right,acc,0.23942017555236816,-0.8427590131759644,9.806650161743164,1720123592166682300
1669049099564,right,acc,0.1843535304069519,-0.871489405632019,9.77791976928711,1720123592171705700
1669049099601,right,acc,0.15801730751991272,-0.8571242094039917,9.816226959228516,1720123592175714500
1669049099661,right,acc,0.20111294090747833,-0.8690952062606812,9.765948295593262,1720123592182705900
1669049099703,right,acc,0.0933738648891449,-0.8379706144332886,9.782708168029785,1720123592189670900
1669049099744,right,acc,0.16998831927776337,-0.8738836050033569,9.799467086791992,1720123592194670900
1669049099783,right,acc,0.16519992053508759,-0.751779317855835,9.78989028930664,1720123592200671100
1669049099826,right,acc,0.1843535304069519,-0.8523358106613159,9.818621635437012,1720123592208674600
1669049099849,right,acc,0.17238251864910126,-0.8331822156906128,9.804255485534668,1720123592213672400
1669049099882,right,acc,0.1412578970193863,-0.8930372595787048,9.782708168029785,1720123592218706800
1669049099946,right,acc,0.1628057211637497,-0.9002198576927185,9.813833236694336,1720123592223706100
1669049099983,right,acc,0.16759411990642548,-0.9241618514060974,9.787496566772461,1720123592230672600
1669049100024,right,acc,0.1604115068912506,-0.8571242094039917,9.847352027893066,1720123592236706300
1669049100083,right,acc,0.16759411990642548,-0.8523358106613159,9.761159896850586,1720123592241712000
1669049100127,right,acc,0.1412578970193863,-0.9074024558067322,9.801861763000488,1720123592247712000
1669049100165,right,acc,0.19153612852096558,-0.8547300100326538,9.81143856048584,1720123592251744800
1669049100206,right,acc,0.16519992053508759,-0.828393816947937,9.840168952941895,1720123592259328800
1669049100247,right,acc,0.18914192914962769,-0.8786720037460327,9.725247383117676,1720123592265298400
1669049100284,right,acc,0.16519992053508759,-0.8930372595787048,9.804255485534668,1720123592270296200
1669049100326,right,acc,0.1628057211637497,-0.8978256583213806,9.773131370544434,1720123592275336500
1669049100365,right,acc,0.1628057211637497,-0.9217676520347595,9.804255485534668,1720123592282329600
1669049100404,right,acc,0.15562310814857483,-0.8619126081466675,9.773131370544434,1720123592289329800
1669049100427,right,acc,0.2059013396501541,-0.8379706144332886,9.763554573059082,1720123592295294900
1669049100466,right,acc,0.10773907601833344,-0.9911994934082031,9.674968719482422,1720123592303296800
1669049100506,right,acc,0.17717093229293823,-0.8379706144332886,9.816226959228516,1720123592309295800
1669049100547,right,acc,0.11252748221158981,-0.8355764150619507,9.787496566772461,1720123592316329900
1669049100585,right,acc,0.15801730751991272,-0.8571242094039917,9.876082420349121,1720123592323294400
1669049100630,right,acc,0.15801730751991272,-0.828393816947937,9.749189376831055,1720123592330296500
1669049100666,right,acc,0.14604631066322327,-0.7996633648872375,9.84495735168457,1720123592336296100
1669049100707,right,acc,0.1173158809542656,-0.9265560507774353,9.825803756713867,1720123592344299900
1669049100747,right,acc,0.16759411990642548,-0.7924807667732239,9.804255485534668,1720123592351300900
1669049100786,right,acc,0.16759411990642548,-0.849941611289978,9.749189376831055,1720123592357808800
1669049100830,right,acc,0.20111294090747833,-0.8475474119186401,9.825803756713867,1720123592364807900
1669049100866,right,acc,0.1604115068912506,-0.811634361743927,9.871294021606445,1720123592371808000
1669049100887,right,acc,0.19393034279346466,-0.8379706144332886,9.792284965515137,1720123592380807900
1669049100948,right,acc,0.19871874153614044,-0.9074024558067322,9.787496566772461,1720123592386807600
1669049100966,right,acc,0.1604115068912506,-0.9289502501487732,9.828198432922363,1720123592394809600
1669049101009,right,acc,0.19153612852096558,-0.9002198576927185,9.837775230407715,1720123592403809200
1669049101048,right,acc,0.1843535304069519,-0.9457096457481384,9.821015357971191,1720123592411807500
1669049101109,right,acc,0.1412578970193863,-0.8643068075180054,9.81143856048584,1720123592419809400
1669049101132,right,acc,0.1412578970193863,-0.8571242094039917,9.751583099365234,1720123592427808300
1669049101167,right,acc,0.09576806426048279,-0.8810662031173706,9.694122314453125,1720123592435808700
1669049101210,right,acc,0.14365209639072418,-0.9050082564353943,9.730035781860352,1720123592445813200
1669049101268,right,acc,0.12689268589019775,-0.8164227604866028,9.80904483795166,1720123592453318500
1669049101313,right,acc,0.14604631066322327,-0.8259995579719543,9.780313491821289,1720123592464322800
1669049101330,right,acc,0.17956513166427612,-0.9097966551780701,9.852140426635742,1720123592472446900
1669049101367,right,acc,0.14844051003456116,-0.8307880163192749,9.792284965515137,1720123592483445500
1669049101412,right,acc,0.14604631066322327,-0.8140285611152649,9.823410034179688,1720123592492445100
1669049101449,right,acc,0.2322375625371933,-0.8379706144332886,9.806650161743164,1720123592499444800
1669049101493,right,acc,0.18914192914962769,-0.8643068075180054,9.797073364257812,1720123592507444800
1669049101531,right,acc,0.1604115068912506,-0.8307880163192749,9.847352027893066,1720123592515444900
1669049101569,right,acc,0.15562310814857483,-0.8403648138046265,9.749189376831055,1720123592526444700
1669049101610,right,acc,0.2059013396501541,-0.912190854549408,9.794678688049316,1720123592534479800
1669049101669,right,acc,0.1867477297782898,-0.8307880163192749,9.792284965515137,1720123592545510000
1669049101694,right,acc,0.19153612852096558,-0.8810662031173706,9.75397777557373,1720123592553058100
1669049101732,right,acc,0.17477671802043915,-0.828393816947937,9.768342971801758,1720123592560119800
1669049101770,right,acc,0.1843535304069519,-0.7876923680305481,9.81143856048584,1720123592568097800
1669049101810,right,acc,0.1388636976480484,-0.8954314589500427,9.804255485534668,1720123592579100500
1669049101849,right,acc,0.1843535304069519,-0.8595184087753296,9.749189376831055,1720123592588063900
1669049101911,right,acc,0.14604631066322327,-0.8667010068893433,9.763554573059082,1720123592595064300
1669049101950,right,acc,0.1604115068912506,-0.7876923680305481,9.792284965515137,1720123592608063600
1669049101972,right,acc,0.1604115068912506,-0.8930372595787048,9.785101890563965,1720123592616097600
1669049102033,right,acc,0.1364694982767105,-0.8810662031173706,9.775525093078613,1720123592631064500
1669049102072,right,acc,0.24181437492370605,-0.8643068075180054,9.773131370544434,1720123592640068800
1669049102113,right,acc,0.13168109953403473,-0.7972691655158997,9.81143856048584,1720123592650067600
1669049102133,right,acc,0.1173158809542656,-0.8906430602073669,9.785101890563965,1720123592658575100
1669049102233,right,acc,0.18914192914962769,-0.8858546018600464,9.80904483795166,1720123592688575700
1669049102254,right,acc,0.21787235140800476,-0.8403648138046265,9.801861763000488,1720123592696617100
1669049102293,right,acc,0.17238251864910126,-0.8475474119186401,9.797073364257812,1720123592706610500
1669049102333,right,acc,0.15562310814857483,-0.9050082564353943,9.773131370544434,1720123592714576400
1669049102373,right,acc,0.1388636976480484,-0.849941611289978,9.828198432922363,1720123592729610300
1669049102433,right,acc,0.14365209639072418,-0.8236053586006165,9.737217903137207,1720123592738649900
1669049102474,right,acc,0.2106897532939911,-0.8595184087753296,9.797073364257812,1720123592751653800
1669049102518,right,acc,0.15801730751991272,-0.8643068075180054,9.825803756713867,1720123592763174000
1669049102554,right,acc,0.1604115068912506,-0.8643068075180054,9.794678688049316,1720123592770206200
1669049102594,right,acc,0.13407529890537262,-0.7996633648872375,9.801861763000488,1720123592780163100
1669049102634,right,acc,0.1388636976480484,-0.8930372595787048,9.749189376831055,1720123592789163800
1669049102673,right,acc,0.15801730751991272,-0.849941611289978,9.799467086791992,1720123592796197500
1669049102698,right,acc,0.14604631066322327,-0.8571242094039917,9.828198432922363,1720123592810165400
1669049102755,right,acc,0.14604631066322327,-0.811634361743927,9.782708168029785,1720123592819165500
1669049102797,right,acc,0.1628057211637497,-0.8403648138046265,9.81143856048584,1720123592832163800
1669049102835,right,acc,0.15083470940589905,-0.8786720037460327,9.758766174316406,1720123592839168700
1669049102876,right,acc,0.19393034279346466,-0.7852981686592102,9.816226959228516,1720123592851169200
1669049102915,right,acc,0.14365209639072418,-0.8523358106613159,9.765948295593262,1720123592859679400
1669049102957,right,acc,0.15801730751991272,-0.9193734526634216,9.746794700622559,1720123592867681500
1669049102996,right,acc,0.1364694982767105,-0.8930372595787048,9.799467086791992,1720123592875680300
1669049103015,right,acc,0.13168109953403473,-0.8858546018600464,9.746794700622559,1720123592886715200
1669049103076,right,acc,0.06703764945268631,-0.9313444495201111,9.732429504394531,1720123592898717200
1669049103094,right,acc,0.17238251864910126,-0.8571242094039917,9.787496566772461,1720123592908697200
1669049103136,right,acc,0.13407529890537262,-0.8595184087753296,9.799467086791992,1720123592916361900
1669049103176,right,acc,0.13407529890537262,-0.8164227604866028,9.785101890563965,1720123592931360400
1669049103215,right,acc,0.1388636976480484,-0.8978256583213806,9.81143856048584,1720123592939364800
1669049103258,right,acc,0.15083470940589905,-0.8547300100326538,9.780313491821289,1720123592953364600
1669049103297,right,acc,0.1604115068912506,-0.8403648138046265,9.742006301879883,1720123592964566000
1669049103316,right,acc,0.2777273952960968,-0.8355764150619507,9.911994934082031,1720123592974577900
1669049103339,right,acc,0.1149216815829277,-0.8547300100326538,9.77791976928711,1720123592982546400
1669049103361,right,acc,0.1388636976480484,-0.9481038451194763,9.782708168029785,1720123592990545700
1669049103398,right,acc,0.13168109953403473,-0.828393816947937,9.856928825378418,1720123592999545600
1669049103459,right,acc,0.19632454216480255,-0.871489405632019,9.801861763000488,1720123593010546800
1669049103497,right,acc,0.14604631066322327,-0.8690952062606812,9.763554573059082,1720123593019546500
1669049103517,right,acc,0.07661445438861847,-0.8212111592292786,9.708487510681152,1720123593032546500
1669049103557,right,acc,0.16519992053508759,-0.8906430602073669,9.852140426635742,1720123593040549800
1669049103598,right,acc,0.1604115068912506,-0.790086567401886,9.823410034179688,1720123593050549600
1669049103643,right,acc,0.1173158809542656,-0.8140285611152649,9.739612579345703,1720123593059089600
1669049103680,right,acc,0.16759411990642548,-0.8978256583213806,9.794678688049316,1720123593069564400
1669049103718,right,acc,0.1867477297782898,-0.8355764150619507,9.856928825378418,1720123593077568300
1669049103759,right,acc,0.17477671802043915,-0.849941611289978,9.782708168029785,1720123593088568200
1669049103799,right,acc,0.14365209639072418,-0.8930372595787048,9.751583099365234,1720123593098568400
1669049103841,right,acc,0.15562310814857483,-0.8810662031173706,9.825803756713867,1720123593109568700
1669049103899,right,acc,0.1867477297782898,-0.8475474119186401,9.765948295593262,1720123593120568100
1669049103942,right,acc,0.17477671802043915,-0.8810662031173706,9.830592155456543,1720123593133569900
1669049103980,right,acc,0.16519992053508759,-0.8451532125473022,9.739612579345703,1720123593140594400
1669049104018,right,acc,0.11013327538967133,-0.8738836050033569,9.751583099365234,1720123593151596600
1669049104060,right,acc,0.2082955539226532,-0.9169792532920837,9.849745750427246,1720123593160108100
1669049104099,right,acc,0.1364694982767105,-0.9026140570640564,9.80904483795166,1720123593173418700
1669049104141,right,acc,0.1364694982767105,-0.8403648138046265,9.871294021606445,1720123593181418900
1669049104181,right,acc,0.17717093229293823,-0.8331822156906128,9.785101890563965,1720123593190418900
1669049104221,right,acc,0.19153612852096558,-0.8834604024887085,9.816226959228516,1720123593200418000
1669049104263,right,acc,0.16998831927776337,-0.8355764150619507,9.797073364257812,1720123593209419400
1669049104281,right,acc,0.11971008777618408,-0.8690952062606812,9.871294021606445,1720123593219420600
1669049104321,right,acc,0.1412578970193863,-0.8379706144332886,9.78989028930664,1720123593228441100
1669049104365,right,acc,0.13168109953403473,-0.828393816947937,9.806650161743164,1720123593236421100
1669049104399,right,acc,0.14604631066322327,-0.933738648891449,9.75397777557373,1720123593246428500
1669049104442,right,acc,0.17238251864910126,-0.8427590131759644,9.799467086791992,1720123593255942500
1669049104482,right,acc,0.1628057211637497,-0.8978256583213806,9.749189376831055,1720123593272943800
1669049104522,right,acc,0.17238251864910126,-0.8571242094039917,9.804255485534668,1720123593279942000
1669049104565,right,acc,0.1364694982767105,-0.811634361743927,9.835380554199219,1720123593290942500
1669049104600,right,acc,0.1173158809542656,-0.8786720037460327,9.821015357971191,1720123593301945800
1669049104644,right,acc,0.1412578970193863,-0.9193734526634216,9.75397777557373,1720123593311942800
1669049104701,right,acc,0.17956513166427612,-0.8738836050033569,9.823410034179688,1720123593320976400
1669049104744,right,acc,0.17717093229293823,-0.8643068075180054,9.775525093078613,1720123593333940900
1669049104764,right,acc,0.1173158809542656,-0.8954314589500427,9.773131370544434,1720123593342965700
1669049104802,right,acc,0.1604115068912506,-0.8930372595787048,9.794678688049316,1720123593351965700
1669049104843,right,acc,0.17477671802043915,-0.8954314589500427,9.81143856048584,1720123593361477400
1669049104881,right,acc,0.09816227108240128,-0.8619126081466675,9.825803756713867,1720123593371477700
1669049104923,right,acc,0.1628057211637497,-0.7852981686592102,9.782708168029785,1720123593380475800
1669049104982,right,acc,0.14604631066322327,-0.849941611289978,9.806650161743164,1720123593390475200
1669049105004,right,acc,0.10055647045373917,-0.9193734526634216,9.758766174316406,1720123593398476300
1669049105046,right,acc,0.16998831927776337,-0.9050082564353943,9.749189376831055,1720123593411476500
1669049105082,right,acc,0.1412578970193863,-0.8595184087753296,9.80904483795166,1720123593419477000
1669049105123,right,acc,0.10055647045373917,-0.8427590131759644,9.821015357971191,1720123593431475100
1669049105164,right,acc,0.13168109953403473,-0.8834604024887085,9.852140426635742,1720123593441483500
1669049105202,right,acc,0.1867477297782898,-0.8044517636299133,9.84256362915039,1720123593453985800
1669049105247,right,acc,0.0933738648891449,-0.8523358106613159,9.77791976928711,1720123593459990700
1669049105285,right,acc,0.181959331035614,-0.9026140570640564,9.856928825378418,1720123593474025300
1669049105347,right,acc,0.1867477297782898,-0.8044517636299133,9.770736694335938,1720123593481989800
1669049105387,right,acc,0.14604631066322327,-0.8810662031173706,9.770736694335938,1720123593493990700
1669049105426,right,acc,0.13407529890537262,-0.9097966551780701,9.787496566772461,1720123593500989900
1669049105447,right,acc,0.1628057211637497,-0.871489405632019,9.813833236694336,1720123593514989500
1669049105483,right,acc,0.181959331035614,-0.8786720037460327,9.785101890563965,1720123593520989700
1669049105526,right,acc,0.10295066982507706,-0.849941611289978,9.816226959228516,1720123593528990900
1669049105565,right,acc,0.21787235140800476,-0.8571242094039917,9.806650161743164,1720123593535990000
1669049105606,right,acc,0.14844051003456116,-0.8355764150619507,9.81143856048584,1720123593541994400
1669049105665,right,acc,0.16759411990642548,-0.8068459630012512,9.77791976928711,1720123593550996900
1669049105706,right,acc,0.10295066982507706,-0.8523358106613159,9.806650161743164,1720123593555532300
1669049105747,right,acc,0.12449848651885986,-0.9217676520347595,9.81143856048584,1720123593562533800
1669049105785,right,acc,0.15562310814857483,-0.9145850539207458,9.847352027893066,1720123593566534300
1669049105826,right,acc,0.181959331035614,-0.9026140570640564,9.787496566772461,1720123593571533000
1669049105867,right,acc,0.11013327538967133,-0.8379706144332886,9.852140426635742,1720123593577533200
1669049105907,right,acc,0.1843535304069519,-0.8786720037460327,9.832986831665039,1720123593585532500
1669049105947,right,acc,0.2059013396501541,-0.9169792532920837,9.77791976928711,1720123593593534200
1669049106007,right,acc,0.17717093229293823,-0.7805097699165344,9.787496566772461,1720123593603532700
1669049106048,right,acc,0.14365209639072418,-0.9002198576927185,9.794678688049316,1720123593608536400
1669049106087,right,acc,0.15322890877723694,-0.8403648138046265,9.787496566772461,1720123593612534200
1669049106129,right,acc,0.14844051003456116,-0.8738836050033569,9.761159896850586,1720123593620534500
1669049106166,right,acc,0.19871874153614044,-0.811634361743927,9.761159896850586,1720123593629533400
1669049106187,right,acc,0.15322890877723694,-0.8140285611152649,9.785101890563965,1720123593634533400
1669049106230,right,acc,0.10773907601833344,-0.8810662031173706,9.818621635437012,1720123593640614400
1669049106266,right,acc,0.1604115068912506,-0.8259995579719543,9.830592155456543,1720123593647572300
1669049106309,right,acc,0.19632454216480255,-0.8810662031173706,9.782708168029785,1720123593652606400
1669049106349,right,acc,0.2346317619085312,-0.9002198576927185,9.75637149810791,1720123593660153300
1669049106390,right,acc,0.10773907601833344,-0.8259995579719543,9.78989028930664,1720123593665186700
1669049106431,right,acc,0.18914192914962769,-0.8690952062606812,9.823410034179688,1720123593669188900
1669049106489,right,acc,0.18914192914962769,-0.811634361743927,9.773131370544434,1720123593674152600
1669049106529,right,acc,0.15801730751991272,-0.8307880163192749,9.787496566772461,1720123593678152300
1669049106569,right,acc,0.15083470940589905,-0.8523358106613159,9.792284965515137,1720123593684170800
1669049106590,right,acc,0.1364694982767105,-0.8523358106613159,9.84256362915039,1720123593688152300
1669049106630,right,acc,0.18914192914962769,-0.8810662031173706,9.81143856048584,1720123593692153100
1669049106669,right,acc,0.1604115068912506,-0.8858546018600464,9.799467086791992,1720123593697151600
1669049106710,right,acc,0.15322890877723694,-0.8427590131759644,9.84495735168457,1720123593703150900
1669049106730,right,acc,0.1149216815829277,-0.7996633648872375,9.8784761428833,1720123593708150700
1669049106791,right,acc,0.17717093229293823,-0.8451532125473022,9.864110946655273,1720123593713150900
1669049106830,right,acc,0.1412578970193863,-0.8188169598579407,9.856928825378418,1720123593718151300
1669049106871,right,acc,0.1149216815829277,-0.8523358106613159,9.765948295593262,1720123593722152200
1669049106911,right,acc,0.12928688526153564,-0.8307880163192749,9.840168952941895,1720123593727152100
1669049106951,right,acc,0.14844051003456116,-0.8427590131759644,9.746794700622559,1720123593735150500
1669049106990,right,acc,0.12449848651885986,-0.8236053586006165,9.768342971801758,1720123593740157100
1669049107031,right,acc,0.1388636976480484,-0.9265560507774353,9.806650161743164,1720123593746181000
1669049107073,right,acc,0.14604631066322327,-0.8786720037460327,9.77791976928711,1720123593752156700
1669049107111,right,acc,0.1149216815829277,-0.8236053586006165,9.734824180603027,1720123593760674700
1669049107151,right,acc,0.15083470940589905,-0.8738836050033569,9.77791976928711,1720123593767675800
1669049107193,right,acc,0.17238251864910126,-0.8379706144332886,9.828198432922363,1720123593773693600
1669049107231,right,acc,0.12449848651885986,-0.8738836050033569,9.828198432922363,1720123593780675400
1669049107272,right,acc,0.15322890877723694,-0.912190854549408,9.825803756713867,1720123593789672100
1669049107316,right,acc,0.1364694982767105,-0.8667010068893433,9.801861763000488,1720123593795674900
1669049107354,right,acc,0.09576806426048279,-0.8667010068893433,9.818621635437012,1720123593801673300
1669049107393,right,acc,0.1604115068912506,-0.8643068075180054,9.828198432922363,1720123593810672800
1669049107434,right,acc,0.12928688526153564,-0.8355764150619507,9.775525093078613,1720123593818673100
1669049107474,right,acc,0.15322890877723694,-0.8810662031173706,9.751583099365234,1720123593826672900
1669049107513,right,acc,0.1412578970193863,-0.8547300100326538,9.818621635437012,1720123593833734200
1669049107557,right,acc,0.14844051003456116,-0.9097966551780701,9.770736694335938,1720123593842740700
1669049107594,right,acc,0.1388636976480484,-0.9002198576927185,9.816226959228516,1720123593858315300
1669049107633,right,acc,0.14604631066322327,-0.8236053586006165,9.782708168029785,1720123593869316800
1669049107656,right,acc,0.1388636976480484,-0.8451532125473022,9.782708168029785,1720123593878316200
1669049107695,right,acc,0.12210428714752197,-0.8259995579719543,9.792284965515137,1720123593887315100
1669049107733,right,acc,0.14604631066322327,-0.8690952062606812,9.832986831665039,1720123593894316000
1669049107774,right,acc,0.15562310814857483,-0.8475474119186401,9.81143856048584,1720123593903315100
1669049107833,right,acc,0.1364694982767105,-0.8307880163192749,9.837775230407715,1720123593918316600
1669049107876,right,acc,0.2106897532939911,-0.8475474119186401,9.859322547912598,1720123593925316400
1669049107914,right,acc,0.13168109953403473,-0.8690952062606812,9.821015357971191,1720123593935315400
1669049107933,right,acc,0.17956513166427612,-0.8738836050033569,9.830592155456543,1720123593943319100
1669049107976,right,acc,0.13168109953403473,-0.8523358106613159,9.873687744140625,1720123593954830400
1669049108014,right,acc,0.12928688526153564,-0.912190854549408,9.835380554199219,1720123593962829500
1669049108055,right,acc,0.1364694982767105,-0.8188169598579407,9.794678688049316,1720123593972828100
1669049108115,right,acc,0.14844051003456116,-0.8643068075180054,9.80904483795166,1720123593985829900
1669049108156,right,acc,0.14604631066322327,-0.8523358106613159,9.80904483795166,1720123593994831700
1669049108197,right,acc,0.17477671802043915,-0.8523358106613159,9.806650161743164,1720123594002829700
1669049108234,right,acc,0.1843535304069519,-0.849941611289978,9.794678688049316,1720123594017830500
1669049108273,right,acc,0.15083470940589905,-0.8140285611152649,9.821015357971191,1720123594024830400
1669049108315,right,acc,0.14844051003456116,-0.8331822156906128,9.801861763000488,1720123594035828700
1669049108357,right,acc,0.18914192914962769,-0.8379706144332886,9.81143856048584,1720123594044834000
1669049108377,right,acc,0.09816227108240128,-0.8547300100326538,9.72285270690918,1720123594056415600
1669049108436,right,acc,0.19393034279346466,-0.9097966551780701,9.797073364257812,1720123594066418300
1669049108479,right,acc,0.2059013396501541,-0.8212111592292786,9.86650562286377,1720123594075425700
1669049108516,right,acc,0.12449848651885986,-0.8164227604866028,9.77791976928711,1720123594085417700
1669049108537,right,acc,0.11971008777618408,-0.8643068075180054,9.794678688049316,1720123594093415300
1669049108579,right,acc,0.12928688526153564,-0.8236053586006165,9.81143856048584,1720123594103380200
1669049108616,right,acc,0.15562310814857483,-0.7805097699165344,9.792284965515137,1720123594110379500
1669049108663,right,acc,0.1604115068912506,-0.7829039692878723,9.854534149169922,1720123594120380700
1669049108716,right,acc,0.12210428714752197,-0.912190854549408,9.823410034179688,1720123594132379500
1669049108738,right,acc,0.17238251864910126,-0.8259995579719543,9.797073364257812,1720123594141386000
1669049108798,right,acc,0.12928688526153564,-0.9026140570640564,9.835380554199219,1720123594155932400
1669049108837,right,acc,0.1604115068912506,-0.8882488012313843,9.804255485534668,1720123594162930100
1669049108879,right,acc,0.11971008777618408,-0.9217676520347595,9.861717224121094,1720123594177896200
1669049108918,right,acc,0.17717093229293823,-0.7972691655158997,9.806650161743164,1720123594184895700
1669049108961,right,acc,0.1604115068912506,-0.8786720037460327,9.804255485534668,1720123594193897600
1669049108998,right,acc,0.11971008777618408,-0.8738836050033569,9.806650161743164,1720123594202895700
1669049109018,right,acc,0.16998831927776337,-0.8619126081466675,9.81143856048584,1720123594213895500
1669049109080,right,acc,0.15801730751991272,-0.9002198576927185,9.816226959228516,1720123594224895800
1669049109119,right,acc,0.18914192914962769,-0.811634361743927,9.81143856048584,1720123594237932300
1669049109160,right,acc,0.1173158809542656,-0.8786720037460327,9.787496566772461,1720123594245967600
1669049109219,right,acc,0.13168109953403473,-0.8738836050033569,9.806650161743164,1720123594277515600
1669049109263,right,acc,0.19153612852096558,-0.8212111592292786,9.787496566772461,1720123594287526400
1669049109319,right,acc,0.21308395266532898,-0.8547300100326538,9.90241813659668,1720123594296514600
1669049109341,right,acc,0.1364694982767105,-0.9481038451194763,9.835380554199219,1720123594305513800
1669049109382,right,acc,0.1843535304069519,-0.8882488012313843,9.80904483795166,1720123594315516500
1669049109442,right,acc,0.15562310814857483,-0.8547300100326538,9.84495735168457,1720123594323527800
1669049109482,right,acc,0.1604115068912506,-0.871489405632019,9.873687744140625,1720123594336529900
1669049109499,right,acc,0.16998831927776337,-0.8978256583213806,9.804255485534668,1720123594345518900
1669049109542,right,acc,0.18914192914962769,-0.871489405632019,9.816226959228516,1720123594358026500
1669049109600,right,acc,0.14604631066322327,-0.9193734526634216,9.768342971801758,1720123594367026600
1669049109642,right,acc,0.1604115068912506,-0.9265560507774353,9.813833236694336,1720123594376025400
1669049109663,right,acc,0.1173158809542656,-0.9002198576927185,9.751583099365234,1720123594384025000
1669049109700,right,acc,0.11971008777618408,-0.8355764150619507,9.78989028930664,1720123594394036600
1669049109742,right,acc,0.13407529890537262,-0.912190854549408,9.785101890563965,1720123594406026700
1669049109782,right,acc,0.15801730751991272,-0.8810662031173706,9.770736694335938,1720123594414025100
1669049109818,right,acc,0.12689268589019775,-0.8595184087753296,9.806650161743164,1720123594424025200
1669049109879,right,acc,0.10534487664699554,-0.9385270476341248,9.84256362915039,1720123594435025200
1669049109918,right,acc,0.21547815203666687,-0.8523358106613159,9.835380554199219,1720123594443030500
1669049109960,right,acc,0.16519992053508759,-0.8690952062606812,9.799467086791992,1720123594457214100
1669049109979,right,acc,0.17238251864910126,-0.8667010068893433,9.799467086791992,1720123594464214100
1669049110042,right,acc,0.1412578970193863,-0.8858546018600464,9.801861763000488,1720123594477214500
1669049110063,right,acc,0.1388636976480484,-0.871489405632019,9.84256362915039,1720123594486214100
1669049110102,right,acc,0.16519992053508759,-0.8475474119186401,9.856928825378418,1720123594496215500
1669049110143,right,acc,0.11252748221158981,-0.8619126081466675,9.746794700622559,1720123594505279900
1669049110201,right,acc,0.15322890877723694,-0.8020575642585754,9.763554573059082,1720123594517225800
1669049110244,right,acc,0.15083470940589905,-0.8427590131759644,9.775525093078613,1720123594527215400
1669049110282,right,acc,0.1843535304069519,-0.8140285611152649,9.828198432922363,1720123594538632100
1669049110303,right,acc,0.19393034279346466,-0.828393816947937,9.81143856048584,1720123594546635800
1669049110324,right,acc,0.15083470940589905,-0.9074024558067322,9.804255485534668,1720123594560146900
1669049110365,right,acc,0.13407529890537262,-0.8164227604866028,9.768342971801758,1720123594568146700
1669049110404,right,acc,0.17717093229293823,-0.8212111592292786,9.84256362915039,1720123594580149000
1669049110446,right,acc,0.24899697303771973,-0.8523358106613159,9.773131370544434,1720123594592155900
1669049110506,right,acc,0.17238251864910126,-0.9026140570640564,9.794678688049316,1720123594599148400
1669049110526,right,acc,0.16759411990642548,-0.8379706144332886,9.832986831665039,1720123594607167000
1669049110566,right,acc,0.17717093229293823,-0.8690952062606812,9.768342971801758,1720123594617168300
1669049110609,right,acc,0.18914192914962769,-0.8571242094039917,9.761159896850586,1720123594627146900
1669049110646,right,acc,0.1412578970193863,-0.871489405632019,9.768342971801758,1720123594639149000
1669049110685,right,acc,0.1843535304069519,-0.9050082564353943,9.780313491821289,1720123594648152000
1669049110709,right,acc,0.12928688526153564,-0.871489405632019,9.787496566772461,1720123594656692300
1669049110765,right,acc,0.19153612852096558,-0.9074024558067322,9.81143856048584,1720123594667692800
1669049110806,right,acc,0.14604631066322327,-0.828393816947937,9.77791976928711,1720123594677692700
1669049110846,right,acc,0.20350714027881622,-0.912190854549408,9.768342971801758,1720123594687692700
1669049110886,right,acc,0.1388636976480484,-0.828393816947937,9.81143856048584,1720123594697696200
1669049110907,right,acc,0.1867477297782898,-0.8427590131759644,9.782708168029785,1720123594706692400
1669049110947,right,acc,0.11013327538967133,-0.8547300100326538,9.818621635437012,1720123594716728800
1669049110986,right,acc,0.17717093229293823,-0.8403648138046265,9.813833236694336,1720123594724728800
1669049111027,right,acc,0.1867477297782898,-0.849941611289978,9.77791976928711,1720123594735727700
1669049111066,right,acc,0.17238251864910126,-0.8140285611152649,9.792284965515137,1720123594745775400
1669049111126,right,acc,0.10773907601833344,-0.8786720037460327,9.797073364257812,1720123594757355000
1669049111147,right,acc,0.19393034279346466,-0.8954314589500427,9.797073364257812,1720123594767356500
1669049111186,right,acc,0.14604631066322327,-0.8451532125473022,9.832986831665039,1720123594778319900
1669049111227,right,acc,0.12449848651885986,-0.8762778043746948,9.794678688049316,1720123594785318900
1669049111267,right,acc,0.1173158809542656,-0.8212111592292786,9.780313491821289,1720123594798356000
1669049111308,right,acc,0.08858546614646912,-0.8762778043746948,9.749189376831055,1720123594806353000
1669049111348,right,acc,0.15801730751991272,-0.8403648138046265,9.835380554199219,1720123594818354100
1669049111388,right,acc,0.16759411990642548,-0.8451532125473022,9.75637149810791,1720123594826319200
1669049111430,right,acc,0.12689268589019775,-0.8690952062606812,9.821015357971191,1720123594837355300
1669049111468,right,acc,0.08619125932455063,-0.8595184087753296,9.806650161743164,1720123594847393700
1669049111509,right,acc,0.15562310814857483,-0.8738836050033569,9.816226959228516,1720123594859980200
1669049111548,right,acc,0.1412578970193863,-0.811634361743927,9.799467086791992,1720123594869986000
1669049111609,right,acc,0.13168109953403473,-0.8810662031173706,9.830592155456543,1720123594878980300
1669049111633,right,acc,0.14365209639072418,-0.8643068075180054,9.775525093078613,1720123594887979700
1669049111669,right,acc,0.21787235140800476,-0.849941611289978,9.782708168029785,1720123594899998100
1669049111710,right,acc,0.1412578970193863,-0.8403648138046265,9.782708168029785,1720123594907946000
1669049111748,right,acc,0.12689268589019775,-0.8738836050033569,9.821015357971191,1720123594919946300
1669049111791,right,acc,0.17717093229293823,-0.871489405632019,9.801861763000488,1720123594928200300
1669049111830,right,acc,0.10534487664699554,-0.9097966551780701,9.78989028930664,1720123594937206500
1669049111871,right,acc,0.17477671802043915,-0.8379706144332886,9.768342971801758,1720123594952212300
1669049111933,right,acc,0.12210428714752197,-0.8834604024887085,9.797073364257812,1720123594960730500
1669049111972,right,acc,0.16998831927776337,-0.8212111592292786,9.823410034179688,1720123594969727700
1669049112010,right,acc,0.20111294090747833,-0.871489405632019,9.818621635437012,1720123594979884300
1669049112049,right,acc,0.14365209639072418,-0.8667010068893433,9.813833236694336,1720123594988726200
1669049112092,right,acc,0.1412578970193863,-0.8786720037460327,9.849745750427246,1720123595001727600
1669049112130,right,acc,0.1628057211637497,-0.8762778043746948,9.749189376831055,1720123595009754400
1669049112171,right,acc,0.2298433631658554,-0.8044517636299133,9.765948295593262,1720123595020725000
1669049112213,right,acc,0.1173158809542656,-0.8906430602073669,9.832986831665039,1720123595031724300
1669049112251,right,acc,0.12449848651885986,-0.8571242094039917,9.78989028930664,1720123595040728500
1669049112293,right,acc,0.15083470940589905,-0.8930372595787048,9.813833236694336,1720123595049729500
1669049112331,right,acc,0.1843535304069519,-0.849941611289978,9.840168952941895,1720123595060239100
1669049112374,right,acc,0.11013327538967133,-0.828393816947937,9.823410034179688,1720123595068239500
1669049112413,right,acc,0.17238251864910126,-0.8930372595787048,9.825803756713867,1720123595080239500
1669049112474,right,acc,0.1867477297782898,-0.8571242094039917,9.792284965515137,1720123595087237200
1669049112513,right,acc,0.16998831927776337,-0.811634361743927,9.816226959228516,1720123595099238000
1669049112556,right,acc,0.1388636976480484,-0.9026140570640564,9.81143856048584,1720123595107237800
1669049112576,right,acc,0.12449848651885986,-0.8523358106613159,9.81143856048584,1720123595119237200
1669049112632,right,acc,0.10534487664699554,-0.8236053586006165,9.797073364257812,1720123595127239600
1669049112652,right,acc,0.17956513166427612,-0.8044517636299133,9.837775230407715,1720123595140309700
1669049112693,right,acc,0.14604631066322327,-0.849941611289978,9.785101890563965,1720123595150312300
1669049112733,right,acc,0.13407529890537262,-0.8403648138046265,9.818621635437012,1720123595157888400
1669049112775,right,acc,0.19393034279346466,-0.8906430602073669,9.84495735168457,1720123595165889900
1669049112814,right,acc,0.20350714027881622,-0.8451532125473022,9.775525093078613,1720123595177901000
1669049112877,right,acc,0.15322890877723694,-0.8451532125473022,9.806650161743164,1720123595190997300
1669049112913,right,acc,0.10295066982507706,-0.9026140570640564,9.823410034179688,1720123595197527000
1669049112954,right,acc,0.15801730751991272,-0.8954314589500427,9.873687744140625,1720123595207554400
1669049112996,right,acc,0.16519992053508759,-0.8762778043746948,9.775525093078613,1720123595220527100
1669049113015,right,acc,0.19393034279346466,-0.912190854549408,9.80904483795166,1720123595227526000
1669049113054,right,acc,0.10773907601833344,-0.8690952062606812,9.813833236694336,1720123595241530800
1669049113096,right,acc,0.16759411990642548,-0.8786720037460327,9.818621635437012,1720123595249532500
1669049113156,right,acc,0.20111294090747833,-0.8619126081466675,9.78989028930664,1720123595260146500
1669049113176,right,acc,0.15562310814857483,-0.8547300100326538,9.818621635437012,1720123595267136200
1669049113215,right,acc,0.17717093229293823,-0.8834604024887085,9.75637149810791,1720123595279133500
1669049113256,right,acc,0.07182604819536209,-0.8259995579719543,9.813833236694336,1720123595286098100
1669049113296,right,acc,0.17238251864910126,-0.8643068075180054,9.794678688049316,1720123595299098600
1669049113356,right,acc,0.12928688526153564,-0.8427590131759644,9.797073364257812,1720123595310099500
1669049113396,right,acc,0.09576806426048279,-0.8954314589500427,9.825803756713867,1720123595319098100
1669049113435,right,acc,0.14365209639072418,-0.8571242094039917,9.770736694335938,1720123595330099300
1669049113479,right,acc,0.10055647045373917,-0.8667010068893433,9.837775230407715,1720123595341115200
1669049113515,right,acc,0.15322890877723694,-0.9002198576927185,9.761159896850586,1720123595349131900
1669049113557,right,acc,0.13168109953403473,-0.9002198576927185,9.691728591918945,1720123595362622600
1669049113597,right,acc,0.17956513166427612,-0.9002198576927185,9.742006301879883,1720123595370623200
1669049113637,right,acc,0.13168109953403473,-0.8427590131759644,9.744400978088379,1720123595379639600
1669049113682,right,acc,0.12689268589019775,-0.8667010068893433,9.81143856048584,1720123595392622800
1669049113716,right,acc,0.14604631066322327,-0.8810662031173706,9.832986831665039,1720123595401622700
1669049113758,right,acc,0.19153612852096558,-0.8140285611152649,9.799467086791992,1720123595408726900
1669049113779,right,acc,0.16998831927776337,-0.8451532125473022,9.80904483795166,1720123595421621300
1669049113816,right,acc,0.1628057211637497,-0.8738836050033569,9.758766174316406,1720123595429621500
1669049113858,right,acc,0.1412578970193863,-0.9097966551780701,9.780313491821289,1720123595441625600
1669049113898,right,acc,0.15083470940589905,-0.8427590131759644,9.832986831665039,1720123595448627200
1669049113958,right,acc,0.21787235140800476,-0.9169792532920837,9.746794700622559,1720123595463133800
1669049113998,right,acc,0.13407529890537262,-0.8786720037460327,9.797073364257812,1720123595470134100
1669049114039,right,acc,0.17477671802043915,-0.9696516990661621,9.78989028930664,1720123595482133700
1669049114080,right,acc,0.1173158809542656,-0.8667010068893433,9.761159896850586,1720123595490134300
1669049114097,right,acc,0.14604631066322327,-0.8259995579719543,9.840168952941895,1720123595500133700
1669049114139,right,acc,0.181959331035614,-0.9026140570640564,9.787496566772461,1720123595509135600
1669049114198,right,acc,0.16759411990642548,-0.8259995579719543,9.799467086791992,1720123595520133500
1669049114219,right,acc,0.14844051003456116,-0.8188169598579407,9.785101890563965,1720123595529137500
1669049114259,right,acc,0.1604115068912506,-0.8427590131759644,9.785101890563965,1720123595541208000
1669049114298,right,acc,0.12449848651885986,-0.8355764150619507,9.78989028930664,1720123595550208300
1669049114361,right,acc,0.1388636976480484,-0.9074024558067322,9.792284965515137,1720123595562754000
1669049114381,right,acc,0.16759411990642548,-0.8451532125473022,9.840168952941895,1720123595571753900
1669049114441,right,acc,0.1412578970193863,-0.8259995579719543,9.797073364257812,1720123595581756200
1669049114462,right,acc,0.12449848651885986,-0.8690952062606812,9.806650161743164,1720123595592754100
1669049114501,right,acc,0.16998831927776337,-0.8547300100326538,9.799467086791992,1720123595601754400
1669049114541,right,acc,0.12928688526153564,-0.8403648138046265,9.75397777557373,1720123595609757400
1669049114581,right,acc,0.15562310814857483,-0.8379706144332886,9.81143856048584,1720123595621735600
1669049114620,right,acc,0.12928688526153564,-0.9169792532920837,9.813833236694336,1720123595629785300
1669049114663,right,acc,0.12928688526153564,-0.8355764150619507,9.832986831665039,1720123595644818900
1669049114699,right,acc,0.12928688526153564,-0.8475474119186401,9.84495735168457,1720123595653793400
1669049114742,right,acc,0.17477671802043915,-0.9050082564353943,9.801861763000488,1720123595664370300
1669049114782,right,acc,0.1412578970193863,-0.8355764150619507,9.75397777557373,1720123595674369400
1669049114821,right,acc,0.16519992053508759,-0.912190854549408,9.780313491821289,1720123595683375800
1669049114863,right,acc,0.1173158809542656,-0.8595184087753296,9.75397777557373,1720123595694334800
1669049114900,right,acc,0.19632454216480255,-0.8044517636299133,9.861717224121094,1720123595702370000
1669049114942,right,acc,0.1412578970193863,-0.9026140570640564,9.72285270690918,1720123595712369500
1669049114982,right,acc,0.14365209639072418,-0.9265560507774353,9.801861763000488,1720123595721372000
1669049115021,right,acc,0.15562310814857483,-0.8164227604866028,9.799467086791992,1720123595730368100
1669049115063,right,acc,0.15562310814857483,-0.8930372595787048,9.787496566772461,1720123595742410700
1669049115083,right,acc,0.11971008777618408,-0.8140285611152649,9.81143856048584,1720123595751409800
1669049115122,right,acc,0.21787235140800476,-0.8259995579719543,9.835380554199219,1720123595761970300
1669049115163,right,acc,0.17717093229293823,-0.8619126081466675,9.751583099365234,1720123595768992100
1669049115202,right,acc,0.15083470940589905,-0.9289502501487732,9.792284965515137,1720123595783994700
1669049115242,right,acc,0.17717093229293823,-0.8236053586006165,9.832986831665039,1720123595792990400
1669049115283,right,acc,0.14844051003456116,-0.871489405632019,9.816226959228516,1720123595802958700
1669049115323,right,acc,0.2298433631658554,-0.9097966551780701,9.765948295593262,1720123595809957600
1669049115365,right,acc,0.1843535304069519,-0.811634361743927,9.821015357971191,1720123595819956400
1669049115402,right,acc,0.17238251864910126,-0.8451532125473022,9.799467086791992,1720123595827958400
1669049115445,right,acc,0.17477671802043915,-0.8427590131759644,9.816226959228516,1720123595840965200
1669049115464,right,acc,0.13168109953403473,-0.8834604024887085,9.816226959228516,1720123595849962300
1669049115505,right,acc,0.19632454216480255,-0.9026140570640564,9.801861763000488,1720123595862470900
1669049115546,right,acc,0.16519992053508759,-0.7805097699165344,9.81143856048584,1720123595872469100
1669049115605,right,acc,0.1364694982767105,-0.8547300100326538,9.80904483795166,1720123595884503900
1669049115646,right,acc,0.12689268589019775,-0.8044517636299133,9.780313491821289,1720123595892507500
1669049115685,right,acc,0.16519992053508759,-0.8547300100326538,9.763554573059082,1720123595902636400
1669049115705,right,acc,0.17477671802043915,-0.8475474119186401,9.780313491821289,1720123595911633200
1669049115746,right,acc,0.1867477297782898,-0.8523358106613159,9.78989028930664,1720123595921637200
1669049115785,right,acc,0.13407529890537262,-0.8020575642585754,9.749189376831055,1720123595929601800
1669049115829,right,acc,0.11252748221158981,-0.8643068075180054,9.799467086791992,1720123595940635300
1669049115865,right,acc,0.17717093229293823,-0.8523358106613159,9.818621635437012,1720123595949377200
1669049115906,right,acc,0.17956513166427612,-0.811634361743927,9.785101890563965,1720123595962924000
1669049115946,right,acc,0.17238251864910126,-0.7924807667732239,9.801861763000488,1720123595971923600
1669049116007,right,acc,0.15562310814857483,-0.8906430602073669,9.825803756713867,1720123595985923900
1669049116046,right,acc,0.090979665517807,-0.8690952062606812,9.787496566772461,1720123595993951700
1669049116087,right,acc,0.16759411990642548,-0.8643068075180054,9.749189376831055,1720123596005924400
1669049116126,right,acc,0.19153612852096558,-0.8403648138046265,9.828198432922363,1720123596015924000
1669049116165,right,acc,0.19393034279346466,-0.9050082564353943,9.763554573059082,1720123596024923600
1669049116207,right,acc,0.13407529890537262,-0.8212111592292786,9.823410034179688,1720123596033923700
1669049116247,right,acc,0.181959331035614,-0.8834604024887085,9.77791976928711,1720123596049928500
1669049116289,right,acc,0.16998831927776337,-0.8882488012313843,9.801861763000488,1720123596062404500
1669049116327,right,acc,0.1604115068912506,-0.8906430602073669,9.873687744140625,1720123596069401700
1669049116366,right,acc,0.12928688526153564,-0.8643068075180054,9.775525093078613,1720123596083401300
1669049116407,right,acc,0.16519992053508759,-0.8738836050033569,9.768342971801758,1720123596091401300
1669049116447,right,acc,0.19153612852096558,-0.9002198576927185,9.849745750427246,1720123596106402100
1669049116489,right,acc,0.13168109953403473,-0.8738836050033569,9.837775230407715,1720123596121403300
1669049116550,right,acc,0.181959331035614,-0.8906430602073669,9.792284965515137,1720123596129414500
1669049116629,right,acc,0.17477671802043915,-0.8259995579719543,9.765948295593262,1720123596155913700
1669049116667,right,acc,0.19153612852096558,-0.8738836050033569,9.775525093078613,1720123596167917200
1669049116710,right,acc,0.18914192914962769,-0.8619126081466675,9.84495735168457,1720123596174919100
1669049116730,right,acc,0.1628057211637497,-0.8451532125473022,9.818621635437012,1720123596185917500
1669049116769,right,acc,0.10295066982507706,-0.8690952062606812,9.81143856048584,1720123596193918600
1669049116810,right,acc,0.08858546614646912,-0.8858546018600464,9.835380554199219,1720123596204917300
1669049116849,right,acc,0.1388636976480484,-0.8786720037460327,9.77791976928711,1720123596212917100
1669049116891,right,acc,0.19632454216480255,-0.8906430602073669,9.782708168029785,1720123596225917300
1669049116930,right,acc,0.16519992053508759,-0.8954314589500427,9.758766174316406,1720123596233918700
1669049116992,right,acc,0.1628057211637497,-0.8212111592292786,9.806650161743164,1720123596247928400
1669049117030,right,acc,0.09576806426048279,-0.7709329724311829,9.813833236694336,1720123596253923100
1669049117070,right,acc,0.0933738648891449,-0.8595184087753296,9.825803756713867,1720123596267434200
1669049117112,right,acc,0.10534487664699554,-0.7996633648872375,9.801861763000488,1720123596280469400
1669049117150,right,acc,0.16998831927776337,-0.8259995579719543,9.78989028930664,1720123596288434800
1669049117191,right,acc,0.1412578970193863,-0.849941611289978,9.825803756713867,1720123596296434700
1669049117212,right,acc,0.18914192914962769,-0.9026140570640564,9.768342971801758,1720123596304432500
1669049117249,right,acc,0.16998831927776337,-0.9074024558067322,9.80904483795166,1720123596312432400
1669049117316,right,acc,0.13168109953403473,-0.8523358106613159,9.813833236694336,1720123596326433900
1669049117350,right,acc,0.15801730751991272,-0.8954314589500427,9.818621635437012,1720123596334436100
1669049117391,right,acc,0.17238251864910126,-0.8068459630012512,9.806650161743164,1720123596344436500
1669049117413,right,acc,0.1149216815829277,-0.8667010068893433,9.742006301879883,1720123596353471900
1669049117450,right,acc,0.16759411990642548,-0.9050082564353943,9.854534149169922,1720123596364782000
1669049117513,right,acc,0.14365209639072418,-0.8236053586006165,9.761159896850586,1720123596370782100
1669049117531,right,acc,0.1364694982767105,-0.8858546018600464,9.751583099365234,1720123596382782900
1669049117573,right,acc,0.1843535304069519,-0.8523358106613159,9.801861763000488,1720123596390796100
1669049117612,right,acc,0.12928688526153564,-0.912190854549408,9.830592155456543,1720123596399819000
1669049117653,right,acc,0.11971008777618408,-0.8906430602073669,9.78989028930664,1720123596409818700
1669049117696,right,acc,0.1604115068912506,-0.8020575642585754,9.818621635437012,1720123596421821700
1669049117713,right,acc,0.17477671802043915,-0.8667010068893433,9.854534149169922,1720123596429784500
1669049117732,right,acc,0.11252748221158981,-0.871489405632019,9.75637149810791,1720123596436783600
1669049117773,right,acc,0.17956513166427612,-0.8667010068893433,9.823410034179688,1720123596448791400
1669049117813,right,acc,0.12210428714752197,-0.9050082564353943,9.763554573059082,1720123596456297600
1669049117853,right,acc,0.1412578970193863,-0.828393816947937,9.763554573059082,1720123596468336900
1669049117896,right,acc,0.16519992053508759,-0.8738836050033569,9.830592155456543,1720123596478337200
1669049117933,right,acc,0.18914192914962769,-0.849941611289978,9.854534149169922,1720123596486340400
1669049117974,right,acc,0.14365209639072418,-0.8307880163192749,9.816226959228516,1720123596496311300
1669049118014,right,acc,0.181959331035614,-0.8595184087753296,9.835380554199219,1720123596507337000
1669049118053,right,acc,0.14604631066322327,-0.8906430602073669,9.813833236694336,1720123596514336800
1669049118077,right,acc,0.17956513166427612,-0.8786720037460327,9.818621635437012,1720123596525303000
1669049118113,right,acc,0.1388636976480484,-0.8475474119186401,9.768342971801758,1720123596533336600
1669049118174,right,acc,0.17717093229293823,-0.8858546018600464,9.773131370544434,1720123596548343300
1669049118214,right,acc,0.10534487664699554,-0.8595184087753296,9.761159896850586,1720123596556243700
1669049118233,right,acc,0.16519992053508759,-0.8236053586006165,9.763554573059082,1720123596566666700
1669049118296,right,acc,0.17238251864910126,-0.8307880163192749,9.813833236694336,1720123596576640900
1669049118314,right,acc,0.1628057211637497,-0.9169792532920837,9.775525093078613,1720123596585640500
1669049118355,right,acc,0.1604115068912506,-0.8331822156906128,9.840168952941895,1720123596595606900
1669049118396,right,acc,0.15562310814857483,-0.8523358106613159,9.828198432922363,1720123596604663200
1669049118434,right,acc,0.1364694982767105,-0.8547300100326538,9.792284965515137,1720123596613605900
1669049118496,right,acc,0.14844051003456116,-0.8451532125473022,9.847352027893066,1720123596624605000
1669049118514,right,acc,0.1604115068912506,-0.8930372595787048,9.854534149169922,1720123596633623700
1669049118577,right,acc,0.19153612852096558,-0.871489405632019,9.806650161743164,1720123596648609600
1669049118615,right,acc,0.1364694982767105,-0.8954314589500427,9.876082420349121,1720123596654609700
1669049118657,right,acc,0.11013327538967133,-0.8738836050033569,9.780313491821289,1720123596668152200
1669049118700,right,acc,0.2322375625371933,-0.9169792532920837,9.804255485534668,1720123596677116700
1669049118735,right,acc,0.17717093229293823,-0.7924807667732239,9.77791976928711,1720123596686118100
1669049118758,right,acc,0.22744916379451752,-0.9002198576927185,9.830592155456543,1720123596694152300
1669049118802,right,acc,0.13407529890537262,-0.8643068075180054,9.792284965515137,1720123596704118200
1669049118837,right,acc,0.12210428714752197,-0.8954314589500427,9.830592155456543,1720123596714118400
1669049118879,right,acc,0.16998831927776337,-0.8379706144332886,9.80904483795166,1720123596724120800
1669049118915,right,acc,0.17477671802043915,-0.8523358106613159,9.799467086791992,1720123596732119200
1669049118958,right,acc,0.10773907601833344,-0.8307880163192749,9.775525093078613,1720123596747120500
1669049118998,right,acc,0.1412578970193863,-0.8475474119186401,9.794678688049316,1720123596754156700
1669049119038,right,acc,0.21308395266532898,-0.8451532125473022,9.797073364257812,1720123596767743800
1669049119079,right,acc,0.1604115068912506,-0.8930372595787048,9.801861763000488,1720123596775700800
1669049119116,right,acc,0.18914192914962769,-0.9050082564353943,9.770736694335938,1720123596784738900
1669049119158,right,acc,0.1628057211637497,-0.8236053586006165,9.792284965515137,1720123596793712300
1669049119199,right,acc,0.1149216815829277,-0.8475474119186401,9.768342971801758,1720123596806736400
1669049119238,right,acc,0.21787235140800476,-0.871489405632019,9.792284965515137,1720123596815734200
1669049119279,right,acc,0.14365209639072418,-0.8858546018600464,9.780313491821289,1720123596824735400
1669049119317,right,acc,0.12449848651885986,-0.8906430602073669,9.825803756713867,1720123596833736700
1669049119380,right,acc,0.13168109953403473,-0.8379706144332886,9.75397777557373,1720123596848801100
1669049119418,right,acc,0.18914192914962769,-0.8882488012313843,9.825803756713867,1720123596858360900
1669049119460,right,acc,0.08140286058187485,-0.8643068075180054,9.859322547912598,1720123596868327000
1669049119479,right,acc,0.15322890877723694,-0.8738836050033569,9.730035781860352,1720123596880378500
1669049119541,right,acc,0.11971008777618408,-0.912190854549408,9.768342971801758,1720123596889329000
1669049119579,right,acc,0.15562310814857483,-0.8643068075180054,9.75637149810791,1720123596899328200
1669049119621,right,acc,0.19871874153614044,-0.8595184087753296,9.80904483795166,1720123596908363200
1669049119661,right,acc,0.14365209639072418,-0.8092401623725891,9.782708168029785,1720123596918328500
1669049119700,right,acc,0.19153612852096558,-0.8379706144332886,9.830592155456543,1720123596932316200
1669049119741,right,acc,0.15562310814857483,-0.849941611289978,9.823410034179688,1720123596945122800
1669049119800,right,acc,0.19632454216480255,-0.8690952062606812,9.818621635437012,1720123596951145600
1669049119826,right,acc,0.20350714027881622,-0.8427590131759644,9.856928825378418,1720123596956625700
1669049119862,right,acc,0.12689268589019775,-0.8355764150619507,9.86889934539795,1720123596964628900
1669049119900,right,acc,0.17238251864910126,-0.8738836050033569,9.782708168029785,1720123596971630800
1669049119960,right,acc,0.1843535304069519,-0.8571242094039917,9.780313491821289,1720123596979630800
1669049120001,right,acc,0.22026655077934265,-0.7541735172271729,9.861717224121094,1720123596986630000
1669049120021,right,acc,0.1364694982767105,-0.828393816947937,9.732429504394531,1720123596994630400
1669049120062,right,acc,0.14604631066322327,-0.9217676520347595,9.84256362915039,1720123597001666700
1669049120101,right,acc,0.16759411990642548,-0.8786720037460327,9.739612579345703,1720123597007688700
1669049120141,right,acc,0.10055647045373917,-0.8259995579719543,9.787496566772461,1720123597014667700
1669049120202,right,acc,0.1173158809542656,-0.8188169598579407,9.804255485534668,1720123597023664500
1669049120241,right,acc,0.11971008777618408,-0.871489405632019,9.713275909423828,1720123597032665000
1669049120279,right,acc,0.181959331035614,-0.8595184087753296,9.825803756713867,1720123597040664900
1669049120319,right,acc,0.21547815203666687,-0.8068459630012512,9.768342971801758,1720123597048708000
1669049120359,right,acc,0.20111294090747833,-0.8140285611152649,9.835380554199219,1720123597055707400
1669049120402,right,acc,0.11252748221158981,-0.8475474119186401,9.78989028930664,1720123597066268600
1669049120443,right,acc,0.18914192914962769,-0.8571242094039917,9.828198432922363,1720123597074285300
1669049120482,right,acc,0.17956513166427612,-0.8355764150619507,9.792284965515137,1720123597086285700
1669049120543,right,acc,0.14604631066322327,-0.8762778043746948,9.75397777557373,1720123597094287900
1669049120563,right,acc,0.12689268589019775,-0.7924807667732239,9.823410034179688,1720123597105251200
1669049120625,right,acc,0.181959331035614,-0.8667010068893433,9.782708168029785,1720123597113252600
1669049120664,right,acc,0.1412578970193863,-0.8667010068893433,9.804255485534668,1720123597121251400
1669049120706,right,acc,0.16759411990642548,-0.8547300100326538,9.806650161743164,1720123597129252200
1669049120747,right,acc,0.16998831927776337,-0.849941611289978,9.801861763000488,1720123597135251800
1669049120783,right,acc,0.17717093229293823,-0.9217676520347595,9.78989028930664,1720123597150255600
1669049120825,right,acc,0.15322890877723694,-0.8379706144332886,9.804255485534668,1720123597155256500
1669049120848,right,acc,0.15562310814857483,-0.9074024558067322,9.75637149810791,1720123597167767000
1669049120883,right,acc,0.11252748221158981,-0.849941611289978,9.804255485534668,1720123597175768000
1669049120926,right,acc,0.17477671802043915,-0.8595184087753296,9.80904483795166,1720123597186765900
1669049120983,right,acc,0.18914192914962769,-0.8690952062606812,9.794678688049316,1720123597193766900
1669049121026,right,acc,0.13407529890537262,-0.8690952062606812,9.770736694335938,1720123597198767400
1669049121064,right,acc,0.1388636976480484,-0.8092401623725891,9.825803756713867,1720123597203767900
1669049121108,right,acc,0.17477671802043915,-0.8379706144332886,9.78989028930664,1720123597210766200
1669049121145,right,acc,0.17956513166427612,-0.8403648138046265,9.818621635437012,1720123597216767800
1669049121165,right,acc,0.1604115068912506,-0.849941611289978,9.832986831665039,1720123597306296100
1669049121246,right,acc,0.08379705995321274,-0.8427590131759644,9.773131370544434,1720123597351300100
1669049121265,right,acc,0.16759411990642548,-0.8762778043746948,9.78989028930664,1720123597356804300
1669049121308,right,acc,0.14365209639072418,-0.8834604024887085,9.80904483795166,1720123597363809300
1669049121346,right,acc,0.15562310814857483,-0.8427590131759644,9.81143856048584,1720123597370807900
1669049121386,right,acc,0.2298433631658554,-0.8762778043746948,9.782708168029785,1720123597377808700
1669049121446,right,acc,0.20350714027881622,-0.9002198576927185,9.775525093078613,1720123597384810200
1669049121465,right,acc,0.2298433631658554,-0.8810662031173706,9.792284965515137,1720123597391808000
1669049121509,right,acc,0.19632454216480255,-0.7924807667732239,9.84495735168457,1720123597397809800
1669049121547,right,acc,0.12210428714752197,-0.8882488012313843,9.823410034179688,1720123597415807800
1669049121588,right,acc,0.17238251864910126,-0.8331822156906128,9.797073364257812,1720123597444815200
1669049121629,right,acc,0.15562310814857483,-0.8643068075180054,9.864110946655273,1720123597450813800
1669049121670,right,acc,0.1628057211637497,-0.8020575642585754,9.81143856048584,1720123597459340800
1669049121710,right,acc,0.15083470940589905,-0.8020575642585754,9.813833236694336,1720123597466324400
1669049121771,right,acc,0.15322890877723694,-0.8834604024887085,9.80904483795166,1720123597472322300
1669049121789,right,acc,0.21787235140800476,-0.8858546018600464,9.80904483795166,1720123597479321600
1669049121829,right,acc,0.19871874153614044,-0.7589619159698486,9.787496566772461,1720123597487338900
1669049121889,right,acc,0.15083470940589905,-0.8786720037460327,9.797073364257812,1720123597493321900
1669049121912,right,acc,0.13407529890537262,-0.8690952062606812,9.749189376831055,1720123597498322000
1669049121967,right,acc,0.19153612852096558,-0.8427590131759644,9.77791976928711,1720123597506321600
1669049121990,right,acc,0.1604115068912506,-0.7948749661445618,9.787496566772461,1720123597513360300
1669049122029,right,acc,0.16519992053508759,-0.7469909191131592,9.828198432922363,1720123597519324900
1669049122068,right,acc,0.22744916379451752,-0.8595184087753296,9.782708168029785,1720123597527323000
1669049122111,right,acc,0.24181437492370605,-0.8451532125473022,9.840168952941895,1720123597535384300
1669049122148,right,acc,0.18914192914962769,-0.7709329724311829,9.794678688049316,1720123597542364000
1669049122189,right,acc,0.1843535304069519,-0.8403648138046265,9.75637149810791,1720123597550401200
1669049122230,right,acc,0.12449848651885986,-0.8643068075180054,9.78989028930664,1720123597556937300
1669049122270,right,acc,0.14365209639072418,-0.8762778043746948,9.758766174316406,1720123597568982500
1669049122330,right,acc,0.26096799969673157,-0.871489405632019,9.84256362915039,1720123597575941900
1669049122371,right,acc,0.21547815203666687,-0.7565677165985107,9.806650161743164,1720123597583979900
1669049122412,right,acc,0.14844051003456116,-0.8619126081466675,9.787496566772461,1720123597592002300
1669049122449,right,acc,0.14365209639072418,-0.8595184087753296,9.835380554199219,1720123597598977800
1669049122491,right,acc,0.15083470940589905,-0.8427590131759644,9.794678688049316,1720123597606982600
1669049122530,right,acc,0.15801730751991272,-0.8595184087753296,9.801861763000488,1720123597613977000
1669049122572,right,acc,0.21787235140800476,-0.8906430602073669,9.806650161743164,1720123597621977200
1669049122613,right,acc,0.14844051003456116,-0.8690952062606812,9.794678688049316,1720123597628977000
1669049122650,right,acc,0.1628057211637497,-0.8523358106613159,9.813833236694336,1720123597637977100
1669049122696,right,acc,0.15083470940589905,-0.8068459630012512,9.794678688049316,1720123597652024300
1669049122750,right,acc,0.11971008777618408,-0.8236053586006165,9.787496566772461,1720123597660161500
1669049122796,right,acc,0.10295066982507706,-0.849941611289978,9.828198432922363,1720123597674191300
1669049122830,right,acc,0.1843535304069519,-0.8236053586006165,9.825803756713867,1720123597680157600
1669049122873,right,acc,0.17238251864910126,-0.8619126081466675,9.78989028930664,1720123597691133700
1669049122914,right,acc,0.1867477297782898,-0.7972691655158997,9.816226959228516,1720123597699122600
1669049122951,right,acc,0.1604115068912506,-0.8834604024887085,9.854534149169922,1720123597709158400
1669049122993,right,acc,0.16998831927776337,-0.8547300100326538,9.75397777557373,1720123597717157100
1669049123031,right,acc,0.12928688526153564,-0.8834604024887085,9.739612579345703,1720123597726157100
1669049123074,right,acc,0.16998831927776337,-0.7948749661445618,9.785101890563965,1720123597734159000
1669049123114,right,acc,0.17238251864910126,-0.8355764150619507,9.77791976928711,1720123597741158000
1669049123153,right,acc,0.12689268589019775,-0.8547300100326538,9.813833236694336,1720123597754170400
1669049123195,right,acc,0.1173158809542656,-0.8906430602073669,9.832986831665039,1720123597761584900
1669049123232,right,acc,0.12689268589019775,-0.8858546018600464,9.806650161743164,1720123597772584700
1669049123253,right,acc,0.15801730751991272,-0.8307880163192749,9.742006301879883,1720123597780620700
1669049123295,right,acc,0.14365209639072418,-0.8954314589500427,9.81143856048584,1720123597791618300
1669049123332,right,acc,0.13168109953403473,-0.9097966551780701,9.775525093078613,1720123597798624900
1669049123373,right,acc,0.1843535304069519,-0.8930372595787048,9.80904483795166,1720123597811618300
1669049123433,right,acc,0.13168109953403473,-0.912190854549408,9.770736694335938,1720123597822619100
1669049123455,right,acc,0.1867477297782898,-0.8068459630012512,9.854534149169922,1720123597830584500
1669049123495,right,acc,0.16759411990642548,-0.9002198576927185,9.830592155456543,1720123597839583000
1669049123533,right,acc,0.16759411990642548,-0.8092401623725891,9.782708168029785,1720123597850588700
1669049123574,right,acc,0.15801730751991272,-0.8643068075180054,9.818621635437012,1720123597860097300
1669049123633,right,acc,0.11252748221158981,-0.8882488012313843,9.787496566772461,1720123597880097400
1669049123695,right,acc,0.19153612852096558,-0.8643068075180054,9.758766174316406,1720123597892099100
1669049123717,right,acc,0.12928688526153564,-0.8786720037460327,9.864110946655273,1720123597901097300
1669049123757,right,acc,0.10773907601833344,-0.8427590131759644,9.742006301879883,1720123597910097300
1669049123796,right,acc,0.15083470940589905,-0.8667010068893433,9.80904483795166,1720123597919098900
1669049123835,right,acc,0.1388636976480484,-0.8212111592292786,9.835380554199219,1720123597931115500
1669049123878,right,acc,0.12689268589019775,-0.9241618514060974,9.801861763000488,1720123597940098700
1669049123977,right,acc,0.13168109953403473,-0.8667010068893433,9.804255485534668,1720123597973186100
1669049124016,right,acc,0.12689268589019775,-0.8523358106613159,9.794678688049316,1720123597980165300
1669049124037,right,acc,0.1628057211637497,-0.8978256583213806,9.806650161743164,1720123597992163600
1669049124079,right,acc,0.11013327538967133,-0.8571242094039917,9.801861763000488,1720123598003162900
1669049124116,right,acc,0.12928688526153564,-0.9193734526634216,9.782708168029785,1720123598013163600
1669049124176,right,acc,0.1173158809542656,-0.871489405632019,9.787496566772461,1720123598023164600
1669049124218,right,acc,0.18914192914962769,-0.8738836050033569,9.77791976928711,1720123598033162700
1669049124256,right,acc,0.18914192914962769,-0.8403648138046265,9.787496566772461,1720123598044169500
1669049124279,right,acc,0.17477671802043915,-0.8140285611152649,9.77791976928711,1720123598053171200
1669049124337,right,acc,0.16998831927776337,-0.8834604024887085,9.77791976928711,1720123598061681300
1669049124358,right,acc,0.14844051003456116,-0.8307880163192749,9.794678688049316,1720123598074680700
1669049124419,right,acc,0.13407529890537262,-0.8595184087753296,9.75637149810791,1720123598083681000
1669049124458,right,acc,0.2298433631658554,-0.8307880163192749,9.806650161743164,1720123598096717100
1669049124498,right,acc,0.2059013396501541,-0.849941611289978,9.813833236694336,1720123598104681600
1669049124537,right,acc,0.2322375625371933,-0.9313444495201111,9.801861763000488,1720123598116681800
1669049124579,right,acc,0.07661445438861847,-0.9409212470054626,9.806650161743164,1720123598123681700
1669049124597,right,acc,0.11252748221158981,-0.8690952062606812,9.832986831665039,1720123598131681700
1669049124639,right,acc,0.1149216815829277,-0.871489405632019,9.792284965515137,1720123598140681900
1669049124678,right,acc,0.19871874153614044,-0.8547300100326538,9.871294021606445,1720123598153687400
1669049124719,right,acc,0.12689268589019775,-0.9193734526634216,9.837775230407715,1720123598163195400
1669049124775,right,acc,0.19632454216480255,-0.8858546018600464,9.821015357971191,1720123598175196900
1669049124819,right,acc,0.16998831927776337,-0.8738836050033569,9.792284965515137,1720123598184194600
1669049124845,right,acc,0.1628057211637497,-0.849941611289978,9.81143856048584,1720123598194196900
1669049124859,right,acc,0.17238251864910126,-0.8403648138046265,9.840168952941895,1720123598203196800
1669049124898,right,acc,0.16519992053508759,-0.8403648138046265,9.787496566772461,1720123598212196600
1669049124920,right,acc,0.2298433631658554,-0.8786720037460327,9.763554573059082,1720123598222194900
1669049124962,right,acc,0.16519992053508759,-0.9193734526634216,9.801861763000488,1720123598234196500
1669049125021,right,acc,0.1867477297782898,-0.8379706144332886,9.801861763000488,1720123598243199900
1669049125061,right,acc,0.13168109953403473,-0.871489405632019,9.821015357971191,1720123598256199300
1669049125099,right,acc,0.181959331035614,-0.8355764150619507,9.806650161743164,1720123598262774000
1669049125141,right,acc,0.22266076505184174,-0.8858546018600464,9.797073364257812,1720123598276774100
1669049125161,right,acc,0.181959331035614,-0.8595184087753296,9.828198432922363,1720123598284777100
1669049125199,right,acc,0.19393034279346466,-0.8810662031173706,9.80904483795166,1720123598297773100
1669049125241,right,acc,0.17238251864910126,-0.8762778043746948,9.787496566772461,1720123598306771500
1669049125281,right,acc,0.13407529890537262,-0.8690952062606812,9.78989028930664,1720123598313738900
1669049125321,right,acc,0.17477671802043915,-0.8307880163192749,9.823410034179688,1720123598321737200
1669049125342,right,acc,0.12449848651885986,-0.8762778043746948,9.835380554199219,1720123598333759300
1669049125381,right,acc,0.14365209639072418,-0.8978256583213806,9.81143856048584,1720123598343741200
1669049125423,right,acc,0.15083470940589905,-0.7972691655158997,9.780313491821289,1720123598352743100
1669049125462,right,acc,0.16759411990642548,-0.8307880163192749,9.768342971801758,1720123598362256000
1669049125501,right,acc,0.14604631066322327,-0.8427590131759644,9.78989028930664,1720123598370284200
1669049125543,right,acc,0.15801730751991272,-0.933738648891449,9.801861763000488,1720123598376286700
1669049125562,right,acc,0.19393034279346466,-0.8571242094039917,9.75637149810791,1720123598383286300
1669049125601,right,acc,0.12928688526153564,-0.9313444495201111,9.871294021606445,1720123598395250000
1669049125644,right,acc,0.12689268589019775,-0.8667010068893433,9.780313491821289,1720123598402284400
1669049125704,right,acc,0.1628057211637497,-0.8643068075180054,9.75397777557373,1720123598415286200
1669049125725,right,acc,0.14365209639072418,-0.912190854549408,9.758766174316406,1720123598422250300
1669049125782,right,acc,0.21308395266532898,-0.9002198576927185,9.837775230407715,1720123598433283800
1669049125826,right,acc,0.14365209639072418,-0.8786720037460327,9.782708168029785,1720123598445323100
1669049125843,right,acc,0.19871874153614044,-0.8595184087753296,9.837775230407715,1720123598454323100
1669049125882,right,acc,0.11252748221158981,-0.8212111592292786,9.821015357971191,1720123598463464600
1669049125926,right,acc,0.15801730751991272,-0.8619126081466675,9.770736694335938,1720123598477464800
1669049125964,right,acc,0.15322890877723694,-0.8595184087753296,9.80904483795166,1720123598485474000
1669049126025,right,acc,0.14365209639072418,-0.8954314589500427,9.804255485534668,1720123598495432000
1669049126046,right,acc,0.20111294090747833,-0.8355764150619507,9.77791976928711,1720123598502431300
1669049126106,right,acc,0.1173158809542656,-0.8451532125473022,9.787496566772461,1720123598514429900
1669049126126,right,acc,0.18914192914962769,-0.8643068075180054,9.854534149169922,1720123598524429700
1669049126164,right,acc,0.08858546614646912,-0.8092401623725891,9.80904483795166,1720123598534430800
1669049126206,right,acc,0.2059013396501541,-0.8930372595787048,9.742006301879883,1720123598544432500
1669049126246,right,acc,0.1843535304069519,-0.8667010068893433,9.794678688049316,1720123598556479900
1669049126285,right,acc,0.12449848651885986,-0.8595184087753296,9.813833236694336,1720123598563693700
1669049126329,right,acc,0.16998831927776337,-0.8667010068893433,9.801861763000488,1720123598575692500
1669049126364,right,acc,0.14604631066322327,-0.8236053586006165,9.828198432922363,1720123598583698900
1669049126404,right,acc,0.2082955539226532,-0.8188169598579407,9.782708168029785,1720123598594661100
1669049126446,right,acc,0.15562310814857483,-0.8906430602073669,9.78989028930664,1720123598606658800
1669049126485,right,acc,0.1604115068912506,-0.7876923680305481,9.804255485534668,1720123598610658300
1669049126529,right,acc,0.1604115068912506,-0.8379706144332886,9.81143856048584,1720123598618657800
1669049126565,right,acc,0.19871874153614044,-0.9169792532920837,9.780313491821289,1720123598626272000
1669049126608,right,acc,0.18914192914962769,-0.8810662031173706,9.773131370544434,1720123598636269900
1669049126647,right,acc,0.2059013396501541,-0.8523358106613159,9.763554573059082,1720123598643280700
1669049126665,right,acc,0.12689268589019775,-0.8020575642585754,9.84256362915039,1720123598655279700
1669049126732,right,acc,0.2059013396501541,-0.849941611289978,9.852140426635742,1720123598664828600
1669049126766,right,acc,0.23942017555236816,-0.8619126081466675,9.849745750427246,1720123598677828600
1669049126808,right,acc,0.1388636976480484,-0.8930372595787048,9.765948295593262,1720123598687793900
1669049126847,right,acc,0.19393034279346466,-0.7972691655158997,9.821015357971191,1720123598698793400
1669049126893,right,acc,0.20111294090747833,-0.8403648138046265,9.832986831665039,1720123598706791700
1669049126929,right,acc,0.14604631066322327,-0.8355764150619507,9.770736694335938,1720123598718791500
1669049126967,right,acc,0.11013327538967133,-0.8978256583213806,9.835380554199219,1720123598728794100
1669049126993,right,acc,0.19632454216480255,-0.8427590131759644,9.816226959228516,1720123598734791600
1669049127030,right,acc,0.181959331035614,-0.8619126081466675,9.806650161743164,1720123598744871200
1669049127067,right,acc,0.1628057211637497,-0.8547300100326538,9.785101890563965,1720123598755868200
1669049127109,right,acc,0.08619125932455063,-0.8427590131759644,9.761159896850586,1720123598765453500
1669049127148,right,acc,0.19871874153614044,-0.849941611289978,9.801861763000488,1720123598778452900
1669049127189,right,acc,0.1604115068912506,-0.9002198576927185,9.852140426635742,1720123598786445200
1669049127230,right,acc,0.16759411990642548,-0.9193734526634216,9.813833236694336,1720123598795421000
1669049127267,right,acc,0.1364694982767105,-0.871489405632019,9.797073364257812,1720123598805453500
1669049127308,right,acc,0.181959331035614,-0.8092401623725891,9.864110946655273,1720123598816418000
1669049127348,right,acc,0.15562310814857483,-0.8451532125473022,9.816226959228516,1720123598825418800
1669049127390,right,acc,0.15322890877723694,-0.849941611289978,9.806650161743164,1720123598836455500
1669049127449,right,acc,0.12689268589019775,-0.8834604024887085,9.832986831665039,1720123598846458000
1669049127490,right,acc,0.2106897532939911,-0.8523358106613159,9.830592155456543,1720123598861063100
1669049127511,right,acc,0.15083470940589905,-0.8403648138046265,9.801861763000488,1720123598868881800
1669049127571,right,acc,0.20111294090747833,-0.8307880163192749,9.80904483795166,1720123598882915000
1669049127611,right,acc,0.1628057211637497,-0.8834604024887085,9.77791976928711,1720123598898919200
1669049127632,right,acc,0.19632454216480255,-0.8403648138046265,9.821015357971191,1720123598907916800
1669049127692,right,acc,0.17956513166427612,-0.8643068075180054,9.806650161743164,1720123598925881600
1669049127712,right,acc,0.11971008777618408,-0.8355764150619507,9.782708168029785,1720123598938882200
1669049127749,right,acc,0.11252748221158981,-0.8307880163192749,9.825803756713867,1720123598948890800
1669049127793,right,acc,0.1628057211637497,-0.8690952062606812,9.801861763000488,1720123598957890300
1669049127832,right,acc,0.18914192914962769,-0.9002198576927185,9.787496566772461,1720123598966421400
1669049127893,right,acc,0.20111294090747833,-0.9169792532920837,9.854534149169922,1720123598977422000
1669049127916,right,acc,0.181959331035614,-0.8307880163192749,9.799467086791992,1720123598986454000
1669049127952,right,acc,0.17717093229293823,-0.8451532125473022,9.830592155456543,1720123598998455200
1669049127993,right,acc,0.19393034279346466,-0.9050082564353943,9.84256362915039,1720123599006453800
1669049128032,right,acc,0.14844051003456116,-0.8786720037460327,9.78989028930664,1720123599018458300
1669049128073,right,acc,0.1867477297782898,-0.8331822156906128,9.78989028930664,1720123599029454300
1669049128133,right,acc,0.1604115068912506,-0.8212111592292786,9.84495735168457,1720123599038453800
1669049128154,right,acc,0.21547815203666687,-0.9145850539207458,9.81143856048584,1720123599048479700
1669049128193,right,acc,0.15562310814857483,-0.8451532125473022,9.821015357971191,1720123599058030400
1669049128233,right,acc,0.1388636976480484,-0.8188169598579407,9.825803756713867,1720123599066070000
1669049128274,right,acc,0.16998831927776337,-0.8858546018600464,9.758766174316406,1720123599081069800
1669049128313,right,acc,0.1604115068912506,-0.8906430602073669,9.816226959228516,1720123599090069900
1669049128354,right,acc,0.14365209639072418,-0.8379706144332886,9.785101890563965,1720123599099070000
1669049128395,right,acc,0.1149216815829277,-0.8786720037460327,9.813833236694336,1720123599107036300
1669049128434,right,acc,0.17956513166427612,-0.8164227604866028,9.806650161743164,1720123599119072700
1669049128474,right,acc,0.17238251864910126,-0.8930372595787048,9.828198432922363,1720123599127035900
1669049128514,right,acc,0.19871874153614044,-0.871489405632019,9.75637149810791,1720123599136069500
1669049128555,right,acc,0.2298433631658554,-0.8188169598579407,9.816226959228516,1720123599144069400
1669049128595,right,acc,0.1843535304069519,-0.8451532125473022,9.799467086791992,1720123599152082400
1669049128634,right,acc,0.17477671802043915,-0.8475474119186401,9.75397777557373,1720123599159637300
1669049128676,right,acc,0.13407529890537262,-0.8619126081466675,9.770736694335938,1720123599169653000
1669049128714,right,acc,0.17238251864910126,-0.8834604024887085,9.797073364257812,1720123599177654800
1669049128736,right,acc,0.17717093229293823,-0.9145850539207458,9.856928825378418,1720123599186680400
1669049128778,right,acc,0.17717093229293823,-0.8762778043746948,9.787496566772461,1720123599196651600
1669049128815,right,acc,0.16998831927776337,-0.849941611289978,9.86889934539795,1720123599204618900
1669049128857,right,acc,0.23942017555236816,-0.7733271718025208,9.86889934539795,1720123599216629600
1669049128896,right,acc,0.0933738648891449,-0.8738836050033569,9.821015357971191,1720123599225619300
1669049128940,right,acc,0.19153612852096558,-0.8212111592292786,9.859322547912598,1720123599237622900
1669049128976,right,acc,0.11013327538967133,-0.8475474119186401,9.75637149810791,1720123599243636200
1669049129015,right,acc,0.26336219906806946,-0.8188169598579407,9.892841339111328,1720123599255627600
1669049129059,right,acc,0.22266076505184174,-0.7374141216278076,9.95748519897461,1720123599263144400
1669049129115,right,acc,0.19153612852096558,-0.8068459630012512,9.90241813659668,1720123599274143100
1669049129137,right,acc,0.2082955539226532,-0.8044517636299133,9.828198432922363,1720123599285144100
1669049129177,right,acc,0.043095629662275314,-0.9313444495201111,9.658209800720215,1720123599300577900
1669049129244,right,acc,0.14844051003456116,-0.8762778043746948,9.713275909423828,1720123599308723700
1669049129279,right,acc,0.20350714027881622,-0.8475474119186401,9.768342971801758,1720123599322723800
1669049129316,right,acc,0.181959331035614,-0.8571242094039917,9.80904483795166,1720123599333723300
1669049129358,right,acc,0.1173158809542656,-0.8595184087753296,9.749189376831055,1720123599340726500
1669049129396,right,acc,0.14604631066322327,-0.9193734526634216,9.823410034179688,1720123599347730200
1669049129438,right,acc,0.15562310814857483,-0.8690952062606812,9.737217903137207,1720123599358305200
1669049129478,right,acc,0.1412578970193863,-0.8355764150619507,9.832986831665039,1720123599369317100
1669049129517,right,acc,0.18914192914962769,-0.8762778043746948,9.768342971801758,1720123599380345100
1669049129559,right,acc,0.16998831927776337,-0.8810662031173706,9.80904483795166,1720123599388347300
1669049129579,right,acc,0.15083470940589905,-0.9002198576927185,9.818621635437012,1720123599401352800
1669049129640,right,acc,0.10295066982507706,-0.8786720037460327,9.782708168029785,1720123599410312200
1669049129679,right,acc,0.1412578970193863,-0.8690952062606812,9.75397777557373,1720123599423337700
1669049129718,right,acc,0.2298433631658554,-0.8954314589500427,9.832986831665039,1720123599437332200
1669049129760,right,acc,0.10295066982507706,-0.8690952062606812,9.75397777557373,1720123599447314500
1669049129798,right,acc,0.13168109953403473,-0.8547300100326538,9.773131370544434,1720123599458853400
1669049129841,right,acc,0.18914192914962769,-0.8331822156906128,9.78989028930664,1720123599468858600
1669049129880,right,acc,0.17477671802043915,-0.8259995579719543,9.77791976928711,1720123599479859100
1669049129920,right,acc,0.20350714027881622,-0.8690952062606812,9.792284965515137,1720123599488860100
1669049129980,right,acc,0.2059013396501541,-0.8092401623725891,9.739612579345703,1720123599501859600
1669049130020,right,acc,0.1388636976480484,-0.8834604024887085,9.792284965515137,1720123599511858000
1669049130064,right,acc,0.16519992053508759,-0.8882488012313843,9.801861763000488,1720123599523860700
1669049130100,right,acc,0.14604631066322327,-0.849941611289978,9.835380554199219,1720123599533857600
1669049130142,right,acc,0.16759411990642548,-0.8475474119186401,9.801861763000488,1720123599542863700
1669049130180,right,acc,0.16519992053508759,-0.828393816947937,9.801861763000488,1720123599550868700
1669049130221,right,acc,0.15322890877723694,-0.8236053586006165,9.782708168029785,1720123599562382400
1669049130262,right,acc,0.22744916379451752,-0.811634361743927,9.797073364257812,1720123599572381300
1669049130299,right,acc,0.2106897532939911,-0.7948749661445618,9.804255485534668,1720123599580382000
1669049130346,right,acc,0.17477671802043915,-0.8307880163192749,9.782708168029785,1720123599589382700
1669049130380,right,acc,0.17956513166427612,-0.8475474119186401,9.806650161743164,1720123599601381700
1669049130423,right,acc,0.10773907601833344,-0.8762778043746948,9.797073364257812,1720123599608383000
1669049130445,right,acc,0.12689268589019775,-0.8188169598579407,9.780313491821289,1720123599619384600
1669049130481,right,acc,0.15562310814857483,-0.8307880163192749,9.806650161743164,1720123599628387300
1669049130523,right,acc,0.1364694982767105,-0.8882488012313843,9.80904483795166,1720123599642387500
1669049130581,right,acc,0.1628057211637497,-0.8547300100326538,9.825803756713867,1720123599650388700
1669049130623,right,acc,0.19871874153614044,-0.8571242094039917,9.80904483795166,1720123599660983300
1669049130663,right,acc,0.19153612852096558,-0.8188169598579407,9.816226959228516,1720123599670019400
1669049130681,right,acc,0.12449848651885986,-0.8571242094039917,9.818621635437012,1720123599681999600
1669049130723,right,acc,0.1604115068912506,-0.8810662031173706,9.732429504394531,1720123599689983100
1669049130764,right,acc,0.16998831927776337,-0.7924807667732239,9.825803756713867,1720123599701985000
1669049130803,right,acc,0.1149216815829277,-0.8738836050033569,9.765948295593262,1720123599710009900
1669049130845,right,acc,0.17238251864910126,-0.8379706144332886,9.797073364257812,1720123599723019500
1669049130886,right,acc,0.14844051003456116,-0.8762778043746948,9.80904483795166,1720123599730981900
1669049130925,right,acc,0.2059013396501541,-0.9002198576927185,9.804255485534668,1720123599742016700
1669049130963,right,acc,0.181959331035614,-0.912190854549408,9.816226959228516,1720123599750990900
1669049131004,right,acc,0.1867477297782898,-0.871489405632019,9.806650161743164,1720123599758531200
1669049131045,right,acc,0.181959331035614,-0.8475474119186401,9.787496566772461,1720123599767572200
1669049131082,right,acc,0.16998831927776337,-0.828393816947937,9.765948295593262,1720123599781572300
1669049131145,right,acc,0.15083470940589905,-0.8834604024887085,9.832986831665039,1720123599795538900
1669049131163,right,acc,0.10773907601833344,-0.8762778043746948,9.813833236694336,1720123599809573200
1669049131246,right,acc,0.181959331035614,-0.8259995579719543,9.758766174316406,1720123599841538800
1669049131283,right,acc,0.1412578970193863,-0.8427590131759644,9.770736694335938,1720123599852540400
1669049131345,right,acc,0.15322890877723694,-0.9002198576927185,9.832986831665039,1720123599864051300
1669049131383,right,acc,0.13168109953403473,-0.8427590131759644,9.823410034179688,1720123599873049900
1669049131404,right,acc,0.15322890877723694,-0.9050082564353943,9.77791976928711,1720123599887050300
1669049131447,right,acc,0.16759411990642548,-0.9074024558067322,9.825803756713867,1720123599899051300
1669049131484,right,acc,0.12689268589019775,-0.8427590131759644,9.765948295593262,1720123599911054300
1669049131546,right,acc,0.13168109953403473,-0.8164227604866028,9.813833236694336,1720123599924053300
1669049131585,right,acc,0.12210428714752197,-0.8786720037460327,9.780313491821289,1720123599930052300
1669049131606,right,acc,0.12689268589019775,-0.8954314589500427,9.770736694335938,1720123599943052300
1669049131647,right,acc,0.15562310814857483,-0.8140285611152649,9.787496566772461,1720123599952062600
1669049131665,right,acc,0.19153612852096558,-0.8547300100326538,9.785101890563965,1720123599962597700
1669049131728,right,acc,0.15322890877723694,-0.8164227604866028,9.794678688049316,1720123599971600300
1669049131747,right,acc,0.11971008777618408,-0.8834604024887085,9.782708168029785,1720123599997324800
1669049131808,right,acc,0.14365209639072418,-0.8619126081466675,9.847352027893066,1720123600011385200
1669049131829,right,acc,0.12689268589019775,-0.9097966551780701,9.780313491821289,1720123600021322300
1669049131866,right,acc,0.13168109953403473,-0.8619126081466675,9.758766174316406,1720123600032322200
1669049131909,right,acc,0.1173158809542656,-0.8882488012313843,9.770736694335938,1720123600043323400
1669049131966,right,acc,0.20111294090747833,-0.8667010068893433,9.840168952941895,1720123600054327800
1669049132013,right,acc,0.11971008777618408,-0.8571242094039917,9.787496566772461,1720123600064852300
1669049132047,right,acc,0.17477671802043915,-0.8355764150619507,9.77791976928711,1720123600072853800
1669049132088,right,acc,0.15083470940589905,-0.811634361743927,9.782708168029785,1720123600082851800
1669049132129,right,acc,0.15562310814857483,-0.8379706144332886,9.837775230407715,1720123600098854100
1669049132167,right,acc,0.12449848651885986,-0.8307880163192749,9.804255485534668,1720123600111853500
1669049132230,right,acc,0.2059013396501541,-0.8379706144332886,9.737217903137207,1720123600122853100
1669049132248,right,acc,0.1843535304069519,-0.8547300100326538,9.794678688049316,1720123600130853100
1669049132289,right,acc,0.11971008777618408,-0.8475474119186401,9.797073364257812,1720123600140286700
1669049132329,right,acc,0.08619125932455063,-0.8906430602073669,9.785101890563965,1720123600147697200
1669049132369,right,acc,0.20111294090747833,-0.871489405632019,9.799467086791992,1720123600162208500
1669049132390,right,acc,0.09816227108240128,-0.849941611289978,9.804255485534668,1720123600171199100
1669049132409,right,acc,0.2082955539226532,-0.9074024558067322,9.78989028930664,1720123600183198300
1669049132470,right,acc,0.13168109953403473,-0.8978256583213806,9.765948295593262,1720123600196199000
1669049132509,right,acc,0.17956513166427612,-0.8523358106613159,9.823410034179688,1720123600205198200
1669049132529,right,acc,0.19393034279346466,-0.8379706144332886,9.765948295593262,1720123600212197500
1669049132571,right,acc,0.10773907601833344,-0.8259995579719543,9.792284965515137,1720123600223199300
1669049132612,right,acc,0.12928688526153564,-0.8595184087753296,9.813833236694336,1720123600241199300
1669049132650,right,acc,0.13168109953403473,-0.8451532125473022,9.816226959228516,1720123600257204600
1669049132691,right,acc,0.17956513166427612,-0.8571242094039917,9.775525093078613,1720123600265713500
1669049132729,right,acc,0.1364694982767105,-0.8140285611152649,9.861717224121094,1720123600272714500
1669049132772,right,acc,0.16759411990642548,-0.8307880163192749,9.832986831665039,1720123600280712300
1669049132811,right,acc,0.1604115068912506,-0.871489405632019,9.730035781860352,1720123600288713500
1669049132851,right,acc,0.15801730751991272,-0.871489405632019,9.77791976928711,1720123600295713500
1669049132892,right,acc,0.1388636976480484,-0.9050082564353943,9.80904483795166,1720123600318713100
1669049132913,right,acc,0.1388636976480484,-0.8212111592292786,9.801861763000488,1720123600330713700
1669049132952,right,acc,0.1843535304069519,-0.8595184087753296,9.849745750427246,1720123600345717000
1669049132992,right,acc,0.17238251864910126,-0.8236053586006165,9.758766174316406,1720123600353717900
1669049133035,right,acc,0.15562310814857483,-0.9002198576927185,9.80904483795166,1720123600365228200
1669049133092,right,acc,0.1388636976480484,-0.8140285611152649,9.75397777557373,1720123600373226600
1669049133113,right,acc,0.13407529890537262,-0.8403648138046265,9.775525093078613,1720123600384226700
1669049133172,right,acc,0.20350714027881622,-0.8547300100326538,9.761159896850586,1720123600397228200
1669049133212,right,acc,0.19153612852096558,-0.8475474119186401,9.813833236694336,1720123600407228700
1669049133254,right,acc,0.13168109953403473,-0.9074024558067322,9.825803756713867,1720123600414226900
1669049133274,right,acc,0.1628057211637497,-0.8643068075180054,9.86650562286377,1720123600425231500
1669049133313,right,acc,0.12689268589019775,-0.8236053586006165,9.837775230407715,1720123600432227200
1669049133354,right,acc,0.22505496442317963,-0.849941611289978,9.75637149810791,1720123600443228500
1669049133395,right,acc,0.19871874153614044,-0.8738836050033569,9.80904483795166,1720123600452234600
1669049133435,right,acc,0.19393034279346466,-0.8092401623725891,9.806650161743164,1720123600464742300
1669049133472,right,acc,0.12449848651885986,-0.9145850539207458,9.799467086791992,1720123600472742200
1669049133514,right,acc,0.12449848651885986,-0.8667010068893433,9.84495735168457,1720123600483740800
1669049133555,right,acc,0.12689268589019775,-0.8930372595787048,9.828198432922363,1720123600490741700
1669049133595,right,acc,0.11013327538967133,-0.8667010068893433,9.821015357971191,1720123600501741200
1669049133633,right,acc,0.15801730751991272,-0.871489405632019,9.854534149169922,1720123600513743100
1669049133674,right,acc,0.18914192914962769,-0.8068459630012512,9.81143856048584,1720123600523742000
1669049133715,right,acc,0.12689268589019775,-0.9074024558067322,9.78989028930664,1720123600531742700
1669049133756,right,acc,0.18914192914962769,-0.8259995579719543,9.840168952941895,1720123600538743400
1669049133795,right,acc,0.17238251864910126,-0.8667010068893433,9.856928825378418,1720123600548750000
1669049133833,right,acc,0.11971008777618408,-0.8403648138046265,9.799467086791992,1720123600554748800
1669049133855,right,acc,0.17477671802043915,-0.8858546018600464,9.792284965515137,1720123600565302000
1669049133896,right,acc,0.17477671802043915,-0.8786720037460327,9.821015357971191,1720123600573260500
1669049133934,right,acc,0.09576806426048279,-0.8738836050033569,9.801861763000488,1720123600594260500
1669049133977,right,acc,0.12449848651885986,-0.8643068075180054,9.806650161743164,1720123600608259400
1669049134014,right,acc,0.16759411990642548,-0.8547300100326538,9.821015357971191,1720123600620259800
1669049134076,right,acc,0.16759411990642548,-0.8307880163192749,9.804255485534668,1720123600630261400
1669049134114,right,acc,0.15322890877723694,-0.8547300100326538,9.80904483795166,1720123600643261800
1669049134178,right,acc,0.17717093229293823,-0.8930372595787048,9.837775230407715,1720123600654266500
1669049134215,right,acc,0.1867477297782898,-0.8667010068893433,9.852140426635742,1720123600666605500
1669049134237,right,acc,0.14844051003456116,-0.8858546018600464,9.854534149169922,1720123600675604200
1669049134277,right,acc,0.12928688526153564,-0.8690952062606812,9.730035781860352,1720123600683605300
1669049134315,right,acc,0.16998831927776337,-0.8427590131759644,9.828198432922363,1720123600691640000
1669049134378,right,acc,0.2106897532939911,-0.768538773059845,9.799467086791992,1720123600703604300
1669049134417,right,acc,0.17956513166427612,-0.8667010068893433,9.837775230407715,1720123600711605000
1669049134459,right,acc,0.12928688526153564,-0.8212111592292786,9.797073364257812,1720123600723605300
1669049134497,right,acc,0.17238251864910126,-0.9074024558067322,9.794678688049316,1720123600735605000
1669049134538,right,acc,0.16998831927776337,-0.8068459630012512,9.806650161743164,1720123600744683200
1669049134558,right,acc,0.14365209639072418,-0.8643068075180054,9.818621635437012,1720123600752684600
1669049134598,right,acc,0.17477671802043915,-0.8379706144332886,9.825803756713867,1720123600767198300
1669049134639,right,acc,0.1628057211637497,-0.8643068075180054,9.792284965515137,1720123600774160900
1669049134678,right,acc,0.19871874153614044,-0.9050082564353943,9.80904483795166,1720123600783193500
1669049134717,right,acc,0.1364694982767105,-0.8762778043746948,9.768342971801758,1720123600792159700
1669049134761,right,acc,0.16759411990642548,-0.8595184087753296,9.780313491821289,1720123600803161800
1669049134797,right,acc,0.2082955539226532,-0.8930372595787048,9.806650161743164,1720123600810161400
1669049134840,right,acc,0.16759411990642548,-0.8571242094039917,9.823410034179688,1720123600820162300
1669049134880,right,acc,0.14844051003456116,-0.8188169598579407,9.804255485534668,1720123600826162500
1669049134918,right,acc,0.17956513166427612,-0.871489405632019,9.773131370544434,1720123600834178400
1669049134962,right,acc,0.21787235140800476,-0.9313444495201111,9.84256362915039,1720123600848163000
1669049134982,right,acc,0.1604115068912506,-0.871489405632019,9.852140426635742,1720123600857197800
1669049135019,right,acc,0.17717093229293823,-0.8212111592292786,9.797073364257812,1720123600866517100
1669049135062,right,acc,0.17238251864910126,-0.8547300100326538,9.744400978088379,1720123600875479100
1669049135099,right,acc,0.15801730751991272,-0.8930372595787048,9.806650161743164,1720123600886516900
1669049135162,right,acc,0.15083470940589905,-0.8930372595787048,9.799467086791992,1720123600895489900
1669049135185,right,acc,0.1388636976480484,-0.8834604024887085,9.78989028930664,1720123600907480400
1669049135241,right,acc,0.19632454216480255,-0.871489405632019,9.804255485534668,1720123600915515800
1669049135281,right,acc,0.20350714027881622,-0.8810662031173706,9.761159896850586,1720123600927481000
1669049135321,right,acc,0.2298433631658554,-0.8858546018600464,9.816226959228516,1720123600937479100
1669049135362,right,acc,0.1628057211637497,-0.8547300100326538,9.785101890563965,1720123600947103600
1669049135381,right,acc,0.17477671802043915,-0.8523358106613159,9.823410034179688,1720123600955953700
1669049135442,right,acc,0.11971008777618408,-0.8978256583213806,9.734824180603027,1720123600970463200
1669049135480,right,acc,0.14844051003456116,-0.9097966551780701,9.792284965515137,1720123600978465200
1669049135520,right,acc,0.14844051003456116,-0.8092401623725891,9.80904483795166,1720123600988463300
1669049135542,right,acc,0.1843535304069519,-0.8307880163192749,9.775525093078613,1720123600996465100
1669049135581,right,acc,0.14604631066322327,-0.8451532125473022,9.80904483795166,1720123601005463000
1669049135623,right,acc,0.17477671802043915,-0.8164227604866028,9.821015357971191,1720123601015463400
1669049135663,right,acc,0.1628057211637497,-0.8427590131759644,9.816226959228516,1720123601025464100
1669049135701,right,acc,0.1628057211637497,-0.8164227604866028,9.792284965515137,1720123601036497700
1669049135742,right,acc,0.07182604819536209,-0.7637503147125244,9.825803756713867,1720123601044499600
1669049135781,right,acc,0.11013327538967133,-0.7589619159698486,9.816226959228516,1720123601052504600
1669049135823,right,acc,0.09816227108240128,-0.9050082564353943,9.81143856048584,1720123601062035400
1669049135842,right,acc,0.1628057211637497,-0.8403648138046265,9.825803756713867,1720123601070021400
1669049135903,right,acc,0.181959331035614,-0.8523358106613159,9.780313491821289,1720123601076041200
1669049135943,right,acc,0.19153612852096558,-0.8092401623725891,9.852140426635742,1720123601082022000
1669049135982,right,acc,0.10295066982507706,-0.8259995579719543,9.813833236694336,1720123601087021200
1669049136024,right,acc,0.15562310814857483,-0.8188169598579407,9.782708168029785,1720123601094021600
1669049136063,right,acc,0.15083470940589905,-0.9289502501487732,9.859322547912598,1720123601099022100
1669049136108,right,acc,0.19393034279346466,-0.8643068075180054,9.797073364257812,1720123601105023000
1669049136145,right,acc,0.17956513166427612,-0.8547300100326538,9.832986831665039,1720123601111022900
1669049136183,right,acc,0.17717093229293823,-0.8619126081466675,9.80904483795166,1720123601118021800
1669049136245,right,acc,0.15562310814857483,-0.8451532125473022,9.773131370544434,1720123601123020200
1669049136283,right,acc,0.1867477297782898,-0.8547300100326538,9.806650161743164,1720123601131027100
1669049136326,right,acc,0.13168109953403473,-0.8523358106613159,9.80904483795166,1720123601137020500
1669049136365,right,acc,0.1628057211637497,-0.8475474119186401,9.823410034179688,1720123601142020900
1669049136383,right,acc,0.17477671802043915,-0.912190854549408,9.821015357971191,1720123601148028200
1669049136425,right,acc,0.15801730751991272,-0.8307880163192749,9.782708168029785,1720123601154027900
1669049136465,right,acc,0.16519992053508759,-0.8690952062606812,9.780313491821289,1720123601162537800
1669049136504,right,acc,0.20350714027881622,-0.8738836050033569,9.780313491821289,1720123601167548800
1669049136565,right,acc,0.16998831927776337,-0.8451532125473022,9.80904483795166,1720123601173538000
1669049136606,right,acc,0.1843535304069519,-0.8547300100326538,9.75637149810791,1720123601180537700
1669049136626,right,acc,0.1867477297782898,-0.811634361743927,9.84256362915039,1720123601185537500
1669049136666,right,acc,0.1867477297782898,-0.9241618514060974,9.75397777557373,1720123601191558800
1669049136706,right,acc,0.1604115068912506,-0.8619126081466675,9.801861763000488,1720123601200538100
1669049136747,right,acc,0.19393034279346466,-0.8954314589500427,9.744400978088379,1720123601207537200
1669049136787,right,acc,0.16759411990642548,-0.8044517636299133,9.768342971801758,1720123601214561800
1669049136826,right,acc,0.17956513166427612,-0.8667010068893433,9.797073364257812,1720123601225536600
1669049136866,right,acc,0.20350714027881622,-0.8451532125473022,9.801861763000488,1720123601232538300
1669049136907,right,acc,0.19632454216480255,-0.8164227604866028,9.792284965515137,1720123601238537800
1669049136947,right,acc,0.1843535304069519,-0.7924807667732239,9.787496566772461,1720123601246542900
1669049136966,right,acc,0.1628057211637497,-0.8738836050033569,9.813833236694336,1720123601255540700
1669049137007,right,acc,0.16759411990642548,-0.8355764150619507,9.775525093078613,1720123601265053000
1669049137047,right,acc,0.14604631066322327,-0.8164227604866028,9.821015357971191,1720123601274050600
1669049137088,right,acc,0.19153612852096558,-0.8236053586006165,9.821015357971191,1720123601282052500
1669049137132,right,acc,0.1867477297782898,-0.9050082564353943,9.782708168029785,1720123601289052700
1669049137167,right,acc,0.12210428714752197,-0.8068459630012512,9.785101890563965,1720123601297071000
1669049137208,right,acc,0.14604631066322327,-0.8355764150619507,9.794678688049316,1720123601309053100
1669049137231,right,acc,0.1364694982767105,-0.8595184087753296,9.813833236694336,1720123601317052000
1669049137289,right,acc,0.2106897532939911,-0.8331822156906128,9.749189376831055,1720123601328066500
1669049137308,right,acc,0.14365209639072418,-0.8212111592292786,9.787496566772461,1720123601337050900
1669049137347,right,acc,0.22026655077934265,-0.8834604024887085,9.813833236694336,1720123601350643700
1669049137409,right,acc,0.1604115068912506,-0.8236053586006165,9.785101890563965,1720123601357890100
1669049137447,right,acc,0.12689268589019775,-0.8547300100326538,9.761159896850586,1720123601370421600
1669049137489,right,acc,0.13407529890537262,-0.8810662031173706,9.80904483795166,1720123601378420400
1669049137509,right,acc,0.17717093229293823,-0.8188169598579407,9.794678688049316,1720123601388439100
1669049137571,right,acc,0.1604115068912506,-0.8259995579719543,9.787496566772461,1720123601396423200
1669049137611,right,acc,0.16998831927776337,-0.8978256583213806,9.730035781860352,1720123601408423700
1669049137648,right,acc,0.1628057211637497,-0.871489405632019,9.818621635437012,1720123601420421700
1669049137671,right,acc,0.1604115068912506,-0.871489405632019,9.775525093078613,1720123601428423700
1669049137711,right,acc,0.15083470940589905,-0.8188169598579407,9.864110946655273,1720123601437438200
1669049137772,right,acc,0.16998831927776337,-0.871489405632019,9.763554573059082,1720123601452472800
1669049137812,right,acc,0.14604631066322327,-0.9002198576927185,9.75397777557373,1720123601460945000
1669049137849,right,acc,0.15801730751991272,-0.8044517636299133,9.80904483795166,1720123601467942900
1669049137872,right,acc,0.23942017555236816,-0.7757213711738586,9.873687744140625,1720123601475944000
1669049137931,right,acc,0.15801730751991272,-0.8307880163192749,9.837775230407715,1720123601483945600
1669049137972,right,acc,0.20111294090747833,-0.8475474119186401,9.792284965515137,1720123601489978500
1669049137991,right,acc,0.15322890877723694,-0.8164227604866028,9.785101890563965,1720123601495946400
1669049138051,right,acc,0.20111294090747833,-0.8188169598579407,9.816226959228516,1720123601504943300
1669049138073,right,acc,0.20111294090747833,-0.8044517636299133,9.78989028930664,1720123601510943200
1669049138112,right,acc,0.18914192914962769,-0.8403648138046265,9.818621635437012,1720123601517944400
1669049138172,right,acc,0.12689268589019775,-0.8307880163192749,9.799467086791992,1720123601524943200
1669049138192,right,acc,0.10773907601833344,-0.8427590131759644,9.77791976928711,1720123601532944100
1669049138230,right,acc,0.17956513166427612,-0.912190854549408,9.825803756713867,1720123601539943100
1669049138273,right,acc,0.1843535304069519,-0.8212111592292786,9.80904483795166,1720123601546949200
1669049138312,right,acc,0.18914192914962769,-0.8212111592292786,9.763554573059082,1720123601552974700
1669049138413,right,acc,0.14365209639072418,-0.8954314589500427,9.770736694335938,1720123601579461600
1669049138452,right,acc,0.1604115068912506,-0.8164227604866028,9.849745750427246,1720123601589461400
1669049138494,right,acc,0.1843535304069519,-0.8762778043746948,9.761159896850586,1720123601598460500
1669049138531,right,acc,0.21308395266532898,-0.8906430602073669,9.768342971801758,1720123601609460400
1669049138574,right,acc,0.13407529890537262,-0.8834604024887085,9.797073364257812,1720123601617459900
1669049138594,right,acc,0.15801730751991272,-0.8307880163192749,9.792284965515137,1720123601628462300
1669049138631,right,acc,0.14844051003456116,-0.8403648138046265,9.799467086791992,1720123601637459900
1669049138695,right,acc,0.1364694982767105,-0.8762778043746948,9.768342971801758,1720123601659465000
1669049138754,right,acc,0.1843535304069519,-0.9265560507774353,9.804255485534668,1720123601671665700
1669049138795,right,acc,0.19871874153614044,-0.9145850539207458,9.81143856048584,1720123601680665400
1669049138833,right,acc,0.181959331035614,-0.849941611289978,9.80904483795166,1720123601691666300
1669049138875,right,acc,0.1843535304069519,-0.8810662031173706,9.75637149810791,1720123601701666100
1669049138914,right,acc,0.15083470940589905,-0.8092401623725891,9.799467086791992,1720123601708666300
1669049138933,right,acc,0.12449848651885986,-0.8523358106613159,9.818621635437012,1720123601717666200
1669049138976,right,acc,0.20350714027881622,-0.8092401623725891,9.818621635437012,1720123601735665900
1669049139014,right,acc,0.19153612852096558,-0.8738836050033569,9.821015357971191,1720123601747668700
1669049139078,right,acc,0.12449848651885986,-0.8571242094039917,9.801861763000488,1720123601754670100
1669049139095,right,acc,0.2059013396501541,-0.8379706144332886,9.77791976928711,1720123601762143800
1669049139133,right,acc,0.20111294090747833,-0.8882488012313843,9.816226959228516,1720123601770143400
1669049139179,right,acc,0.2082955539226532,-0.8355764150619507,9.734824180603027,1720123601780141500
1669049139214,right,acc,0.19393034279346466,-0.8882488012313843,9.797073364257812,1720123601789142400
1669049139257,right,acc,0.11252748221158981,-0.7781155705451965,9.787496566772461,1720123601797143300
1669049139296,right,acc,0.16998831927776337,-0.8667010068893433,9.773131370544434,1720123601808143200
1669049139335,right,acc,0.1628057211637497,-0.8403648138046265,9.785101890563965,1720123601816141200
1669049139378,right,acc,0.1867477297782898,-0.8834604024887085,9.830592155456543,1720123601829144700
1669049139415,right,acc,0.16759411990642548,-0.8690952062606812,9.806650161743164,1720123601838141300
1669049139458,right,acc,0.1604115068912506,-0.9145850539207458,9.775525093078613,1720123601851146300
1669049139496,right,acc,0.11013327538967133,-0.8762778043746948,9.742006301879883,1720123601860656200
1669049139536,right,acc,0.2298433631658554,-0.8092401623725891,9.825803756713867,1720123601870656600
1669049139578,right,acc,0.17238251864910126,-0.8212111592292786,9.787496566772461,1720123601877655000
1669049139615,right,acc,0.14844051003456116,-0.912190854549408,9.792284965515137,1720123601892656600
1669049139637,right,acc,0.15083470940589905,-0.8571242094039917,9.763554573059082,1720123601901656000
1669049139678,right,acc,0.13168109953403473,-0.8810662031173706,9.792284965515137,1720123601913655000
1669049139717,right,acc,0.1628057211637497,-0.9217676520347595,9.840168952941895,1720123601921656800
1669049139758,right,acc,0.15562310814857483,-0.9217676520347595,9.732429504394531,1720123601931694400
1669049139797,right,acc,0.16759411990642548,-0.8403648138046265,9.782708168029785,1720123601941720500
1669049139817,right,acc,0.15322890877723694,-0.8092401623725891,9.813833236694336,1720123601948730100
1669049139858,right,acc,0.19393034279346466,-0.8834604024887085,9.818621635437012,1720123601956732500
1669049139897,right,acc,0.15083470940589905,-0.8188169598579407,9.804255485534668,1720123601969781000
1669049139939,right,acc,0.15801730751991272,-0.8523358106613159,9.81143856048584,1720123601978745700
1669049139958,right,acc,0.16998831927776337,-0.8092401623725891,9.821015357971191,1720123601989781800
1669049139999,right,acc,0.09816227108240128,-0.9050082564353943,9.751583099365234,1720123601998756600
1669049140040,right,acc,0.19632454216480255,-0.8643068075180054,9.773131370544434,1720123602010905900
1669049140079,right,acc,0.17238251864910126,-0.8619126081466675,9.78989028930664,1720123602020893700
1669049140118,right,acc,0.15562310814857483,-0.8906430602073669,9.773131370544434,1720123602030859400
1669049140159,right,acc,0.19153612852096558,-0.8068459630012512,9.804255485534668,1720123602037896300
1669049140203,right,acc,0.22026655077934265,-0.8738836050033569,9.720458984375,1720123602051947700
1669049140258,right,acc,0.15322890877723694,-0.8858546018600464,9.792284965515137,1720123602063946400
1669049140298,right,acc,0.10534487664699554,-0.8571242094039917,9.710882186889648,1720123602074921800
1669049140341,right,acc,0.2298433631658554,-0.8834604024887085,9.849745750427246,1720123602081958400
1669049140380,right,acc,0.13168109953403473,-0.8451532125473022,9.787496566772461,1720123602093922000
1669049140420,right,acc,0.11013327538967133,-0.8355764150619507,9.78989028930664,1720123602102954900
1669049140462,right,acc,0.16759411990642548,-0.8331822156906128,9.77791976928711,1720123602110955100
1669049140499,right,acc,0.16519992053508759,-0.8786720037460327,9.799467086791992,1720123602120936600
1669049140521,right,acc,0.11013327538967133,-0.8954314589500427,9.799467086791992,1720123602130956600
1669049140561,right,acc,0.19153612852096558,-0.7996633648872375,9.765948295593262,1720123602139956200
1669049140621,right,acc,0.1412578970193863,-0.8523358106613159,9.818621635437012,1720123602153998000
1669049140641,right,acc,0.14365209639072418,-0.8523358106613159,9.825803756713867,1720123602163173300
1669049140681,right,acc,0.15322890877723694,-0.8810662031173706,9.78989028930664,1720123602173173500
1669049140721,right,acc,0.1412578970193863,-0.8595184087753296,9.770736694335938,1720123602182174000
1669049140762,right,acc,0.2082955539226532,-0.8331822156906128,9.813833236694336,1720123602191172300
1669049140801,right,acc,0.1412578970193863,-0.8427590131759644,9.840168952941895,1720123602203172400
1669049140862,right,acc,0.15562310814857483,-0.8595184087753296,9.81143856048584,1720123602213190700
1669049140903,right,acc,0.15322890877723694,-0.8954314589500427,9.763554573059082,1720123602222171900
1669049140942,right,acc,0.19632454216480255,-0.8092401623725891,9.792284965515137,1720123602232172100
1669049140962,right,acc,0.13168109953403473,-0.828393816947937,9.787496566772461,1720123602240171800
1669049141002,right,acc,0.12928688526153564,-0.8379706144332886,9.806650161743164,1720123602474537600
1669049141063,right,acc,0.15801730751991272,-0.8858546018600464,9.77791976928711,1720123602484536400
1669049141082,right,acc,0.14604631066322327,-0.8667010068893433,9.821015357971191,1720123602496536400
1669049141125,right,acc,0.16998831927776337,-0.8523358106613159,9.787496566772461,1720123602503536500
1669049141163,right,acc,0.14604631066322327,-0.8140285611152649,9.775525093078613,1720123602513550100
1669049141204,right,acc,0.1604115068912506,-0.8643068075180054,9.794678688049316,1720123602522537400
1669049141242,right,acc,0.37828385829925537,-1.678335428237915,9.856928825378418,1720123602534557600
1669049141305,right,acc,0.10773907601833344,-0.8523358106613159,9.926360130310059,1720123602541538500
1669049141345,right,acc,0.16519992053508759,-0.9217676520347595,9.617507934570312,1720123602552541600
1669049141363,right,acc,0.08619125932455063,-0.5339069962501526,10.556035041809082,1720123602561643600
1669049141403,right,acc,0.19393034279346466,-0.9696516990661621,9.476250648498535,1720123602572641600
1669049141445,right,acc,0.22266076505184174,-0.7829039692878723,9.768342971801758,1720123602581642900
1669049141485,right,acc,0.24181437492370605,-0.7374141216278076,9.93593692779541,1720123602595642100
1669049141525,right,acc,0.17717093229293823,-0.3208230137825012,10.788272857666016,1720123602603643300
1669049141564,right,acc,0.13168109953403473,-1.2401964664459229,9.095572471618652,1720123602614641400
1669049141603,right,acc,0.17956513166427612,-0.689530074596405,10.26394271850586,1720123602622641400
1669049141664,right,acc,0.16998831927776337,-0.5985504388809204,9.856928825378418,1720123602636643300
1669049141706,right,acc,0.1364694982767105,-0.8978256583213806,9.730035781860352,1720123602648647000
1669049141745,right,acc,0.1628057211637497,-0.7876923680305481,9.938331604003906,1720123602655645500
1669049141764,right,acc,0.29209262132644653,-0.7781155705451965,6.042964935302734,1720123602665156200
1669049141805,right,acc,0.17956513166427612,-0.7469909191131592,9.979032516479492,1720123602675156200
1669049141846,right,acc,0.40462008118629456,-0.19393034279346466,12.18648624420166,1720123602681154200
1669049141888,right,acc,-0.12449848651885986,-0.7972691655158997,10.395624160766602,1720123602694157800
1669049141928,right,acc,0.2106897532939911,-0.8667010068893433,9.701305389404297,1720123602702190000
1669049141988,right,acc,0.031124621629714966,-0.8403648138046265,10.113107681274414,1720123602717412600
1669049142028,right,acc,0.1173158809542656,-0.8427590131759644,9.500192642211914,1720123602726420800
1669049142066,right,acc,0.043095629662275314,-0.689530074596405,9.536105155944824,1720123602738405700
1669049142108,right,acc,0.20350714027881622,-0.6631938815116882,9.907206535339355,1720123602746373000
1669049142149,right,acc,0.13168109953403473,-0.6607996821403503,9.947908401489258,1720123602757411900
1669049142189,right,acc,0.22505496442317963,-0.6105214357376099,9.916783332824707,1720123602765883000
1669049142225,right,acc,0.10055647045373917,-0.8930372595787048,9.457097053527832,1720123602774883200
1669049142266,right,acc,0.15322890877723694,-0.4165911078453064,10.093954086303711,1720123602786882900
1669049142308,right,acc,0.15322890877723694,-0.8331822156906128,9.402029991149902,1720123602796922200
1669049142347,right,acc,0.1173158809542656,-0.6584054827690125,9.75397777557373,1720123602803922100
1669049142390,right,acc,0.10534487664699554,-0.811634361743927,9.512163162231445,1720123602814885700
1669049142408,right,acc,0.14365209639072418,-0.5147533416748047,10.070012092590332,1720123602822883900
1669049142448,right,acc,0.10534487664699554,-0.49320554733276367,9.890447616577148,1720123602835886400
1669049142509,right,acc,0.16759411990642548,-0.6129156351089478,9.797073364257812,1720123602851888800
1669049142548,right,acc,0.12449848651885986,-0.6057330369949341,9.854534149169922,1720123602864091700
1669049142569,right,acc,0.1604115068912506,-0.47644615173339844,9.93354320526123,1720123602875057800
1669049142612,right,acc,0.12449848651885986,-0.706289529800415,9.761159896850586,1720123602888126200
1669049142647,right,acc,0.1412578970193863,-0.49320554733276367,9.804255485534668,1720123602897060000
1669049142691,right,acc,0.181959331035614,-0.6248866319656372,9.959878921508789,1720123602905058500
1669049142748,right,acc,0.20111294090747833,-0.5602431893348694,9.923966407775879,1720123602917058200
1669049142791,right,acc,0.06464344263076782,-0.5674257874488831,10.079588890075684,1720123602926058800
1669049142830,right,acc,0.16998831927776337,-0.7326257228851318,9.732429504394531,1720123602935056700
1669049142869,right,acc,0.13407529890537262,-0.586579442024231,9.904812812805176,1720123602944092800
1669049142892,right,acc,0.1149216815829277,-0.5817909836769104,9.86889934539795,1720123602957101900
1669049142949,right,acc,0.18914192914962769,-0.7230489253997803,9.718064308166504,1720123602967052300
1669049142992,right,acc,0.22266076505184174,-0.6751648783683777,9.86889934539795,1720123602976052400
1669049143031,right,acc,0.17717093229293823,-0.586579442024231,9.847352027893066,1720123602984051200
1669049143070,right,acc,0.14604631066322327,-0.5410895943641663,9.938331604003906,1720123602994088200
1669049143093,right,acc,0.17956513166427612,-0.6488286852836609,9.90241813659668,1720123603004050400
1669049143130,right,acc,-0.2082955539226532,-0.790086567401886,8.286332130432129,1720123603011052100
1669049143172,right,acc,0.1388636976480484,-0.9624691009521484,9.488221168518066,1720123603019052100
1669049143211,right,acc,0.38307225704193115,-0.7637503147125244,6.308721542358398,1720123603027052800
1669049143249,right,acc,0.7134721279144287,-0.004788403399288654,10.311826705932617,1720123603037050300
1669049143295,right,acc,0.014365210197865963,-0.20350714027881622,9.708487510681152,1720123603045050600
1669049143331,right,acc,-0.014365210197865963,-0.5554547905921936,9.727641105651855,1720123603058056500
1669049143351,right,acc,0.004788403399288654,-0.5267243981361389,9.761159896850586,1720123603066568400
1669049143373,right,acc,0.16998831927776337,-0.6847416758537292,9.277531623840332,1720123603075568700
1669049143412,right,acc,0.08379705995321274,-0.5746083855628967,9.797073364257812,1720123603085568300
1669049143451,right,acc,-0.06703764945268631,-0.45489832758903503,9.947908401489258,1720123603096569200
1669049143495,right,acc,0.22026655077934265,-0.6105214357376099,9.849745750427246,1720123603107568700
1669049143552,right,acc,0.0071826050989329815,-0.3256114423274994,9.976638793945312,1720123603116588200
1669049143595,right,acc,0.17717093229293823,-1.6160861253738403,7.939172744750977,1720123603125569700
1669049143613,right,acc,-0.07900865375995636,-0.3998316824436188,9.928754806518555,1720123603136568300
1669049143654,right,acc,0.10773907601833344,-0.5386953949928284,9.59596061706543,1720123603143568700
1669049143695,right,acc,0.35673606395721436,-0.5746083855628967,9.823410034179688,1720123603152572800
1669049143731,right,acc,0.1628057211637497,-0.5602431893348694,9.57201862335205,1720123603163081500
1669049143795,right,acc,0.23702596127986908,-0.7422025203704834,9.763554573059082,1720123603176081300
1669049143832,right,acc,-0.12689268589019775,-0.9576807022094727,8.650250434875488,1720123603183081300
1669049143874,right,acc,0.1628057211637497,-0.6009446382522583,9.907206535339355,1720123603193083200
1669049143914,right,acc,0.17717093229293823,-0.8236053586006165,9.758766174316406,1720123603199081600
1669049143932,right,acc,0.1173158809542656,-0.6392518281936646,9.823410034179688,1720123603208081500
1669049143995,right,acc,-0.3447650372982025,-1.4628572463989258,8.274360656738281,1720123603217081000
1669049144033,right,acc,0.2825157940387726,-0.8331822156906128,9.619902610778809,1720123603224081500
1669049144073,right,acc,0.40462008118629456,-0.8882488012313843,9.44752025604248,1720123603233081600
1669049144096,right,acc,0.35913026332855225,-1.094150185585022,9.658209800720215,1720123603240081100
1669049144133,right,acc,0.08858546614646912,-0.5937620401382446,10.141838073730469,1720123603248111100
1669049144175,right,acc,0.15801730751991272,-0.8858546018600464,9.720458984375,1720123603259084900
1669049144214,right,acc,0.16998831927776337,-0.7613561153411865,9.785101890563965,1720123603266599100
1669049144256,right,acc,0.14844051003456116,-0.7924807667732239,9.718064308166504,1720123603277598700
1669049144299,right,acc,0.08858546614646912,-0.7829039692878723,9.938331604003906,1720123603283600800
1669049144335,right,acc,0.10773907601833344,-0.8379706144332886,9.706093788146973,1720123603297608300
1669049144377,right,acc,0.10295066982507706,-0.8212111592292786,9.816226959228516,1720123603306634200
1669049144415,right,acc,0.42377370595932007,-0.7158663272857666,9.81143856048584,1720123603315599500
1669049144436,right,acc,0.15801730751991272,-0.8810662031173706,9.825803756713867,1720123603324629300
1669049144477,right,acc,0.11252748221158981,-0.8236053586006165,9.751583099365234,1720123603333631500
1669049144515,right,acc,0.13407529890537262,-0.768538773059845,9.909601211547852,1720123603341609900
1669049144557,right,acc,0.11252748221158981,-0.730231523513794,9.86650562286377,1720123603350604000
1669049144597,right,acc,0.18914192914962769,-0.9265560507774353,9.837775230407715,1720123603356603600
1669049144637,right,acc,0.11013327538967133,-0.8595184087753296,9.667786598205566,1720123603364115200
1669049144679,right,acc,0.13168109953403473,-0.7948749661445618,9.78989028930664,1720123603380185600
1669049144716,right,acc,0.15083470940589905,-0.8810662031173706,9.835380554199219,1720123603388184500
1669049144758,right,acc,0.14844051003456116,-0.8690952062606812,9.818621635437012,1720123603398204800
1669049144778,right,acc,0.1604115068912506,-0.9145850539207458,9.785101890563965,1720123603407219500
1669049144837,right,acc,0.17238251864910126,-0.8188169598579407,9.854534149169922,1720123603419219800
1669049144878,right,acc,0.16519992053508759,-0.7948749661445618,9.761159896850586,1720123603429217500
1669049144939,right,acc,0.15322890877723694,-0.7781155705451965,9.78989028930664,1720123603438218000
1669049144959,right,acc,0.1604115068912506,-0.8236053586006165,9.78989028930664,1720123603446217900
1669049144998,right,acc,0.17717093229293823,-0.8451532125473022,9.840168952941895,1720123603455222100
1669049145039,right,acc,0.15801730751991272,-0.8379706144332886,9.768342971801758,1720123603464288700
1669049145098,right,acc,0.10295066982507706,-0.8882488012313843,9.840168952941895,1720123603478288100
1669049145139,right,acc,0.15083470940589905,-0.8212111592292786,9.816226959228516,1720123603488287700
1669049145179,right,acc,0.1388636976480484,-0.8475474119186401,9.801861763000488,1720123603500324500
1669049145220,right,acc,0.1412578970193863,-0.7805097699165344,9.840168952941895,1720123603507349000
1669049145240,right,acc,0.19153612852096558,-0.8571242094039917,9.849745750427246,1720123603517322400
1669049145279,right,acc,0.16759411990642548,-0.8690952062606812,9.828198432922363,1720123603527288900
1669049145322,right,acc,0.09576806426048279,-0.912190854549408,9.813833236694336,1720123603538322400
1669049145379,right,acc,0.12210428714752197,-0.7876923680305481,9.787496566772461,1720123603546288300
1669049145424,right,acc,0.10773907601833344,-0.8307880163192749,9.828198432922363,1720123603559330200
1669049145461,right,acc,0.1173158809542656,-0.7829039692878723,9.80904483795166,1720123603567839800
1669049145500,right,acc,0.1388636976480484,-0.790086567401886,9.785101890563965,1720123603579841300
1669049145525,right,acc,0.5099649429321289,-1.0199298858642578,2.741360902786255,1720123603585839500
1669049145581,right,acc,0.5841852426528931,0.35434186458587646,6.6630635261535645,1720123603598842500
1669049145600,right,acc,-0.033518824726343155,-0.9792284965515137,8.389283180236816,1720123603606806400
1669049145661,right,acc,0.42377370595932007,-0.8236053586006165,9.567230224609375,1720123603618840200
1669049145701,right,acc,0.15083470940589905,-1.1420341730117798,9.576807022094727,1720123603626818100
1669049145739,right,acc,0.08858546614646912,-0.5913678407669067,10.168174743652344,1720123603635842500
1669049145780,right,acc,0.06703764945268631,-0.8403648138046265,9.667786598205566,1720123603644840300
1669049145823,right,acc,0.12210428714752197,-0.7038952708244324,9.928754806518555,1720123603657812300
1669049145862,right,acc,0.14365209639072418,-0.849941611289978,9.84256362915039,1720123603664354100
1669049145903,right,acc,0.304063618183136,-1.1755530834197998,9.818621635437012,1720123603676354500
1669049145922,right,acc,0.047884032130241394,-0.12210428714752197,10.848128318786621,1720123603685320900
1669049146001,right,acc,0.5770025849342346,-0.49799394607543945,10.666168212890625,1720123603710318900
1669049146042,right,acc,-0.24660277366638184,-0.629675030708313,9.062053680419922,1720123603723320400
1669049146062,right,acc,0.5003881454467773,0.38067805767059326,11.894393920898438,1720123603732319100
1669049146101,right,acc,0.24181437492370605,-1.7405846118927002,9.806650161743164,1720123603740319000
1669049146122,right,acc,0.3998316824436188,-1.4915876388549805,10.326191902160645,1720123603747324500
1669049146162,right,acc,0.24899697303771973,-0.9145850539207458,10.347740173339844,1720123603758325100
1669049146203,right,acc,-0.19871874153614044,-1.0845733880996704,7.12035608291626,1720123603765832900
1669049146262,right,acc,1.2737152576446533,1.623268723487854,10.311826705932617,1720123603777832800
1669049146281,right,acc,-1.9943699836730957,-3.4308910369873047,10.127472877502441,1720123603786731800
1669049146324,right,acc,-4.469974517822266,-2.918531894683838,10.11550235748291,1720123603800731800
1669049146383,right,acc,-5.590460777282715,-5.9304375648498535,9.445125579833984,1720123603810733400
1669049146403,right,acc,-4.031835556030273,-5.966350555419922,5.789179801940918,1720123603819794400
1669049146448,right,acc,-0.8427590131759644,-4.28322696685791,5.693411827087402,1720123603828734100
1669049146482,right,acc,-2.2697031497955322,-5.051765441894531,7.005434036254883,1720123603840733100
1669049146545,right,acc,-0.9911994934082031,-4.896142482757568,6.555324077606201,1720123603850739800
1669049146563,right,acc,-0.9983820915222168,-4.730942726135254,6.143521785736084,1720123603858742800
1669049146625,right,acc,-1.8962076902389526,-4.5825018882751465,5.537788391113281,1720123603868253100
1669049146645,right,acc,-2.456450939178467,-4.4508209228515625,4.967968463897705,1720123603880724400
1669049146706,right,acc,-0.5195417404174805,-2.7102363109588623,62.67301940917969,1720123603891725200
1669049146745,right,acc,-1.7166426181793213,-6.967126846313477,7.711723804473877,1720123603899723000
1669049146783,right,acc,-0.15322890877723694,-3.9839515686035156,7.261613845825195,1720123603911723200
1669049146825,right,acc,1.0534487962722778,-4.050989151000977,8.899248123168945,1720123603921724000
1669049146865,right,acc,2.1930887699127197,-4.412513732910156,8.731653213500977,1720123603929755700
1669049146907,right,acc,3.375824451446533,-5.849034786224365,8.913613319396973,1720123603943722100
1669049146945,right,acc,2.671929121017456,-5.772420406341553,8.71489429473877,1720123603950728300
1669049146986,right,acc,1.357512354850769,-6.9695210456848145,9.17697525024414,1720123603961232800
1669049147028,right,acc,2.918531894683838,-5.571307182312012,8.08043098449707,1720123603971238500
1669049147065,right,acc,1.625662922859192,-5.916072368621826,9.739612579345703,1720123603978238100
1669049147087,right,acc,1.8483237028121948,-6.768408298492432,8.925583839416504,1720123603989239200
1669049147145,right,acc,1.8794482946395874,-5.461174011230469,6.4595561027526855,1720123604001274500
1669049147186,right,acc,0.9481038451194763,-3.533841609954834,5.207388877868652,1720123604009271900
1669049147228,right,acc,0.8810662031173706,-4.338293552398682,4.120420932769775,1720123604020274200
1669049147246,right,acc,0.2513911724090576,-4.426878929138184,4.010287761688232,1720123604029238600
1669049147308,right,acc,-0.2849099934101105,-5.3582234382629395,3.8714241981506348,1720123604040236900
1669049147347,right,acc,0.1149216815829277,-6.54574728012085,2.585737943649292,1720123604051242700
1669049147388,right,acc,1.9057846069335938,-9.907206535339355,3.162740468978882,1720123604062273900
1669049147428,right,acc,3.8067808151245117,-7.680599212646484,7.47230339050293,1720123604070273000
1669049147466,right,acc,8.96389102935791,-18.904617309570312,17.089811325073242,1720123604080272500
1669049147488,right,acc,2.6024973392486572,-3.1316158771514893,5.746084213256836,1720123604091272600
1669049147509,right,acc,8.33182144165039,-8.652645111083984,7.790732383728027,1720123604101272500
1669049147547,right,acc,2.5522189140319824,-1.4891934394836426,9.260771751403809,1720123604109275000
1669049147566,right,acc,1.9153614044189453,-1.1109095811843872,10.132261276245117,1720123604121272500
1669049147610,right,acc,0.8571242094039917,-3.44765043258667,9.411606788635254,1720123604130273900
1669049147667,right,acc,2.03507137298584,-2.7916390895843506,9.21288776397705,1720123604144274300
1669049147710,right,acc,1.7046716213226318,-3.40216064453125,9.605537414550781,1720123604152276000
1669049147745,right,acc,1.9297266006469727,-4.122815132141113,9.162610054016113,1720123604161276500
1669049147785,right,acc,1.6208745241165161,-2.765302896499634,9.670180320739746,1720123604170321700
1669049147806,right,acc,2.075772762298584,-2.2146365642547607,8.920795440673828,1720123604181320200
1669049147845,right,acc,2.011129379272461,-1.9632453918457031,8.664615631103516,1720123604189319700
1669049147885,right,acc,1.2545616626739502,-1.094150185585022,28.050466537475586,1720123604201320000
1669049147945,right,acc,0.14365209639072418,-0.5123591423034668,8.135497093200684,1720123604211321800
1669049147986,right,acc,-0.5267243981361389,0.06703764945268631,8.403648376464844,1720123604222319100
1669049148026,right,acc,0.49799394607543945,-0.7350199222564697,9.763554573059082,1720123604230319200
1669049148046,right,acc,0.15562310814857483,-0.44771572947502136,9.765948295593262,1720123604242319300
1669049148086,right,acc,0.31603461503982544,-0.5530605912208557,9.849745750427246,1720123604250321700
1669049148127,right,acc,0.26575639843940735,-0.5985504388809204,9.86650562286377,1720123604262835600
1669049148187,right,acc,0.272938996553421,-0.5913678407669067,9.864110946655273,1720123604271867700
1669049148227,right,acc,0.2825157940387726,-0.5889736413955688,9.856928825378418,1720123604281877000
1669049148247,right,acc,0.2801215946674347,-0.586579442024231,9.856928825378418,1720123604289871300
1669049148308,right,acc,0.3016694188117981,-0.5841852426528931,9.852140426635742,1720123604302834700
1669049148347,right,acc,0.24660277366638184,-0.5793967843055725,9.854534149169922,1720123604310868500
1669049148388,right,acc,0.31364041566848755,-0.5793967843055725,9.847352027893066,1720123604323836600
1669049148428,right,acc,0.23702596127986908,-0.5722141861915588,9.84256362915039,1720123604330865400
1669049148448,right,acc,0.2753331959247589,-0.5722141861915588,9.835380554199219,1720123604342833800
1669049148509,right,acc,0.14844051003456116,-0.4596867263317108,9.93593692779541,1720123604350838800
1669049148548,right,acc,0.2968810200691223,-0.49799394607543945,9.761159896850586,1720123604362351700
1669049148589,right,acc,0.3447650372982025,-0.47644615173339844,9.856928825378418,1720123604373350300
1669049148629,right,acc,0.2753331959247589,-0.4381389021873474,9.926360130310059,1720123604385360700
1669049148669,right,acc,0.26096799969673157,-0.5291185975074768,9.852140426635742,1720123604397348800
1669049148710,right,acc,0.2753331959247589,-0.4908113479614258,9.871294021606445,1720123604405355200
1669049148749,right,acc,0.26336219906806946,-0.49559974670410156,9.854534149169922,1720123604413349700
1669049148790,right,acc,0.23942017555236816,-0.5339069962501526,9.871294021606445,1720123604423349000
1669049148830,right,acc,0.2825157940387726,-0.5219359993934631,9.840168952941895,1720123604431349900
1669049148870,right,acc,0.272938996553421,-0.4165911078453064,9.888052940368652,1720123604441349900
1669049148912,right,acc,0.2849099934101105,-0.5315127968788147,9.871294021606445,1720123604450354800
1669049148930,right,acc,0.3064578175544739,-0.5602431893348694,9.804255485534668,1720123604463866100
1669049148970,right,acc,0.26096799969673157,-0.5913678407669067,9.86650562286377,1720123604471864400
1669049149011,right,acc,0.27054479718208313,-0.4644751250743866,9.926360130310059,1720123604482864400
1669049149051,right,acc,0.35913026332855225,-0.5722141861915588,9.797073364257812,1720123604491866400
1669049149091,right,acc,0.24181437492370605,-0.5027823448181152,9.885659217834473,1720123604502865000
1669049149131,right,acc,0.31124621629714966,-0.45250412821769714,9.876082420349121,1720123604512864700
1669049149191,right,acc,0.2561795711517334,-0.40701428055763245,9.888052940368652,1720123604522866300
1669049149232,right,acc,0.24420857429504395,-0.5099649429321289,9.914389610290527,1720123604530865000
1669049149272,right,acc,0.2513911724090576,-0.47405192255973816,9.93593692779541,1720123604542865700
1669049149292,right,acc,0.2801215946674347,-0.4381389021873474,9.847352027893066,1720123604550869200
1669049149332,right,acc,0.33997663855552673,-0.4189853072166443,9.916783332824707,1720123604564380100
1669049149392,right,acc,0.26575639843940735,-0.5195417404174805,9.940725326538086,1720123604570392700
1669049149433,right,acc,0.30885201692581177,-0.5626373887062073,9.909601211547852,1720123604585380200
1669049149473,right,acc,0.24899697303771973,-0.45250412821769714,9.871294021606445,1720123604594381000
1669049149493,right,acc,0.24420857429504395,-0.4668693244457245,9.909601211547852,1720123604604415600
1669049149553,right,acc,0.2513911724090576,-0.47644615173339844,9.904812812805176,1720123604615381000
1669049149593,right,acc,0.23942017555236816,-0.4596867263317108,9.897629737854004,1720123604622381200
1669049149614,right,acc,0.24181437492370605,-0.4596867263317108,9.876082420349121,1720123604632379800
1669049149654,right,acc,0.2561795711517334,-0.47165772318840027,9.945513725280762,1720123604642379700
1669049149715,right,acc,0.21547815203666687,-0.48602294921875,9.880870819091797,1720123604649383700
1669049149734,right,acc,0.2849099934101105,-0.4596867263317108,9.880870819091797,1720123604661885500
1669049149795,right,acc,0.21787235140800476,-0.43095630407333374,9.895236015319824,1720123604670889300
1669049149834,right,acc,0.31124621629714966,-0.4596867263317108,9.914389610290527,1720123604684916500
1669049149875,right,acc,0.22505496442317963,-0.5051765441894531,9.9000244140625,1720123604694891800
1669049149916,right,acc,0.2561795711517334,-0.47405192255973816,9.907206535339355,1720123604706926200
1669049149955,right,acc,0.3447650372982025,-0.47405192255973816,9.888052940368652,1720123604714925200
1669049149995,right,acc,0.26336219906806946,-0.5315127968788147,9.916783332824707,1720123604722927200
1669049150035,right,acc,0.27054479718208313,-0.507570743560791,9.914389610290527,1720123604731025200
1669049150075,right,acc,0.2777273952960968,-0.5123591423034668,9.93354320526123,1720123604743024100
1669049150095,right,acc,0.2513911724090576,-0.4405331015586853,9.840168952941895,1720123604751028100
1669049150136,right,acc,0.27054479718208313,-0.47884035110473633,9.775525093078613,1720123604763545000
1669049150196,right,acc,0.3016694188117981,-0.4620809257030487,9.892841339111328,1720123604773581200
1669049150217,right,acc,0.31603461503982544,-0.4429273009300232,9.81143856048584,1720123604783579400
1669049150256,right,acc,0.2322375625371933,-0.5363011956214905,9.976638793945312,1720123604791581200
1669049150297,right,acc,0.26096799969673157,-0.4668693244457245,9.840168952941895,1720123604806545100
1669049150318,right,acc,0.31603461503982544,-0.49559974670410156,9.895236015319824,1720123604821581300
1669049150357,right,acc,0.33039984107017517,-0.4692635238170624,9.854534149169922,1720123604830545200
1669049150397,right,acc,0.2777273952960968,-0.5099649429321289,9.919178009033203,1720123604841544400
1669049150437,right,acc,0.2561795711517334,-0.5410895943641663,9.859322547912598,1720123604849582000
1669049150497,right,acc,0.29209262132644653,-0.4429273009300232,9.873687744140625,1720123604862050100
1669049150519,right,acc,0.31364041566848755,-0.49799394607543945,9.883264541625977,1720123604871053400
1669049150558,right,acc,0.3016694188117981,-0.4429273009300232,9.947908401489258,1720123604882053400
1669049150598,right,acc,0.30885201692581177,-0.4189853072166443,9.967061996459961,1720123604892053100
1669049150638,right,acc,0.304063618183136,-0.5315127968788147,9.911994934082031,1720123604905088900
1669049150678,right,acc,0.22266076505184174,-0.5195417404174805,9.888052940368652,1720123604915089900
1669049150739,right,acc,0.27054479718208313,-0.4644751250743866,9.804255485534668,1720123604926088800
1669049150779,right,acc,0.27054479718208313,-0.4812345504760742,9.859322547912598,1720123604934054900
1669049150820,right,acc,0.2801215946674347,-0.5291185975074768,9.84256362915039,1720123604947129800
1669049150859,right,acc,0.28730419278144836,-0.45250412821769714,9.861717224121094,1720123604955135500
1669049150879,right,acc,0.3471592366695404,-0.4668693244457245,9.880870819091797,1720123604962680800
1669049150920,right,acc,0.24660277366638184,-0.45250412821769714,9.921571731567383,1720123604970665700
1669049150960,right,acc,0.26575639843940735,-0.49320554733276367,9.818621635437012,1720123604981665600
1669049151000,right,acc,0.2968810200691223,-0.5123591423034668,9.904812812805176,1720123604990666500
1669049151060,right,acc,0.2513911724090576,-0.4429273009300232,9.90241813659668,1720123605004704600
1669049151100,right,acc,0.2753331959247589,-0.4884171485900879,9.852140426635742,1720123605012701800
1669049151141,right,acc,0.2346317619085312,-0.507570743560791,9.897629737854004,1720123605027704400
1669049151181,right,acc,0.26815059781074524,-0.45250412821769714,9.813833236694336,1720123605035668600
1669049151222,right,acc,0.3232172429561615,-0.44532153010368347,9.9000244140625,1720123605047708300
1669049151263,right,acc,0.304063618183136,-0.4572925269603729,9.84256362915039,1720123605062213600
1669049151301,right,acc,0.26336219906806946,-0.44771572947502136,9.890447616577148,1720123605073273800
1669049151342,right,acc,0.24660277366638184,-0.40701428055763245,9.837775230407715,1720123605085255500
1669049151382,right,acc,0.2777273952960968,-0.5003881454467773,9.90241813659668,1720123605093253500
1669049151423,right,acc,0.2992752194404602,-0.47884035110473633,9.890447616577148,1720123605107253500
1669049151462,right,acc,0.31364041566848755,-0.43095630407333374,9.854534149169922,1720123605115219600
1669049151525,right,acc,0.27054479718208313,-0.4812345504760742,9.854534149169922,1720123605128225600
1669049151728,right,acc,0.30885201692581177,-0.4644751250743866,9.849745750427246,1720123605138217900
1669049151728,right,acc,0.2801215946674347,-0.4908113479614258,9.873687744140625,1720123605148223400
1669049151729,right,acc,0.33279404044151306,-0.507570743560791,9.895236015319824,1720123605161730400
1669049151729,right,acc,0.2585737705230713,-0.42616790533065796,9.830592155456543,1720123605170736400
1669049151729,right,acc,0.3016694188117981,-0.4668693244457245,9.873687744140625,1720123605181734300
1669049151797,right,acc,0.2992752194404602,-0.42856210470199585,9.904812812805176,1720123605192734700
1669049151797,right,acc,0.2944868206977844,-0.4357447028160095,9.921571731567383,1720123605202744400
1669049152000,right,acc,0.24660277366638184,-0.5099649429321289,9.895236015319824,1720123605213734400
1669049152001,right,acc,0.2753331959247589,-0.4213795065879822,9.825803756713867,1720123605223736200
1669049152001,right,acc,0.3423708379268646,-0.3974374830722809,9.945513725280762,1720123605231736000
1669049152001,right,acc,0.3232172429561615,-0.5267243981361389,9.888052940368652,1720123605245734400
1669049152026,right,acc,0.28969839215278625,-0.4908113479614258,9.840168952941895,1720123605255740000
1669049152074,right,acc,0.28969839215278625,-0.524330198764801,9.945513725280762,1720123605266269900
1669049152115,right,acc,0.2992752194404602,-0.45010992884635925,9.8784761428833,1720123605274270300
1669049152145,right,acc,0.2753331959247589,-0.45250412821769714,9.940725326538086,1720123605284270000
1669049152167,right,acc,0.33518823981285095,-0.47644615173339844,9.852140426635742,1720123605294270600
1669049152239,right,acc,0.3232172429561615,-0.44771572947502136,9.883264541625977,1720123605304272200
1669049152259,right,acc,0.2825157940387726,-0.47884035110473633,9.883264541625977,1720123605313271100
1669049152290,right,acc,0.3064578175544739,-0.42856210470199585,9.955090522766113,1720123605328273200
1669049152328,right,acc,0.2346317619085312,-0.4357447028160095,9.859322547912598,1720123605336270500
1669049152374,right,acc,0.2585737705230713,-0.48602294921875,9.837775230407715,1720123605348276900
1669049152407,right,acc,0.24181437492370605,-0.4692635238170624,9.837775230407715,1720123605356275200
1669049152447,right,acc,0.304063618183136,-0.45010992884635925,9.871294021606445,1720123605364799300
1669049152498,right,acc,0.24899697303771973,-0.4668693244457245,9.888052940368652,1720123605374799200
1669049152548,right,acc,0.30885201692581177,-0.395043283700943,9.931148529052734,1720123605385799000
1669049152568,right,acc,0.3663128614425659,-0.4141969084739685,9.873687744140625,1720123605393799700
1669049152608,right,acc,0.3256114423274994,-0.49799394607543945,9.9000244140625,1720123605407800100
1669049152648,right,acc,0.2777273952960968,-0.5147533416748047,9.888052940368652,1720123605416800000
1669049152688,right,acc,0.27054479718208313,-0.5482721924781799,9.907206535339355,1720123605428821600
1669049152729,right,acc,0.2801215946674347,-0.4812345504760742,9.916783332824707,1720123605439798600
1669049152791,right,acc,0.2825157940387726,-0.4644751250743866,9.955090522766113,1720123605447769800
1669049152838,right,acc,0.26096799969673157,-0.4213795065879822,9.840168952941895,1720123605457770000
1669049152849,right,acc,0.2561795711517334,-0.4620809257030487,9.952696800231934,1720123605466280700
1669049152889,right,acc,0.2992752194404602,-0.4381389021873474,9.837775230407715,1720123605475279900
1669049152949,right,acc,0.2537853717803955,-0.4692635238170624,9.880870819091797,1720123605486280700
1669049152990,right,acc,0.33758243918418884,-0.44771572947502136,9.883264541625977,1720123605497281800
1669049153030,right,acc,0.28969839215278625,-0.47165772318840027,9.849745750427246,1720123605507281000
1669049153080,right,acc,0.2801215946674347,-0.4692635238170624,9.852140426635742,1720123605516292200
1669049153100,right,acc,0.26096799969673157,-0.5123591423034668,9.9000244140625,1720123605529281300
1669049153135,right,acc,0.26336219906806946,-0.47405192255973816,9.909601211547852,1720123605536280100
1669049153170,right,acc,0.2537853717803955,-0.5123591423034668,9.923966407775879,1720123605548285500
1669049153216,right,acc,0.31124621629714966,-0.4812345504760742,9.873687744140625,1720123605558287400
1669049153251,right,acc,0.28969839215278625,-0.4357447028160095,9.8784761428833,1720123605568833600
1669049153332,right,acc,0.26336219906806946,-0.4189853072166443,9.911994934082031,1720123605603798900
1669049153372,right,acc,0.2992752194404602,-0.4812345504760742,9.847352027893066,1720123605616834300
1669049153412,right,acc,0.22026655077934265,-0.4429273009300232,9.914389610290527,1720123605630797900
1669049153456,right,acc,0.33039984107017517,-0.47644615173339844,9.923966407775879,1720123605639800100
1669049153492,right,acc,0.2585737705230713,-0.49320554733276367,9.93354320526123,1720123605648801700
1669049153533,right,acc,0.26336219906806946,-0.42377370595932007,9.962273597717285,1720123605655803300
1669049153573,right,acc,0.3064578175544739,-0.4165911078453064,9.923966407775879,1720123605667313800
1669049153613,right,acc,0.2561795711517334,-0.42377370595932007,9.8784761428833,1720123605676313100
1669049153674,right,acc,0.2801215946674347,-0.5219359993934631,9.871294021606445,1720123605687313300
1669049153694,right,acc,0.304063618183136,-0.4668693244457245,9.852140426635742,1720123605697313600
1669049153735,right,acc,0.2801215946674347,-0.524330198764801,9.938331604003906,1720123605708313200
1669049153774,right,acc,0.3495534360408783,-0.45489832758903503,9.86650562286377,1720123605715312900
1669049153814,right,acc,0.27054479718208313,-0.48602294921875,9.909601211547852,1720123605728313900
1669049153861,right,acc,0.3208230137825012,-0.4141969084739685,9.871294021606445,1720123605736313200
1669049153894,right,acc,0.29209262132644653,-0.40701428055763245,9.909601211547852,1720123605747318100
1669049153937,right,acc,0.3208230137825012,-0.395043283700943,9.967061996459961,1720123605756374700
1669049153975,right,acc,0.23702596127986908,-0.49799394607543945,9.84495735168457,1720123605766898200
1669049154018,right,acc,0.2968810200691223,-0.4884171485900879,9.885659217834473,1720123605774863300
1669049154058,right,acc,0.2753331959247589,-0.47405192255973816,9.914389610290527,1720123605785861000
1669049154119,right,acc,0.272938996553421,-0.42616790533065796,9.86889934539795,1720123605796862000
1669049154140,right,acc,0.33279404044151306,-0.49799394607543945,9.880870819091797,1720123605811862700
1669049154181,right,acc,0.23942017555236816,-0.47644615173339844,9.852140426635742,1720123605819862200
1669049154219,right,acc,0.31603461503982544,-0.47405192255973816,9.938331604003906,1720123605831860400
1669049154281,right,acc,0.2801215946674347,-0.4836287498474121,9.854534149169922,1720123605840860200
1669049154322,right,acc,0.26096799969673157,-0.5267243981361389,9.8784761428833,1720123605851865600
1669049154362,right,acc,0.3016694188117981,-0.42377370595932007,9.892841339111328,1720123605858865500
1669049154400,right,acc,0.29209262132644653,-0.42616790533065796,9.856928825378418,1720123605870377800
1669049154442,right,acc,0.33997663855552673,-0.5003881454467773,9.9000244140625,1720123605879378700
1669049154481,right,acc,0.33997663855552673,-0.47644615173339844,9.871294021606445,1720123605888378200
1669049154522,right,acc,0.31124621629714966,-0.4620809257030487,9.9000244140625,1720123605898378100
1669049154561,right,acc,0.2992752194404602,-0.47405192255973816,9.926360130310059,1720123605909376000
1669049154603,right,acc,0.3687070608139038,-0.40462008118629456,9.832986831665039,1720123605916376400
1669049154641,right,acc,0.3423708379268646,-0.5291185975074768,9.837775230407715,1720123605929378600
1669049154701,right,acc,0.31124621629714966,-0.44771572947502136,9.931148529052734,1720123605938377500
1669049154739,right,acc,0.2825157940387726,-0.47884035110473633,9.86889934539795,1720123605949424200
1669049154779,right,acc,0.2968810200691223,-0.4165911078453064,9.86889934539795,1720123605958388800
1669049154819,right,acc,0.3423708379268646,-0.5195417404174805,9.864110946655273,1720123605970933000
1669049154840,right,acc,0.3280056416988373,-0.4620809257030487,9.885659217834473,1720123605979937100
1669049154859,right,acc,0.3519476354122162,-0.4620809257030487,9.885659217834473,1720123605987931300
1669049154879,right,acc,0.31364041566848755,-0.4405331015586853,9.904812812805176,1720123605997931300
1669049154945,right,acc,0.24660277366638184,-0.5147533416748047,9.84495735168457,1720123606009962700
1669049154980,right,acc,0.21787235140800476,-0.3902548849582672,9.883264541625977,1720123606018931200
1669049155020,right,acc,0.30885201692581177,-0.47165772318840027,9.907206535339355,1720123606028932800
1669049155047,right,acc,0.31364041566848755,-0.5003881454467773,9.890447616577148,1720123606036930900
1669049155083,right,acc,0.27054479718208313,-0.4572925269603729,9.86650562286377,1720123606049939800
1669049155146,right,acc,0.3208230137825012,-0.4165911078453064,9.86650562286377,1720123606059941400
1669049155165,right,acc,0.31364041566848755,-0.5003881454467773,9.856928825378418,1720123606070455400
1669049155206,right,acc,0.29209262132644653,-0.44532153010368347,9.892841339111328,1720123606078453500
1669049155266,right,acc,0.27054479718208313,-0.45010992884635925,9.892841339111328,1720123606089470800
1669049155307,right,acc,0.33039984107017517,-0.42616790533065796,9.885659217834473,1720123606096981900
1669049155344,right,acc,0.2801215946674347,-0.45010992884635925,9.888052940368652,1720123606108981400
1669049155383,right,acc,0.26815059781074524,-0.5195417404174805,9.86889934539795,1720123606117980000
1669049155424,right,acc,0.3064578175544739,-0.4357447028160095,9.86650562286377,1720123606130981000
1669049155443,right,acc,0.2346317619085312,-0.4812345504760742,9.876082420349121,1720123606137980700
1669049155485,right,acc,0.29209262132644653,-0.5386953949928284,9.861717224121094,1720123606147985300
1669049155525,right,acc,0.26815059781074524,-0.5147533416748047,9.916783332824707,1720123606156987000
1669049155565,right,acc,0.2346317619085312,-0.44532153010368347,9.832986831665039,1720123606167495200
1669049155607,right,acc,0.24899697303771973,-0.49559974670410156,9.888052940368652,1720123606175496900
1669049155647,right,acc,0.2513911724090576,-0.4644751250743866,9.9000244140625,1720123606189495300
1669049155687,right,acc,0.33758243918418884,-0.47884035110473633,9.938331604003906,1720123606196496700
1669049155729,right,acc,0.2944868206977844,-0.3974374830722809,9.835380554199219,1720123606206495100
1669049155769,right,acc,0.2322375625371933,-0.47884035110473633,9.835380554199219,1720123606214496500
1669049155807,right,acc,0.26096799969673157,-0.4668693244457245,9.926360130310059,1720123606220496900
1669049155850,right,acc,0.30885201692581177,-0.4405331015586853,9.84256362915039,1720123606228497200
1669049155888,right,acc,0.30885201692581177,-0.4213795065879822,9.847352027893066,1720123606240496100
1669049155929,right,acc,0.2968810200691223,-0.4644751250743866,9.888052940368652,1720123606247504700
1669049155974,right,acc,0.31124621629714966,-0.4836287498474121,9.799467086791992,1720123606255503100
1669049156010,right,acc,0.3016694188117981,-0.4572925269603729,9.840168952941895,1720123606269016300
1669049156049,right,acc,0.26096799969673157,-0.48602294921875,9.835380554199219,1720123606275016600
1669049156090,right,acc,0.29209262132644653,-0.47165772318840027,9.825803756713867,1720123606287014600
1669049156130,right,acc,0.26575639843940735,-0.4620809257030487,9.837775230407715,1720123606294014600
1669049156171,right,acc,0.30885201692581177,-0.45010992884635925,9.830592155456543,1720123606302024800
1669049156231,right,acc,0.2801215946674347,-0.49320554733276367,9.80904483795166,1720123606309016600
1669049156270,right,acc,0.27054479718208313,-0.4668693244457245,9.797073364257812,1720123606318016600
1669049156311,right,acc,0.26336219906806946,-0.45010992884635925,9.86650562286377,1720123606332019300
1669049156351,right,acc,0.22744916379451752,-0.4189853072166443,9.885659217834473,1720123606340015200
1669049156391,right,acc,0.28730419278144836,-0.3687070608139038,9.9000244140625,1720123606348022200
1669049156431,right,acc,0.272938996553421,-0.44771572947502136,9.876082420349121,1720123606355022900
1669049156471,right,acc,0.21547815203666687,-0.47165772318840027,9.852140426635742,1720123606362542300
1669049156511,right,acc,0.3016694188117981,-0.49799394607543945,9.907206535339355,1720123606370553500
1669049156531,right,acc,0.2561795711517334,-0.43095630407333374,9.883264541625977,1720123606376547400
1669049156592,right,acc,0.3687070608139038,-0.47405192255973816,9.86650562286377,1720123606385546900
1669049156610,right,acc,0.2537853717803955,-0.4812345504760742,9.813833236694336,1720123606391546800
1669049156669,right,acc,0.26815059781074524,-0.49320554733276367,9.828198432922363,1720123606400547900
1669049156708,right,acc,0.29209262132644653,-0.40222588181495667,9.864110946655273,1720123606409548500
1669049156751,right,acc,0.31842881441116333,-0.47165772318840027,9.897629737854004,1720123606417548600
1669049156793,right,acc,0.3232172429561615,-0.42377370595932007,9.825803756713867,1720123606427562200
1669049156829,right,acc,0.3687070608139038,-0.3998316824436188,9.825803756713867,1720123606433546900
1669049156873,right,acc,0.33279404044151306,-0.48602294921875,9.859322547912598,1720123606441549700
1669049156918,right,acc,0.31603461503982544,-0.4908113479614258,9.801861763000488,1720123606452551000
1669049156953,right,acc,0.2992752194404602,-0.4908113479614258,9.871294021606445,1720123606460551800
1669049156995,right,acc,0.3016694188117981,-0.4884171485900879,9.876082420349121,1720123606468067900
1669049157014,right,acc,0.2944868206977844,-0.4189853072166443,9.897629737854004,1720123606476070200
1669049157074,right,acc,0.2992752194404602,-0.4836287498474121,9.871294021606445,1720123606489068400
1669049157113,right,acc,0.27054479718208313,-0.5291185975074768,9.799467086791992,1720123606494068600
1669049157156,right,acc,0.272938996553421,-0.47165772318840027,9.871294021606445,1720123606501068800
1669049157197,right,acc,0.304063618183136,-0.47884035110473633,9.916783332824707,1720123606510068500
1669049157235,right,acc,0.27054479718208313,-0.4572925269603729,9.888052940368652,1720123606517084200
1669049157273,right,acc,0.2992752194404602,-0.45010992884635925,9.871294021606445,1720123606529070600
1669049157312,right,acc,0.2944868206977844,-0.47884035110473633,9.835380554199219,1720123606537068500
1669049157356,right,acc,0.33997663855552673,-0.43095630407333374,9.873687744140625,1720123606549071900
1669049157416,right,acc,0.31603461503982544,-0.47405192255973816,9.823410034179688,1720123606558071800
1669049157457,right,acc,0.2825157940387726,-0.507570743560791,9.86889934539795,1720123606569588400
1669049157497,right,acc,0.2849099934101105,-0.4692635238170624,9.856928825378418,1720123606577584500
1669049157536,right,acc,0.3711012601852417,-0.4381389021873474,9.871294021606445,1720123606594633300
1669049157597,right,acc,0.28969839215278625,-0.4692635238170624,9.813833236694336,1720123606610633100
1669049157637,right,acc,0.272938996553421,-0.45250412821769714,9.86650562286377,1720123606619634500
1669049157676,right,acc,0.3064578175544739,-0.4165911078453064,9.825803756713867,1720123606632632500
1669049157734,right,acc,0.3280056416988373,-0.44532153010368347,9.883264541625977,1720123606640633200
1669049157775,right,acc,0.31603461503982544,-0.43095630407333374,9.837775230407715,1720123606651708600
1669049157796,right,acc,0.3423708379268646,-0.42616790533065796,9.832986831665039,1720123606660716800
1669049157859,right,acc,0.30885201692581177,-0.47165772318840027,9.81143856048584,1720123606673226300
1669049157899,right,acc,0.3064578175544739,-0.47405192255973816,9.880870819091797,1720123606680264200
1669049157921,right,acc,0.2106897532939911,-0.3734954595565796,9.75637149810791,1720123606692227800
1669049157957,right,acc,0.2825157940387726,-0.4812345504760742,9.832986831665039,1720123606700226800
1669049157998,right,acc,0.3016694188117981,-0.4213795065879822,9.818621635437012,1720123606711227600
1669049158059,right,acc,0.272938996553421,-0.4381389021873474,9.86650562286377,1720123606723227100
1669049158098,right,acc,0.26336219906806946,-0.44771572947502136,9.81143856048584,1720123606732226800
1669049158139,right,acc,0.31364041566848755,-0.4620809257030487,9.892841339111328,1720123606742226700
1669049158178,right,acc,0.33279404044151306,-0.40940847992897034,9.84256362915039,1720123606757231300
1669049158220,right,acc,0.31603461503982544,-0.5051765441894531,9.86889934539795,1720123606769742100
1669049158261,right,acc,0.2585737705230713,-0.4908113479614258,9.78989028930664,1720123606778743300
1669049158298,right,acc,0.3016694188117981,-0.49559974670410156,9.832986831665039,1720123606793754000
1669049158363,right,acc,0.2968810200691223,-0.47405192255973816,9.86889934539795,1720123606800296500
1669049158401,right,acc,0.31842881441116333,-0.507570743560791,9.852140426635742,1720123606813262400
1669049158441,right,acc,0.3423708379268646,-0.4644751250743866,9.854534149169922,1720123606824263100
1669049158461,right,acc,0.31364041566848755,-0.4381389021873474,9.861717224121094,1720123606833260600
1669049158500,right,acc,0.31364041566848755,-0.37828385829925537,9.888052940368652,1720123606841262300
1669049158541,right,acc,0.33039984107017517,-0.43335050344467163,9.86650562286377,1720123606852265800
1669049158602,right,acc,0.2561795711517334,-0.49559974670410156,9.837775230407715,1720123606862783400
1669049158621,right,acc,0.27054479718208313,-0.45010992884635925,9.873687744140625,1720123606874788500
1669049158662,right,acc,0.28730419278144836,-0.395043283700943,9.823410034179688,1720123606882790600
1669049158702,right,acc,0.35434186458587646,-0.4429273009300232,9.856928825378418,1720123606896790600
1669049158741,right,acc,0.30885201692581177,-0.45489832758903503,9.859322547912598,1720123606905789300
1669049158783,right,acc,0.33039984107017517,-0.5123591423034668,9.873687744140625,1720123606915787900
1669049158822,right,acc,0.35434186458587646,-0.43095630407333374,9.823410034179688,1720123606923787500
1669049158862,right,acc,0.2944868206977844,-0.4572925269603729,9.832986831665039,1720123606933787800
1669049158902,right,acc,0.2346317619085312,-0.42377370595932007,9.864110946655273,1720123606942789600
1669049158945,right,acc,0.2944868206977844,-0.5099649429321289,9.86889934539795,1720123606953795400
1669049159002,right,acc,0.3232172429561615,-0.49559974670410156,9.854534149169922,1720123606964306800
1669049159047,right,acc,0.3471592366695404,-0.4692635238170624,9.84256362915039,1720123606974306300
1669049159082,right,acc,0.26815059781074524,-0.4692635238170624,9.830592155456543,1720123606981306500
1669049159102,right,acc,0.23942017555236816,-0.4357447028160095,9.885659217834473,1720123606992325500
1669049159141,right,acc,0.31124621629714966,-0.47165772318840027,9.926360130310059,1720123607000305000
1669049159201,right,acc,0.31842881441116333,-0.47405192255973816,9.80904483795166,1720123607013304800
1669049159241,right,acc,0.2801215946674347,-0.47405192255973816,9.86889934539795,1720123607021311300
1669049159280,right,acc,0.2849099934101105,-0.47644615173339844,9.84495735168457,1720123607035305500
1669049159322,right,acc,0.2585737705230713,-0.5195417404174805,9.861717224121094,1720123607044305400
1669049159365,right,acc,0.3232172429561615,-0.45489832758903503,9.8784761428833,1720123607057309000
1669049159406,right,acc,0.3064578175544739,-0.3998316824436188,9.84495735168457,1720123607071895100
1669049159444,right,acc,0.33758243918418884,-0.48602294921875,9.928754806518555,1720123607079879600
1669049159505,right,acc,0.3280056416988373,-0.5315127968788147,9.904812812805176,1720123607092857200
1669049159545,right,acc,0.272938996553421,-0.3998316824436188,9.780313491821289,1720123607102896000
1669049159566,right,acc,0.2944868206977844,-0.4692635238170624,9.821015357971191,1720123607113858600
1669049159606,right,acc,0.26815059781074524,-0.5051765441894531,9.856928825378418,1720123607122857600
1669049159666,right,acc,0.2992752194404602,-0.49799394607543945,9.861717224121094,1720123607136858200
1669049159707,right,acc,0.272938996553421,-0.42377370595932007,9.818621635437012,1720123607142858700
1669049159745,right,acc,0.27054479718208313,-0.42377370595932007,9.81143856048584,1720123607158862300
1669049159789,right,acc,0.2537853717803955,-0.5027823448181152,9.823410034179688,1720123607166371700
1669049159807,right,acc,0.22505496442317963,-0.47165772318840027,9.892841339111328,1720123607174373400
1669049159846,right,acc,0.2753331959247589,-0.5434837937355042,9.852140426635742,1720123607184372000
1669049159887,right,acc,0.3016694188117981,-0.4812345504760742,9.847352027893066,1720123607194408300
1669049159927,right,acc,0.3256114423274994,-0.4692635238170624,9.914389610290527,1720123607204432900
9072418,-0.8331822156906128,9.797073364257812,1720123595562754000
1669049114399,right,acc,0.17956513166427612,-0.8259995579719543,9.823410034179688,1720123595571753900
1669049114420,right,acc,0.15801730751991272,-0.8164227604866028,9.75637149810791,1720123595581756200
1669049114481,right,acc,0.15083470940589905,-0.8667010068893433,9.801861763000488,1720123595593727900
1669049114521,right,acc,0.15083470940589905,-0.8762778043746948,9.785101890563965,1720123595601754400
1669049114562,right,acc,0.20111294090747833,-0.8690952062606812,9.804255485534668,1720123595609757400
1669049114602,right,acc,0.1628057211637497,-0.8810662031173706,9.840168952941895,1720123595621735600
1669049114642,right,acc,0.22026655077934265,-0.828393816947937,9.794678688049316,1720123595629785300
1669049114681,right,acc,0.1843535304069519,-0.8595184087753296,9.804255485534668,1720123595647792000
1669049114721,right,acc,0.19393034279346466,-0.8667010068893433,9.799467086791992,1720123595660368300
1669049114762,right,acc,0.19393034279346466,-0.8786720037460327,9.825803756713867,1720123595668336400
1669049114799,right,acc,0.14844051003456116,-0.912190854549408,9.782708168029785,1720123595681369800
1669049114842,right,acc,0.19393034279346466,-0.8403648138046265,9.806650161743164,1720123595691372600
1669049114882,right,acc,0.1364694982767105,-0.9097966551780701,9.806650161743164,1720123595702370000
1669049114921,right,acc,0.1364694982767105,-0.7805097699165344,9.787496566772461,1720123595710377900
1669049114962,right,acc,0.15322890877723694,-0.9050082564353943,9.813833236694336,1720123595721372000
1669049115001,right,acc,0.12210428714752197,-0.9241618514060974,9.785101890563965,1720123595730368100
1669049115042,right,acc,0.15562310814857483,-0.7996633648872375,9.84256362915039,1720123595744409200
1669049115102,right,acc,0.19632454216480255,-0.8379706144332886,9.780313491821289,1720123595751409800
1669049115142,right,acc,0.090979665517807,-0.8786720037460327,9.840168952941895,1720123595763991100
1669049115182,right,acc,0.15562310814857483,-0.8212111592292786,9.818621635437012,1720123595776960700
1669049115223,right,acc,0.2082955539226532,-0.8523358106613159,9.758766174316406,1720123595783994700
1669049115262,right,acc,0.15562310814857483,-0.8738836050033569,9.75397777557373,1720123595798956600
1669049115303,right,acc,0.13168109953403473,-0.8451532125473022,9.837775230407715,1720123595808956400
1669049115343,right,acc,0.21547815203666687,-0.8427590131759644,9.797073364257812,1720123595817958200
1669049115383,right,acc,0.2106897532939911,-0.8020575642585754,9.761159896850586,1720123595827958400
1669049115423,right,acc,0.11971008777618408,-0.8930372595787048,9.792284965515137,1720123595840965200
1669049115483,right,acc,0.1412578970193863,-0.8307880163192749,9.78989028930664,1720123595850961400
1669049115526,right,acc,0.05746084079146385,-0.8571242094039917,9.797073364257812,1720123595862470900
1669049115564,right,acc,0.19632454216480255,-0.8571242094039917,9.765948295593262,1720123595872469100
1669049115584,right,acc,0.15801730751991272,-0.8595184087753296,9.77791976928711,1720123595882471000
1669049115630,right,acc,0.1604115068912506,-0.8667010068893433,9.847352027893066,1720123595892507500
1669049115664,right,acc,0.11971008777618408,-0.8595184087753296,9.81143856048584,1720123595902636400
1669049115730,right,acc,0.1628057211637497,-0.8690952062606812,9.806650161743164,1720123595914635100
1669049115765,right,acc,0.19153612852096558,-0.8571242094039917,9.847352027893066,1720123595923634700
1669049115805,right,acc,0.09816227108240128,-0.7733271718025208,9.768342971801758,1720123595931635100
1669049115846,right,acc,0.20111294090747833,-0.8690952062606812,9.785101890563965,1720123595940635300
1669049115885,right,acc,0.15322890877723694,-0.8331822156906128,9.81143856048584,1720123595949377200
1669049115930,right,acc,0.18914192914962769,-0.9193734526634216,9.751583099365234,1720123595962924000
1669049115965,right,acc,0.16519992053508759,-0.8643068075180054,9.816226959228516,1720123595971923600
1669049115988,right,acc,0.13168109953403473,-0.9002198576927185,9.792284965515137,1720123595981926800
1669049116027,right,acc,0.16519992053508759,-0.8236053586006165,9.821015357971191,1720123595989890800
1669049116065,right,acc,0.11252748221158981,-0.8690952062606812,9.818621635437012,1720123596003924500
1669049116107,right,acc,0.22026655077934265,-0.8738836050033569,9.75637149810791,1720123596013929100
1669049116146,right,acc,0.15801730751991272,-0.9265560507774353,9.780313491821289,1720123596023927800
1669049116187,right,acc,0.14844051003456116,-0.912190854549408,9.780313491821289,1720123596033923700
1669049116229,right,acc,0.15322890877723694,-0.8954314589500427,9.81143856048584,1720123596042928500
1669049116266,right,acc,0.14844051003456116,-0.8595184087753296,9.840168952941895,1720123596050895600
1669049116308,right,acc,0.19153612852096558,-0.8810662031173706,9.787496566772461,1720123596062404500
1669049116346,right,acc,0.19153612852096558,-0.8307880163192749,9.782708168029785,1720123596070401900
1669049116390,right,acc,0.15562310814857483,-0.8547300100326538,9.854534149169922,1720123596085402800
1669049116429,right,acc,0.1628057211637497,-0.8762778043746948,9.77791976928711,1720123596093406600
1669049116466,right,acc,0.1388636976480484,-0.811634361743927,9.813833236694336,1720123596106402100
1669049116509,right,acc,0.1364694982767105,-0.8978256583213806,9.775525093078613,1720123596121403300
1669049116529,right,acc,0.1412578970193863,-0.8427590131759644,9.78989028930664,1720123596128404100
1669049116567,right,acc,0.17956513166427612,-0.811634361743927,9.727641105651855,1720123596136401500
1669049116590,right,acc,0.1628057211637497,-0.8164227604866028,9.806650161743164,1720123596144407800
1669049116607,right,acc,0.17717093229293823,-0.849941611289978,9.806650161743164,1720123596154406400
1669049116651,right,acc,0.17238251864910126,-0.8164227604866028,9.792284965515137,1720123596165917400
1669049116691,right,acc,0.14844051003456116,-0.8786720037460327,9.77791976928711,1720123596172917200
1669049116748,right,acc,0.22026655077934265,-0.871489405632019,9.801861763000488,1720123596186919200
1669049116791,right,acc,0.10773907601833344,-0.8259995579719543,9.81143856048584,1720123596193918600
1669049116830,right,acc,0.0694318488240242,-0.8858546018600464,9.761159896850586,1720123596206918000
1669049116868,right,acc,0.10295066982507706,-0.8858546018600464,9.787496566772461,1720123596214917400
1669049116911,right,acc,0.17238251864910126,-0.8571242094039917,9.768342971801758,1720123596225917300
1669049116948,right,acc,0.12449848651885986,-0.9145850539207458,9.818621635437012,1720123596233918700
1669049116970,right,acc,0.12928688526153564,-0.871489405632019,9.80904483795166,1720123596243920900
1669049117010,right,acc,0.17238251864910126,-0.8738836050033569,9.828198432922363,1720123596253923100
1669049117049,right,acc,0.2106897532939911,-0.8595184087753296,9.804255485534668,1720123596266434200
1669049117092,right,acc,0.21787235140800476,-0.8451532125473022,9.828198432922363,1720123596276468700
1669049117130,right,acc,0.14844051003456116,-0.8619126081466675,9.84256362915039,1720123596284432200
1669049117171,right,acc,0.19393034279346466,-0.8690952062606812,9.861717224121094,1720123596292467300
1669049117231,right,acc,0.16998831927776337,-0.828393816947937,9.813833236694336,1720123596304432500
1669049117270,right,acc,0.15562310814857483,-0.8547300100326538,9.78989028930664,1720123596312432400
1669049117293,right,acc,0.1628057211637497,-0.849941611289978,9.763554573059082,1720123596324433800
1669049117330,right,acc,0.16998831927776337,-0.8762778043746948,9.861717224121094,1720123596331432600
1669049117370,right,acc,0.2082955539226532,-0.8475474119186401,9.871294021606445,1720123596344436500
1669049117431,right,acc,0.12928688526153564,-0.8379706144332886,9.830592155456543,1720123596353471900
1669049117471,right,acc,0.11252748221158981,-0.8427590131759644,9.751583099365234,1720123596362783400
1669049117494,right,acc,0.16998831927776337,-0.9217676520347595,9.797073364257812,1720123596370782100
1669049117551,right,acc,0.16759411990642548,-0.8212111592292786,9.794678688049316,1720123596384781900
1669049117595,right,acc,0.15083470940589905,-0.8738836050033569,9.77791976928711,1720123596393815200
1669049117632,right,acc,0.181959331035614,-0.8762778043746948,9.770736694335938,1720123596406818100
1669049117677,right,acc,0.15562310814857483,-0.8427590131759644,9.797073364257812,1720123596415817500
1669049117753,right,acc,0.13168109953403473,-0.8523358106613159,9.84256362915039,1720123596445791000
1669049117797,right,acc,0.20111294090747833,-0.7733271718025208,9.801861763000488,1720123596452791000
1669049117832,right,acc,0.17238251864910126,-0.8355764150619507,9.775525093078613,1720123596465340100
1669049117877,right,acc,0.090979665517807,-0.8355764150619507,9.813833236694336,1720123596472339300
1669049117914,right,acc,0.16519992053508759,-0.8212111592292786,9.773131370544434,1720123596484345300
1669049117953,right,acc,0.20111294090747833,-0.8738836050033569,9.782708168029785,1720123596494303100
1669049117996,right,acc,0.15801730751991272,-0.8619126081466675,9.821015357971191,1720123596505337500
1669049118032,right,acc,0.1388636976480484,-0.8379706144332886,9.854534149169922,1720123596514336800
1669049118097,right,acc,0.12210428714752197,-0.811634361743927,9.818621635437012,1720123596527339000
1669049118133,right,acc,0.15322890877723694,-0.8619126081466675,9.828198432922363,1720123596537302500
1669049118155,right,acc,0.22744916379451752,-0.912190854549408,9.785101890563965,1720123596547376200
1669049118196,right,acc,0.09816227108240128,-0.8259995579719543,9.856928825378418,1720123596556243700
1669049118256,right,acc,0.18914192914962769,-0.8978256583213806,9.837775230407715,1720123596566666700
1669049118275,right,acc,0.17477671802043915,-0.8259995579719543,9.770736694335938,1720123596576640900
1669049118334,right,acc,0.19393034279346466,-0.849941611289978,9.832986831665039,1720123596586638600
1669049118376,right,acc,0.11971008777618408,-0.8475474119186401,9.78989028930664,1720123596597640700
1669049118415,right,acc,0.12210428714752197,-0.871489405632019,9.81143856048584,1720123596607607600
1669049118455,right,acc,0.14844051003456116,-0.871489405632019,9.856928825378418,1720123596613605900
1669049118477,right,acc,0.24181437492370605,-0.8403648138046265,9.8784761428833,1720123596624605000
1669049118534,right,acc,0.21308395266532898,-0.8834604024887085,9.799467086791992,1720123596633623700
1669049118557,right,acc,0.12210428714752197,-0.849941611289978,9.806650161743164,1720123596646608900
1669049118597,right,acc,0.20111294090747833,-0.8164227604866028,9.818621635437012,1720123596654609700
1669049118636,right,acc,0.17238251864910126,-0.933738648891449,9.763554573059082,1720123596666152000
1669049118677,right,acc,0.15801730751991272,-0.8978256583213806,9.871294021606445,1720123596675117800
1669049118715,right,acc,0.16998831927776337,-0.9026140570640564,9.837775230407715,1720123596686118100
1669049118779,right,acc,0.1388636976480484,-0.8858546018600464,9.804255485534668,1720123596697118900
1669049118815,right,acc,0.19871874153614044,-0.7852981686592102,9.825803756713867,1720123596704118200
1669049118858,right,acc,0.1843535304069519,-0.8164227604866028,9.799467086791992,1720123596714118400
1669049118898,right,acc,0.14604631066322327,-0.849941611289978,9.801861763000488,1720123596724120800
1669049118937,right,acc,0.15322890877723694,-0.8307880163192749,9.816226959228516,1720123596732119200
1669049118979,right,acc,0.11013327538967133,-0.8762778043746948,9.751583099365234,1720123596747120500
1669049119016,right,acc,0.19153612852096558,-0.849941611289978,9.765948295593262,1720123596754156700
1669049119058,right,acc,0.14604631066322327,-0.8643068075180054,9.849745750427246,1720123596767743800
1669049119099,right,acc,0.11971008777618408,-0.8523358106613159,9.763554573059082,1720123596775700800
1669049119139,right,acc,0.043095629662275314,-0.8858546018600464,9.80904483795166,1720123596786734400
1669049119179,right,acc,0.09576806426048279,-0.828393816947937,9.780313491821289,1720123596796702600
1669049119217,right,acc,0.19632454216480255,-0.828393816947937,9.763554573059082,1720123596808703600
1669049119258,right,acc,0.15322890877723694,-0.8667010068893433,9.799467086791992,1720123596815734200
1669049119298,right,acc,0.14365209639072418,-0.7924807667732239,9.792284965515137,1720123596827703700
1669049119340,right,acc,0.11013327538967133,-0.8667010068893433,9.830592155456543,1720123596836736700
1669049119358,right,acc,0.17717093229293823,-0.8547300100326538,9.837775230407715,1720123596848801100
1669049119399,right,acc,0.13168109953403473,-0.9193734526634216,9.797073364257812,1720123596858360900
1669049119440,right,acc,0.14844051003456116,-0.8619126081466675,9.768342971801758,1720123596868327000
1669049119499,right,acc,0.16519992053508759,-0.8930372595787048,9.775525093078613,1720123596880378500
1669049119519,right,acc,0.19153612852096558,-0.8954314589500427,9.780313491821289,1720123596888362000
1669049119560,right,acc,0.1388636976480484,-0.8355764150619507,9.806650161743164,1720123596898371600
1669049119599,right,acc,0.15322890877723694,-0.8355764150619507,9.84256362915039,1720123596909329800
1669049119640,right,acc,0.12449848651885986,-0.8619126081466675,9.81143856048584,1720123596917326900
1669049119680,right,acc,0.2322375625371933,-0.8643068075180054,9.801861763000488,1720123596926328400
1669049119724,right,acc,0.1628057211637497,-0.8571242094039917,9.787496566772461,1720123596934511700
1669049119762,right,acc,0.19393034279346466,-0.8738836050033569,9.861717224121094,1720123596943121300
1669049119780,right,acc,0.1412578970193863,-0.8547300100326538,9.813833236694336,1720123596950158500
1669049119841,right,acc,0.19632454216480255,-0.8068459630012512,9.86650562286377,1720123596960653200
1669049119880,right,acc,0.19153612852096558,-0.8571242094039917,9.770736694335938,1720123596966630900
1669049119926,right,acc,0.1173158809542656,-0.8619126081466675,9.81143856048584,1720123596971630800
1669049119942,right,acc,0.12928688526153564,-0.8930372595787048,9.749189376831055,1720123596978630600
1669049119981,right,acc,0.15801730751991272,-0.8307880163192749,9.816226959228516,1720123596986630000
1669049120042,right,acc,0.10534487664699554,-0.9385270476341248,9.746794700622559,1720123596994630400
1669049120081,right,acc,0.181959331035614,-0.8451532125473022,9.768342971801758,1720123597001666700
1669049120123,right,acc,0.14365209639072418,-0.8140285611152649,9.9000244140625,1720123597007688700
1669049120162,right,acc,0.11252748221158981,-0.8427590131759644,9.81143856048584,1720123597015664500
1669049120181,right,acc,0.090979665517807,-0.8188169598579407,9.794678688049316,1720123597021666600
1669049120223,right,acc,0.12689268589019775,-0.8403648138046265,9.821015357971191,1720123597026662400
1669049120258,right,acc,0.1149216815829277,-0.8307880163192749,9.785101890563965,1720123597034630600
1669049120300,right,acc,0.17956513166427612,-0.8355764150619507,9.801861763000488,1720123597044717000
1669049120338,right,acc,0.17477671802043915,-0.8619126081466675,9.794678688049316,1720123597050674100
1669049120380,right,acc,0.1149216815829277,-0.8068459630012512,9.773131370544434,1720123597056707200
1669049120422,right,acc,0.1604115068912506,-0.8523358106613159,9.859322547912598,1720123597066268600
1669049120462,right,acc,0.16998831927776337,-0.8427590131759644,9.847352027893066,1720123597074285300
1669049120505,right,acc,0.1843535304069519,-0.8403648138046265,9.80904483795166,1720123597084322300
1669049120524,right,acc,0.17717093229293823,-0.8044517636299133,9.799467086791992,1720123597094287900
1669049120582,right,acc,0.19871874153614044,-0.8523358106613159,9.801861763000488,1720123597103251900
1669049120606,right,acc,0.14844051003456116,-0.8595184087753296,9.792284965515137,1720123597110290000
1669049120646,right,acc,0.1867477297782898,-0.8810662031173706,9.821015357971191,1720123597120251600
1669049120682,right,acc,0.18914192914962769,-0.9074024558067322,9.835380554199219,1720123597127271200
1669049120725,right,acc,0.19393034279346466,-0.8954314589500427,9.84256362915039,1720123597135251800
1669049120764,right,acc,0.17238251864910126,-0.811634361743927,9.75637149810791,1720123597148256800
1669049120806,right,acc,0.1173158809542656,-0.8475474119186401,9.84256362915039,1720123597155256500
1669049120865,right,acc,0.17238251864910126,-0.9672574996948242,9.823410034179688,1720123597170767300
1669049120907,right,acc,0.14365209639072418,-0.9026140570640564,9.828198432922363,1720123597177767800
1669049120946,right,acc,0.15562310814857483,-0.8810662031173706,9.773131370544434,1720123597186765900
1669049120964,right,acc,0.11013327538967133,-0.8403648138046265,9.799467086791992,1720123597193766900
1669049121008,right,acc,0.1149216815829277,-0.9097966551780701,9.821015357971191,1720123597198767400
1669049121046,right,acc,0.14365209639072418,-0.8140285611152649,9.775525093078613,1720123597203767900
1669049121084,right,acc,0.21787235140800476,-0.8690952062606812,9.830592155456543,1720123597210766200
1669049121129,right,acc,0.17238251864910126,-0.8523358106613159,9.77791976928711,1720123597216767800
1669049121184,right,acc,0.15322890877723694,-0.9026140570640564,9.794678688049316,1720123597306296100
1669049121208,right,acc,0.15083470940589905,-0.8810662031173706,9.804255485534668,1720123597324294000
1669049121227,right,acc,0.21787235140800476,-0.8571242094039917,9.892841339111328,1720123597351300100
1669049121286,right,acc,0.1412578970193863,-0.8690952062606812,9.765948295593262,1720123597356804300
1669049121325,right,acc,0.19393034279346466,-0.8236053586006165,9.792284965515137,1720123597364810000
1669049121365,right,acc,0.14844051003456116,-0.8786720037460327,9.835380554199219,1720123597370807900
1669049121408,right,acc,0.0933738648891449,-0.828393816947937,9.816226959228516,1720123597377808700
1669049121429,right,acc,0.1628057211637497,-0.8571242094039917,9.847352027893066,1720123597384810200
1669049121487,right,acc,0.22026655077934265,-0.8379706144332886,9.813833236694336,1720123597391808000
1669049121529,right,acc,0.15083470940589905,-0.8140285611152649,9.80904483795166,1720123597408808700
1669049121567,right,acc,0.19871874153614044,-0.912190854549408,9.861717224121094,1720123597443815100
1669049121613,right,acc,0.10295066982507706,-0.8451532125473022,9.794678688049316,1720123597448815400
1669049121647,right,acc,0.1364694982767105,-0.8379706144332886,9.813833236694336,1720123597454814600
1669049121689,right,acc,0.10534487664699554,-0.871489405632019,9.78989028930664,1720123597461324600
1669049121728,right,acc,0.19871874153614044,-0.8212111592292786,9.794678688049316,1720123597466324400
1669049121748,right,acc,0.13168109953403473,-0.8403648138046265,9.818621635437012,1720123597473323800
1669049121810,right,acc,0.181959331035614,-0.8858546018600464,9.835380554199219,1720123597479321600
1669049121847,right,acc,0.13407529890537262,-0.8738836050033569,9.775525093078613,1720123597487338900
1669049121867,right,acc,0.1412578970193863,-0.8762778043746948,9.81143856048584,1720123597493321900
1669049121929,right,acc,0.11252748221158981,-0.9074024558067322,9.828198432922363,1720123597498322000
1669049121947,right,acc,0.1843535304069519,-0.9145850539207458,9.825803756713867,1720123597506321600
1669049122012,right,acc,0.15801730751991272,-0.912190854549408,9.77791976928711,1720123597513360300
1669049122048,right,acc,0.17477671802043915,-0.8643068075180054,9.780313491821289,1720123597519324900
1669049122089,right,acc,0.15083470940589905,-0.8978256583213806,9.81143856048584,1720123597529324500
1669049122129,right,acc,0.14604631066322327,-0.828393816947937,9.849745750427246,1720123597537358700
1669049122169,right,acc,0.1604115068912506,-0.9361328482627869,9.837775230407715,1720123597544400000
1669049122213,right,acc,0.2059013396501541,-0.8188169598579407,9.837775230407715,1720123597550401200
1669049122249,right,acc,0.10773907601833344,-0.849941611289978,9.804255485534668,1720123597556937300
1669049122290,right,acc,0.1412578970193863,-0.9074024558067322,9.813833236694336,1720123597563977400
1669049122313,right,acc,0.1628057211637497,-0.8451532125473022,9.77791976928711,1720123597571979300
1669049122349,right,acc,0.1867477297782898,-0.8595184087753296,9.813833236694336,1720123597579977200
1669049122390,right,acc,0.16998831927776337,-0.8020575642585754,9.816226959228516,1720123597586944500
1669049122431,right,acc,0.1604115068912506,-0.8643068075180054,9.780313491821289,1720123597595979000
1669049122471,right,acc,0.19632454216480255,-0.8212111592292786,9.773131370544434,1720123597602977200
1669049122512,right,acc,0.18914192914962769,-0.8379706144332886,9.806650161743164,1720123597610979400
1669049122549,right,acc,0.14844051003456116,-0.7852981686592102,9.792284965515137,1720123597616978400
1669049122593,right,acc,0.19153612852096558,-0.8643068075180054,9.828198432922363,1720123597626943700
1669049122630,right,acc,0.17238251864910126,-0.790086567401886,9.856928825378418,1720123597634942900
1669049122672,right,acc,0.14844051003456116,-0.9050082564353943,9.761159896850586,1720123597641983100
1669049122713,right,acc,0.1843535304069519,-0.8523358106613159,9.837775230407715,1720123597651023300
1669049122731,right,acc,0.05027823522686958,-0.8092401623725891,9.770736694335938,1720123597658156900
1669049122773,right,acc,0.19153612852096558,-0.8451532125473022,9.818621635437012,1720123597672159700
1669049122813,right,acc,0.1628057211637497,-0.8619126081466675,9.770736694335938,1720123597680157600
1669049122851,right,acc,0.1388636976480484,-0.8595184087753296,9.792284965515137,1720123597689124400
1669049122893,right,acc,0.1364694982767105,-0.871489405632019,9.794678688049316,1720123597697123000
1669049122931,right,acc,0.0933738648891449,-0.8762778043746948,9.765948295593262,1720123597705156800
1669049122973,right,acc,0.1173158809542656,-0.8427590131759644,9.816226959228516,1720123597712124300
1669049123013,right,acc,0.17238251864910126,-0.8547300100326538,9.782708168029785,1720123597722157600
1669049123051,right,acc,0.15322890877723694,-0.8164227604866028,9.782708168029785,1720123597731156800
1669049123094,right,acc,0.14604631066322327,-0.8164227604866028,9.840168952941895,1720123597741158000
1669049123131,right,acc,0.1388636976480484,-0.8906430602073669,9.782708168029785,1720123597749163300
1669049123173,right,acc,0.10295066982507706,-0.8810662031173706,9.818621635437012,1720123597758619500
1669049123213,right,acc,0.1364694982767105,-0.7829039692878723,9.77791976928711,1720123597772584700
1669049123274,right,acc,0.17238251864910126,-0.8571242094039917,9.821015357971191,1720123597780620700
1669049123314,right,acc,0.1412578970193863,-0.8427590131759644,9.787496566772461,1720123597791618300
1669049123352,right,acc,0.15322890877723694,-0.8643068075180054,9.785101890563965,1720123597800618800
1669049123395,right,acc,0.13168109953403473,-0.871489405632019,9.792284965515137,1720123597811618300
1669049123414,right,acc,0.17956513166427612,-0.8858546018600464,9.78989028930664,1720123597819621000
1669049123475,right,acc,0.14604631066322327,-0.8188169598579407,9.792284965515137,1720123597830584500
1669049123515,right,acc,0.11013327538967133,-0.8092401623725891,9.852140426635742,1720123597841585000
1669049123555,right,acc,0.16759411990642548,-0.8236053586006165,9.77791976928711,1720123597850588700
1669049123595,right,acc,0.19393034279346466,-0.8451532125473022,9.861717224121094,1720123597860097300
1669049123615,right,acc,0.19871874153614044,-0.8475474119186401,9.773131370544434,1720123597873097900
1669049123656,right,acc,0.10534487664699554,-0.8355764150619507,9.799467086791992,1720123597880097400
1669049123675,right,acc,0.1364694982767105,-0.8882488012313843,9.785101890563965,1720123597892099100
1669049123733,right,acc,0.20350714027881622,-0.8475474119186401,9.830592155456543,1720123597901097300
1669049123777,right,acc,0.1173158809542656,-0.811634361743927,9.849745750427246,1720123597914099100
1669049123819,right,acc,0.12210428714752197,-0.8643068075180054,9.75637149810791,1720123597922097300
1669049123857,right,acc,0.12689268589019775,-0.8690952062606812,9.84256362915039,1720123597931115500
1669049123897,right,acc,0.1867477297782898,-0.8571242094039917,9.84495735168457,1720123597940098700
1669049123915,right,acc,0.14604631066322327,-0.8643068075180054,9.751583099365234,1720123597950655600
1669049123936,right,acc,0.22505496442317963,-0.8834604024887085,9.799467086791992,1720123597959163200
1669049123957,right,acc,0.1628057211637497,-0.8164227604866028,9.794678688049316,1720123597970162500
1669049123996,right,acc,0.14604631066322327,-0.8595184087753296,9.780313491821289,1720123597978163000
1669049124057,right,acc,0.17477671802043915,-0.828393816947937,9.775525093078613,1720123597994164700
1669049124097,right,acc,0.12928688526153564,-0.8834604024887085,9.871294021606445,1720123598003162900
1669049124137,right,acc,0.10055647045373917,-0.8762778043746948,9.813833236694336,1720123598013163600
1669049124158,right,acc,0.16519992053508759,-0.8643068075180054,9.830592155456543,1720123598021162400
1669049124198,right,acc,0.1867477297782898,-0.8690952062606812,9.835380554199219,1720123598033162700
1669049124237,right,acc,0.19632454216480255,-0.8834604024887085,9.765948295593262,1720123598044169500
1669049124297,right,acc,0.15801730751991272,-0.8810662031173706,9.854534149169922,1720123598054171300
1669049124318,right,acc,0.15562310814857483,-0.9385270476341248,9.765948295593262,1720123598061681300
1669049124379,right,acc,0.14365209639072418,-0.871489405632019,9.799467086791992,1720123598074680700
1669049124397,right,acc,0.13407529890537262,-0.9026140570640564,9.804255485534668,1720123598083681000
1669049124438,right,acc,0.1628057211637497,-0.8930372595787048,9.780313491821289,1720123598093716800
1669049124479,right,acc,0.16759411990642548,-0.8858546018600464,9.818621635437012,1720123598101679600
1669049124518,right,acc,0.12928688526153564,-0.8379706144332886,9.818621635437012,1720123598113679800
1669049124559,right,acc,0.16519992053508759,-0.8259995579719543,9.797073364257812,1720123598123681700
1669049124621,right,acc,0.17477671802043915,-0.8619126081466675,9.797073364257812,1720123598134679600
1669049124658,right,acc,0.10295066982507706,-0.9026140570640564,9.785101890563965,1720123598146686600
1669049124696,right,acc,0.16759411990642548,-0.8619126081466675,9.761159896850586,1720123598155685700
1669049124738,right,acc,0.15801730751991272,-0.8547300100326538,9.804255485534668,1720123598163195400
1669049124756,right,acc,0.1364694982767105,-0.8643068075180054,9.847352027893066,1720123598175196900
1669049124797,right,acc,0.1149216815829277,-0.828393816947937,9.84495735168457,1720123598184194600
1669049124879,right,acc,0.19393034279346466,-0.9552865028381348,9.871294021606445,1720123598214196500
1669049124946,right,acc,0.17477671802043915,-0.8930372595787048,9.80904483795166,1720123598223196000
1669049124979,right,acc,0.2059013396501541,-0.8307880163192749,9.816226959228516,1720123598234196500
1669049124999,right,acc,0.12449848651885986,-0.8355764150619507,9.821015357971191,1720123598243199900
1669049125045,right,acc,0.15562310814857483,-0.8523358106613159,9.794678688049316,1720123598253200300
1669049125080,right,acc,0.15562310814857483,-0.8978256583213806,9.794678688049316,1720123598262774000
1669049125123,right,acc,0.181959331035614,-0.8212111592292786,9.813833236694336,1720123598276774100
1669049125181,right,acc,0.19393034279346466,-0.8164227604866028,9.80904483795166,1720123598286738200
1669049125223,right,acc,0.1867477297782898,-0.8834604024887085,9.821015357971191,1720123598297773100
1669049125262,right,acc,0.1628057211637497,-0.811634361743927,9.823410034179688,1720123598312737100
1669049125300,right,acc,0.16998831927776337,-0.8547300100326538,9.787496566772461,1720123598321737200
1669049125362,right,acc,0.15562310814857483,-0.8355764150619507,9.782708168029785,1720123598333759300
1669049125400,right,acc,0.15322890877723694,-0.7589619159698486,9.727641105651855,1720123598345742700
1669049125443,right,acc,0.17956513166427612,-0.8427590131759644,9.768342971801758,1720123598354743100
1669049125481,right,acc,0.21787235140800476,-0.849941611289978,9.835380554199219,1720123598363251900
1669049125524,right,acc,0.16998831927776337,-0.8068459630012512,9.787496566772461,1720123598376286700
1669049125582,right,acc,0.1843535304069519,-0.8595184087753296,9.799467086791992,1720123598383286300
1669049125625,right,acc,0.14604631066322327,-0.8379706144332886,9.763554573059082,1720123598395250000
1669049125663,right,acc,0.17956513166427612,-0.828393816947937,9.78989028930664,1720123598402284400
1669049125681,right,acc,0.2106897532939911,-0.9097966551780701,9.749189376831055,1720123598415286200
1669049125743,right,acc,0.1628057211637497,-0.8882488012313843,9.773131370544434,1720123598422250300
1669049125766,right,acc,0.16519992053508759,-0.8786720037460327,9.80904483795166,1720123598433283800
1669049125804,right,acc,0.1412578970193863,-0.8690952062606812,9.792284965515137,1720123598443321200
1669049125867,right,acc,0.090979665517807,-0.8068459630012512,9.8784761428833,1720123598455330200
1669049125904,right,acc,0.16519992053508759,-0.7781155705451965,9.832986831665039,1720123598463464600
1669049125946,right,acc,0.1364694982767105,-0.9672574996948242,9.737217903137207,1720123598477464800
1669049125982,right,acc,0.15322890877723694,-0.8355764150619507,9.739612579345703,1720123598485474000
1669049126004,right,acc,0.18914192914962769,-0.8355764150619507,9.775525093078613,1720123598495432000
1669049126064,right,acc,0.19871874153614044,-0.9074024558067322,9.763554573059082,1720123598502431300
1669049126083,right,acc,0.1867477297782898,-0.8451532125473022,9.77791976928711,1720123598514429900
1669049126146,right,acc,0.19632454216480255,-0.8690952062606812,9.813833236694336,1720123598524429700
1669049126183,right,acc,0.17477671802043915,-0.8882488012313843,9.763554573059082,1720123598536430100
1669049126228,right,acc,0.19632454216480255,-0.828393816947937,9.768342971801758,1720123598546434200
1669049126265,right,acc,0.16998831927776337,-0.8331822156906128,9.770736694335938,1720123598556479900
1669049126306,right,acc,0.15083470940589905,-0.8595184087753296,9.732429504394531,1720123598563693700
1669049126346,right,acc,0.15562310814857483,-0.8690952062606812,9.794678688049316,1720123598580693300
1669049126386,right,acc,0.14365209639072418,-0.8140285611152649,9.81143856048584,1720123598594661100
1669049126426,right,acc,0.16519992053508759,-0.8212111592292786,9.780313491821289,1720123598603660200
1669049126465,right,acc,0.17238251864910126,-0.8475474119186401,9.797073364257812,1720123598608658400
1669049126507,right,acc,0.19871874153614044,-0.8523358106613159,9.813833236694336,1720123598614657400
1669049126547,right,acc,0.16519992053508759,-0.8595184087753296,9.742006301879883,1720123598623254700
1669049126585,right,acc,0.17956513166427612,-0.811634361743927,9.77791976928711,1720123598633269900
1669049126629,right,acc,0.15322890877723694,-0.8571242094039917,9.775525093078613,1720123598643280700
1669049126686,right,acc,0.12449848651885986,-0.8643068075180054,9.816226959228516,1720123598656281900
1669049126708,right,acc,0.15801730751991272,-0.9097966551780701,9.770736694335938,1720123598664828600
1669049126747,right,acc,0.15322890877723694,-0.8762778043746948,9.785101890563965,1720123598677828600
1669049126790,right,acc,0.15083470940589905,-0.8619126081466675,9.746794700622559,1720123598686845400
1669049126829,right,acc,0.2106897532939911,-0.8475474119186401,9.806650161743164,1720123598694794600
1669049126866,right,acc,0.16519992053508759,-0.8930372595787048,9.821015357971191,1720123598702791500
1669049126909,right,acc,0.14604631066322327,-0.9145850539207458,9.818621635437012,1720123598716791400
1669049126947,right,acc,0.10773907601833344,-0.8331822156906128,9.746794700622559,1720123598725791600
1669049127009,right,acc,0.15322890877723694,-0.8547300100326538,9.761159896850586,1720123598734791600
1669049127047,right,acc,0.19153612852096558,-0.9026140570640564,9.794678688049316,1720123598746869000
1669049127089,right,acc,0.19393034279346466,-0.8044517636299133,9.81143856048584,1720123598755868200
1669049127130,right,acc,0.1412578970193863,-0.8643068075180054,9.80904483795166,1720123598765453500
1669049127167,right,acc,0.18914192914962769,-0.8858546018600464,9.797073364257812,1720123598779448200
1669049127210,right,acc,0.1412578970193863,-0.8619126081466675,9.77791976928711,1720123598786445200
1669049127247,right,acc,0.12689268589019775,-0.8307880163192749,9.854534149169922,1720123598800453100
1669049127290,right,acc,0.20350714027881622,-0.8954314589500427,9.813833236694336,1720123598808418400
1669049127331,right,acc,0.15562310814857483,-0.7996633648872375,9.81143856048584,1720123598818417500
1669049127369,right,acc,0.19871874153614044,-0.8810662031173706,9.825803756713867,1720123598825418800
1669049127409,right,acc,0.20111294090747833,-0.8667010068893433,9.804255485534668,1720123598836455500
1669049127430,right,acc,0.15562310814857483,-0.8667010068893433,9.821015357971191,1720123598846458000
1669049127470,right,acc,0.16519992053508759,-0.8547300100326538,9.792284965515137,1720123598861063100
1669049127531,right,acc,0.1364694982767105,-0.8762778043746948,9.806650161743164,1720123598868881800
1669049127549,right,acc,0.19393034279346466,-0.9074024558067322,9.806650161743164,1720123598882915000
1669049127591,right,acc,0.09816227108240128,-0.7829039692878723,9.792284965515137,1720123598898919200
1669049127649,right,acc,0.1388636976480484,-0.8164227604866028,9.80904483795166,1720123598907916800
1669049127671,right,acc,0.11252748221158981,-0.8978256583213806,9.749189376831055,1720123598925881600
1669049127732,right,acc,0.18914192914962769,-0.8738836050033569,9.823410034179688,1720123598938882200
1669049127773,right,acc,0.10055647045373917,-0.8403648138046265,9.801861763000488,1720123598949890100
1669049127813,right,acc,0.17956513166427612,-0.8619126081466675,9.797073364257812,1720123598957890300
1669049127850,right,acc,0.2106897532939911,-0.8643068075180054,9.81143856048584,1720123598966421400
1669049127872,right,acc,0.1388636976480484,-0.9026140570640564,9.792284965515137,1720123598977422000
1669049127932,right,acc,0.11252748221158981,-0.8762778043746948,9.794678688049316,1720123598987454000
1669049127973,right,acc,0.10773907601833344,-0.8834604024887085,9.804255485534668,1720123598999421000
1669049128013,right,acc,0.15801730751991272,-0.8379706144332886,9.768342971801758,1720123599011453900
1669049128052,right,acc,0.14844051003456116,-0.9026140570640564,9.787496566772461,1720123599019467700
1669049128092,right,acc,0.15083470940589905,-0.828393816947937,9.794678688049316,1720123599027420700
1669049128113,right,acc,0.17717093229293823,-0.8690952062606812,9.801861763000488,1720123599038453800
1669049128172,right,acc,0.17238251864910126,-0.871489405632019,9.792284965515137,1720123599053495000
1669049128214,right,acc,0.1604115068912506,-0.8188169598579407,9.761159896850586,1720123599062071100
1669049128253,right,acc,0.24181437492370605,-0.8762778043746948,9.804255485534668,1720123599074058900
1669049128293,right,acc,0.21308395266532898,-0.8810662031173706,9.832986831665039,1720123599084069800
1669049128333,right,acc,0.2059013396501541,-0.8762778043746948,9.871294021606445,1720123599093035200
1669049128373,right,acc,0.17956513166427612,-0.8020575642585754,9.749189376831055,1720123599101037000
1669049128413,right,acc,0.15083470940589905,-0.8906430602073669,9.794678688049316,1720123599109069600
1669049128454,right,acc,0.1364694982767105,-0.8403648138046265,9.775525093078613,1720123599121072600
1669049128496,right,acc,0.17956513166427612,-0.8451532125473022,9.823410034179688,1720123599129079200
1669049128534,right,acc,0.17717093229293823,-0.8331822156906128,9.80904483795166,1720123599140075700
1669049128574,right,acc,0.08858546614646912,-0.871489405632019,9.77791976928711,1720123599148041400
1669049128614,right,acc,0.15083470940589905,-0.849941611289978,9.797073364257812,1720123599159637300
1669049128655,right,acc,0.14604631066322327,-0.8595184087753296,9.804255485534668,1720123599167654400
1669049128696,right,acc,0.13407529890537262,-0.8786720037460327,9.763554573059082,1720123599177654800
1669049128756,right,acc,0.12210428714752197,-0.9145850539207458,9.737217903137207,1720123599186680400
1669049128795,right,acc,0.1364694982767105,-0.8307880163192749,9.768342971801758,1720123599198654100
1669049128836,right,acc,0.16519992053508759,-0.828393816947937,9.840168952941895,1720123599206618900
1669049128877,right,acc,0.0694318488240242,-0.9385270476341248,9.761159896850586,1720123599219620100
1669049128914,right,acc,0.1843535304069519,-0.8092401623725891,9.792284965515137,1720123599226622900
1669049128957,right,acc,0.1867477297782898,-0.8379706144332886,9.837775230407715,1720123599238645600
1669049128996,right,acc,0.09576806426048279,-0.9265560507774353,9.773131370544434,1720123599246631200
1669049129041,right,acc,0.1173158809542656,-0.9145850539207458,9.730035781860352,1720123599255627600
1669049129078,right,acc,0.11252748221158981,-0.8786720037460327,9.804255485534668,1720123599263144400
1669049129097,right,acc,0.16519992053508759,-0.9744400978088379,9.658209800720215,1720123599274143100
1669049129157,right,acc,0.19153612852096558,-0.6823474764823914,9.923966407775879,1720123599285144100
1669049129197,right,acc,0.043095629662275314,-1.0007762908935547,9.581595420837402,1720123599300577900
1669049129215,right,acc,0.038307227194309235,-0.9409212470054626,9.619902610778809,1720123599307717000
1669049129257,right,acc,0.17956513166427612,-0.8523358106613159,9.861717224121094,1720123599320726400
1669049129297,right,acc,0.181959331035614,-0.8906430602073669,9.746794700622559,1720123599329724900
1669049129341,right,acc,0.1412578970193863,-0.7948749661445618,9.84256362915039,1720123599339722700
1669049129379,right,acc,0.13168109953403473,-0.9145850539207458,9.727641105651855,1720123599347730200
1669049129417,right,acc,0.17238251864910126,-0.9217676520347595,9.75637149810791,1720123599358305200
1669049129458,right,acc,0.08619125932455063,-0.9050082564353943,9.703699111938477,1720123599367348200
1669049129498,right,acc,0.1628057211637497,-0.8978256583213806,9.758766174316406,1720123599379344900
1669049129540,right,acc,0.18914192914962769,-0.8212111592292786,9.81143856048584,1720123599388347300
1669049129598,right,acc,0.181959331035614,-0.8068459630012512,9.816226959228516,1720123599402345400
1669049129617,right,acc,0.12689268589019775,-0.8595184087753296,9.780313491821289,1720123599410312200
1669049129659,right,acc,0.17477671802043915,-0.7757213711738586,9.832986831665039,1720123599417313600
1669049129698,right,acc,0.16998831927776337,-0.8667010068893433,9.78989028930664,1720123599426313000
1669049129741,right,acc,0.1604115068912506,-0.8571242094039917,9.75637149810791,1720123599441310100
1669049129779,right,acc,0.16998831927776337,-0.8762778043746948,9.75637149810791,1720123599452342200
1669049129819,right,acc,0.11971008777618408,-0.8930372595787048,9.832986831665039,1720123599460858600
1669049129862,right,acc,0.1628057211637497,-0.811634361743927,9.818621635437012,1720123599469858900
1669049129898,right,acc,0.14844051003456116,-0.7972691655158997,9.75637149810791,1720123599481858200
1669049129942,right,acc,0.13168109953403473,-0.8307880163192749,9.938331604003906,1720123599488860100
1669049129963,right,acc,0.19632454216480255,-0.8547300100326538,9.823410034179688,1720123599501859600
1669049129998,right,acc,0.20111294090747833,-0.912190854549408,9.828198432922363,1720123599509860100
1669049130041,right,acc,0.15322890877723694,-0.8379706144332886,9.832986831665039,1720123599520858700
1669049130081,right,acc,0.15562310814857483,-0.8667010068893433,9.816226959228516,1720123599528859000
1669049130121,right,acc,0.12449848651885986,-0.7924807667732239,9.78989028930664,1720123599540858700
1669049130162,right,acc,0.16759411990642548,-0.8858546018600464,9.816226959228516,1720123599548869100
1669049130199,right,acc,0.19632454216480255,-0.8954314589500427,9.81143856048584,1720123599559381100
1669049130245,right,acc,0.18914192914962769,-0.8834604024887085,9.856928825378418,1720123599568380900
1669049130280,right,acc,0.13168109953403473,-0.8978256583213806,9.832986831665039,1720123599579381200
1669049130321,right,acc,0.19393034279346466,-0.8475474119186401,9.794678688049316,1720123599588383000
1669049130360,right,acc,0.12449848651885986,-0.8690952062606812,9.770736694335938,1720123599598385600
1669049130399,right,acc,0.1843535304069519,-0.8547300100326538,9.849745750427246,1720123599607381100
1669049130462,right,acc,0.17477671802043915,-0.849941611289978,9.835380554199219,1720123599622381600
1669049130502,right,acc,0.14604631066322327,-0.8188169598579407,9.763554573059082,1720123599630385200
1669049130544,right,acc,0.15322890877723694,-0.8307880163192749,9.794678688049316,1720123599642387500
1669049130563,right,acc,0.1867477297782898,-0.8786720037460327,9.78989028930664,1720123599650388700
1669049130601,right,acc,0.15322890877723694,-0.811634361743927,9.780313491821289,1720123599660983300
1669049130645,right,acc,0.18914192914962769,-0.849941611289978,9.804255485534668,1720123599673020800
1669049130702,right,acc,0.15562310814857483,-0.8786720037460327,9.78989028930664,1720123599681999600
1669049130746,right,acc,0.10534487664699554,-0.8092401623725891,9.75397777557373,1720123599692980900
1669049130783,right,acc,0.15562310814857483,-0.8595184087753296,9.806650161743164,1720123599701985000
1669049130825,right,acc,0.14844051003456116,-0.7661445140838623,9.761159896850586,1720123599710009900
1669049130864,right,acc,0.1412578970193863,-0.8834604024887085,9.797073364257812,1720123599724016500
1669049130905,right,acc,0.15801730751991272,-0.8643068075180054,9.794678688049316,1720123599732019300
1669049130945,right,acc,0.1628057211637497,-0.9193734526634216,9.816226959228516,1720123599743990500
1669049130988,right,acc,0.1604115068912506,-0.8930372595787048,9.775525093078613,1720123599750990900
1669049131028,right,acc,0.13407529890537262,-0.8403648138046265,9.785101890563965,1720123599764547600
1669049131063,right,acc,0.16759411990642548,-0.8667010068893433,9.794678688049316,1720123599773574800
1669049131105,right,acc,0.19153612852096558,-0.8930372595787048,9.751583099365234,1720123599781572300
1669049131126,right,acc,0.17956513166427612,-0.8571242094039917,9.78989028930664,1720123599795538900
1669049131183,right,acc,0.1604115068912506,-0.8667010068893433,9.813833236694336,1720123599809573200
1669049131206,right,acc,0.1843535304069519,-0.8259995579719543,9.828198432922363,1720123599820538000
1669049131226,right,acc,0.19153612852096558,-0.8643068075180054,9.792284965515137,1720123599829539600
1669049131263,right,acc,0.1604115068912506,-0.8810662031173706,9.77791976928711,1720123599844540300
1669049131305,right,acc,0.14844051003456116,-0.9145850539207458,9.830592155456543,1720123599852540400
1669049131328,right,acc,0.1843535304069519,-0.8571242094039917,9.799467086791992,1720123599864051300
1669049131365,right,acc,0.19632454216480255,-0.8762778043746948,9.81143856048584,1720123599873049900
1669049131428,right,acc,0.15083470940589905,-0.8810662031173706,9.84256362915039,1720123599887050300
1669049131463,right,acc,0.1867477297782898,-0.8523358106613159,9.768342971801758,1720123599899051300
1669049131506,right,acc,0.181959331035614,-0.8643068075180054,9.81143856048584,1720123599911054300
1669049131526,right,acc,0.18914192914962769,-0.8690952062606812,9.859322547912598,1720123599923050600
1669049131565,right,acc,0.1867477297782898,-0.8762778043746948,9.847352027893066,1720123599930052300
1669049131627,right,acc,0.12689268589019775,-0.8930372595787048,9.80904483795166,1720123599943052300
1669049131687,right,acc,0.20350714027881622,-0.8331822156906128,9.761159896850586,1720123599962597700
1669049131706,right,acc,0.2346317619085312,-0.8044517636299133,9.816226959228516,1720123599971600300
1669049131765,right,acc,0.12210428714752197,-0.9217676520347595,9.780313491821289,1720123599997324800
1669049131786,right,acc,0.20111294090747833,-0.9313444495201111,9.773131370544434,1720123600011385200
1669049131851,right,acc,0.14844051003456116,-0.8571242094039917,9.80904483795166,1720123600023321400
1669049131887,right,acc,0.21547815203666687,-0.8786720037460327,9.854534149169922,1720123600032322200
1669049131929,right,acc,0.17238251864910126,-0.8355764150619507,9.806650161743164,1720123600043323400
1669049131947,right,acc,0.15562310814857483,-0.8643068075180054,9.765948295593262,1720123600052330500
1669049131988,right,acc,0.22505496442317963,-0.8882488012313843,9.799467086791992,1720123600064852300
1669049132028,right,acc,0.13168109953403473,-0.8571242094039917,9.849745750427246,1720123600072853800
1669049132067,right,acc,0.18914192914962769,-0.8475474119186401,9.794678688049316,1720123600082851800
1669049132112,right,acc,0.17477671802043915,-0.9313444495201111,9.849745750427246,1720123600091853400
1669049132148,right,acc,0.1628057211637497,-0.8547300100326538,9.78989028930664,1720123600099852900
1669049132188,right,acc,0.1628057211637497,-0.849941611289978,9.81143856048584,1720123600110855300
1669049132208,right,acc,0.17956513166427612,-0.8786720037460327,9.823410034179688,1720123600122853100
1669049132268,right,acc,0.17717093229293823,-0.828393816947937,9.782708168029785,1720123600132855000
1669049132308,right,acc,0.16998831927776337,-0.8307880163192749,9.840168952941895,1720123600146688600
1669049132349,right,acc,0.1604115068912506,-0.8571242094039917,9.787496566772461,1720123600155685500
1669049132429,right,acc,0.16519992053508759,-0.7733271718025208,9.78989028930664,1720123600185199100
1669049132449,right,acc,0.13407529890537262,-0.8834604024887085,9.830592155456543,1720123600196199000
1669049132490,right,acc,0.181959331035614,-0.8427590131759644,9.823410034179688,1720123600205198200
1669049132549,right,acc,0.17956513166427612,-0.8571242094039917,9.787496566772461,1720123600212197500
1669049132591,right,acc,0.15801730751991272,-0.8427590131759644,9.832986831665039,1720123600224197500
1669049132630,right,acc,0.15562310814857483,-0.8595184087753296,9.823410034179688,1720123600241199300
1669049132671,right,acc,0.1867477297782898,-0.8643068075180054,9.761159896850586,1720123600257204600
1669049132712,right,acc,0.12689268589019775,-0.849941611289978,9.787496566772461,1720123600265713500
1669049132750,right,acc,0.1173158809542656,-0.8978256583213806,9.792284965515137,1720123600272714500
1669049132790,right,acc,0.2106897532939911,-0.849941611289978,9.758766174316406,1720123600284714600
1669049132831,right,acc,0.15083470940589905,-0.7805097699165344,9.696516990661621,1720123600294714100
1669049132872,right,acc,0.14604631066322327,-0.8331822156906128,9.794678688049316,1720123600318713100
1669049132934,right,acc,0.13168109953403473,-0.7996633648872375,9.823410034179688,1720123600330713700
1669049132973,right,acc,0.19393034279346466,-0.8571242094039917,9.81143856048584,1720123600347717600
1669049133013,right,acc,0.1604115068912506,-0.8140285611152649,9.816226959228516,1720123600353717900
1669049133053,right,acc,0.19153612852096558,-0.871489405632019,9.801861763000488,1720123600365228200
1669049133073,right,acc,0.17238251864910126,-0.8188169598579407,9.77791976928711,1720123600373226600
1669049133131,right,acc,0.1388636976480484,-0.8834604024887085,9.821015357971191,1720123600384226700
1669049133156,right,acc,0.12928688526153564,-0.8619126081466675,9.78989028930664,1720123600396227900
1669049133193,right,acc,0.24420857429504395,-0.8810662031173706,9.78989028930664,1720123600404226900
1669049133231,right,acc,0.16998831927776337,-0.8307880163192749,9.763554573059082,1720123600415228500
1669049133293,right,acc,0.16998831927776337,-0.8547300100326538,9.787496566772461,1720123600425231500
1669049133331,right,acc,0.1604115068912506,-0.9169792532920837,9.797073364257812,1720123600433244600
1669049133373,right,acc,0.21787235140800476,-0.8451532125473022,9.825803756713867,1720123600448233300
1669049133413,right,acc,0.19153612852096558,-0.8427590131759644,9.835380554199219,1720123600457233100
1669049133453,right,acc,0.13407529890537262,-0.8619126081466675,9.806650161743164,1720123600466742600
1669049133493,right,acc,0.11013327538967133,-0.8595184087753296,9.830592155456543,1720123600474741300
1669049133533,right,acc,0.20111294090747833,-0.8523358106613159,9.832986831665039,1720123600485743100
1669049133575,right,acc,0.12449848651885986,-0.8690952062606812,9.81143856048584,1720123600493742300
1669049133614,right,acc,0.15801730751991272,-0.8571242094039917,9.797073364257812,1720123600504740700
1669049133655,right,acc,0.21787235140800476,-0.8882488012313843,9.847352027893066,1720123600515743800
1669049133695,right,acc,0.17956513166427612,-0.8690952062606812,9.775525093078613,1720123600524742100
1669049133734,right,acc,0.21787235140800476,-0.8571242094039917,9.749189376831055,1720123600533743000
1669049133775,right,acc,0.21308395266532898,-0.9433154463768005,9.823410034179688,1720123600546784300
1669049133814,right,acc,0.2106897532939911,-0.8595184087753296,9.816226959228516,1720123600554748800
1669049133875,right,acc,0.14365209639072418,-0.790086567401886,9.770736694335938,1720123600572296100
1669049133915,right,acc,0.15322890877723694,-0.9050082564353943,9.77791976928711,1720123600585260800
1669049133958,right,acc,0.1628057211637497,-0.8786720037460327,9.75397777557373,1720123600602261400
1669049133996,right,acc,0.16759411990642548,-0.9097966551780701,9.768342971801758,1720123600611260700
1669049134036,right,acc,0.16759411990642548,-0.8858546018600464,9.818621635437012,1720123600621261500
1669049134061,right,acc,0.19871874153614044,-0.8571242094039917,9.806650161743164,1720123600627261400
1669049134096,right,acc,0.1149216815829277,-0.9241618514060974,9.804255485534668,1720123600636261000
1669049134137,right,acc,0.17956513166427612,-0.8379706144332886,9.84495735168457,1720123600643261800
1669049134162,right,acc,0.15322890877723694,-0.828393816947937,9.785101890563965,1720123600654266500
1669049134196,right,acc,0.1388636976480484,-0.849941611289978,9.799467086791992,1720123600666605500
1669049134263,right,acc,0.1604115068912506,-0.8523358106613159,9.782708168029785,1720123600675604200
1669049134296,right,acc,0.09576806426048279,-0.8451532125473022,9.801861763000488,1720123600687603300
1669049134337,right,acc,0.17956513166427612,-0.8523358106613159,9.801861763000488,1720123600695606400
1669049134358,right,acc,0.0933738648891449,-0.8140285611152649,9.737217903137207,1720123600703604300
1669049134396,right,acc,0.14365209639072418,-0.8762778043746948,9.794678688049316,1720123600711605000
1669049134439,right,acc,0.14604631066322327,-0.8379706144332886,9.806650161743164,1720123600723605300
1669049134478,right,acc,0.12689268589019775,-0.8188169598579407,9.785101890563965,1720123600733631000
1669049134516,right,acc,0.12449848651885986,-0.8762778043746948,9.787496566772461,1720123600744683200
1669049134579,right,acc,0.10055647045373917,-0.9074024558067322,9.806650161743164,1720123600752684600
1669049134618,right,acc,0.15562310814857483,-0.849941611289978,9.849745750427246,1720123600769197800
1669049134662,right,acc,0.12689268589019775,-0.8403648138046265,9.751583099365234,1720123600777162100
1669049134698,right,acc,0.12928688526153564,-0.9026140570640564,9.797073364257812,1720123600789195900
1669049134738,right,acc,0.15801730751991272,-0.8930372595787048,9.84256362915039,1720123600798172100
1669049134779,right,acc,0.14604631066322327,-0.8547300100326538,9.821015357971191,1720123600809162600
1669049134817,right,acc,0.11971008777618408,-0.8403648138046265,9.78989028930664,1720123600819162500
1669049134859,right,acc,0.17956513166427612,-0.8523358106613159,9.78989028930664,1720123600826162500
1669049134898,right,acc,0.15322890877723694,-0.8762778043746948,9.806650161743164,1720123600834178400
1669049134939,right,acc,0.1628057211637497,-0.7876923680305481,9.852140426635742,1720123600848163000
1669049134998,right,acc,0.16519992053508759,-0.8762778043746948,9.797073364257812,1720123600858199800
1669049135040,right,acc,0.16998831927776337,-0.8954314589500427,9.801861763000488,1720123600868514300
1669049135084,right,acc,0.181959331035614,-0.912190854549408,9.80904483795166,1720123600875479100
1669049135120,right,acc,0.1364694982767105,-0.8667010068893433,9.806650161743164,1720123600886516900
1669049135141,right,acc,0.14844051003456116,-0.8643068075180054,9.75637149810791,1720123600898517200
1669049135199,right,acc,0.19871874153614044,-0.8667010068893433,9.794678688049316,1720123600907480400
1669049135221,right,acc,0.21547815203666687,-0.849941611289978,9.81143856048584,1720123600915515800
1669049135262,right,acc,0.1867477297782898,-0.8595184087753296,9.773131370544434,1720123600924523000
1669049135299,right,acc,0.12449848651885986,-0.8834604024887085,9.813833236694336,1720123600934479200
1669049135342,right,acc,0.17477671802043915,-0.8403648138046265,9.782708168029785,1720123600947103600
1669049135399,right,acc,0.1628057211637497,-0.8164227604866028,9.828198432922363,1720123600955953700
1669049135422,right,acc,0.06224924325942993,-0.8547300100326538,9.821015357971191,1720123600966463300
1669049135463,right,acc,0.08140286058187485,-0.8667010068893433,9.821015357971191,1720123600976465500
1669049135500,right,acc,0.12689268589019775,-0.8331822156906128,9.749189376831055,1720123600988463300
1669049135564,right,acc,0.16998831927776337,-0.8906430602073669,9.794678688049316,1720123600996465100
1669049135601,right,acc,0.16759411990642548,-0.8451532125473022,9.797073364257812,1720123601010463400
1669049135642,right,acc,0.19632454216480255,-0.9074024558067322,9.761159896850586,1720123601017464300
1669049135681,right,acc,0.11013327538967133,-0.8690952062606812,9.801861763000488,1720123601025464100
1669049135722,right,acc,0.15322890877723694,-0.8475474119186401,9.825803756713867,1720123601039498800
1669049135763,right,acc,0.19393034279346466,-0.8259995579719543,9.794678688049316,1720123601044499600
1669049135802,right,acc,0.19632454216480255,-0.8475474119186401,9.828198432922363,1720123601062035400
1669049135863,right,acc,0.1173158809542656,-0.9002198576927185,9.77791976928711,1720123601068020600
1669049135882,right,acc,0.20350714027881622,-0.871489405632019,9.832986831665039,1720123601072021800
1669049135924,right,acc,0.12210428714752197,-0.9265560507774353,9.801861763000488,1720123601078022500
1669049135964,right,acc,0.1149216815829277,-0.7972691655158997,9.828198432922363,1720123601084022900
1669049136004,right,acc,0.19153612852096558,-0.849941611289978,9.794678688049316,1720123601090022400
1669049136045,right,acc,0.13407529890537262,-0.8307880163192749,9.821015357971191,1720123601096022400
1669049136082,right,acc,0.20350714027881622,-0.8643068075180054,9.80904483795166,1720123601101021600
1669049136125,right,acc,0.1628057211637497,-0.8954314589500427,9.770736694335938,1720123601107021000
1669049136164,right,acc,0.13407529890537262,-0.8523358106613159,9.823410034179688,1720123601113021200
1669049136208,right,acc,0.2059013396501541,-0.8834604024887085,9.816226959228516,1720123601118021800
1669049136225,right,acc,0.1388636976480484,-0.8403648138046265,9.804255485534668,1720123601123020200
1669049136264,right,acc,0.14604631066322327,-0.9313444495201111,9.780313491821289,1720123601129022400
1669049136309,right,acc,0.14604631066322327,-0.8140285611152649,9.763554573059082,1720123601134020600
1669049136345,right,acc,0.1412578970193863,-0.8259995579719543,9.78989028930664,1720123601142020900
1669049136403,right,acc,0.15562310814857483,-0.8403648138046265,9.785101890563965,1720123601148028200
1669049136445,right,acc,0.17238251864910126,-0.8786720037460327,9.818621635437012,1720123601156026400
1669049136486,right,acc,0.17717093229293823,-0.8355764150619507,9.794678688049316,1720123601162537800
1669049136524,right,acc,0.16759411990642548,-0.8690952062606812,9.825803756713867,1720123601167548800
1669049136546,right,acc,0.14604631066322327,-0.8643068075180054,9.813833236694336,1720123601173538000
1669049136585,right,acc,0.15083470940589905,-0.9169792532920837,9.797073364257812,1720123601180537700
1669049136646,right,acc,0.1604115068912506,-0.8403648138046265,9.763554573059082,1720123601185537500
1669049136687,right,acc,0.19871874153614044,-0.7996633648872375,9.787496566772461,1720123601191558800
1669049136725,right,acc,0.22026655077934265,-0.8571242094039917,9.77791976928711,1720123601201537500
1669049136766,right,acc,0.17956513166427612,-0.8810662031173706,9.804255485534668,1720123601208541200
1669049136807,right,acc,0.15562310814857483,-0.8619126081466675,9.81143856048584,1720123601216537800
1669049136847,right,acc,0.17717093229293823,-0.8379706144332886,9.780313491821289,1720123601225536600
1669049136887,right,acc,0.1388636976480484,-0.8523358106613159,9.797073364257812,1720123601234538300
1669049136927,right,acc,0.12449848651885986,-0.8595184087753296,9.77791976928711,1720123601246542900
1669049136988,right,acc,0.16759411990642548,-0.8403648138046265,9.782708168029785,1720123601255540700
1669049137030,right,acc,0.21547815203666687,-0.8643068075180054,9.818621635437012,1720123601265053000
1669049137066,right,acc,0.11013327538967133,-0.7924807667732239,9.821015357971191,1720123601274050600
1669049137108,right,acc,0.1412578970193863,-0.8643068075180054,9.780313491821289,1720123601287051200
1669049137148,right,acc,0.13407529890537262,-0.9361328482627869,9.710882186889648,1720123601296056700
1669049137190,right,acc,0.181959331035614,-0.8475474119186401,9.806650161743164,1720123601309053100
1669049137247,right,acc,0.15801730751991272,-0.8834604024887085,9.823410034179688,1720123601317052000
1669049137267,right,acc,0.17477671802043915,-0.8044517636299133,9.758766174316406,1720123601328066500
1669049137328,right,acc,0.14365209639072418,-0.8690952062606812,9.80904483795166,1720123601337050900
1669049137368,right,acc,0.22026655077934265,-0.8427590131759644,9.792284965515137,1720123601350643700
1669049137389,right,acc,0.15083470940589905,-0.7948749661445618,9.80904483795166,1720123601357890100
1669049137429,right,acc,0.17717093229293823,-0.8595184087753296,9.77791976928711,1720123601368442300
1669049137472,right,acc,0.22266076505184174,-0.8427590131759644,9.861717224121094,1720123601376421800
1669049137529,right,acc,0.12928688526153564,-0.9050082564353943,9.818621635437012,1720123601388439100
1669049137547,right,acc,0.2059013396501541,-0.8571242094039917,9.765948295593262,1720123601398422200
1669049137590,right,acc,0.09576806426048279,-0.8595184087753296,9.792284965515137,1720123601407421100
1669049137630,right,acc,0.13407529890537262,-0.8212111592292786,9.732429504394531,1720123601417422500
1669049137690,right,acc,0.1628057211637497,-0.8595184087753296,9.806650161743164,1720123601431421000
1669049137729,right,acc,0.11971008777618408,-0.8188169598579407,9.75397777557373,1720123601439421500
1669049137748,right,acc,0.19153612852096558,-0.790086567401886,9.801861763000488,1720123601451428700
1669049137790,right,acc,0.13407529890537262,-0.7972691655158997,9.828198432922363,1720123601459430600
1669049137830,right,acc,0.16519992053508759,-0.8523358106613159,9.785101890563965,1720123601467942900
1669049137891,right,acc,0.22026655077934265,-0.8523358106613159,9.832986831665039,1720123601475944000
1669049137912,right,acc,0.12689268589019775,-0.9217676520347595,9.787496566772461,1720123601483945600
1669049137950,right,acc,0.1149216815829277,-0.8810662031173706,9.818621635437012,1720123601489978500
1669049138012,right,acc,0.11971008777618408,-0.9026140570640564,9.780313491821289,1720123601496970800
1669049138031,right,acc,0.1388636976480484,-0.9050082564353943,9.739612579345703,1720123601504943300
1669049138092,right,acc,0.15562310814857483,-0.9026140570640564,9.77791976928711,1720123601510943200
1669049138131,right,acc,0.15801730751991272,-0.8403648138046265,9.785101890563965,1720123601517944400
1669049138155,right,acc,0.18914192914962769,-0.8451532125473022,9.765948295593262,1720123601524943200
1669049138212,right,acc,0.17717093229293823,-0.8978256583213806,9.787496566772461,1720123601534955300
1669049138252,right,acc,0.1628057211637497,-0.8427590131759644,9.821015357971191,1720123601541943500
1669049138291,right,acc,0.1843535304069519,-0.8259995579719543,9.730035781860352,1720123601548962100
1669049138331,right,acc,0.1149216815829277,-0.8810662031173706,9.787496566772461,1720123601554956100
1669049138351,right,acc,0.20350714027881622,-0.8355764150619507,9.825803756713867,1720123601562486200
1669049138374,right,acc,0.16759411990642548,-0.8068459630012512,9.81143856048584,1720123601570461800
1669049138392,right,acc,0.1364694982767105,-0.8978256583213806,9.765948295593262,1720123601577460000
1669049138431,right,acc,0.12928688526153564,-0.8690952062606812,9.785101890563965,1720123601589461400
1669049138473,right,acc,0.17477671802043915,-0.8092401623725891,9.828198432922363,1720123601598460500
1669049138513,right,acc,0.1604115068912506,-0.8571242094039917,9.806650161743164,1720123601607459900
1669049138554,right,acc,0.19632454216480255,-0.828393816947937,9.852140426635742,1720123601617459900
1669049138613,right,acc,0.1628057211637497,-0.950498104095459,9.773131370544434,1720123601628462300
1669049138653,right,acc,0.1412578970193863,-0.8667010068893433,9.744400978088379,1720123601637459900
1669049138674,right,acc,0.15801730751991272,-0.8331822156906128,9.787496566772461,1720123601651465500
1669049138714,right,acc,0.16998831927776337,-0.8858546018600464,9.80904483795166,1720123601659465000
1669049138732,right,acc,0.1364694982767105,-0.8259995579719543,9.825803756713867,1720123601667665400
1669049138775,right,acc,0.15562310814857483,-0.8427590131759644,9.751583099365234,1720123601680665400
1669049138814,right,acc,0.13407529890537262,-0.8858546018600464,9.80904483795166,1720123601689666600
1669049138855,right,acc,0.13407529890537262,-0.9193734526634216,9.821015357971191,1720123601696667000
1669049138895,right,acc,0.17238251864910126,-0.8547300100326538,9.852140426635742,1720123601708666300
1669049138955,right,acc,0.1173158809542656,-0.933738648891449,9.770736694335938,1720123601717666200
1669049138995,right,acc,0.16759411990642548,-0.8068459630012512,9.806650161743164,1720123601734665600
1669049139033,right,acc,0.17477671802043915,-0.8810662031173706,9.773131370544434,1720123601745668500
1669049139055,right,acc,0.19871874153614044,-0.8738836050033569,9.854534149169922,1720123601754670100
1669049139114,right,acc,0.17956513166427612,-0.9409212470054626,9.854534149169922,1720123601762143800
1669049139153,right,acc,0.17956513166427612,-0.8523358106613159,9.734824180603027,1720123601773141600
1669049139194,right,acc,0.12449848651885986,-0.828393816947937,9.775525093078613,1720123601783141600
1669049139235,right,acc,0.16519992053508759,-0.8834604024887085,9.77791976928711,1720123601793142100
1669049139281,right,acc,0.13407529890537262,-0.8379706144332886,9.746794700622559,1720123601800142100
1669049139314,right,acc,0.18914192914962769,-0.8690952062606812,9.765948295593262,1720123601808143200
1669049139356,right,acc,0.20111294090747833,-0.8786720037460327,9.78989028930664,1720123601818143000
1669049139396,right,acc,0.2106897532939911,-0.8547300100326538,9.775525093078613,1720123601830144000
1669049139438,right,acc,0.16519992053508759,-0.8403648138046265,9.80904483795166,1720123601840142200
1669049139479,right,acc,0.19871874153614044,-0.8738836050033569,9.80904483795166,1720123601854146900
1669049139515,right,acc,0.11013327538967133,-0.9217676520347595,9.797073364257812,1720123601862656200
1669049139555,right,acc,0.20350714027881622,-0.9265560507774353,9.799467086791992,1720123601872656200
1669049139597,right,acc,0.19871874153614044,-0.828393816947937,9.81143856048584,1720123601880656000
1669049139658,right,acc,0.11252748221158981,-0.8427590131759644,9.828198432922363,1720123601912655600
1669049139697,right,acc,0.24181437492370605,-0.8978256583213806,9.813833236694336,1720123601921656800
1669049139738,right,acc,0.13168109953403473,-0.8236053586006165,9.81143856048584,1720123601930690100
1669049139779,right,acc,0.2082955539226532,-0.8858546018600464,9.77791976928711,1720123601941720500
1669049139839,right,acc,0.1843535304069519,-0.8164227604866028,9.77791976928711,1720123601954731700
1669049139879,right,acc,0.13407529890537262,-0.8595184087753296,9.821015357971191,1720123601969781000
1669049139918,right,acc,0.1149216815829277,-0.8140285611152649,9.761159896850586,1720123601977746200
1669049139979,right,acc,0.09816227108240128,-0.8427590131759644,9.813833236694336,1720123601992780900
1669049140018,right,acc,0.1604115068912506,-0.8427590131759644,9.720458984375,1720123602001799400
1669049140059,right,acc,0.181959331035614,-0.8690952062606812,9.818621635437012,1720123602010905900
1669049140100,right,acc,0.16519992053508759,-0.871489405632019,9.794678688049316,1720123602020893700
1669049140140,right,acc,0.16998831927776337,-0.8140285611152649,9.749189376831055,1720123602031891800
1669049140180,right,acc,0.10055647045373917,-0.8571242094039917,9.713275909423828,1720123602039896100
1669049140218,right,acc,0.1388636976480484,-0.8259995579719543,9.751583099365234,1720123602051947700
1669049140240,right,acc,0.22026655077934265,-0.9026140570640564,9.768342971801758,1720123602059899600
1669049140281,right,acc,0.18914192914962769,-0.7876923680305481,9.763554573059082,1720123602073981100
1669049140320,right,acc,0.08858546614646912,-0.8858546018600464,9.832986831665039,1720123602081958400
1669049140361,right,acc,0.14604631066322327,-0.8619126081466675,9.761159896850586,1720123602091923100
1669049140399,right,acc,0.1412578970193863,-0.8403648138046265,9.751583099365234,1720123602099922600
1669049140441,right,acc,0.17717093229293823,-0.8547300100326538,9.825803756713867,1720123602110955100
1669049140481,right,acc,0.08379705995321274,-0.8619126081466675,9.81143856048584,1720123602118920600
1669049140541,right,acc,0.2082955539226532,-0.8738836050033569,9.780313491821289,1720123602130956600
1669049140580,right,acc,0.16998831927776337,-0.8236053586006165,9.837775230407715,1720123602139956200
1669049140599,right,acc,0.1412578970193863,-0.8667010068893433,9.806650161743164,1720123602153998000
1669049140662,right,acc,0.1867477297782898,-0.9145850539207458,9.821015357971191,1720123602163173300
1669049140699,right,acc,0.17956513166427612,-0.8164227604866028,9.770736694335938,1720123602175172100
1669049140742,right,acc,0.14844051003456116,-0.8690952062606812,9.792284965515137,1720123602183173600
1669049140782,right,acc,0.15322890877723694,-0.8212111592292786,9.81143856048584,1720123602195174500
1669049140822,right,acc,0.12210428714752197,-0.828393816947937,9.787496566772461,1720123602203172400
1669049140842,right,acc,0.1867477297782898,-0.849941611289978,9.835380554199219,1720123602213190700
1669049140882,right,acc,0.17238251864910126,-0.9792284965515137,9.792284965515137,1720123602222171900
1669049140922,right,acc,0.23702596127986908,-0.9217676520347595,9.749189376831055,1720123602232172100
1669049140982,right,acc,0.1604115068912506,-0.9097966551780701,9.837775230407715,1720123602240171800
1669049141024,right,acc,0.19632454216480255,-0.8643068075180054,9.801861763000488,1720123602474537600
1669049141042,right,acc,0.13407529890537262,-0.8259995579719543,9.775525093078613,1720123602481537800
1669049141104,right,acc,0.19632454216480255,-0.8858546018600464,9.830592155456543,1720123602496536400
1669049141142,right,acc,0.14604631066322327,-0.8331822156906128,9.794678688049316,1720123602505540600
1669049141183,right,acc,0.16519992053508759,-0.8906430602073669,9.813833236694336,1720123602515535800
1669049141228,right,acc,0.043095629662275314,-0.47644615173339844,11.640608787536621,1720123602524536500
1669049141263,right,acc,0.05985504388809204,-0.6392518281936646,10.63743782043457,1720123602533539000
1669049141283,right,acc,0.07900865375995636,-0.9528923034667969,9.603142738342285,1720123602540537700
1669049141328,right,acc,0.11252748221158981,-0.9959878921508789,9.670180320739746,1720123602552541600
1669049141385,right,acc,0.22266076505184174,-0.5937620401382446,10.129867553710938,1720123602563642300
1669049141429,right,acc,0.10773907601833344,-0.6224924325942993,9.986215591430664,1720123602572641600
1669049141463,right,acc,0.14365209639072418,-0.646434485912323,10.041281700134277,1720123602581642900
1669049141505,right,acc,0.12928688526153564,-0.7781155705451965,9.976638793945312,1720123602595642100
1669049141545,right,acc,0.0454898327589035,-1.036689281463623,8.987833023071289,1720123602603643300
1669049141585,right,acc,0.12210428714752197,-0.646434485912323,10.08198356628418,1720123602614641400
1669049141626,right,acc,0.2753331959247589,-0.8667010068893433,9.299078941345215,1720123602622641400
1669049141645,right,acc,0.07900865375995636,-0.9313444495201111,10.04846477508545,1720123602635641600
1669049141687,right,acc,0.17717093229293823,-0.7086837291717529,10.014945983886719,1720123602644642800
1669049141726,right,acc,0.181959331035614,-0.8786720037460327,9.672574996948242,1720123602653645100
1669049141787,right,acc,-0.23702596127986908,-0.7876923680305481,9.033323287963867,1720123602668154600
1669049141827,right,acc,-0.5386953949928284,-1.8052281141281128,8.164227485656738,1720123602675156200
1669049141865,right,acc,0.21547815203666687,-0.646434485912323,9.560047149658203,1720123602685196000
1669049141906,right,acc,0.2537853717803955,-0.8547300100326538,9.557653427124023,1720123602694157800
1669049141945,right,acc,-0.038307227194309235,-0.6775590777397156,10.402806282043457,1720123602702190000
1669049141965,right,acc,0.08858546614646912,-0.8307880163192749,9.32302188873291,1720123602714365300
1669049142007,right,acc,0.20111294090747833,-0.5434837937355042,9.955090522766113,1720123602724405200
1669049142047,right,acc,0.06703764945268631,-0.6967126727104187,10.089165687561035,1720123602736369800
1669049142092,right,acc,0.11013327538967133,-0.6607996821403503,10.079588890075684,1720123602745369300
1669049142128,right,acc,0.14604631066322327,-0.7206547260284424,9.734824180603027,1720123602755374700
1669049142166,right,acc,0.2322375625371933,-0.7038952708244324,9.813833236694336,1720123602763883100
1669049142206,right,acc,0.15562310814857483,-0.7398083209991455,9.641449928283691,1720123602773883100
1669049142250,right,acc,0.21308395266532898,-0.4668693244457245,10.383652687072754,1720123602784883000
1669049142289,right,acc,0.10295066982507706,-0.751779317855835,9.773131370544434,1720123602794884700
1669049142328,right,acc,0.16759411990642548,-0.7015010714530945,9.837775230407715,1720123602803922100
1669049142366,right,acc,0.1412578970193863,-0.7709329724311829,9.677363395690918,1720123602813884300
1669049142428,right,acc,0.19153612852096558,-0.6033388376235962,9.983820915222168,1720123602822883900
1669049142467,right,acc,0.15801730751991272,-0.6488286852836609,9.742006301879883,1720123602833900000
1669049142489,right,acc,0.07900865375995636,-0.6177040338516235,9.873687744140625,1720123602851888800
1669049142529,right,acc,0.2346317619085312,-0.7015010714530945,9.624691009521484,1720123602864091700
1669049142590,right,acc,0.12689268589019775,-0.6105214357376099,9.765948295593262,1720123602875057800
1669049142629,right,acc,0.11252748221158981,-0.6512228846549988,9.691728591918945,1720123602889093900
1669049142668,right,acc,0.17717093229293823,-0.5339069962501526,9.995792388916016,1720123602897060000
1669049142711,right,acc,0.19871874153614044,-0.6703764796257019,9.68933391571045,1720123602905058500
1669049142730,right,acc,0.12449848651885986,-0.6488286852836609,9.806650161743164,1720123602917058200
1669049142770,right,acc,0.07661445438861847,-0.6177040338516235,9.658209800720215,1720123602925058600
1669049142809,right,acc,0.14365209639072418,-0.7996633648872375,9.639056205749512,1720123602933056800
1669049142848,right,acc,0.181959331035614,-0.5602431893348694,9.926360130310059,1720123602944092800
1669049142911,right,acc,0.1364694982767105,-0.7015010714530945,9.785101890563965,1720123602957101900
1669049142930,right,acc,0.11252748221158981,-0.7206547260284424,9.701305389404297,1720123602963862100
1669049142969,right,acc,0.17956513166427612,-0.7326257228851318,9.713275909423828,1720123602975052400
1669049143011,right,acc,0.24181437492370605,-0.689530074596405,9.979032516479492,1720123602982050800
1669049143049,right,acc,0.1628057211637497,-0.6560112833976746,9.765948295593262,1720123602996088400
1669049143112,right,acc,-0.1149216815829277,-0.3280056416988373,10.99896240234375,1720123603006050700
1669049143150,right,acc,0.19153612852096558,-0.3064578175544739,10.378864288330078,1720123603015052100
1669049143194,right,acc,0.8547300100326538,-0.5530605912208557,9.258378028869629,1720123603024050400
1669049143231,right,acc,0.3902548849582672,0.12689268589019775,12.109871864318848,1720123603033052000
1669049143277,right,acc,0.3423708379268646,-0.1604115068912506,10.050858497619629,1720123603043050600
1669049143312,right,acc,0.15322890877723694,-0.4908113479614258,10.034099578857422,1720123603066568400
1669049143395,right,acc,0.15801730751991272,-0.6440402865409851,9.761159896850586,1720123603077568800
1669049143431,right,acc,0.026336219161748886,-0.5674257874488831,9.940725326538086,1720123603087569100
1669049143478,right,acc,0.10534487664699554,-0.5123591423034668,9.837775230407715,1720123603096569200
1669049143512,right,acc,0.17477671802043915,-0.5027823448181152,9.950302124023438,1720123603107568700
1669049143531,right,acc,0.28969839215278625,0.1628057211637497,9.694122314453125,1720123603116588200
1669049143573,right,acc,0.2944868206977844,-0.5291185975074768,10.0580415725708,1720123603124568300
1669049143631,right,acc,-0.20350714027881622,-0.6847416758537292,9.265560150146484,1720123603140570000
1669049143674,right,acc,0.2322375625371933,-0.5841852426528931,9.981427192687988,1720123603147571900
1669049143714,right,acc,0.16759411990642548,-0.31124621629714966,10.426748275756836,1720123603154571800
1669049143753,right,acc,0.16759411990642548,-0.6224924325942993,9.876082420349121,1720123603163081500
1669049143772,right,acc,0.2849099934101105,-0.36152446269989014,10.474632263183594,1720123603174083300
1669049143813,right,acc,0.12210428714752197,-0.8906430602073669,9.579200744628906,1720123603181081300
1669049143852,right,acc,0.15083470940589905,-0.8643068075180054,10.35252857208252,1720123603190083300
1669049143895,right,acc,-0.014365210197865963,-0.8259995579719543,9.742006301879883,1720123603199081600
1669049143955,right,acc,0.17717093229293823,-0.7637503147125244,9.849745750427246,1720123603208081500
1669049143974,right,acc,-0.849941611289978,-1.0247182846069336,10.18493366241455,1720123603217081000
1669049144014,right,acc,-0.10534487664699554,-1.3120225667953491,9.560047149658203,1720123603224081500
1669049144055,right,acc,-0.1412578970193863,-1.0342950820922852,9.428366661071777,1720123603233081600
1669049144114,right,acc,0.07661445438861847,-0.7852981686592102,9.911994934082031,1720123603243081400
1669049144154,right,acc,0.15562310814857483,-0.8379706144332886,9.914389610290527,1720123603254084900
1669049144198,right,acc,0.10773907601833344,-0.751779317855835,9.825803756713867,1720123603261594500
1669049144234,right,acc,0.14365209639072418,-0.7757213711738586,9.852140426635742,1720123603272599100
1669049144275,right,acc,0.10773907601833344,-0.8236053586006165,9.861717224121094,1720123603280599200
1669049144314,right,acc,0.1388636976480484,-0.8140285611152649,9.765948295593262,1720123603288598600
1669049144356,right,acc,0.15322890877723694,-0.8571242094039917,9.806650161743164,1720123603298636500
1669049144396,right,acc,0.18914192914962769,-0.790086567401886,9.818621635437012,1720123603318642400
1669049144457,right,acc,0.11971008777618408,-0.7829039692878723,9.816226959228516,1720123603325636900
1669049144496,right,acc,0.22266076505184174,-0.8834604024887085,9.77791976928711,1720123603338599500
1669049144537,right,acc,0.009576806798577309,-0.9457096457481384,9.919178009033203,1720123603345599800
1669049144578,right,acc,0.22505496442317963,-0.790086567401886,9.876082420349121,1720123603356603600
1669049144615,right,acc,0.181959331035614,-0.8140285611152649,9.751583099365234,1720123603364115200
1669049144657,right,acc,0.0933738648891449,-0.849941611289978,9.730035781860352,1720123603380185600
1669049144697,right,acc,0.17717093229293823,-0.790086567401886,9.797073364257812,1720123603388184500
1669049144738,right,acc,0.16519992053508759,-0.871489405632019,9.828198432922363,1720123603398204800
1669049144797,right,acc,0.17238251864910126,-0.8643068075180054,9.813833236694336,1720123603407219500
1669049144816,right,acc,0.06703764945268631,-0.790086567401886,9.78989028930664,1720123603415220400
1669049144857,right,acc,0.19632454216480255,-0.8307880163192749,9.823410034179688,1720123603422218700
1669049144897,right,acc,0.1388636976480484,-0.8643068075180054,9.787496566772461,1720123603429217500
1669049144916,right,acc,0.15562310814857483,-0.8236053586006165,9.828198432922363,1720123603438218000
1669049144978,right,acc,0.17717093229293823,-0.8906430602073669,9.780313491821289,1720123603446217900
1669049145017,right,acc,0.1628057211637497,-0.8164227604866028,9.792284965515137,1720123603455222100
1669049145058,right,acc,0.15322890877723694,-0.8427590131759644,9.81143856048584,1720123603464288700
1669049145079,right,acc,0.15083470940589905,-0.8475474119186401,9.75637149810791,1720123603477317000
1669049145118,right,acc,0.17956513166427612,-0.8475474119186401,9.825803756713867,1720123603487287700
1669049145159,right,acc,0.1173158809542656,-0.7948749661445618,9.794678688049316,1720123603498290100
1669049145199,right,acc,0.1628057211637497,-0.8140285611152649,9.816226959228516,1720123603507349000
1669049145261,right,acc,0.16759411990642548,-0.7972691655158997,9.787496566772461,1720123603519288800
1669049145299,right,acc,0.16759411990642548,-0.9050082564353943,9.806650161743164,1720123603529322000
1669049145340,right,acc,0.17238251864910126,-0.7924807667732239,9.823410034179688,1720123603538322400
1669049145361,right,acc,0.17717093229293823,-0.7757213711738586,9.768342971801758,1720123603546288300
1669049145399,right,acc,0.11252748221158981,-0.8523358106613159,9.782708168029785,1720123603556327800
1669049145441,right,acc,0.12689268589019775,-0.7996633648872375,9.782708168029785,1720123603565805100
1669049145481,right,acc,0.11971008777618408,-0.8212111592292786,9.804255485534668,1720123603581843300
1669049145542,right,acc,0.2059013396501541,-2.4612393379211426,10.66137981414795,1720123603590842000
1669049145561,right,acc,0.4189853072166443,0.8355764150619507,10.563218116760254,1720123603598842500
1669049145621,right,acc,-0.19153612852096558,-0.09576806426048279,11.868058204650879,1720123603606806400
1669049145639,right,acc,0.2849099934101105,-0.21308395266532898,10.433931350708008,1720123603616806400
1669049145683,right,acc,0.7158663272857666,-0.6943184733390808,8.825027465820312,1720123603624804800
1669049145723,right,acc,0.10773907601833344,-0.8403648138046265,9.184157371520996,1720123603635842500
1669049145762,right,acc,0.19393034279346466,-0.4836287498474121,10.014945983886719,1720123603644840300
1669049145800,right,acc,0.16519992053508759,-0.8188169598579407,9.550470352172852,1720123603655848400
1669049145841,right,acc,0.12928688526153564,-0.7541735172271729,9.904812812805176,1720123603664354100
1669049145881,right,acc,0.1364694982767105,-0.7350199222564697,9.684545516967773,1720123603676354500
1669049145941,right,acc,0.4118026793003082,0.31124621629714966,10.278307914733887,1720123603687371400
1669049145961,right,acc,-0.016759412363171577,-0.7086837291717529,9.813833236694336,1720123603701319700
1669049145981,right,acc,-0.7541735172271729,-1.039083480834961,11.5065336227417,1720123603710318900
1669049146023,right,acc,0.2513911724090576,-1.192312479019165,7.642292022705078,1720123603723320400
1669049146081,right,acc,0.6488286852836609,-0.07182604819536209,8.736441612243652,1720123603738320800
1669049146144,right,acc,0.7709329724311829,-0.7924807667732239,10.651803016662598,1720123603748324800
1669049146181,right,acc,0.07422025501728058,-0.031124621629714966,9.124302864074707,1720123603759324500
1669049146223,right,acc,-1.1994950771331787,-0.8786720037460327,17.235858917236328,1720123603767858000
1669049146245,right,acc,2.561795711517334,-1.721431016921997,-2.918531894683838,1720123603777832800
1669049146304,right,acc,-2.03507137298584,-5.590460777282715,9.955090522766113,1720123603786731800
1669049146347,right,acc,-2.4205379486083984,-5.858611583709717,11.6430025100708,1720123603800731800
1669049146363,right,acc,-2.403778553009033,-6.722918510437012,10.070012092590332,1720123603810733400
1669049146423,right,acc,-4.378994941711426,-6.0405707359313965,3.6942532062530518,1720123603821765900
1669049146463,right,acc,-1.8387469053268433,-4.876988887786865,7.711723804473877,1720123603829734000
1669049146505,right,acc,-2.6671407222747803,-5.343858242034912,7.060500621795654,1720123603841735500
1669049146524,right,acc,-2.2601263523101807,-4.908113479614258,6.787561893463135,1720123603850739800
1669049146584,right,acc,-1.280897855758667,-4.594472885131836,5.853823184967041,1720123603858742800
1669049146605,right,acc,-1.4484920501708984,-4.6255974769592285,5.726930618286133,1720123603868253100
1669049146663,right,acc,5.750872611999512,-11.226411819458008,-19.405004501342773,1720123603880724400
1669049146683,right,acc,-3.047818660736084,-5.284003257751465,7.620744228363037,1720123603888724500
1669049146725,right,acc,0.9720458984375,4.1395745277404785,12.083536148071289,1720123603899723000
1669049146764,right,acc,-0.5267243981361389,-3.6822822093963623,7.386112213134766,1720123603909723100
1669049146806,right,acc,0.38307225704193115,-3.7660791873931885,8.1139497756958,1720123603918723400
1669049146845,right,acc,1.3407529592514038,-3.955221176147461,9.064447402954102,1720123603927759000
1669049146885,right,acc,2.382230758666992,-4.659116744995117,9.72285270690918,1720123603940756200
1669049146925,right,acc,2.8419175148010254,-5.7341132164001465,8.889671325683594,1720123603950728300
1669049146964,right,acc,2.298433542251587,-6.514622688293457,8.695740699768066,1720123603958727300
1669049147008,right,acc,3.2752678394317627,-6.119579315185547,9.545681953430176,1720123603966239400
1669049147046,right,acc,2.3032219409942627,-6.04775333404541,8.89685344696045,1720123603978238100
1669049147108,right,acc,1.7860745191574097,-6.531382083892822,8.501810073852539,1720123603989239200
1669049147128,right,acc,1.900996208190918,-5.726930618286133,7.6566572189331055,1720123603999238800
1669049147167,right,acc,1.941697597503662,-4.807557106018066,5.602431774139404,1720123604009271900
1669049147211,right,acc,1.400607943534851,-4.417302131652832,4.5609540939331055,1720123604020274200
1669049147268,right,acc,-0.13168109953403473,-5.066130638122559,3.313575267791748,1720123604029238600
1669049147287,right,acc,-0.4572925269603729,-5.418078422546387,3.7014358043670654,1720123604041239500
1669049147328,right,acc,0.6033388376235962,-6.234501361846924,2.82515811920166,1720123604051242700
1669049147371,right,acc,-0.21787235140800476,-8.425195693969727,2.612074136734009,1720123604060259200
1669049147408,right,acc,1.6328455209732056,-7.773972988128662,4.570530891418457,1720123604068274800
1669049147447,right,acc,5.30076265335083,-10.33098030090332,10.292673110961914,1720123604080272500
1669049147528,right,acc,3.31118106842041,-2.762908697128296,7.5848307609558105,1720123604109275000
1669049147588,right,acc,1.2856862545013428,-3.179499864578247,10.067618370056152,1720123604123273500
1669049147629,right,acc,1.3670891523361206,-3.6583402156829834,9.14345645904541,1720123604130273900
1669049147647,right,acc,1.6759412288665771,-3.179499864578247,9.361329078674316,1720123604140274000
1669049147686,right,acc,1.6136919260025024,-2.3319525718688965,9.296685218811035,1720123604147275800
1669049147727,right,acc,2.0925323963165283,-4.072536945343018,9.318233489990234,1720123604161276500
1669049147765,right,acc,2.205059766769409,-2.607285737991333,8.899248123168945,1720123604169320300
1669049147825,right,acc,2.1332337856292725,-2.4229321479797363,8.60236644744873,1720123604181320200
1669049147865,right,acc,0.3926490843296051,-2.1140801906585693,10.579977035522461,1720123604189319700
1669049147906,right,acc,-1.5418659448623657,0.4429273009300232,2.8107926845550537,1720123604203319800
1669049147925,right,acc,0.40222588181495667,0.7374141216278076,9.090784072875977,1720123604210321900
1669049147966,right,acc,0.8619126081466675,-1.070208191871643,7.354987621307373,1720123604221319100
1669049148007,right,acc,0.26096799969673157,-0.7398083209991455,10.213664054870605,1720123604230319200
1669049148066,right,acc,0.2849099934101105,-0.37828385829925537,9.854534149169922,1720123604244319400
1669049148107,right,acc,0.2753331959247589,-0.6009446382522583,9.86889934539795,1720123604251323000
1669049148147,right,acc,0.2753331959247589,-0.5961562395095825,9.861717224121094,1720123604263836300
1669049148167,right,acc,0.28730419278144836,-0.5937620401382446,9.861717224121094,1720123604271867700
1669049148208,right,acc,0.26575639843940735,-0.5889736413955688,9.859322547912598,1720123604281877000
1669049148267,right,acc,0.26336219906806946,-0.5841852426528931,9.856928825378418,1720123604289871300
1669049148287,right,acc,0.26815059781074524,-0.5841852426528931,9.854534149169922,1720123604302834700
1669049148328,right,acc,0.29209262132644653,-0.5817909836769104,9.856928825378418,1720123604310868500
1669049148368,right,acc,0.27054479718208313,-0.5793967843055725,9.84495735168457,1720123604322868200
1669049148409,right,acc,0.2753331959247589,-0.5746083855628967,9.849745750427246,1720123604330865400
1669049148468,right,acc,0.2992752194404602,-0.569819986820221,9.840168952941895,1720123604342833800
1669049148488,right,acc,0.038307227194309235,-0.4572925269603729,9.564835548400879,1720123604350838800
1669049148528,right,acc,0.3711012601852417,-0.4884171485900879,9.864110946655273,1720123604362351700
1669049148569,right,acc,0.2944868206977844,-0.5051765441894531,9.909601211547852,1720123604371348900
1669049148610,right,acc,0.29209262132644653,-0.4644751250743866,9.797073364257812,1720123604384367700
1669049148649,right,acc,0.3256114423274994,-0.42856210470199585,9.923966407775879,1720123604393350500
1669049148689,right,acc,0.2585737705230713,-0.49799394607543945,9.837775230407715,1720123604401350300
1669049148730,right,acc,0.22744916379451752,-0.4668693244457245,9.926360130310059,1720123604410349600
1669049148769,right,acc,0.2513911724090576,-0.5937620401382446,9.832986831665039,1720123604421351100
1669049148811,right,acc,0.3016694188117981,-0.4668693244457245,9.871294021606445,1720123604428350900
1669049148850,right,acc,0.2585737705230713,-0.42856210470199585,9.911994934082031,1720123604441349900
1669049148890,right,acc,0.26575639843940735,-0.395043283700943,9.919178009033203,1720123604450354800
1669049148950,right,acc,0.31603461503982544,-0.43095630407333374,9.938331604003906,1720123604463866100
1669049148990,right,acc,0.272938996553421,-0.4620809257030487,9.943120002746582,1720123604471864400
1669049149031,right,acc,0.26096799969673157,-0.4572925269603729,9.84495735168457,1720123604482864400
1669049149071,right,acc,0.2968810200691223,-0.43095630407333374,9.86889934539795,1720123604493342100
1669049149112,right,acc,0.26096799969673157,-0.5578489899635315,9.832986831665039,1720123604502865000
1669049149151,right,acc,0.2753331959247589,-0.42377370595932007,9.854534149169922,1720123604512864700
1669049149171,right,acc,0.22744916379451752,-0.5339069962501526,9.911994934082031,1720123604520864400
1669049149212,right,acc,0.37828385829925537,-0.4668693244457245,10.005369186401367,1720123604530865000
1669049149252,right,acc,0.24899697303771973,-0.5027823448181152,9.923966407775879,1720123604542865700
1669049149313,right,acc,0.31124621629714966,-0.40701428055763245,9.880870819091797,1720123604552872500
1669049149352,right,acc,0.24181437492370605,-0.45010992884635925,9.911994934082031,1720123604562402900
1669049149372,right,acc,0.28969839215278625,-0.4884171485900879,9.880870819091797,1720123604570392700
1669049149413,right,acc,0.2944868206977844,-0.47405192255973816,9.909601211547852,1720123604581381400
1669049149453,right,acc,0.31603461503982544,-0.4908113479614258,9.940725326538086,1720123604591438600
1669049149514,right,acc,0.26575639843940735,-0.5123591423034668,9.904812812805176,1720123604604415600
1669049149533,right,acc,0.272938996553421,-0.5171475410461426,9.895236015319824,1720123604612380800
1669049149573,right,acc,0.33039984107017517,-0.5291185975074768,9.921571731567383,1720123604622381200
1669049149633,right,acc,0.26575639843940735,-0.4620809257030487,9.861717224121094,1720123604632379800
1669049149674,right,acc,0.31603461503982544,-0.44771572947502136,9.928754806518555,1720123604642379700
1669049149694,right,acc,0.2992752194404602,-0.4141969084739685,9.828198432922363,1720123604649383700
1669049149754,right,acc,0.3423708379268646,-0.5171475410461426,9.9000244140625,1720123604661885500
1669049149774,right,acc,0.33279404044151306,-0.47644615173339844,9.909601211547852,1720123604670889300
1669049149815,right,acc,0.2753331959247589,-0.47884035110473633,9.86650562286377,1720123604683889000
1669049149854,right,acc,0.2992752194404602,-0.4812345504760742,9.926360130310059,1720123604692889600
1669049149895,right,acc,0.33279404044151306,-0.5291185975074768,9.90241813659668,1720123604704891100
1669049149935,right,acc,0.31364041566848755,-0.44771572947502136,9.880870819091797,1720123604714925200
1669049149975,right,acc,0.24660277366638184,-0.43095630407333374,9.928754806518555,1720123604722927200
1669049150016,right,acc,0.28730419278144836,-0.4644751250743866,9.871294021606445,1720123604731025200
1669049150055,right,acc,0.27054479718208313,-0.4141969084739685,9.888052940368652,1720123604743024100
1669049150117,right,acc,0.3256114423274994,-0.4429273009300232,9.931148529052734,1720123604752028700
1669049150156,right,acc,0.2944868206977844,-0.45250412821769714,9.895236015319824,1720123604763545000
1669049150176,right,acc,0.28730419278144836,-0.4381389021873474,9.931148529052734,1720123604773581200
1669049150236,right,acc,0.31603461503982544,-0.49799394607543945,9.854534149169922,1720123604786578800
1669049150277,right,acc,0.2849099934101105,-0.4908113479614258,9.895236015319824,1720123604806545100
1669049150337,right,acc,0.28969839215278625,-0.4572925269603729,9.847352027893066,1720123604821581300
1669049150377,right,acc,0.3423708379268646,-0.44532153010368347,9.892841339111328,1720123604830545200
1669049150418,right,acc,0.27054479718208313,-0.42616790533065796,9.835380554199219,1720123604842545400
1669049150457,right,acc,0.2082955539226532,-0.4644751250743866,9.787496566772461,1720123604853583100
1669049150478,right,acc,0.2561795711517334,-0.49559974670410156,9.926360130310059,1720123604862050100
1669049150538,right,acc,0.26815059781074524,-0.5027823448181152,9.856928825378418,1720123604874053500
1669049150578,right,acc,0.22744916379451752,-0.47884035110473633,9.921571731567383,1720123604886053400
1669049150619,right,acc,0.3016694188117981,-0.5434837937355042,9.871294021606445,1720123604894055900
1669049150658,right,acc,0.2944868206977844,-0.38307225704193115,9.9000244140625,1720123604905088900
1669049150698,right,acc,0.26096799969673157,-0.4405331015586853,9.823410034179688,1720123604915089900
1669049150719,right,acc,0.20111294090747833,-0.395043283700943,9.90241813659668,1720123604926088800
1669049150759,right,acc,0.23702596127986908,-0.45010992884635925,9.873687744140625,1720123604933057700
1669049150799,right,acc,0.35673606395721436,-0.47405192255973816,9.916783332824707,1720123604945089500
1669049150839,right,acc,0.3232172429561615,-0.45489832758903503,9.84256362915039,1720123604957132400
1669049150899,right,acc,0.26336219906806946,-0.42616790533065796,9.897629737854004,1720123604967665700
1669049150940,right,acc,0.28730419278144836,-0.40940847992897034,9.892841339111328,1720123604976669100
1669049150980,right,acc,0.33518823981285095,-0.48602294921875,9.888052940368652,1720123604983665900
1669049151021,right,acc,0.31364041566848755,-0.42616790533065796,9.892841339111328,1720123604992665800
1669049151040,right,acc,0.2801215946674347,-0.4692635238170624,9.8784761428833,1720123605003702500
1669049151080,right,acc,0.31603461503982544,-0.5434837937355042,9.86650562286377,1720123605011704600
1669049151122,right,acc,0.31603461503982544,-0.4668693244457245,9.904812812805176,1720123605025668400
1669049151161,right,acc,0.3064578175544739,-0.4118026793003082,9.871294021606445,1720123605034703000
1669049151201,right,acc,0.21308395266532898,-0.44771572947502136,9.885659217834473,1720123605044702100
1669049151241,right,acc,0.2825157940387726,-0.4429273009300232,9.885659217834473,1720123605053708900
1669049151281,right,acc,0.29209262132644653,-0.524330198764801,9.847352027893066,1720123605064218600
1669049151323,right,acc,0.26575639843940735,-0.4884171485900879,9.818621635437012,1720123605076260200
1669049151372,right,acc,0.304063618183136,-0.4884171485900879,9.885659217834473,1720123605085255500
1669049151402,right,acc,0.31842881441116333,-0.5051765441894531,9.86889934539795,1720123605095219600
1669049151442,right,acc,0.2968810200691223,-0.5770025849342346,9.799467086791992,1720123605107253500
1669049151482,right,acc,0.3232172429561615,-0.43335050344467163,9.86650562286377,1720123605115219600
1669049151502,right,acc,0.2944868206977844,-0.4644751250743866,9.880870819091797,1720123605128225600
1669049151728,right,acc,0.2992752194404602,-0.4836287498474121,9.84495735168457,1720123605140218100
1669049151729,right,acc,0.2825157940387726,-0.5123591423034668,9.885659217834473,1720123605149232900
1669049151729,right,acc,0.22026655077934265,-0.5315127968788147,9.835380554199219,1720123605163735900
1669049151729,right,acc,0.27054479718208313,-0.44532153010368347,9.9000244140625,1720123605170736400
1669049151729,right,acc,0.2944868206977844,-0.4644751250743866,9.897629737854004,1720123605181734300
1669049151797,right,acc,0.2753331959247589,-0.47884035110473633,9.871294021606445,1720123605196736200
1669049151805,right,acc,0.26096799969673157,-0.3758896589279175,9.861717224121094,1720123605204734300
1669049152001,right,acc,0.3232172429561615,-0.3758896589279175,9.8784761428833,1720123605213734400
1669049152001,right,acc,0.33039984107017517,-0.4908113479614258,9.821015357971191,1720123605222734200
1669049152001,right,acc,0.2968810200691223,-0.47884035110473633,9.897629737854004,1720123605229735600
1669049152001,right,acc,0.3016694188117981,-0.4836287498474121,9.919178009033203,1720123605238734200
1669049152002,right,acc,0.3280056416988373,-0.38546648621559143,9.86650562286377,1720123605245734400
1669049152026,right,acc,0.2298433631658554,-0.45010992884635925,9.864110946655273,1720123605255740000
1669049152073,right,acc,0.2849099934101105,-0.4668693244457245,9.873687744140625,1720123605264271700
1669049152085,right,acc,0.2992752194404602,-0.4692635238170624,9.840168952941895,1720123605273270600
1669049152127,right,acc,0.2322375625371933,-0.4381389021873474,9.852140426635742,1720123605284270000
1669049152238,right,acc,0.33279404044151306,-0.4381389021873474,9.955090522766113,1720123605294270600
1669049152239,right,acc,0.26336219906806946,-0.4596867263317108,9.892841339111328,1720123605304272200
1669049152273,right,acc,0.33279404044151306,-0.4189853072166443,9.86889934539795,1720123605316281700
1669049152308,right,acc,0.30885201692581177,-0.4596867263317108,9.828198432922363,1720123605329270800
1669049152351,right,acc,0.3280056416988373,-0.47405192255973816,9.832986831665039,1720123605336270500
1669049152387,right,acc,0.2944868206977844,-0.44771572947502136,9.926360130310059,1720123605349277100
1669049152428,right,acc,0.2561795711517334,-0.4644751250743866,9.847352027893066,1720123605356275200
1669049152467,right,acc,0.304063618183136,-0.45010992884635925,9.921571731567383,1720123605364799300
1669049152510,right,acc,0.2992752194404602,-0.5434837937355042,9.854534149169922,1720123605374799200
1669049152532,right,acc,0.2537853717803955,-0.48602294921875,9.928754806518555,1720123605385799000
1669049152588,right,acc,0.31364041566848755,-0.48602294921875,9.921571731567383,1720123605396798300
1669049152629,right,acc,0.33997663855552673,-0.4141969084739685,9.859322547912598,1720123605407800100
1669049152668,right,acc,0.28969839215278625,-0.4381389021873474,9.888052940368652,1720123605416800000
1669049152708,right,acc,0.304063618183136,-0.47165772318840027,9.950302124023438,1720123605428821600
1669049152748,right,acc,0.2513911724090576,-0.40701428055763245,9.914389610290527,1720123605439798600
1669049152769,right,acc,0.22266076505184174,-0.47165772318840027,9.873687744140625,1720123605447769800
1669049152827,right,acc,0.23702596127986908,-0.3687070608139038,9.859322547912598,1720123605457770000
1669049152869,right,acc,0.28730419278144836,-0.4692635238170624,9.890447616577148,1720123605468282200
1669049152909,right,acc,0.272938996553421,-0.4596867263317108,9.926360130310059,1720123605475279900
1669049152930,right,acc,0.35434186458587646,-0.45250412821769714,9.871294021606445,1720123605486280700
1669049152969,right,acc,0.24181437492370605,-0.5530605912208557,9.928754806518555,1720123605496281700
1669049153010,right,acc,0.26815059781074524,-0.4357447028160095,9.974244117736816,1720123605507281000
1669049153050,right,acc,0.2849099934101105,-0.4189853072166443,9.84256362915039,1720123605516292200
1669049153110,right,acc,0.3471592366695404,-0.4620809257030487,9.873687744140625,1720123605531280100
1669049153150,right,acc,0.20111294090747833,-0.3902548849582672,9.916783332824707,1720123605538280900
1669049153191,right,acc,0.2346317619085312,-0.524330198764801,9.959878921508789,1720123605550285300
1669049153236,right,acc,0.24899697303771973,-0.40701428055763245,9.895236015319824,1720123605563797800
1669049153278,right,acc,0.3064578175544739,-0.4189853072166443,9.90241813659668,1720123605571800500
1669049153292,right,acc,0.2537853717803955,-0.4405331015586853,9.871294021606445,1720123605581798100
1669049153314,right,acc,0.2537853717803955,-0.38546648621559143,9.923966407775879,1720123605589798200
1669049153351,right,acc,0.2968810200691223,-0.44771572947502136,9.9000244140625,1720123605610810600
1669049153392,right,acc,0.3064578175544739,-0.45489832758903503,9.914389610290527,1720123605618800700
1669049153433,right,acc,0.2825157940387726,-0.4644751250743866,9.876082420349121,1720123605630797900
1669049153472,right,acc,0.304063618183136,-0.42616790533065796,9.923966407775879,1720123605639800100
1669049153512,right,acc,0.2753331959247589,-0.4884171485900879,9.93354320526123,1720123605649803500
1669049153553,right,acc,0.3232172429561615,-0.5195417404174805,9.871294021606445,1720123605659803300
1669049153593,right,acc,0.3016694188117981,-0.37828385829925537,9.895236015319824,1720123605670314200
1669049153634,right,acc,0.2753331959247589,-0.4189853072166443,9.847352027893066,1720123605679313900
1669049153653,right,acc,0.2849099934101105,-0.4165911078453064,9.916783332824707,1720123605687313300
1669049153718,right,acc,0.2585737705230713,-0.44771572947502136,9.919178009033203,1720123605697313600
1669049153754,right,acc,0.26815059781074524,-0.4572925269603729,9.928754806518555,1720123605708313200
1669049153799,right,acc,0.2801215946674347,-0.4644751250743866,9.890447616577148,1720123605715312900
1669049153835,right,acc,0.28730419278144836,-0.43095630407333374,9.9000244140625,1720123605730313300
1669049153874,right,acc,0.23942017555236816,-0.4118026793003082,9.888052940368652,1720123605738313400
1669049153914,right,acc,0.31364041566848755,-0.4429273009300232,9.883264541625977,1720123605750316500
1669049153955,right,acc,0.2944868206977844,-0.4596867263317108,9.892841339111328,1720123605757351600
1669049153996,right,acc,0.28730419278144836,-0.42616790533065796,9.923966407775879,1720123605770896400
1669049154039,right,acc,0.2968810200691223,-0.47644615173339844,9.914389610290527,1720123605778885300
1669049154080,right,acc,0.26815059781074524,-0.42856210470199585,9.916783332824707,1720123605786860700
1669049154099,right,acc,0.3208230137825012,-0.49559974670410156,9.871294021606445,1720123605796862000
1669049154159,right,acc,0.40222588181495667,-0.5003881454467773,9.840168952941895,1720123605811862700
1669049154201,right,acc,0.26575639843940735,-0.4405331015586853,9.897629737854004,1720123605819862200
1669049154241,right,acc,0.31842881441116333,-0.47165772318840027,9.871294021606445,1720123605829860600
1669049154261,right,acc,0.2753331959247589,-0.5123591423034668,9.883264541625977,1720123605837862500
1669049154302,right,acc,0.3447650372982025,-0.507570743560791,9.86650562286377,1720123605849864800
1669049154340,right,acc,0.2537853717803955,-0.4572925269603729,9.823410034179688,1720123605858865500
1669049154382,right,acc,0.2944868206977844,-0.4644751250743866,9.856928825378418,1720123605869377200
1669049154422,right,acc,0.26815059781074524,-0.47165772318840027,9.86889934539795,1720123605876377600
1669049154462,right,acc,0.33039984107017517,-0.4429273009300232,9.897629737854004,1720123605886377900
1669049154503,right,acc,0.31364041566848755,-0.43335050344467163,9.864110946655273,1720123605895398000
1669049154542,right,acc,0.3280056416988373,-0.5027823448181152,9.928754806518555,1720123605903376100
1669049154579,right,acc,0.3711012601852417,-0.48602294921875,9.873687744140625,1720123605911376300
1669049154623,right,acc,0.3232172429561615,-0.49559974670410156,9.859322547912598,1720123605920378700
1669049154664,right,acc,0.26575639843940735,-0.47884035110473633,9.859322547912598,1720123605929378600
1669049154680,right,acc,0.33039984107017517,-0.40701428055763245,9.880870819091797,1720123605938377500
1669049154720,right,acc,0.31842881441116333,-0.43335050344467163,9.849745750427246,1720123605949424200
1669049154759,right,acc,0.29209262132644653,-0.43335050344467163,9.864110946655273,1720123605957388900
1669049154799,right,acc,0.3232172429561615,-0.4884171485900879,9.931148529052734,1720123605968964700
1669049154901,right,acc,0.2825157940387726,-0.5195417404174805,9.888052940368652,1720123605997931300
1669049154919,right,acc,0.3447650372982025,-0.4429273009300232,9.885659217834473,1720123606009962700
1669049154959,right,acc,0.304063618183136,-0.4381389021873474,9.892841339111328,1720123606018931200
1669049155000,right,acc,0.2849099934101105,-0.5147533416748047,9.890447616577148,1720123606030931800
1669049155062,right,acc,0.2513911724090576,-0.4884171485900879,9.856928825378418,1720123606038932600
1669049155102,right,acc,0.28730419278144836,-0.4357447028160095,9.880870819091797,1720123606050941100
1669049155125,right,acc,0.29209262132644653,-0.42616790533065796,9.926360130310059,1720123606059941400
1669049155186,right,acc,0.3232172429561615,-0.4620809257030487,9.911994934082031,1720123606072453900
1669049155225,right,acc,0.2968810200691223,-0.4596867263317108,9.859322547912598,1720123606078453500
1669049155246,right,acc,0.304063618183136,-0.43095630407333374,9.880870819091797,1720123606089470800
1669049155285,right,acc,0.28730419278144836,-0.44532153010368347,9.849745750427246,1720123606096981900
1669049155325,right,acc,0.3232172429561615,-0.44532153010368347,9.9000244140625,1720123606108981400
1669049155367,right,acc,0.2849099934101105,-0.4644751250743866,9.923966407775879,1720123606117980000
1669049155404,right,acc,0.2561795711517334,-0.49799394607543945,9.825803756713867,1720123606130981000
1669049155462,right,acc,0.33039984107017517,-0.47884035110473633,9.931148529052734,1720123606137980700
1669049155505,right,acc,0.19632454216480255,-0.4668693244457245,9.847352027893066,1720123606153003400
1669049155549,right,acc,0.2992752194404602,-0.4596867263317108,9.873687744140625,1720123606162490900
1669049155584,right,acc,0.2944868206977844,-0.4405331015586853,9.847352027893066,1720123606171495500
1669049155628,right,acc,0.26575639843940735,-0.5626373887062073,9.84495735168457,1720123606179496300
1669049155668,right,acc,0.2537853717803955,-0.5051765441894531,9.797073364257812,1720123606191496000
1669049155705,right,acc,0.26575639843940735,-0.47644615173339844,9.825803756713867,1720123606199496000
1669049155750,right,acc,0.26336219906806946,-0.4620809257030487,9.84256362915039,1720123606211496300
1669049155788,right,acc,0.2322375625371933,-0.4429273009300232,9.873687744140625,1720123606218502200
1669049155826,right,acc,0.2513911724090576,-0.4620809257030487,9.821015357971191,1720123606226497200
1669049155871,right,acc,0.28730419278144836,-0.49320554733276367,9.780313491821289,1720123606237504400
1669049155908,right,acc,0.31842881441116333,-0.4381389021873474,9.876082420349121,1720123606245494900
1669049155949,right,acc,0.31842881441116333,-0.45489832758903503,9.832986831665039,1720123606255503100
1669049155990,right,acc,0.27054479718208313,-0.42377370595932007,9.86889934539795,1720123606264016300
1669049156028,right,acc,0.2992752194404602,-0.35434186458587646,9.80904483795166,1720123606271016800
1669049156073,right,acc,0.363918662071228,-0.3998316824436188,9.923966407775879,1720123606278015800
1669049156110,right,acc,0.3016694188117981,-0.4189853072166443,9.895236015319824,1720123606287014600
1669049156151,right,acc,0.24899697303771973,-0.47644615173339844,9.849745750427246,1720123606294014600
1669049156188,right,acc,0.2801215946674347,-0.4668693244457245,9.864110946655273,1720123606302024800
1669049156212,right,acc,0.33039984107017517,-0.47884035110473633,9.888052940368652,1720123606309016600
1669049156251,right,acc,0.272938996553421,-0.395043283700943,9.849745750427246,1720123606318016600
1669049156291,right,acc,0.27054479718208313,-0.40940847992897034,9.93354320526123,1720123606328016500
1669049156331,right,acc,0.2944868206977844,-0.43095630407333374,9.859322547912598,1720123606335016100
1669049156371,right,acc,0.3064578175544739,-0.38546648621559143,9.84495735168457,1720123606343016200
1669049156412,right,acc,0.29209262132644653,-0.5099649429321289,9.821015357971191,1720123606349023600
1669049156451,right,acc,0.2849099934101105,-0.5626373887062073,9.897629737854004,1720123606357022200
1669049156491,right,acc,0.272938996553421,-0.38307225704193115,9.840168952941895,1720123606370553500
1669049156554,right,acc,0.3064578175544739,-0.4620809257030487,9.856928825378418,1720123606376547400
1669049156573,right,acc,0.33518823981285095,-0.5195417404174805,9.816226959228516,1720123606385546900
1669049156630,right,acc,0.3232172429561615,-0.4668693244457245,9.84256362915039,1720123606391546800
1669049156650,right,acc,0.24420857429504395,-0.49559974670410156,9.86650562286377,1720123606398548600
1669049156688,right,acc,0.2777273952960968,-0.40701428055763245,9.864110946655273,1720123606405547100
1669049156728,right,acc,0.31603461503982544,-0.4836287498474121,9.895236015319824,1720123606413550800
1669049156774,right,acc,0.2537853717803955,-0.43335050344467163,9.890447616577148,1720123606421546600
1669049156812,right,acc,0.3208230137825012,-0.45010992884635925,9.919178009033203,1720123606429549500
1669049156853,right,acc,0.26815059781074524,-0.45489832758903503,9.801861763000488,1720123606439548500
1669049156897,right,acc,0.2968810200691223,-0.35673606395721436,9.890447616577148,1720123606448552800
1669049156933,right,acc,0.24899697303771973,-0.42377370595932007,9.801861763000488,1720123606456552900
1669049156974,right,acc,0.2801215946674347,-0.47405192255973816,9.837775230407715,1720123606468067900
1669049157033,right,acc,0.304063618183136,-0.42377370595932007,9.830592155456543,1720123606476070200
1669049157055,right,acc,0.2537853717803955,-0.4692635238170624,9.804255485534668,1720123606484068200
1669049157094,right,acc,0.3758896589279175,-0.44532153010368347,9.861717224121094,1720123606490070300
1669049157133,right,acc,0.2753331959247589,-0.40701428055763245,9.873687744140625,1720123606496069200
1669049157174,right,acc,0.33039984107017517,-0.45250412821769714,9.86889934539795,1720123606502069700
1669049157215,right,acc,0.3495534360408783,-0.47165772318840027,9.818621635437012,1720123606511069300
1669049157255,right,acc,0.33279404044151306,-0.5195417404174805,9.9000244140625,1720123606519068900
1669049157294,right,acc,0.2968810200691223,-0.4692635238170624,9.86889934539795,1720123606531088100
1669049157332,right,acc,0.33279404044151306,-0.4165911078453064,9.813833236694336,1720123606540068200
1669049157376,right,acc,0.33039984107017517,-0.42377370595932007,9.864110946655273,1720123606549071900
1669049157395,right,acc,0.31364041566848755,-0.4692635238170624,9.8784761428833,1720123606556072000
1669049157437,right,acc,0.2944868206977844,-0.4165911078453064,9.780313491821289,1720123606565584000
1669049157476,right,acc,0.3256114423274994,-0.4836287498474121,9.840168952941895,1720123606571583700
1669049157515,right,acc,0.3064578175544739,-0.42856210470199585,9.804255485534668,1720123606579585200
1669049157557,right,acc,0.3256114423274994,-0.42377370595932007,9.856928825378418,1720123606594633300
1669049157577,right,acc,0.24420857429504395,-0.5003881454467773,9.744400978088379,1720123606603633200
1669049157617,right,acc,0.3495534360408783,-0.4692635238170624,9.84256362915039,1720123606611632600
1669049157658,right,acc,0.2801215946674347,-0.4644751250743866,9.837775230407715,1720123606619634500
1669049157695,right,acc,0.27054479718208313,-0.43335050344467163,9.840168952941895,1720123606630634800
1669049157714,right,acc,0.2753331959247589,-0.4620809257030487,9.84495735168457,1720123606640633200
1669049157754,right,acc,0.33279404044151306,-0.47405192255973816,9.801861763000488,1720123606651708600
1669049157817,right,acc,0.2585737705230713,-0.42856210470199585,9.856928825378418,1720123606660716800
1669049157836,right,acc,0.2801215946674347,-0.4118026793003082,9.816226959228516,1720123606669229100
1669049157877,right,acc,0.3016694188117981,-0.5027823448181152,9.856928825378418,1720123606680264200
1669049157937,right,acc,0.3974374830722809,-0.47405192255973816,9.8784761428833,1720123606692227800
1669049157978,right,acc,0.26096799969673157,-0.3926490843296051,9.80904483795166,1720123606700226800
1669049158022,right,acc,0.3256114423274994,-0.545877993106842,9.84256362915039,1720123606711227600
1669049158039,right,acc,0.3208230137825012,-0.4405331015586853,9.823410034179688,1720123606720226300
1669049158079,right,acc,0.3447650372982025,-0.43335050344467163,9.880870819091797,1720123606730227600
1669049158120,right,acc,0.30885201692581177,-0.5099649429321289,9.86650562286377,1720123606740228500
1669049158158,right,acc,0.3232172429561615,-0.42856210470199585,9.775525093078613,1720123606751231000
1669049158200,right,acc,0.31842881441116333,-0.45010992884635925,9.871294021606445,1720123606760254300
1669049158239,right,acc,0.2968810200691223,-0.47644615173339844,9.849745750427246,1720123606771743300
1669049158281,right,acc,0.2992752194404602,-0.49320554733276367,9.823410034179688,1720123606778743300
1669049158316,right,acc,0.26575639843940735,-0.42377370595932007,9.888052940368652,1720123606791298600
1669049158341,right,acc,0.30885201692581177,-0.4692635238170624,9.873687744140625,1720123606800296500
1669049158382,right,acc,0.31842881441116333,-0.49320554733276367,9.821015357971191,1720123606813262400
1669049158419,right,acc,0.2513911724090576,-0.44771572947502136,9.787496566772461,1720123606821261000
1669049158481,right,acc,0.304063618183136,-0.4189853072166443,9.837775230407715,1720123606833260600
1669049158520,right,acc,0.2992752194404602,-0.4165911078453064,9.864110946655273,1720123606843261600
1669049158561,right,acc,0.3280056416988373,-0.4836287498474121,9.77791976928711,1720123606852265800
1669049158582,right,acc,0.2968810200691223,-0.4620809257030487,9.832986831665039,1720123606865788600
1669049158639,right,acc,0.3256114423274994,-0.44532153010368347,9.888052940368652,1720123606874788500
1669049158682,right,acc,0.26336219906806946,-0.5123591423034668,9.828198432922363,1720123606884789300
1669049158722,right,acc,0.26096799969673157,-0.3926490843296051,9.892841339111328,1720123606895789900
1669049158762,right,acc,0.2801215946674347,-0.49559974670410156,9.864110946655273,1720123606905789300
1669049158802,right,acc,0.22505496442317963,-0.4357447028160095,9.859322547912598,1720123606915787900
