sw_epoch_ms,wrist_position,sensor_type,value_X_Axis,value_Y_Axis,value_Z_Axis,server_epoch_ms
1708787636192,left,acc,-0.5817909836769104,-1.7166426181793213,9.119514465332031,1720123582414171900
1708787636212,left,acc,-0.5267243981361389,-1.742978811264038,9.205705642700195,1720123582425708800
1708787636234,left,acc,-0.7493851184844971,-1.659181833267212,9.57201862335205,1720123582434143300
1708787636253,left,acc,-0.667982280254364,-2.049436569213867,9.998186111450195,1720123582441142900
1708787636292,left,acc,-0.7398083209991455,-1.455674648284912,9.832986831665039,1720123582449652900
1708787636333,left,acc,-0.5793967843055725,-1.8746598958969116,9.41639518737793,1720123582456653600
1708787636393,left,acc,-0.8044517636299133,-2.7317841053009033,9.502586364746094,1720123582466655800
1708787636413,left,acc,-0.9313444495201111,-2.669534921646118,9.131484985351562,1720123582472651300
1708787636454,left,acc,-0.7996633648872375,-2.408566951751709,9.696516990661621,1720123582481650700
1708787636494,left,acc,-0.5817909836769104,-3.0334534645080566,10.66137981414795,1720123582489651500
1708787636533,left,acc,-0.5003881454467773,-4.031835556030273,9.387664794921875,1720123582503653900
1708787636573,left,acc,-0.6368576288223267,-2.142810583114624,8.923190116882324,1720123582521653900
1708787636614,left,acc,-0.7805097699165344,-1.9847931861877441,8.954314231872559,1720123582533655700
1708787636655,left,acc,-0.608127236366272,-3.0597896575927734,9.454702377319336,1720123582541656300
1708787636694,left,acc,-0.5506663918495178,-1.9584569931030273,9.497797966003418,1720123582550991300
1708787636734,left,acc,-0.4884171485900879,-2.0039467811584473,9.897629737854004,1720123582558990300
1708787636774,left,acc,-0.6560112833976746,-2.7006595134735107,9.907206535339355,1720123582569992000
1708787636814,left,acc,-0.3064578175544739,-2.7078421115875244,9.327810287475586,1720123582577996200
1708787636855,left,acc,-0.3280056416988373,-1.7142484188079834,8.83699893951416,1720123582594991700
1708787636894,left,acc,-0.2298433631658554,-2.454056739807129,9.696516990661621,1720123582610994400
1708787636935,left,acc,-0.5434837937355042,-2.4851813316345215,9.677363395690918,1720123582619993000
1708787636976,left,acc,-0.8403648138046265,-2.7054479122161865,9.670180320739746,1720123582630999200
1708787637035,left,acc,-0.8140285611152649,-2.806004285812378,9.797073364257812,1720123582647511700
1708787637075,left,acc,-0.8690952062606812,-2.671929121017456,9.14345645904541,1720123582674509300
1708787637115,left,acc,-0.6703764796257019,-1.0199298858642578,9.390059471130371,1720123582684510000
1708787637175,left,acc,-0.19871874153614044,-2.2433669567108154,9.682151794433594,1720123582702509500
1708787637196,left,acc,-0.3016694188117981,-1.9967641830444336,9.593565940856934,1720123582710513600
1708787637236,left,acc,-0.33758243918418884,-2.6647465229034424,9.75637149810791,1720123582718511400
1708787637277,left,acc,-0.646434485912323,-2.719813108444214,9.658209800720215,1720123582730521900
1708787637316,left,acc,-0.7709329724311829,-2.9520506858825684,9.047688484191895,1720123582738517600
1708787637358,left,acc,-1.1659762859344482,-3.227383852005005,9.787496566772461,1720123582746031400
1708787637417,left,acc,-1.4987702369689941,-3.0885202884674072,9.14585018157959,1720123582760034000
1708787637437,left,acc,-0.9528923034667969,-2.03507137298584,9.198522567749023,1720123582770030000
1708787637477,left,acc,0.7374141216278076,-2.403778553009033,10.08437728881836,1720123582779029900
1708787637517,left,acc,0.07182604819536209,-2.3582887649536133,9.567230224609375,1720123582793033500
1708787637558,left,acc,-0.6775590777397156,-1.8531121015548706,9.148244857788086,1720123582811035800
1708787637658,left,acc,-0.5650315880775452,-2.145204782485962,9.66299819946289,1720123582856575600
1708787637678,left,acc,-0.4836287498474121,-2.7269957065582275,9.801861763000488,1720123582866575800
1708787637738,left,acc,-0.4620809257030487,-1.5490485429763794,9.311050415039062,1720123582889575100
1708787637759,left,acc,-0.35434186458587646,-1.292868971824646,9.612719535827637,1720123582899576400
1708787637799,left,acc,-0.2968810200691223,-1.039083480834961,9.787496566772461,1720123582920575700
1708787637862,left,acc,-0.35673606395721436,0.10773907601833344,9.938331604003906,1720123582937583700
1708787637900,left,acc,0.05985504388809204,-0.1388636976480484,9.519346237182617,1720123582947609600
1708787637942,left,acc,-0.2082955539226532,-0.8978256583213806,8.621520042419434,1720123582957609400
1708787637982,left,acc,-0.10055647045373917,-2.185906171798706,8.676587104797363,1720123582966617100
1708787638023,left,acc,-0.38067805767059326,-3.045424461364746,10.153809547424316,1720123582974610300
1708787638063,left,acc,-1.070208191871643,-2.719813108444214,10.828974723815918,1720123582983614300
1708787638101,left,acc,-0.2801215946674347,-4.333505153656006,12.435483932495117,1720123582994610000
1708787638141,left,acc,-0.2992752194404602,-3.7493197917938232,10.915165901184082,1720123583003610200
1708787638183,left,acc,-0.24181437492370605,-3.6727054119110107,10.764330863952637,1720123583015612000
1708787638220,left,acc,-1.2425906658172607,-1.800439715385437,9.265560150146484,1720123583025610100
1708787638261,left,acc,-1.6639702320098877,1.4844050407409668,8.312667846679688,1720123583034620100
1708787638301,left,acc,-0.950498104095459,1.9321208000183105,8.449137687683105,1720123583056700600
1708787638365,left,acc,-0.1412578970193863,2.456450939178467,9.59596061706543,1720123583071712700
1708787638387,left,acc,0.08140286058187485,2.0901381969451904,9.552865028381348,1720123583081698600
1708787638424,left,acc,0.5602431893348694,1.3024457693099976,8.616731643676758,1720123583096701100
1708787638484,left,acc,0.22026655077934265,0.5578489899635315,9.555258750915527,1720123583106700000
1708787638503,left,acc,0.3926490843296051,1.216254472732544,9.488221168518066,1720123583330823200
1708787638905,left,acc,-1.3335703611373901,-0.33758243918418884,10.340557098388672,1720123583341772000
1708787638926,left,acc,-0.6248866319656372,-2.82515811920166,11.793837547302246,1720123583353349600
1708787638966,left,acc,-0.507570743560791,-1.7070658206939697,11.88002872467041,1720123583364348200
1708787639006,left,acc,-1.766920804977417,-4.383783340454102,11.166556358337402,1720123583377357300
1708787639067,left,acc,-0.950498104095459,-3.2082302570343018,10.788272857666016,1720123583396329100
1708787639108,left,acc,-0.8547300100326538,-1.7549498081207275,9.730035781860352,1720123583407319200
1708787639147,left,acc,-0.4381389021873474,-1.1994950771331787,9.114726066589355,1720123583426348900
1708787639187,left,acc,-0.023942016065120697,-1.7764976024627686,9.66539192199707,1720123583441334800
1708787639227,left,acc,-0.5219359993934631,-1.1875240802764893,9.516951560974121,1720123583456864300
1708787639246,left,acc,-0.4405331015586853,-0.9433154463768005,9.765948295593262,1720123583468867900
1708787639291,left,acc,-0.45489832758903503,-1.2856862545013428,10.022128105163574,1720123583499863000
1708787639328,left,acc,-0.3926490843296051,-0.8331822156906128,9.792284965515137,1720123583528898000
1708787639368,left,acc,-0.4141969084739685,-1.7597382068634033,9.552865028381348,1720123583548492800
1708787639428,left,acc,-0.3423708379268646,-1.3311761617660522,9.521739959716797,1720123583562459600
1708787639469,left,acc,-0.38546648621559143,-0.8451532125473022,9.873687744140625,1720123583571460400
1708787639508,left,acc,-0.5434837937355042,-0.9361328482627869,9.950302124023438,1720123583579454400
1708787639527,left,acc,-0.38067805767059326,-1.482010841369629,9.84256362915039,1720123583596484500
1708787639589,left,acc,-0.5937620401382446,-1.381454348564148,9.526528358459473,1720123583610470200
1708787639609,left,acc,-0.5770025849342346,-1.5514427423477173,9.696516990661621,1720123583627128400
1708787639669,left,acc,-0.6177040338516235,-1.4077905416488647,9.586383819580078,1720123583637579600
1708787639709,left,acc,-0.4213795065879822,-1.256955862045288,9.5624418258667,1720123583646190400
1708787639749,left,acc,-0.6224924325942993,-1.4844050407409668,9.84495735168457,1720123583657164200
1708787639789,left,acc,-0.49559974670410156,-1.4173674583435059,9.880870819091797,1720123583668130800
1708787639828,left,acc,-0.4381389021873474,-1.2234370708465576,9.746794700622559,1720123583684140900
1708787639870,left,acc,-0.38067805767059326,-1.599326729774475,8.834604263305664,1720123583697134300
1708787639909,left,acc,-0.6751648783683777,-1.3551181554794312,10.429142951965332,1720123583709132300
1708787639971,left,acc,-0.07900865375995636,-1.7094600200653076,9.634267807006836,1720123583733148900
1708787640008,left,acc,-0.26815059781074524,-1.0606313943862915,8.968679428100586,1720123583748718700
1708787640030,left,acc,-0.5291185975074768,-1.1013327836990356,9.215282440185547,1720123583763718800
1708787640090,left,acc,-0.9074024558067322,-1.8411411046981812,9.830592155456543,1720123583776700100
1708787640132,left,acc,-0.7086837291717529,-1.8938134908676147,9.555258750915527,1720123583788683300
1708787640171,left,acc,-0.6536170840263367,-1.455674648284912,9.363722801208496,1720123583798727500
1708787640210,left,acc,-0.9145850539207458,-2.363077163696289,9.636661529541016,1720123583808720200
1708787640250,left,acc,-1.158793568611145,-2.5977089405059814,9.658209800720215,1720123583826425100
1708787640291,left,acc,-1.1683704853057861,-2.669534921646118,9.35893440246582,1720123583837430900
1708787640335,left,acc,-1.2976573705673218,-2.9688100814819336,9.464279174804688,1720123583857011100
1708787640391,left,acc,-1.335964560508728,-2.9520506858825684,9.643844604492188,1720123583875002900
1708787640430,left,acc,-1.1252747774124146,-3.1435868740081787,9.916783332824707,1720123583885977000
1708787640473,left,acc,-1.048660397529602,-2.9879636764526367,10.086771965026855,1720123583901976700
1708787640511,left,acc,-1.015141487121582,-1.9967641830444336,9.35654067993164,1720123583913013800
1708787640551,left,acc,0.13168109953403473,-0.9600749015808105,8.832210540771484,1720123583925975600
1708787640593,left,acc,0.22266076505184174,-1.5442601442337036,8.310274124145508,1720123583935983600
1708787640630,left,acc,-0.6177040338516235,-1.7621324062347412,9.279925346374512,1720123583946590000
1708787640672,left,acc,-0.8236053586006165,-2.1787235736846924,10.769119262695312,1720123583954592100
1708787640713,left,acc,-0.7206547260284424,-2.698265314102173,9.931148529052734,1720123583964599100
1708787640752,left,acc,-0.5506663918495178,-2.5258827209472656,9.533711433410645,1720123583975592600
1708787640793,left,acc,-0.3711012601852417,-1.800439715385437,9.133879661560059,1720123583985557700
1708787640833,left,acc,-0.7110779285430908,-2.0422539710998535,9.478644371032715,1720123583995574400
1708787640876,left,acc,-0.7374141216278076,-1.6304513216018677,9.99100399017334,1720123584005617600
1708787640913,left,acc,-0.7110779285430908,-2.118868589401245,9.583989143371582,1720123584015590100
1708787640933,left,acc,-0.6177040338516235,-2.0446481704711914,9.701305389404297,1720123584036609700
1708787640993,left,acc,-0.646434485912323,-2.0853497982025146,9.47146224975586,1720123584045609500
1708787641033,left,acc,-0.6799532771110535,-1.6879122257232666,9.758766174316406,1720123584053990900
1708787641054,left,acc,-0.5961562395095825,-2.123656988143921,9.653421401977539,1720123584066993000
1708787641113,left,acc,-0.7086837291717529,-2.027888774871826,9.35654067993164,1720123584077958500
1708787641136,left,acc,-0.47884035110473633,-1.8124107122421265,9.44752025604248,1720123584099959500
1708787641175,left,acc,-0.6488286852836609,-1.8124107122421265,9.53849983215332,1720123584115992200
1708787641213,left,acc,-0.7541735172271729,-1.7836803197860718,9.63187313079834,1720123584148547800
1708787641259,left,acc,-0.47884035110473633,-1.9345149993896484,9.840168952941895,1720123584155548500
1708787641294,left,acc,-0.5291185975074768,-1.867477297782898,9.361329078674316,1720123584161513100
1708787641334,left,acc,-0.7110779285430908,-1.968033790588379,9.425971984863281,1720123584170546900
1708787641375,left,acc,-0.6368576288223267,-2.073378562927246,9.775525093078613,1720123584177546600
1708787641415,left,acc,-0.6823474764823914,-1.889025092124939,9.097966194152832,1720123584194545800
1708787641454,left,acc,-0.5650315880775452,-2.1547815799713135,10.093954086303711,1720123584204548100
1708787641517,left,acc,-0.6799532771110535,-1.6352397203445435,9.32541561126709,1720123584218514800
1708787641555,left,acc,-0.5099649429321289,-1.778891921043396,9.239224433898926,1720123584226513500
1708787641595,left,acc,-0.6153098344802856,-2.126051187515259,9.459490776062012,1720123584236563900
1708787641635,left,acc,-0.8403648138046265,-2.22660756111145,9.739612579345703,1720123584246104300
1708787641676,left,acc,-0.6799532771110535,-2.341529369354248,9.8784761428833,1720123584267150300
1708787641717,left,acc,-0.6320692300796509,-2.1092917919158936,9.390059471130371,1720123584275144500
1708787641776,left,acc,-0.811634361743927,-2.2361843585968018,9.588777542114258,1720123584287109400
1708787641796,left,acc,-0.751779317855835,-2.279279947280884,9.457097053527832,1720123584295699000
1708787641836,left,acc,-0.7589619159698486,-2.341529369354248,9.466673851013184,1720123584305733900
1708787641896,left,acc,-0.8379706144332886,-2.3726539611816406,9.634267807006836,1720123584319700200
1708787641937,left,acc,-0.6871358752250671,-2.3487119674682617,9.425971984863281,1720123584328701800
1708787641977,left,acc,-0.7445967197418213,-2.099714994430542,9.583989143371582,1720123584337706300
1708787642037,left,acc,-0.7924807667732239,-2.3127987384796143,9.502586364746094,1720123584352216400
1708787642078,left,acc,-0.7134721279144287,-2.319981336593628,9.536105155944824,1720123584361217700
1708787642097,left,acc,-0.7206547260284424,-2.233790159225464,9.5408935546875,1720123584370216400
1708787642155,left,acc,-0.727837324142456,-2.387019157409668,9.667786598205566,1720123584386218100
1708787642197,left,acc,-0.7613561153411865,-2.5761611461639404,9.497797966003418,1720123584397242400
1708787642258,left,acc,-0.6631938815116882,-2.2218191623687744,9.524134635925293,1720123584408252100
1708787642298,left,acc,-0.608127236366272,-2.169146776199341,9.763554573059082,1720123584419216000
1708787642341,left,acc,-0.40940847992897034,-1.577778935432434,9.428366661071777,1720123584432219000
1708787642377,left,acc,-0.3447650372982025,-1.9632453918457031,9.41400146484375,1720123584442219600
1708787642416,left,acc,-0.6057330369949341,-1.9776105880737305,9.454702377319336,1720123584456788000
1708787642456,left,acc,-0.5410895943641663,-2.049436569213867,9.586383819580078,1720123584466754600
1708787642477,left,acc,-0.49320554733276367,-1.9081788063049316,9.679757118225098,1720123584476755300
1708787642518,left,acc,-0.5363011956214905,-2.0829553604125977,9.490615844726562,1720123584486755300
1708787642559,left,acc,-0.5722141861915588,-2.049436569213867,9.521739959716797,1720123584499755000
1708787642580,left,acc,-0.5602431893348694,-2.0638017654418945,9.615114212036133,1720123584511754800
1708787642619,left,acc,-0.6033388376235962,-2.0925323963165283,9.679757118225098,1720123584520754400
1708787642659,left,acc,-0.6057330369949341,-2.0207061767578125,9.59596061706543,1720123584533793000
1708787642699,left,acc,-0.5003881454467773,-2.118868589401245,9.607931137084961,1720123584545792000
1708787642737,left,acc,-0.5219359993934631,-2.0877439975738525,9.53849983215332,1720123584566248700
1708787642798,left,acc,-0.6392518281936646,-1.922544002532959,9.5408935546875,1720123584576284900
1708787642839,left,acc,-0.5291185975074768,-2.011129379272461,9.612719535827637,1720123584588281800
1708787642881,left,acc,-0.5961562395095825,-2.030282974243164,9.521739959716797,1720123584595266000
1708787642920,left,acc,-0.6392518281936646,-2.2026655673980713,9.603142738342285,1720123584605247200
1708787642959,left,acc,-0.629675030708313,-2.1475989818573,9.643844604492188,1720123584620279700
1708787642999,left,acc,-0.6847416758537292,-2.013523578643799,9.493009567260742,1720123584631271500
1708787643041,left,acc,-0.6655880808830261,-2.030282974243164,9.63187313079834,1720123584641270700
1708787643102,left,acc,-0.6033388376235962,-2.0159177780151367,9.545681953430176,1720123584654835100
1708787643141,left,acc,-0.6871358752250671,-2.0638017654418945,9.555258750915527,1720123584663835200
1708787643182,left,acc,-0.6655880808830261,-2.1092917919158936,9.603142738342285,1720123584673854700
1708787643221,left,acc,-0.608127236366272,-2.2864625453948975,9.6989107131958,1720123584688869800
1708787643261,left,acc,-0.706289529800415,-2.164358377456665,9.481039047241211,1720123584697833800
1708787643301,left,acc,-0.7206547260284424,-2.2218191623687744,9.509769439697266,1720123584706838700
1708787643361,left,acc,-0.667982280254364,-2.1284453868865967,9.560047149658203,1720123584718832600
1708787643383,left,acc,-0.730231523513794,-2.1308395862579346,9.481039047241211,1720123584729833200
1708787643442,left,acc,-0.6943184733390808,-2.1811177730560303,9.524134635925293,1720123584739882700
1708787643483,left,acc,-0.7015010714530945,-2.1499931812286377,9.667786598205566,1720123584756453800
1708787643522,left,acc,-0.6607996821403503,-2.1068975925445557,9.583989143371582,1720123584767420100
1708787643583,left,acc,-0.7206547260284424,-2.166752576828003,9.603142738342285,1720123584777433900
1708787643622,left,acc,-0.6512228846549988,-2.1595699787139893,9.588777542114258,1720123584786416000
1708787643663,left,acc,-0.751779317855835,-2.2026655673980713,9.512163162231445,1720123584795450900
1708787643684,left,acc,-0.7158663272857666,-2.1475989818573,9.533711433410645,1720123584806415300
1708787643703,left,acc,-0.7038952708244324,-2.161964178085327,9.516951560974121,1720123584823449700
1708787643743,left,acc,-0.6967126727104187,-2.1595699787139893,9.581595420837402,1720123584831458600
1708787643783,left,acc,-0.7326257228851318,-2.255337953567505,9.497797966003418,1720123584840445400
1708787643822,left,acc,-0.8068459630012512,-2.1284453868865967,9.583989143371582,1720123584858299800
1708787643863,left,acc,-0.730231523513794,-2.142810583114624,9.581595420837402,1720123584868306100
1708787643923,left,acc,-0.7709329724311829,-2.054224967956543,9.619902610778809,1720123584886299500
1708787643964,left,acc,-0.7230489253997803,-2.188300371170044,9.576807022094727,1720123584897298600
1708787644004,left,acc,-0.7445967197418213,-2.126051187515259,9.521739959716797,1720123584907301300
1708787644064,left,acc,-0.751779317855835,-2.075772762298584,9.50737476348877,1720123584922297700
1708787644103,left,acc,-0.6536170840263367,-2.183511972427368,9.473855972290039,1720123584933303500
1708787644143,left,acc,-0.6991068720817566,-2.1356279850006104,9.47146224975586,1720123584943303000
1708787644185,left,acc,-0.7565677165985107,-2.1332337856292725,9.63187313079834,1720123584966849300
1708787644225,left,acc,-0.751779317855835,-2.1523873805999756,9.576807022094727,1720123584983547100
1708787644264,left,acc,-0.6775590777397156,-2.1308395862579346,9.579200744628906,1720123584993045900
1708787644305,left,acc,-0.6919242739677429,-2.0398597717285156,9.528923034667969,1720123585003079000
1708787644365,left,acc,-0.7589619159698486,-2.097320795059204,9.560047149658203,1720123585012089500
1708787644386,left,acc,-0.730231523513794,-2.1332337856292725,9.579200744628906,1720123585021047500
1708787644425,left,acc,-0.6440402865409851,-2.0207061767578125,9.59835433959961,1720123585031073300
1708787644465,left,acc,-0.7805097699165344,-2.0661959648132324,9.576807022094727,1720123585039055600
1708787644525,left,acc,-0.706289529800415,-2.1380221843719482,9.53849983215332,1720123585051641500
1708787644545,left,acc,-0.6631938815116882,-2.1116859912872314,9.526528358459473,1720123585060675400
1708787644587,left,acc,-0.6536170840263367,-2.0805611610412598,9.567230224609375,1720123585069663400
1708787644626,left,acc,-0.6871358752250671,-2.0877439975738525,9.655815124511719,1720123585078640200
1708787644665,left,acc,-0.7230489253997803,-1.9967641830444336,9.519346237182617,1720123585094664900
1708787644706,left,acc,-0.751779317855835,-2.1164743900299072,9.634267807006836,1720123585104640200
1708787644766,left,acc,-0.667982280254364,-2.0159177780151367,9.536105155944824,1720123585118642200
1708787644805,left,acc,-0.7422025203704834,-2.0853497982025146,9.581595420837402,1720123585132690600
1708787644845,left,acc,-0.7876923680305481,-2.1284453868865967,9.50737476348877,1720123585141687300
1708787644907,left,acc,-0.7254431247711182,-2.0590133666992188,9.521739959716797,1720123585157275100
1708787644927,left,acc,-0.7541735172271729,-2.0614075660705566,9.610325813293457,1720123585167286200
1708787644967,left,acc,-0.6536170840263367,-2.1116859912872314,9.641449928283691,1720123585177279100
1708787645027,left,acc,-0.7781155705451965,-2.1284453868865967,9.57201862335205,1720123585186241800
1708787645048,left,acc,-0.7565677165985107,-2.145204782485962,9.5408935546875,1720123585197259700
1708787645088,left,acc,-0.7948749661445618,-2.0877439975738525,9.593565940856934,1720123585206275100
1708787645150,left,acc,-0.7781155705451965,-2.166752576828003,9.670180320739746,1720123585234245800
1708787645189,left,acc,-0.8092401623725891,-2.078166961669922,9.57441234588623,1720123585243246600
1708787645251,left,acc,-0.7374141216278076,-2.1116859912872314,9.552865028381348,1720123585265637800
1708787645268,left,acc,-0.790086567401886,-2.1547815799713135,9.552865028381348,1720123585275638400
1708787645367,left,acc,-0.768538773059845,-2.075772762298584,9.53849983215332,1720123585308638200
1708787645407,left,acc,-0.7852981686592102,-2.1164743900299072,9.617507934570312,1720123585320679100
1708787645448,left,acc,-0.8092401623725891,-2.099714994430542,9.543288230895996,1720123585330638800
1708787645506,left,acc,-0.8643068075180054,-2.1571757793426514,9.57441234588623,1720123585340644400
1708787645546,left,acc,-0.7852981686592102,-2.1045033931732178,9.583989143371582,1720123585352183200
1708787645589,left,acc,-0.8259995579719543,-2.0925323963165283,9.509769439697266,1720123585359218800
1708787645627,left,acc,-0.727837324142456,-2.145204782485962,9.564835548400879,1720123585364183200
1708787645669,left,acc,-0.7948749661445618,-2.1547815799713135,9.555258750915527,1720123585371183100
1708787645729,left,acc,-0.8355764150619507,-2.169146776199341,9.560047149658203,1720123585386183200
1708787645769,left,acc,-0.8140285611152649,-2.188300371170044,9.560047149658203,1720123585394183000
1708787645830,left,acc,-0.8954314589500427,-2.1140801906585693,9.545681953430176,1720123585402185000
1708787645869,left,acc,-0.7948749661445618,-2.0638017654418945,9.552865028381348,1720123585410193900
1708787645912,left,acc,-0.849941611289978,-2.2409727573394775,9.531316757202148,1720123585417183300
1708787645950,left,acc,-0.7374141216278076,-2.1523873805999756,9.526528358459473,1720123585426183700
1708787645991,left,acc,-0.811634361743927,-2.1164743900299072,9.545681953430176,1720123585444284700
1708787646030,left,acc,-0.8188169598579407,-2.161964178085327,9.5624418258667,1720123585454811900
1708787646072,left,acc,-0.8930372595787048,-2.205059766769409,9.509769439697266,1720123585464775200
1708787646111,left,acc,-0.7781155705451965,-2.075772762298584,9.548076629638672,1720123585481774100
1708787646150,left,acc,-0.8331822156906128,-2.049436569213867,9.519346237182617,1720123585489811000
1708787646192,left,acc,-0.8259995579719543,-2.2361843585968018,9.583989143371582,1720123585499770400
1708787646231,left,acc,-0.8212111592292786,-2.164358377456665,9.531316757202148,1720123585510770800
1708787646275,left,acc,-0.7948749661445618,-2.140416383743286,9.526528358459473,1720123585524770900
1708787646329,left,acc,-0.8379706144332886,-2.0614075660705566,9.514557838439941,1720123585534800600
1708787646369,left,acc,-0.8355764150619507,-2.1523873805999756,9.478644371032715,1720123585544798600
1708787646408,left,acc,-0.8092401623725891,-2.123656988143921,9.50737476348877,1720123585552354900
1708787646451,left,acc,-0.811634361743927,-2.0805611610412598,9.543288230895996,1720123585561355700
1708787646492,left,acc,-0.8451532125473022,-2.10210919380188,9.516951560974121,1720123585570390000
1708787646532,left,acc,-0.8092401623725891,-2.183511972427368,9.464279174804688,1720123585587354800
1708787646592,left,acc,-0.8092401623725891,-2.078166961669922,9.50737476348877,1720123585597355400
1708787646635,left,acc,-0.8762778043746948,-2.1308395862579346,9.615114212036133,1720123585607370900
1708787646673,left,acc,-0.8451532125473022,-2.209848165512085,9.5624418258667,1720123585618355700
1708787646713,left,acc,-0.7996633648872375,-2.209848165512085,9.57201862335205,1720123585629370700
1708787646752,left,acc,-0.8571242094039917,-2.145204782485962,9.581595420837402,1720123585638357100
1708787646793,left,acc,-0.8954314589500427,-2.1787235736846924,9.514557838439941,1720123585652866900
1708787646833,left,acc,-0.727837324142456,-2.0470423698425293,9.564835548400879,1720123585661870800
1708787646873,left,acc,-0.8068459630012512,-2.1140801906585693,9.57201862335205,1720123585671870300
1708787646913,left,acc,-0.8259995579719543,-2.0638017654418945,9.624691009521484,1720123585681969900
1708787646974,left,acc,-0.8475474119186401,-2.1356279850006104,9.50737476348877,1720123585694492100
1708787646994,left,acc,-0.8212111592292786,-2.123656988143921,9.581595420837402,1720123585702485200
1708787647032,left,acc,-0.768538773059845,-2.0877439975738525,9.576807022094727,1720123585710487400
1708787647096,left,acc,-0.751779317855835,-2.0901381969451904,9.493009567260742,1720123585727485500
1708787647114,left,acc,-0.7469909191131592,-2.1164743900299072,9.543288230895996,1720123585739493900
1708787647154,left,acc,-0.7565677165985107,-2.126051187515259,9.567230224609375,1720123585749013900
1708787647213,left,acc,-0.7996633648872375,-2.1571757793426514,9.524134635925293,1720123585764012100
1708787647254,left,acc,-0.7613561153411865,-2.078166961669922,9.550470352172852,1720123585778008400
1708787647299,left,acc,-0.7781155705451965,-2.1380221843719482,9.536105155944824,1720123585790009400
1708787647335,left,acc,-0.7852981686592102,-2.070984363555908,9.560047149658203,1720123585820008400
1708787647375,left,acc,-0.7948749661445618,-2.070984363555908,9.552865028381348,1720123585832014400
1708787647435,left,acc,-0.828393816947937,-2.0829553604125977,9.564835548400879,1720123585850521200
1708787647455,left,acc,-0.7637503147125244,-2.032677173614502,9.593565940856934,1720123585860531200
1708787647515,left,acc,-0.7015010714530945,-2.078166961669922,9.57201862335205,1720123585881523200
1708787647574,left,acc,-0.7829039692878723,-2.070984363555908,9.514557838439941,1720123585890520800
1708787647597,left,acc,-0.7972691655158997,-2.056619167327881,9.550470352172852,1720123585900548700
1708787647656,left,acc,-0.7493851184844971,-2.1140801906585693,9.583989143371582,1720123585911521500
1708787647675,left,acc,-0.7948749661445618,-2.0805611610412598,9.619902610778809,1720123585922556500
1708787647715,left,acc,-0.7422025203704834,-2.0638017654418945,9.509769439697266,1720123585931522900
1708787647773,left,acc,-0.7541735172271729,-2.0374655723571777,9.603142738342285,1720123585944528500
1708787647794,left,acc,-0.7852981686592102,-2.121262788772583,9.610325813293457,1720123585953036800
1708787647833,left,acc,-0.8619126081466675,-2.0422539710998535,9.603142738342285,1720123585961036300
1708787647873,left,acc,-0.706289529800415,-2.1092917919158936,9.545681953430176,1720123585972036500
1708787647913,left,acc,-0.8044517636299133,-2.0422539710998535,9.59596061706543,1720123585982035000
1708787647954,left,acc,-0.8020575642585754,-2.0446481704711914,9.567230224609375,1720123585990038600
1708787647997,left,acc,-0.7852981686592102,-2.1499931812286377,9.622296333312988,1720123585998077500
1708787648037,left,acc,-0.8044517636299133,-2.1045033931732178,9.526528358459473,1720123586006070800
1708787648077,left,acc,-0.8379706144332886,-2.1092917919158936,9.622296333312988,1720123586016035800
1708787648118,left,acc,-0.7876923680305481,-2.051830768585205,9.557653427124023,1720123586026074200
1708787648156,left,acc,-0.7805097699165344,-2.0159177780151367,9.512163162231445,1720123586034078500
1708787648222,left,acc,-0.7805097699165344,-2.1092917919158936,9.607931137084961,1720123586043722900
1708787648238,left,acc,-0.7876923680305481,-1.9991583824157715,9.615114212036133,1720123586055204300
1708787648278,left,acc,-0.8259995579719543,-2.0207061767578125,9.622296333312988,1720123586063241200
1708787648321,left,acc,-0.8331822156906128,-2.0925323963165283,9.524134635925293,1720123586073243800
1708787648358,left,acc,-0.8690952062606812,-2.0685901641845703,9.5408935546875,1720123586082243900
1708787648399,left,acc,-0.8020575642585754,-2.0638017654418945,9.569623947143555,1720123586090240200
1708787648437,left,acc,-0.8164227604866028,-2.0877439975738525,9.5624418258667,1720123586098204500
1708787648479,left,acc,-0.8355764150619507,-2.1045033931732178,9.497797966003418,1720123586107204600
1708787648517,left,acc,-0.8810662031173706,-2.1715409755706787,9.548076629638672,1720123586115202100
1708787648556,left,acc,-0.7637503147125244,-2.145204782485962,9.579200744628906,1720123586126202700
1708787648597,left,acc,-0.8355764150619507,-2.0159177780151367,9.500192642211914,1720123586136218700
1708787648637,left,acc,-0.8595184087753296,-2.1045033931732178,9.579200744628906,1720123586144212100
1708787648678,left,acc,-0.8379706144332886,-2.1595699787139893,9.583989143371582,1720123586154727500
1708787648719,left,acc,-0.8762778043746948,-2.2433669567108154,9.536105155944824,1720123586163728400
1708787648759,left,acc,-0.8212111592292786,-2.073378562927246,9.57441234588623,1720123586171760400
1708787648801,left,acc,-0.8619126081466675,-2.073378562927246,9.526528358459473,1720123586181726200
1708787648839,left,acc,-0.9289502501487732,-2.118868589401245,9.588777542114258,1720123586191726500
1708787648880,left,acc,-0.8427590131759644,-2.2625205516815186,9.550470352172852,1720123586199763100
1708787648920,left,acc,-0.7781155705451965,-2.1811177730560303,9.500192642211914,1720123586209767700
1708787648960,left,acc,-0.8834604024887085,-2.169146776199341,9.548076629638672,1720123586219727000
1708787649001,left,acc,-0.8236053586006165,-2.161964178085327,9.497797966003418,1720123586228727900
1708787649042,left,acc,-0.9409212470054626,-2.145204782485962,9.550470352172852,1720123586237732600
1708787649078,left,acc,-0.8978256583213806,-2.0877439975738525,9.552865028381348,1720123586246766300
1708787649122,left,acc,-0.9433154463768005,-2.0877439975738525,9.543288230895996,1720123586255844000
1708787649159,left,acc,-0.8978256583213806,-2.0398597717285156,9.586383819580078,1720123586265845000
1708787649201,left,acc,-0.8643068075180054,-2.0446481704711914,9.583989143371582,1720123586273844600
1708787649245,left,acc,-0.8906430602073669,-2.2385785579681396,9.519346237182617,1720123586283845000
1708787649281,left,acc,-0.8786720037460327,-2.205059766769409,9.555258750915527,1720123586292844600
1708787649322,left,acc,-0.7781155705451965,-2.1978771686553955,9.59596061706543,1720123586301844100
1708787649361,left,acc,-0.7948749661445618,-2.121262788772583,9.524134635925293,1720123586309845400
1708787649403,left,acc,-0.8786720037460327,-2.1045033931732178,9.555258750915527,1720123586318871000
1708787649441,left,acc,-0.8858546018600464,-2.1811177730560303,9.564835548400879,1720123586328846700
1708787649482,left,acc,-0.9050082564353943,-2.3271639347076416,9.57201862335205,1720123586338919900
1708787649522,left,acc,-0.7972691655158997,-2.255337953567505,9.533711433410645,1720123586346884000
1708787649562,left,acc,-0.7733271718025208,-2.1763293743133545,9.557653427124023,1720123586356765100
1708787649603,left,acc,-0.8786720037460327,-2.2625205516815186,9.528923034667969,1720123586365798300
1708787649642,left,acc,-0.8906430602073669,-2.293645143508911,9.528923034667969,1720123586374798800
1708787649683,left,acc,-0.8906430602073669,-2.298433542251587,9.466673851013184,1720123586384798300
1708787649722,left,acc,-0.8810662031173706,-2.3080103397369385,9.526528358459473,1720123586395820400
1708787649762,left,acc,-0.8427590131759644,-2.3104045391082764,9.464279174804688,1720123586405798800
1708787649783,left,acc,-0.8451532125473022,-2.3247697353363037,9.53849983215332,1720123586413798400
1708787649823,left,acc,-0.8547300100326538,-2.3367409706115723,9.519346237182617,1720123586421798000
1708787649863,left,acc,-0.8810662031173706,-2.365471363067627,9.509769439697266,1720123586428801100
1708787649904,left,acc,-0.8571242094039917,-2.3750481605529785,9.466673851013184,1720123586439802900
1708787649943,left,acc,-0.8786720037460327,-2.3104045391082764,9.50737476348877,1720123586448336000
1708787649984,left,acc,-0.9241618514060974,-2.382230758666992,9.459490776062012,1720123586456340000
1708787650024,left,acc,-0.9217676520347595,-2.47560453414917,9.44991397857666,1720123586466305400
1708787650066,left,acc,-0.9026140570640564,-2.3367409706115723,9.550470352172852,1720123586474335800
1708787650105,left,acc,-0.8738836050033569,-2.43011474609375,9.526528358459473,1720123586483301200
1708787650144,left,acc,-0.9145850539207458,-2.3127987384796143,9.488221168518066,1720123586506302600
1708787650184,left,acc,-0.9217676520347595,-2.360682964324951,9.495404243469238,1720123586521302500
1708787650225,left,acc,-0.8379706144332886,-2.4444799423217773,9.390059471130371,1720123586529304100
1708787650268,left,acc,-0.8547300100326538,-2.4372973442077637,9.476250648498535,1720123586554183300
1708787650325,left,acc,-0.8882488012313843,-2.3989901542663574,9.47146224975586,1720123586565186400
1708787650345,left,acc,-0.9409212470054626,-2.382230758666992,9.478644371032715,1720123586574220700
1708787650385,left,acc,-0.950498104095459,-2.454056739807129,9.536105155944824,1720123586583183200
1708787650425,left,acc,-0.9050082564353943,-2.346317768096924,9.524134635925293,1720123586593183100
1708787650465,left,acc,-0.9074024558067322,-2.406172752380371,9.452308654785156,1720123586602183800
1708787650506,left,acc,-0.8355764150619507,-2.3487119674682617,9.564835548400879,1720123586611191900
1708787650566,left,acc,-0.871489405632019,-2.3965959548950195,9.457097053527832,1720123586623182900
1708787650606,left,acc,-0.871489405632019,-2.427720546722412,9.485827445983887,1720123586631188600
1708787650626,left,acc,-0.9457096457481384,-2.4420857429504395,9.442731857299805,1720123586639207400
1708787650665,left,acc,-0.9576807022094727,-2.4229321479797363,9.5408935546875,1720123586648716700
1708787650707,left,acc,-0.9864110946655273,-2.3702597618103027,9.555258750915527,1720123586658716500
1708787650746,left,acc,-0.9169792532920837,-2.3918075561523438,9.433155059814453,1720123586667752600
1708787650785,left,acc,-0.9169792532920837,-2.3918075561523438,9.476250648498535,1720123586676752200
1708787650807,left,acc,-0.9026140570640564,-2.434903144836426,9.461885452270508,1720123586685718000
1708787650827,left,acc,-0.8212111592292786,-2.456450939178467,9.478644371032715,1720123586693717200
1708787650864,left,acc,-0.8571242094039917,-2.387019157409668,9.550470352172852,1720123586703716400
1708787650908,left,acc,-0.9074024558067322,-2.293645143508911,9.528923034667969,1720123586711716300
1708787650947,left,acc,-0.9026140570640564,-2.432508945465088,9.524134635925293,1720123586720717400
1708787650987,left,acc,-0.9552865028381348,-2.4229321479797363,9.490615844726562,1720123586730716400
1708787651027,left,acc,-0.8403648138046265,-2.3558945655822754,9.461885452270508,1720123586737723500
1708787651067,left,acc,-0.9289502501487732,-2.3032219409942627,9.564835548400879,1720123586745726300
1708787651108,left,acc,-0.9552865028381348,-2.4229321479797363,9.488221168518066,1720123586757238100
1708787651147,left,acc,-0.9720458984375,-2.363077163696289,9.500192642211914,1720123586769237600
1708787651209,left,acc,-0.9911994934082031,-2.408566951751709,9.476250648498535,1720123586778238300
1708787651228,left,acc,-0.9145850539207458,-2.38462495803833,9.528923034667969,1720123586787256000
1708787651268,left,acc,-0.8738836050033569,-2.5019407272338867,9.469067573547363,1720123586798258600
1708787651309,left,acc,-0.8834604024887085,-2.470816135406494,9.445125579833984,1720123586811236200
1708787651348,left,acc,-0.9385270476341248,-2.403778553009033,9.490615844726562,1720123586819238800
1708787651388,left,acc,-0.8259995579719543,-2.3511061668395996,9.44991397857666,1720123586830238600
1708787651429,left,acc,-1.0055646896362305,-2.4660277366638184,9.497797966003418,1720123586844240000
1708787651468,left,acc,-0.8164227604866028,-2.4420857429504395,9.555258750915527,1720123586853271700
1708787651509,left,acc,-0.9002198576927185,-2.389413356781006,9.473855972290039,1720123586865331400
1708787651549,left,acc,-0.993593692779541,-2.3343467712402344,9.536105155944824,1720123586876819500
1708787651609,left,acc,-0.8738836050033569,-2.4827871322631836,9.330204010009766,1720123586886835900
1708787651627,left,acc,-0.9074024558067322,-2.4468741416931152,9.488221168518066,1720123586896801600
1708787651685,left,acc,-0.9289502501487732,-2.343923568725586,9.50498104095459,1720123586907836800
1708787651707,left,acc,-0.9816226959228516,-2.3487119674682617,9.536105155944824,1720123586915831000
1708787651748,left,acc,-0.9385270476341248,-2.434903144836426,9.440337181091309,1720123586923802600
1708787651788,left,acc,-0.9313444495201111,-2.3535003662109375,9.41400146484375,1720123586931800200
1708787651830,left,acc,-0.950498104095459,-2.47560453414917,9.50498104095459,1720123586944804100
1708787651870,left,acc,-0.950498104095459,-2.3965959548950195,9.53849983215332,1720123586953313600
1708787651910,left,acc,-0.9696516990661621,-2.389413356781006,9.466673851013184,1720123586963313500
1708787651950,left,acc,-0.9552865028381348,-2.387019157409668,9.528923034667969,1720123586973348400
1708787651990,left,acc,-0.9265560507774353,-2.4372973442077637,9.442731857299805,1720123586983315100
1708787652031,left,acc,-0.8834604024887085,-2.3942017555236816,9.442731857299805,1720123586991348000
1708787652071,left,acc,-0.8882488012313843,-2.4468741416931152,9.454702377319336,1720123587000348000
1708787652113,left,acc,-0.9313444495201111,-2.4612393379211426,9.38048267364502,1720123587008350200
1708787652151,left,acc,-0.8834604024887085,-2.454056739807129,9.481039047241211,1720123587017315400
1708787652191,left,acc,-1.0103530883789062,-2.3989901542663574,9.50498104095459,1720123587025348600
1708787652231,left,acc,-0.9457096457481384,-2.3774423599243164,9.516951560974121,1720123587034398800
1708787652271,left,acc,-0.8930372595787048,-2.434903144836426,9.516951560974121,1720123587043385000
1708787652316,left,acc,-0.9983820915222168,-2.3750481605529785,9.425971984863281,1720123587050649200
1708787652351,left,acc,-1.0247182846069336,-2.4636335372924805,9.418789863586426,1720123587060646500
1708787652392,left,acc,-0.8906430602073669,-2.4444799423217773,9.454702377319336,1720123587070649500
1708787652430,left,acc,-0.9385270476341248,-2.2816741466522217,9.488221168518066,1720123587079650500
1708787652472,left,acc,-1.0295066833496094,-2.3750481605529785,9.454702377319336,1720123587089615300
1708787652513,left,acc,-1.0199298858642578,-2.4181437492370605,9.433155059814453,1720123587097650800
1708787652552,left,acc,-0.9457096457481384,-2.4229321479797363,9.440337181091309,1720123587104659900
1708787652572,left,acc,-0.950498104095459,-2.4612393379211426,9.368511199951172,1720123587114656900
1708787652613,left,acc,-0.9528923034667969,-2.3798365592956543,9.445125579833984,1720123587121648400
1708787652652,left,acc,-1.039083480834961,-2.4660277366638184,9.536105155944824,1720123587130648600
1708787652693,left,acc,-0.014365210197865963,-2.360682964324951,8.96389102935791,1720123587141654300
1708787652732,left,acc,-1.1324573755264282,-2.5234885215759277,9.643844604492188,1720123587150235100
1708787652772,left,acc,-1.0678139925003052,-2.449268341064453,9.50737476348877,1720123587158201800
1708787652873,left,acc,-0.9672574996948242,-2.4157495498657227,9.454702377319336,1720123587190200500
1708787652893,left,acc,-0.9265560507774353,-2.346317768096924,9.488221168518066,1720123587199199600
1708787652951,left,acc,-1.0127472877502441,-2.470816135406494,9.500192642211914,1720123587209200900
1708787652990,left,acc,-0.9361328482627869,-2.52109432220459,9.457097053527832,1720123587221243600
1708787653011,left,acc,-0.9576807022094727,-2.47560453414917,9.48343276977539,1720123587230234900
1708787653074,left,acc,-1.0103530883789062,-2.410961151123047,9.461885452270508,1720123587246206700
1708787653136,left,acc,-0.9983820915222168,-2.4803929328918457,9.418789863586426,1720123587252715200
1708787653174,left,acc,-0.9888052940368652,-2.470816135406494,9.509769439697266,1720123587260720700
1708787653214,left,acc,-0.9313444495201111,-2.4420857429504395,9.560047149658203,1720123587267715000
1708787653254,left,acc,-0.9624691009521484,-2.434903144836426,9.454702377319336,1720123587274714800
1708787653274,left,acc,-1.0199298858642578,-2.5067291259765625,9.464279174804688,1720123587281776300
1708787653315,left,acc,-0.9696516990661621,-2.535459518432617,9.466673851013184,1720123587287749800
1708787653355,left,acc,-0.9481038451194763,-2.4851813316345215,9.385271072387695,1720123587292714500
1708787653416,left,acc,-0.9768342971801758,-2.3343467712402344,9.524134635925293,1720123587303749900
1708787653454,left,acc,-0.9361328482627869,-2.434903144836426,9.514557838439941,1720123587309715300
1708787653495,left,acc,-0.9696516990661621,-2.4420857429504395,9.502586364746094,1720123587314750000
1708787653535,left,acc,-0.9433154463768005,-2.4684219360351562,9.481039047241211,1720123587322715500
1708787653575,left,acc,-0.8978256583213806,-2.3774423599243164,9.526528358459473,1720123587328715600
1708787653595,left,acc,-0.9457096457481384,-2.387019157409668,9.459490776062012,1720123587333720700
1708787653635,left,acc,-0.9169792532920837,-2.4851813316345215,9.48343276977539,1720123587343721300
1708787653696,left,acc,-0.9193734526634216,-2.4133553504943848,9.552865028381348,1720123587351031000
1708787653715,left,acc,-0.9768342971801758,-2.470816135406494,9.469067573547363,1720123587357033500
1708787653755,left,acc,-0.9624691009521484,-2.432508945465088,9.457097053527832,1720123587364066700
1708787653795,left,acc,-0.9193734526634216,-2.4205379486083984,9.48343276977539,1720123587370073800
1708787653836,left,acc,-0.9145850539207458,-2.432508945465088,9.550470352172852,1720123587383030900
1708787653876,left,acc,-0.9409212470054626,-2.4444799423217773,9.478644371032715,1720123587391031900
1708787653917,left,acc,-0.9145850539207458,-2.408566951751709,9.478644371032715,1720123587400033300
1708787653957,left,acc,-0.8643068075180054,-2.3989901542663574,9.519346237182617,1720123587410032100
1708787653997,left,acc,-0.8619126081466675,-2.3989901542663574,9.50737476348877,1720123587419031900
1708787654037,left,acc,-0.871489405632019,-2.3750481605529785,9.473855972290039,1720123587427032700
1708787654077,left,acc,-0.9457096457481384,-2.4420857429504395,9.502586364746094,1720123587439040100
1708787654118,left,acc,-0.9002198576927185,-2.434903144836426,9.481039047241211,1720123587448546000
1708787654160,left,acc,-0.8427590131759644,-2.31758713722229,9.493009567260742,1720123587458552900
1708787654218,left,acc,-0.9026140570640564,-2.425326347351074,9.548076629638672,1720123587469552000
1708787654261,left,acc,-0.9193734526634216,-2.382230758666992,9.53849983215332,1720123587478551600
1708787654298,left,acc,-1.0103530883789062,-2.363077163696289,9.519346237182617,1720123587489549900
1708787654340,left,acc,-0.9624691009521484,-2.3247697353363037,9.502586364746094,1720123587506551700
1708787654378,left,acc,-0.8571242094039917,-2.3798365592956543,9.555258750915527,1720123587522630900
1708787654419,left,acc,-0.8762778043746948,-2.2912509441375732,9.528923034667969,1720123587530550800
1708787654458,left,acc,-1.0055646896362305,-2.387019157409668,9.469067573547363,1720123587539556900
1708787654499,left,acc,-0.9217676520347595,-2.346317768096924,9.50498104095459,1720123587548076100
1708787654539,left,acc,-0.9026140570640564,-2.3032219409942627,9.521739959716797,1720123587558081000
1708787654578,left,acc,-0.9576807022094727,-2.3942017555236816,9.478644371032715,1720123587568082000
1708787654620,left,acc,-1.0438719987869263,-2.3127987384796143,9.5408935546875,1720123587579081800
1708787654665,left,acc,-0.9792284965515137,-2.389413356781006,9.385271072387695,1720123587587080600
1708787654698,left,acc,-0.9409212470054626,-2.403778553009033,9.497797966003418,1720123587600080700
1708787654739,left,acc,-0.9457096457481384,-2.3487119674682617,9.5624418258667,1720123587616082500
1708787654779,left,acc,-0.9744400978088379,-2.2864625453948975,9.5624418258667,1720123587628084500
1708787654821,left,acc,-0.9552865028381348,-2.3247697353363037,9.469067573547363,1720123587637084000
1708787654860,left,acc,-0.9193734526634216,-2.3558945655822754,9.48343276977539,1720123587647130200
1708787654900,left,acc,-0.9864110946655273,-2.3343467712402344,9.485827445983887,1720123587653242200
1708787654939,left,acc,-0.9720458984375,-2.33913516998291,9.50498104095459,1720123587665207500
1708787654980,left,acc,-1.0055646896362305,-2.3367409706115723,9.495404243469238,1720123587674208700
1708787655021,left,acc,-0.9696516990661621,-2.367865562438965,9.48343276977539,1720123587683208600
1708787655060,left,acc,-0.9959878921508789,-2.3535003662109375,9.550470352172852,1720123587693222700
1708787655101,left,acc,-0.9217676520347595,-2.33913516998291,9.524134635925293,1720123587704206900
1708787655141,left,acc,-0.9169792532920837,-2.33913516998291,9.564835548400879,1720123587716207300
1708787655185,left,acc,-1.0103530883789062,-2.3582887649536133,9.516951560974121,1720123587725221700
1708787655222,left,acc,-0.9217676520347595,-2.4205379486083984,9.404424667358398,1720123587733375600
1708787655261,left,acc,-0.9864110946655273,-2.3965959548950195,9.445125579833984,1720123587743375900
1708787655301,left,acc,-0.9864110946655273,-2.293645143508911,9.514557838439941,1720123587753525500
1708787655342,left,acc,-0.9193734526634216,-2.319981336593628,9.473855972290039,1720123587762491800
1708787655382,left,acc,-0.9528923034667969,-2.3750481605529785,9.497797966003418,1720123587772490000
1708787655423,left,acc,-1.0031704902648926,-2.410961151123047,9.457097053527832,1720123587781491400
1708787655462,left,acc,-0.9624691009521484,-2.382230758666992,9.53849983215332,1720123587792491000
1708787655501,left,acc,-0.9026140570640564,-2.3032219409942627,9.512163162231445,1720123587802489500
1708787655542,left,acc,-0.9744400978088379,-2.343923568725586,9.526528358459473,1720123587810528200
1708787655582,left,acc,-1.0031704902648926,-2.367865562438965,9.445125579833984,1720123587818532200
1708787655623,left,acc,-0.9983820915222168,-2.4588451385498047,9.457097053527832,1720123587828523200
1708787655663,left,acc,-0.9911994934082031,-2.4229321479797363,9.564835548400879,1720123587837494400
1708787655702,left,acc,-0.9528923034667969,-2.38462495803833,9.509769439697266,1720123587845529600
1708787655743,left,acc,-0.9888052940368652,-2.410961151123047,9.493009567260742,1720123587855076200
1708787655783,left,acc,-0.9600749015808105,-2.403778553009033,9.500192642211914,1720123587863111400
1708787655824,left,acc,-1.05105459690094,-2.3774423599243164,9.440337181091309,1720123587871077200
1708787655863,left,acc,-0.9576807022094727,-2.360682964324951,9.433155059814453,1720123587880814600
1708787655903,left,acc,-0.9169792532920837,-2.410961151123047,9.459490776062012,1720123587889815000
1708787655944,left,acc,-0.9959878921508789,-2.4013843536376953,9.528923034667969,1720123587899815600
1708787655983,left,acc,-1.0079588890075684,-2.389413356781006,9.50498104095459,1720123587986503500
1708787656025,left,acc,-0.9145850539207458,-2.406172752380371,9.428366661071777,1720123588109126500
1708787656084,left,acc,-0.9768342971801758,-2.3295583724975586,9.564835548400879,1720123588118137700
1708787656107,left,acc,-0.9744400978088379,-2.38462495803833,9.514557838439941,1720123588128088200
1708787656143,left,acc,-0.9959878921508789,-2.432508945465088,9.536105155944824,1720123588139133100
1708787656184,left,acc,-1.0342950820922852,-2.3702597618103027,9.409213066101074,1720123588147133500
1708787656225,left,acc,-0.9624691009521484,-2.425326347351074,9.47146224975586,1720123588156676600
1708787656264,left,acc,-0.9050082564353943,-2.3367409706115723,9.53849983215332,1720123588165679700
1708787656309,left,acc,-0.9911994934082031,-2.2625205516815186,9.5408935546875,1720123588173676000
1708787656345,left,acc,-0.9720458984375,-2.3558945655822754,9.519346237182617,1720123588181679400
1708787656385,left,acc,-1.0295066833496094,-2.432508945465088,9.500192642211914,1720123588192676000
1708787656425,left,acc,-0.912190854549408,-2.298433542251587,9.423578262329102,1720123588201684800
1708787656465,left,acc,-0.9361328482627869,-2.3582887649536133,9.488221168518066,1720123588210676100
1708787656506,left,acc,-0.9289502501487732,-2.3032219409942627,9.526528358459473,1720123588221675700
1708787656546,left,acc,-0.9457096457481384,-2.38462495803833,9.47146224975586,1720123588230642500
1708787656585,left,acc,-0.9864110946655273,-2.3726539611816406,9.495404243469238,1720123588240646300
1708787656626,left,acc,-0.9816226959228516,-2.3056161403656006,9.53849983215332,1720123588247648200
1708787656665,left,acc,-0.9816226959228516,-2.296039342880249,9.493009567260742,1720123588257704700
1708787656706,left,acc,-0.9145850539207458,-2.382230758666992,9.476250648498535,1720123588265703900
1708787656746,left,acc,-0.9648633003234863,-2.454056739807129,9.44991397857666,1720123588275738400
1708787656786,left,acc,-0.9792284965515137,-2.410961151123047,9.536105155944824,1720123588285741200
1708787656827,left,acc,-0.9409212470054626,-2.3127987384796143,9.493009567260742,1720123588294704800
1708787656867,left,acc,-0.8643068075180054,-2.4013843536376953,9.47146224975586,1720123588307738900
1708787656906,left,acc,-0.9169792532920837,-2.3247697353363037,9.586383819580078,1720123588316738300
1708787656947,left,acc,-0.933738648891449,-2.382230758666992,9.485827445983887,1720123588325705300
1708787656987,left,acc,-0.9193734526634216,-2.38462495803833,9.495404243469238,1720123588335779500
1708787657029,left,acc,-0.849941611289978,-2.319981336593628,9.466673851013184,1720123588342781500
1708787657067,left,acc,-0.8834604024887085,-2.2649147510528564,9.560047149658203,1720123588353363800
1708787657107,left,acc,-0.8188169598579407,-2.3127987384796143,9.41639518737793,1720123588364326000
1708787657147,left,acc,-0.871489405632019,-2.4133553504943848,9.497797966003418,1720123588374916500
1708787657188,left,acc,-0.9193734526634216,-2.499546527862549,9.516951560974121,1720123588385838400
1708787657232,left,acc,-0.8619126081466675,-2.3798365592956543,9.550470352172852,1720123588393838800
1708787657268,left,acc,-0.9265560507774353,-2.2577321529388428,9.488221168518066,1720123588403874400
1708787657308,left,acc,-0.9457096457481384,-2.367865562438965,9.509769439697266,1720123588412875800
1708787657349,left,acc,-0.9648633003234863,-2.3295583724975586,9.490615844726562,1720123588423874700
1708787657389,left,acc,-0.9864110946655273,-2.3319525718688965,9.5408935546875,1720123588432912100
1708787657429,left,acc,-0.9193734526634216,-2.3487119674682617,9.406818389892578,1720123588443921600
1708787657468,left,acc,-0.9074024558067322,-2.3343467712402344,9.512163162231445,1720123588451507300
1708787657489,left,acc,-0.9576807022094727,-2.3535003662109375,9.516951560974121,1720123588460504700
1708787657530,left,acc,-0.9720458984375,-2.3319525718688965,9.466673851013184,1720123588469504200
1708787657569,left,acc,-0.950498104095459,-2.387019157409668,9.47146224975586,1720123588477518200
1708787657609,left,acc,-0.8930372595787048,-2.296039342880249,9.406818389892578,1720123588486500000
1708787657649,left,acc,-0.9050082564353943,-2.3702597618103027,9.490615844726562,1720123588494465300
1708787657690,left,acc,-0.8978256583213806,-2.315192937850952,9.548076629638672,1720123588505499100
1708787657733,left,acc,-0.9241618514060974,-2.432508945465088,9.464279174804688,1720123588514503700
1708787657770,left,acc,-0.9816226959228516,-2.38462495803833,9.469067573547363,1720123588522504500
1708787657810,left,acc,-0.9768342971801758,-2.315192937850952,9.526528358459473,1720123588530467400
1708787657850,left,acc,-0.950498104095459,-2.3702597618103027,9.533711433410645,1720123588538469800
1708787657890,left,acc,-0.9696516990661621,-2.33913516998291,9.461885452270508,1720123588546469600
1708787657932,left,acc,-0.9792284965515137,-2.403778553009033,9.48343276977539,1720123588555978300
1708787657971,left,acc,-0.9026140570640564,-2.38462495803833,9.435548782348633,1720123588564978100
1708787658011,left,acc,-0.9840168952941895,-2.250549554824829,9.495404243469238,1720123588573977800
1708787658053,left,acc,-0.9576807022094727,-2.3798365592956543,9.435548782348633,1720123588593012700
1708787658091,left,acc,-0.9840168952941895,-2.387019157409668,9.48343276977539,1720123588608013900
1708787658132,left,acc,-0.9888052940368652,-2.4133553504943848,9.481039047241211,1720123588622977500
1708787658155,left,acc,-0.9576807022094727,-2.293645143508911,9.531316757202148,1720123588637995700
1708787658211,left,acc,-0.9816226959228516,-2.276885747909546,9.454702377319336,1720123588646985600
1708787658253,left,acc,-0.9720458984375,-2.3247697353363037,9.485827445983887,1720123588656063300
1708787658290,left,acc,-0.993593692779541,-2.382230758666992,9.495404243469238,1720123588663062500
1708787658309,left,acc,-1.0007762908935547,-2.360682964324951,9.502586364746094,1720123588672066200
1708787658332,left,acc,-0.9816226959228516,-2.3487119674682617,9.521739959716797,1720123588679065600
1708787658356,left,acc,-0.9313444495201111,-2.346317768096924,9.476250648498535,1720123588692069600
1708787658392,left,acc,-0.9074024558067322,-2.3965959548950195,9.464279174804688,1720123588699065600
1708787658433,left,acc,-0.8858546018600464,-2.319981336593628,9.469067573547363,1720123588709063000
1708787658472,left,acc,-0.912190854549408,-2.315192937850952,9.548076629638672,1720123588717064000
1708787658512,left,acc,-0.993593692779541,-2.3343467712402344,9.464279174804688,1720123588726061000
1708787658553,left,acc,-1.0223240852355957,-2.4013843536376953,9.454702377319336,1720123588735066700
1708787658593,left,acc,-0.9648633003234863,-2.360682964324951,9.516951560974121,1720123588744066700
1708787658634,left,acc,-0.9193734526634216,-2.3056161403656006,9.47146224975586,1720123588752625900
1708787658653,left,acc,-0.9624691009521484,-2.3104045391082764,9.5408935546875,1720123588762619800
1708787658713,left,acc,-0.9672574996948242,-2.3127987384796143,9.509769439697266,1720123588775618300
1708787658753,left,acc,-0.9840168952941895,-2.365471363067627,9.497797966003418,1720123588784616900
1708787658793,left,acc,-0.9768342971801758,-2.2577321529388428,9.502586364746094,1720123588795623300
1708787658835,left,acc,-0.9097966551780701,-2.3127987384796143,9.646238327026367,1720123588804618600
1708787658854,left,acc,-1.0007762908935547,-2.4827871322631836,9.576807022094727,1720123588813616800
1708787658914,left,acc,-0.9959878921508789,-2.43011474609375,9.466673851013184,1720123588824211600
1708787658954,left,acc,-0.9576807022094727,-2.360682964324951,9.485827445983887,1720123588833233000
1708787658994,left,acc,-0.9528923034667969,-2.276885747909546,9.485827445983887,1720123588841738400
1708787659035,left,acc,-0.9002198576927185,-2.3750481605529785,9.5408935546875,1720123588850245100
1708787659077,left,acc,-1.0127472877502441,-2.4157495498657227,9.543288230895996,1720123588860245600
1708787659115,left,acc,-0.9864110946655273,-2.3511061668395996,9.493009567260742,1720123588870245400
1708787659154,left,acc,-1.0103530883789062,-2.3511061668395996,9.466673851013184,1720123588878244700
1708787659195,left,acc,-1.0319008827209473,-2.427720546722412,9.41400146484375,1720123588887244900
1708787659236,left,acc,-1.0079588890075684,-2.3989901542663574,9.461885452270508,1720123588896245200
1708787659279,left,acc,-0.9289502501487732,-2.300827741622925,9.495404243469238,1720123588905245600
1708787659317,left,acc,-0.9600749015808105,-2.322375535964966,9.619902610778809,1720123588915245100
1708787659337,left,acc,-0.9385270476341248,-2.3247697353363037,9.48343276977539,1720123588925281000
1708787659395,left,acc,-0.9241618514060974,-2.4803929328918457,9.512163162231445,1720123588935249200
1708787659436,left,acc,-0.9361328482627869,-2.4157495498657227,9.47146224975586,1720123588945249000
1708787659476,left,acc,-0.9888052940368652,-2.3056161403656006,9.557653427124023,1720123588953333700
1708787659516,left,acc,-1.048660397529602,-2.341529369354248,9.497797966003418,1720123588962334200
1708787659556,left,acc,-1.0630255937576294,-2.4612393379211426,9.442731857299805,1720123588971334000
1708787659595,left,acc,-1.0079588890075684,-2.4612393379211426,9.509769439697266,1720123588981333400
1708787659638,left,acc,-1.0438719987869263,-2.360682964324951,9.466673851013184,1720123588998337700
1708787659677,left,acc,-1.0319008827209473,-2.2864625453948975,9.485827445983887,1720123589006334000
1708787659717,left,acc,-0.9289502501487732,-2.403778553009033,9.481039047241211,1720123589017361500
1708787659756,left,acc,-0.9696516990661621,-2.3535003662109375,9.461885452270508,1720123589029334100
1708787659796,left,acc,-0.9816226959228516,-2.38462495803833,9.500192642211914,1720123589037370200
1708787659838,left,acc,-0.9002198576927185,-2.3989901542663574,9.528923034667969,1720123589049367600
1708787659877,left,acc,-0.9217676520347595,-2.2912509441375732,9.500192642211914,1720123589058451400
1708787659897,left,acc,-0.9361328482627869,-2.3774423599243164,9.59596061706543,1720123589066451700
1708787659939,left,acc,-0.8978256583213806,-2.4396915435791016,9.610325813293457,1720123589074968900
1708787659978,left,acc,-1.0438719987869263,-2.4468741416931152,9.557653427124023,1720123589089368000
1708787660039,left,acc,-0.7254431247711182,-2.4899697303771973,9.744400978088379,1720123589100366600
1708787660078,left,acc,-0.6655880808830261,-2.5067291259765625,9.301473617553711,1720123589109365900
1708787660118,left,acc,-0.42377370595932007,-1.5155296325683594,10.15141487121582,1720123589119365900
1708787660159,left,acc,-0.43095630407333374,-1.5155296325683594,9.399636268615723,1720123589130370700
1708787660203,left,acc,-0.4644751250743866,-1.4269442558288574,9.26795482635498,1720123589138421100
1708787660240,left,acc,-0.26336219906806946,-0.8523358106613159,9.318233489990234,1720123589146455700
1708787660279,left,acc,-0.586579442024231,-1.3623007535934448,9.368511199951172,1720123589156049800
1708787660359,left,acc,-0.6368576288223267,-1.8938134908676147,9.493009567260742,1720123589189008100
1708787660399,left,acc,-0.42377370595932007,-1.173158884048462,10.235212326049805,1720123589199010600
1708787660460,left,acc,-0.6009446382522583,-1.9297266006469727,8.815450668334961,1720123589208010300
1708787660500,left,acc,0.038307227194309235,-0.8020575642585754,8.317456245422363,1720123589218009000
1708787660541,left,acc,-1.3215993642807007,-0.7852981686592102,8.913613319396973,1720123589227009500
1708787660579,left,acc,-0.6871358752250671,-1.7094600200653076,10.314221382141113,1720123589236025800
1708787660619,left,acc,-0.2753331959247589,-2.2912509441375732,10.955866813659668,1720123589247013100
1708787660660,left,acc,-0.18914192914962769,-2.2816741466522217,9.916783332824707,1720123589255528800
1708787660701,left,acc,-0.07900865375995636,-1.460463047027588,9.485827445983887,1720123589265527100
1708787660741,left,acc,-0.47644615173339844,-1.1635819673538208,9.885659217834473,1720123589273527900
1708787660782,left,acc,-0.8906430602073669,-1.4724340438842773,9.251194953918457,1720123589281528000
1708787660819,left,acc,-0.31842881441116333,-1.4508862495422363,9.80904483795166,1720123589290529000
1708787660861,left,acc,-0.31124621629714966,-1.4460978507995605,9.897629737854004,1720123589302526700
1708787660901,left,acc,-0.5506663918495178,-1.5753847360610962,9.744400978088379,1720123589310526400
1708787660942,left,acc,-0.47165772318840027,-1.5945383310317993,9.670180320739746,1720123589319526900
1708787660983,left,acc,-0.45489832758903503,-1.6855180263519287,9.57201862335205,1720123589328527100
1708787661022,left,acc,-0.4836287498474121,-1.37906014919281,9.514557838439941,1720123589337532500
1708787661062,left,acc,-0.3232172429561615,-1.7932571172714233,9.952696800231934,1720123589347533000
1708787661101,left,acc,-0.608127236366272,-1.6376339197158813,9.63187313079834,1720123589358048300
1708787661143,left,acc,-0.5913678407669067,-2.006340980529785,9.603142738342285,1720123589366066300
1708787661182,left,acc,-0.5171475410461426,-1.7764976024627686,9.797073364257812,1720123589377045700
1708787661226,left,acc,-0.5506663918495178,-1.6089035272598267,9.425971984863281,1720123589386045900
1708787661261,left,acc,-0.42856210470199585,-1.6328455209732056,9.68694019317627,1720123589395044500
1708787661282,left,acc,-0.5051765441894531,-1.656787633895874,9.646238327026367,1720123589406081200
1708787661343,left,acc,-0.5554547905921936,-1.9584569931030273,9.397241592407227,1720123589416044300
1708787661363,left,acc,-0.4429273009300232,-1.8818424940109253,9.627084732055664,1720123589427045600
1708787661403,left,acc,-0.689530074596405,-1.9488801956176758,9.643844604492188,1720123589439051100
1708787661463,left,acc,-0.6009446382522583,-2.1164743900299072,9.964667320251465,1720123589448051500
1708787661503,left,acc,-0.44771572947502136,-2.4684219360351562,9.478644371032715,1720123589458574900
1708787661523,left,acc,-0.7350199222564697,-1.9919757843017578,9.378087997436523,1720123589465599900
1708787661563,left,acc,-0.2944868206977844,-1.778891921043396,9.835380554199219,1720123589476617500
1708787661603,left,acc,-0.22026655077934265,-1.4269442558288574,9.363722801208496,1720123589485610600
1708787661644,left,acc,-0.3926490843296051,-1.4867992401123047,9.6989107131958,1720123589493606900
1708787661683,left,acc,-0.4836287498474121,-1.7884687185287476,9.765948295593262,1720123589502608400
1708787661723,left,acc,-0.5554547905921936,-1.7860745191574097,9.746794700622559,1720123589513591200
1708787661764,left,acc,-0.3734954595565796,-1.5921441316604614,9.476250648498535,1720123589522608500
1708787661804,left,acc,-0.5650315880775452,-1.6112977266311646,9.567230224609375,1720123589533610800
1708787661845,left,acc,-0.5434837937355042,-1.824381709098816,10.237606048583984,1720123589541648000
1708787661884,left,acc,-0.5386953949928284,-1.944091796875,9.648633003234863,1720123589550186000
1708787661924,left,acc,-0.4141969084739685,-1.623268723487854,9.222464561462402,1720123589558225600
1708787661964,left,acc,-0.5985504388809204,-1.6136919260025024,9.493009567260742,1720123589569192300
1708787662004,left,acc,-0.6823474764823914,-1.8387469053268433,9.765948295593262,1720123589578225200
1708787662045,left,acc,-0.5003881454467773,-1.843535304069519,9.622296333312988,1720123589586191500
1708787662087,left,acc,-0.40701428055763245,-1.7573440074920654,9.768342971801758,1720123589596193000
1708787662125,left,acc,-0.49320554733276367,-1.702277421951294,9.713275909423828,1720123589607191800
1708787662165,left,acc,-0.49799394607543945,-1.8602946996688843,9.72285270690918,1720123589615194700
1708787662205,left,acc,-0.545877993106842,-1.9177556037902832,9.751583099365234,1720123589624192300
1708787662250,left,acc,-0.5339069962501526,-2.0901381969451904,9.75397777557373,1720123589632191500
1708787662285,left,acc,-0.47165772318840027,-1.659181833267212,9.636661529541016,1720123589640199200
1708787662326,left,acc,-0.38546648621559143,-1.1228805780410767,9.765948295593262,1720123589650743700
1708787662365,left,acc,-0.3471592366695404,-1.2258312702178955,9.6989107131958,1720123589658762600
1708787662406,left,acc,-0.2082955539226532,-1.0223240852355957,9.478644371032715,1720123589669777600
1708787662466,left,acc,-0.7254431247711182,-1.192312479019165,8.868123054504395,1720123589676775900
1708787662486,left,acc,-0.8643068075180054,-1.9919757843017578,8.83939266204834,1720123589685762700
1708787662526,left,acc,-0.5602431893348694,-1.6543933153152466,9.943120002746582,1720123589694745200
1708787662566,left,acc,-0.629675030708313,-3.0789434909820557,10.168174743652344,1720123589702743000
1708787662607,left,acc,-0.7254431247711182,-2.5019407272338867,9.730035781860352,1720123589711741600
1708787662666,left,acc,-0.9265560507774353,-2.360682964324951,9.931148529052734,1720123589721743500
1708787662686,left,acc,-0.8810662031173706,-2.3798365592956543,9.672574996948242,1720123589730743800
1708787662727,left,acc,-0.7038952708244324,-2.274491548538208,9.567230224609375,1720123589739748200
1708787662766,left,acc,-0.5770025849342346,-1.7908629179000854,9.320627212524414,1720123589749747600
1708787662808,left,acc,-0.7110779285430908,-0.667982280254364,9.588777542114258,1720123589759805400
1708787662849,left,acc,-0.4908113479614258,-1.41257905960083,10.019734382629395,1720123589768804900
1708787662888,left,acc,-0.5841852426528931,-2.212242364883423,9.576807022094727,1720123589776806400
1708787662927,left,acc,-0.5554547905921936,-1.9177556037902832,9.47146224975586,1720123589786804400
1708787662988,left,acc,-0.6224924325942993,-1.4844050407409668,9.32302188873291,1720123589796804300
1708787663028,left,acc,-0.7757213711738586,-1.1827356815338135,9.272743225097656,1720123589806804400
1708787663070,left,acc,-0.42616790533065796,-2.7940332889556885,9.911994934082031,1720123589815843700
1708787663109,left,acc,-1.0534487962722778,-2.63362193107605,9.394847869873047,1720123589824851900
1708787663149,left,acc,-0.9888052940368652,-2.0422539710998535,9.521739959716797,1720123589832808900
1708787663172,left,acc,-0.7445967197418213,-2.2601263523101807,9.617507934570312,1720123589843813600
1708787663209,left,acc,-0.8451532125473022,-2.183511972427368,9.579200744628906,1720123589852327000
1708787663250,left,acc,-0.8092401623725891,-2.279279947280884,9.567230224609375,1720123589862328200
1708787663289,left,acc,-0.8810662031173706,-2.557007312774658,9.464279174804688,1720123589872328700
1708787663329,left,acc,-0.9217676520347595,-2.6024973392486572,9.038111686706543,1720123589880327300
1708787663369,left,acc,-1.1252747774124146,-2.937685489654541,10.606313705444336,1720123589888328000
1708787663410,left,acc,-1.1252747774124146,-1.968033790588379,10.022128105163574,1720123589898327800
1708787663449,left,acc,0.2585737705230713,-2.032677173614502,9.287108421325684,1720123589907327200
1708787663489,left,acc,-0.3926490843296051,-1.1492167711257935,9.423578262329102,1720123589916348100
1708787663530,left,acc,-0.9911994934082031,-1.867477297782898,10.522516250610352,1720123589925325600
1708787663570,left,acc,1.968033790588379,-1.338358759880066,11.75553035736084,1720123589935331900
1708787663610,left,acc,-0.8738836050033569,-1.048660397529602,11.635820388793945,1720123589943330300
1708787663651,left,acc,-1.6352397203445435,-0.9864110946655273,9.715670585632324,1720123589951841600
1708787663690,left,acc,-0.8307880163192749,-1.9584569931030273,8.044517517089844,1720123589960841800
1708787663731,left,acc,0.9600749015808105,-5.200206279754639,8.403648376464844,1720123589968840500
1708787663771,left,acc,0.16519992053508759,-3.2537200450897217,8.75080680847168,1720123589977876900
1708787663811,left,acc,-0.6177040338516235,-3.5242648124694824,7.805097579956055,1720123589985883300
1708787663830,left,acc,-0.8044517636299133,-2.9281086921691895,8.774748802185059,1720123589995855700
1708787663870,left,acc,-1.1228805780410767,-2.477998733520508,9.895236015319824,1720123590004875400
1708787663911,left,acc,-0.8451532125473022,-2.1763293743133545,9.9000244140625,1720123590012879000
1708787663952,left,acc,-0.6153098344802856,-1.0295066833496094,9.481039047241211,1720123590021841400
1708787663992,left,acc,-0.5578489899635315,-1.5969325304031372,9.399636268615723,1720123590032875200
1708787664032,left,acc,-0.6943184733390808,-1.4053963422775269,8.686163902282715,1720123590042883600
1708787664072,left,acc,-0.6416460275650024,-1.3311761617660522,10.8505220413208,1720123590051461200
1708787664112,left,acc,-1.5155296325683594,-2.209848165512085,10.836156845092773,1720123590061459700
1708787664153,left,acc,-0.45250412821769714,-0.6009446382522583,9.684545516967773,1720123590069465000
1708787664197,left,acc,-0.7493851184844971,-1.015141487121582,8.710105895996094,1720123590083460100
1708787664232,left,acc,-0.7733271718025208,-1.3072341680526733,10.864887237548828,1720123590092462300
1708787664272,left,acc,-1.6065093278884888,-1.0821791887283325,10.548852920532227,1720123590101459900
1708787664313,left,acc,-1.316810965538025,-0.9050082564353943,10.273519515991211,1720123590110464200
1708787664353,left,acc,-1.8195933103561401,-0.8738836050033569,9.770736694335938,1720123590118460200
1708787664393,left,acc,-0.629675030708313,-0.9600749015808105,9.014169692993164,1720123590126462400
1708787664433,left,acc,0.002394201699644327,-0.5913678407669067,9.265560150146484,1720123590134461000
1708787664473,left,acc,0.023942016065120697,-0.8930372595787048,8.772355079650879,1720123590144504000
1708787664509,left,acc,0.24899697303771973,-0.2106897532939911,8.889671325683594,1720123590157042100
1708787664551,left,acc,0.05746084079146385,-0.2585737705230713,9.404424667358398,1720123590168101100
1708787664593,left,acc,-0.5626373887062073,-0.7805097699165344,10.165780067443848,1720123590178077100
1708787664633,left,acc,-0.9313444495201111,-1.0055646896362305,9.354146003723145,1720123590190078200
1708787664674,left,acc,-0.5315127968788147,-0.8020575642585754,9.62947940826416,1720123590199085200
1708787664713,left,acc,-0.3758896589279175,-0.4381389021873474,10.431536674499512,1720123590207060600
1708787664754,left,acc,-1.039083480834961,-1.6400281190872192,9.351752281188965,1720123590215080700
1708787664794,left,acc,-0.4596867263317108,-0.7110779285430908,10.347740173339844,1720123590223059700
1708787664834,left,acc,-0.8834604024887085,-1.357512354850769,10.678139686584473,1720123590234076600
1708787664874,left,acc,-1.4221558570861816,-1.0295066833496094,11.307814598083496,1720123590243048500
1708787664914,left,acc,-0.031124621629714966,-1.173158884048462,8.810662269592285,1720123590250553200
1708787664956,left,acc,-0.24181437492370605,-0.4908113479614258,7.872135162353516,1720123590259557100
1708787664995,left,acc,0.12210428714752197,-2.051830768585205,8.02536392211914,1720123590266556800
1708787665035,left,acc,0.16519992053508759,-1.3766659498214722,10.237606048583984,1720123590277556900
1708787665075,left,acc,-0.7948749661445618,-2.0614075660705566,9.931148529052734,1720123590286556600
1708787665119,left,acc,-1.2497732639312744,-2.7485435009002686,9.976638793945312,1720123590294558400
1708787665158,left,acc,-1.1085153818130493,-3.4308910369873047,9.909601211547852,1720123590303556700
1708787665195,left,acc,-1.4891934394836426,-3.5170822143554688,9.30386734008789,1720123590312556500
1708787665236,left,acc,-1.3192051649093628,-3.426102638244629,9.074024200439453,1720123590320556800
1708787665276,left,acc,-1.53707754611969,-3.31118106842041,9.136273384094238,1720123590330559000
1708787665320,left,acc,-0.9409212470054626,-2.4372973442077637,9.038111686706543,1720123590341632700
1708787665357,left,acc,-0.30885201692581177,-1.5179238319396973,10.27591323852539,1720123590352211100
1708787665396,left,acc,0.35673606395721436,0.24181437492370605,10.589553833007812,1720123590361176700
1708787665436,left,acc,-1.173158884048462,-1.1635819673538208,9.411606788635254,1720123590370212000
1708787665477,left,acc,-1.1827356815338135,-2.6384103298187256,10.163386344909668,1720123590377175300
1708787665497,left,acc,-1.4532804489135742,-2.5977089405059814,9.732429504394531,1720123590384176000
1708787665517,left,acc,-1.403002142906189,-3.1100680828094482,9.246406555175781,1720123590392174700
1708787665557,left,acc,-1.0869675874710083,-3.138798475265503,9.459490776062012,1720123590402174500
1708787665597,left,acc,-1.216254472732544,-2.5019407272338867,9.38048267364502,1720123590411174700
1708787665636,left,acc,-0.912190854549408,-3.023876667022705,9.27034854888916,1720123590418176000
1708787665677,left,acc,-0.7852981686592102,-2.6671407222747803,9.502586364746094,1720123590427218400
1708787665717,left,acc,-1.137245774269104,-2.9257144927978516,9.39245319366455,1720123590437203200
1708787665759,left,acc,-1.192312479019165,-3.2106244564056396,9.334992408752441,1720123590447317800
1708787665797,left,acc,-1.01753568649292,-2.940079689025879,9.481039047241211,1720123590456824700
1708787665837,left,acc,-1.2282254695892334,-2.96162748336792,9.246406555175781,1720123590464844000
1708787665878,left,acc,-1.0295066833496094,-2.8419175148010254,9.17936897277832,1720123590472837200
1708787665898,left,acc,-0.9050082564353943,-2.806004285812378,9.35654067993164,1720123590481824700
1708787665937,left,acc,-1.0678139925003052,-2.980781078338623,9.260771751403809,1720123590489862800
1708787665978,left,acc,-1.213860273361206,-3.112462282180786,9.246406555175781,1720123590498860900
1708787666018,left,acc,-1.1109095811843872,-3.0190882682800293,9.282320022583008,1720123590512861100
1708787666060,left,acc,-1.0654197931289673,-2.9688100814819336,9.217676162719727,1720123590521860200
1708787666098,left,acc,-1.1300631761550903,-3.1531636714935303,9.387664794921875,1720123590530858900
1708787666142,left,acc,-1.0462661981582642,-3.0142998695373535,9.583989143371582,1720123590540901000
1708787666179,left,acc,-1.2090718746185303,-3.1220390796661377,9.277531623840332,1720123590548903000
1708787666219,left,acc,-1.0845733880996704,-3.136404275894165,9.2033109664917,1720123590557484900
1708787666260,left,acc,-0.9002198576927185,-2.9281086921691895,9.279925346374512,1720123590569484700
1708787666299,left,acc,-1.0654197931289673,-3.1651346683502197,9.224859237670898,1720123590578484500
1708787666343,left,acc,-0.9672574996948242,-2.980781078338623,9.277531623840332,1720123590586486500
1708787666380,left,acc,-1.1252747774124146,-3.002328872680664,9.41400146484375,1720123590596484300
1708787666420,left,acc,-1.1180921792984009,-3.114856481552124,9.222464561462402,1720123590606448800
1708787666460,left,acc,-1.05105459690094,-3.2561142444610596,9.315838813781738,1720123590614487100
1708787666500,left,acc,-1.0582371950149536,-3.2585084438323975,9.260771751403809,1720123590622483900
1708787666540,left,acc,-1.1109095811843872,-3.141192674636841,9.21288776397705,1720123590630483000
1708787666580,left,acc,-1.0462661981582642,-3.1220390796661377,9.23682975769043,1720123590638455700
1708787666620,left,acc,-1.0295066833496094,-3.2393548488616943,9.272743225097656,1720123590647456400
1708787666661,left,acc,-0.9768342971801758,-3.3446998596191406,9.239224433898926,1720123590657657100
1708787666700,left,acc,-1.0438719987869263,-3.066972494125366,9.215282440185547,1720123590665613300
1708787666741,left,acc,-1.0462661981582642,-3.2297780513763428,9.282320022583008,1720123590679614900
1708787666781,left,acc,-1.0271124839782715,-3.2321722507476807,9.224859237670898,1720123590689647400
1708787666801,left,acc,-1.0582371950149536,-3.136404275894165,9.284713745117188,1720123590697648300
1708787666841,left,acc,-1.05105459690094,-3.1004912853240967,9.258378028869629,1720123590706646200
1708787666881,left,acc,-0.9816226959228516,-3.0813376903533936,9.174580574035645,1720123590715613500
1708787666923,left,acc,-1.0582371950149536,-3.1723172664642334,9.279925346374512,1720123590725660100
1708787666960,left,acc,-0.9888052940368652,-3.2130186557769775,9.258378028869629,1720123590735650300
1708787667002,left,acc,-1.0079588890075684,-3.1938650608062744,9.29189682006836,1720123590743716300
1708787667041,left,acc,-0.9576807022094727,-3.1651346683502197,9.308655738830566,1720123590752267400
1708787667082,left,acc,-1.0223240852355957,-3.227383852005005,9.30386734008789,1720123590762235800
1708787667121,left,acc,-0.9840168952941895,-3.155557870864868,9.255983352661133,1720123590771269000
1708787667165,left,acc,-1.0773907899856567,-3.0573954582214355,9.306262016296387,1720123590779268000
1708787667201,left,acc,-1.01753568649292,-2.9735984802246094,9.232041358947754,1720123590786234900
1708787667242,left,acc,-0.9744400978088379,-3.3303346633911133,9.047688484191895,1720123590795237300
1708787667265,left,acc,-1.1468225717544556,-3.5913026332855225,9.222464561462402,1720123590803279200
1708787667302,left,acc,-1.1803414821624756,-3.5721490383148193,9.196128845214844,1720123590813267300
1708787667382,left,acc,-1.0462661981582642,-3.184288263320923,9.165003776550293,1720123590841238700
1708787667422,left,acc,-1.1444283723831177,-3.3638534545898438,9.162610054016113,1720123590850742200
1708787667464,left,acc,-1.1420341730117798,-3.3854012489318848,9.193734169006348,1720123590859746000
1708787667502,left,acc,-1.070208191871643,-3.1962592601776123,9.181763648986816,1720123590868747400
1708787667543,left,acc,-1.0893617868423462,-3.134010076522827,9.30386734008789,1720123590876780800
1708787667583,left,acc,-1.173158884048462,-3.1220390796661377,9.287108421325684,1720123590885780700
1708787667624,left,acc,-1.0678139925003052,-3.2609026432037354,9.172186851501465,1720123590895355400
1708787667665,left,acc,-1.0869675874710083,-3.397372245788574,9.10993766784668,1720123590904426200
1708787667704,left,acc,-1.1348515748977661,-3.552995204925537,9.071630477905273,1720123590912390700
1708787667744,left,acc,-1.259350061416626,-3.6391866207122803,9.117119789123535,1720123590920389300
1708787667783,left,acc,-1.0989385843276978,-3.318363666534424,9.217676162719727,1720123590929398700
1708787667823,left,acc,-1.2952631711959839,-3.397372245788574,9.14585018157959,1720123590937393300
1708787667865,left,acc,-1.192312479019165,-3.5386300086975098,9.129091262817383,1720123590948412400
1708787667904,left,acc,-1.3120225667953491,-3.5458126068115234,9.20091724395752,1720123590956991100
1708787667965,left,acc,-1.237802267074585,-3.423708438873291,9.191340446472168,1720123590968993600
1708787668005,left,acc,-1.3024457693099976,-3.4380736351013184,9.205705642700195,1720123590977993500
1708787668025,left,acc,-1.2449848651885986,-3.5649664402008057,9.167398452758789,1720123590987995800
1708787668066,left,acc,-1.1540051698684692,-3.6846764087677,9.016563415527344,1720123590995958500
1708787668105,left,acc,-1.2282254695892334,-3.555389642715454,9.131484985351562,1720123591009958100
1708787668145,left,acc,-1.2880805730819702,-3.471592426300049,9.11233139038086,1720123591018956200
1708787668189,left,acc,-1.2665326595306396,-3.507505416870117,9.153033256530762,1720123591028957800
1708787668226,left,acc,-1.2761094570159912,-3.536235809326172,9.129091262817383,1720123591039965700
1708787668289,left,acc,-1.2186486721038818,-3.5889084339141846,9.081207275390625,1720123591050964900
1708787668326,left,acc,-1.2761094570159912,-3.4548330307006836,9.167398452758789,1720123591059212300
1708787668346,left,acc,-1.2713210582733154,-3.4979286193847656,9.119514465332031,1720123591150268100
1708787668386,left,acc,-1.2737152576446533,-3.6535518169403076,9.105149269104004,1720123591172855200
1708787668425,left,acc,-1.1252747774124146,-3.4763808250427246,9.131484985351562,1720123591181850400
1708787668467,left,acc,-1.2856862545013428,-3.4620156288146973,9.20091724395752,1720123591190851600
1708787668505,left,acc,-1.3335703611373901,-3.5482068061828613,9.119514465332031,1720123591198860000
1708787668546,left,acc,-1.359906554222107,-3.550601005554199,9.169792175292969,1720123591207817800
1708787668587,left,acc,-1.3072341680526733,-3.514688014984131,9.136273384094238,1720123591216816500
1708787668627,left,acc,-1.3024457693099976,-3.512293815612793,9.14345645904541,1720123591224841400
1708787668668,left,acc,-1.235408067703247,-3.5266590118408203,9.090784072875977,1720123591234853700
1708787668706,left,acc,-1.213860273361206,-3.56017804145813,9.107542991638184,1720123591244927800
1708787668747,left,acc,-1.2713210582733154,-3.512293815612793,9.107542991638184,1720123591256398600
1708787668787,left,acc,-1.314416766166687,-3.5386300086975098,9.186552047729492,1720123591266398800
1708787668827,left,acc,-1.2832920551300049,-3.5458126068115234,9.138668060302734,1720123591275404100
1708787668868,left,acc,-1.3287819623947144,-3.4572272300720215,9.090784072875977,1720123591283400100
1708787668907,left,acc,-1.3239935636520386,-3.488351821899414,9.150638580322266,1720123591292398600
1708787668948,left,acc,-1.2282254695892334,-3.507505416870117,9.066842079162598,1720123591303409300
1708787668988,left,acc,-1.2306196689605713,-3.56017804145813,9.102754592895508,1720123591312398300
1708787669028,left,acc,-1.2737152576446533,-3.5386300086975098,8.987833023071289,1720123591321400200
1708787669069,left,acc,-1.2641384601593018,-3.3877954483032227,9.14345645904541,1720123591330399600
1708787669112,left,acc,-1.2641384601593018,-3.5482068061828613,9.093177795410156,1720123591338441400
1708787669148,left,acc,-1.338358759880066,-3.4572272300720215,9.078812599182129,1720123591347474500
1708787669189,left,acc,-1.292868971824646,-3.4596214294433594,9.14585018157959,1720123591355729900
1708787669212,left,acc,-1.2425906658172607,-3.44765043258667,9.105149269104004,1720123591364728400
1708787669249,left,acc,-1.280897855758667,-3.5218706130981445,9.107542991638184,1720123591376762300
1708787669289,left,acc,-1.3072341680526733,-3.4955344200134277,9.162610054016113,1720123591384762800
1708787669328,left,acc,-1.259350061416626,-3.584120035171509,9.114726066589355,1720123591393762000
1708787669370,left,acc,-1.259350061416626,-3.442862033843994,9.14585018157959,1720123591402727500
1708787669409,left,acc,-1.2497732639312744,-3.464409828186035,9.081207275390625,1720123591413730400
1708787669470,left,acc,-1.213860273361206,-3.4835634231567383,9.133879661560059,1720123591422734800
1708787669490,left,acc,-1.2258312702178955,-3.512293815612793,9.121908187866211,1720123591433728800
1708787669529,left,acc,-1.2737152576446533,-3.531447410583496,9.162610054016113,1720123591442794800
1708787669569,left,acc,-1.256955862045288,-3.4787750244140625,9.105149269104004,1720123591450805200
1708787669612,left,acc,-1.2090718746185303,-3.4979286193847656,9.105149269104004,1720123591460410900
1708787669650,left,acc,-1.2114660739898682,-3.4835634231567383,9.155426979064941,1720123591470413400
1708787669690,left,acc,-1.2976573705673218,-3.464409828186035,9.0859956741333,1720123591477412800
1708787669729,left,acc,-1.3024457693099976,-3.40216064453125,9.10993766784668,1720123591486413700
1708787669771,left,acc,-1.2210428714752197,-3.4572272300720215,9.174580574035645,1720123591496408800
1708787669810,left,acc,-1.2114660739898682,-3.4979286193847656,9.205705642700195,1720123591504410700
1708787669851,left,acc,-1.2497732639312744,-3.490746021270752,9.167398452758789,1720123591511418100
1708787669891,left,acc,-1.1899182796478271,-3.5170822143554688,9.162610054016113,1720123591519400300
1708787669911,left,acc,-1.2090718746185303,-3.4596214294433594,9.121908187866211,1720123591526422600
1708787669951,left,acc,-1.158793568611145,-3.4835634231567383,9.121908187866211,1720123591535416200
1708787669992,left,acc,-1.1851298809051514,-3.5027170181274414,9.124302864074707,1720123591542455500
1708787670032,left,acc,-1.170764684677124,-3.507505416870117,9.169792175292969,1720123591550417200
1708787670072,left,acc,-1.1779472827911377,-3.4332852363586426,9.102754592895508,1720123591559927200
1708787670111,left,acc,-1.2880805730819702,-3.428496837615967,9.097966194152832,1720123591568935300
1708787670173,left,acc,-1.2282254695892334,-3.466804027557373,9.107542991638184,1720123591579926100
1708787670212,left,acc,-1.2880805730819702,-3.5003228187561035,9.162610054016113,1720123591587926200
1708787670252,left,acc,-1.2761094570159912,-3.529053211212158,9.167398452758789,1720123591596927100
1708787670273,left,acc,-1.1994950771331787,-3.5242648124694824,9.102754592895508,1720123591604925900
1708787670312,left,acc,-1.2976573705673218,-3.488351821899414,9.14585018157959,1720123591614945900
1708787670351,left,acc,-1.3718775510787964,-3.426102638244629,9.057265281677246,1720123591622926100
1708787670392,left,acc,-1.2425906658172607,-3.4141316413879395,9.150638580322266,1720123591645964600
1708787670432,left,acc,-1.2617442607879639,-3.5386300086975098,9.174580574035645,1720123591659513500
1708787670473,left,acc,-1.2330138683319092,-3.4835634231567383,9.07641887664795,1720123591669513900
1708787670533,left,acc,-1.2832920551300049,-3.5745432376861572,9.129091262817383,1720123591679512800
1708787670574,left,acc,-1.3215993642807007,-3.450044631958008,9.126696586608887,1720123591688513000
1708787670613,left,acc,-1.3263877630233765,-3.5027170181274414,9.14585018157959,1720123591697477100
1708787670652,left,acc,-1.2617442607879639,-3.5170822143554688,9.07641887664795,1720123591706477000
1708787670693,left,acc,-1.3120225667953491,-3.5003228187561035,9.105149269104004,1720123591716477200
1708787670733,left,acc,-1.314416766166687,-3.464409828186035,9.069235801696777,1720123591724477000
1708787670774,left,acc,-1.316810965538025,-3.533841609954834,9.174580574035645,1720123591732478900
1708787670813,left,acc,-1.3623007535934448,-3.5242648124694824,9.138668060302734,1720123591739482800
1708787670853,left,acc,-1.2521674633026123,-3.4787750244140625,9.081207275390625,1720123591747481900
1708787670894,left,acc,-1.3072341680526733,-3.557783842086792,9.14585018157959,1720123591755991700
1708787670934,left,acc,-1.338358759880066,-3.5458126068115234,9.069235801696777,1720123591762992400
1708787670975,left,acc,-1.4101848602294922,-3.536235809326172,9.035717010498047,1720123591770992000
1708787670994,left,acc,-1.3096283674240112,-3.4763808250427246,9.11233139038086,1720123591780991400
1708787671058,left,acc,-1.357512354850769,-3.5410242080688477,9.057265281677246,1720123591794994200
1708787671094,left,acc,-1.2952631711959839,-3.529053211212158,9.081207275390625,1720123591809805400
1708787671135,left,acc,-1.3766659498214722,-3.584120035171509,9.035717010498047,1720123591828805900
1708787671175,left,acc,-1.359906554222107,-3.5721490383148193,9.126696586608887,1720123591838811900
1708787671214,left,acc,-1.3479355573654175,-3.529053211212158,9.131484985351562,1720123591846846100
1708787671259,left,acc,-1.3455413579940796,-3.533841609954834,9.059659004211426,1720123591855413200
1708787671295,left,acc,-1.259350061416626,-3.555389642715454,9.126696586608887,1720123591865392600
1708787671355,left,acc,-1.2641384601593018,-3.49314022064209,9.033323287963867,1720123591872415700
1708787671375,left,acc,-1.3431471586227417,-3.584120035171509,9.10993766784668,1720123591879420500
1708787671415,left,acc,-1.316810965538025,-3.576937437057495,9.0859956741333,1720123591884414300
1708787671455,left,acc,-1.359906554222107,-3.4955344200134277,9.059659004211426,1720123591892377400
1708787671496,left,acc,-1.3742717504501343,-3.598485231399536,9.066842079162598,1720123591898377600
1708787671516,left,acc,-1.3239935636520386,-3.5625722408294678,9.14345645904541,1720123591916889000
1708787671576,left,acc,-1.3431471586227417,-3.529053211212158,9.124302864074707,1720123591923931600
1708787671615,left,acc,-1.3407529592514038,-3.445256233215332,9.081207275390625,1720123591931949700
1708787671656,left,acc,-1.3551181554794312,-3.6128504276275635,9.062053680419922,1720123591936928100
1708787671676,left,acc,-1.3862427473068237,-3.5960910320281982,9.05247688293457,1720123591946948300
1708787671715,left,acc,-1.357512354850769,-3.4979286193847656,9.138668060302734,1720123591950968600
1708787671755,left,acc,-1.3503297567367554,-3.6296098232269287,9.150638580322266,1720123591958517700
1708787671796,left,acc,-1.3910311460494995,-3.5410242080688477,9.181763648986816,1720123591964486500
1708787671817,left,acc,-1.381454348564148,-3.600879430770874,9.040505409240723,1720123591969514200
1708787671877,left,acc,-1.3407529592514038,-3.5386300086975098,9.047688484191895,1720123591975480100
1708787671897,left,acc,-1.3982137441635132,-3.5721490383148193,9.062053680419922,1720123591981516600
1708787671937,left,acc,-1.3479355573654175,-3.536235809326172,9.083600997924805,1720123591990514000
1708787671979,left,acc,-1.3718775510787964,-3.5625722408294678,9.066842079162598,1720123591996514100
1708787672037,left,acc,-1.3910311460494995,-3.56017804145813,9.107542991638184,1720123592001514700
1708787672081,left,acc,-1.3431471586227417,-3.5266590118408203,9.042900085449219,1720123592006517800
1708787672119,left,acc,-1.314416766166687,-3.5051112174987793,9.083600997924805,1720123592012522300
1708787672137,left,acc,-1.316810965538025,-3.5625722408294678,9.0859956741333,1720123592016514400
1708787672182,left,acc,-1.3910311460494995,-3.464409828186035,9.172186851501465,1720123592022516800
1708787672218,left,acc,-1.3455413579940796,-3.5266590118408203,9.119514465332031,1720123592028551800
1708787672283,left,acc,-1.2952631711959839,-3.5410242080688477,9.184157371520996,1720123592034480800
1708787672318,left,acc,-1.335964560508728,-3.4787750244140625,9.124302864074707,1720123592040484500
1708787672358,left,acc,-1.338358759880066,-3.5242648124694824,9.129091262817383,1720123592045484100
1708787672398,left,acc,-1.3287819623947144,-3.552995204925537,9.119514465332031,1720123592053087000
1708787672418,left,acc,-1.3742717504501343,-3.4787750244140625,9.121908187866211,1720123592060122700
1708787672479,left,acc,-1.3455413579940796,-3.5194764137268066,9.028534889221191,1720123592066094100
1708787672517,left,acc,-1.316810965538025,-3.5410242080688477,9.05487060546875,1720123592072092000
1708787672580,left,acc,-1.3072341680526733,-3.5913026332855225,9.165003776550293,1720123592080094200
1708787672619,left,acc,-1.2617442607879639,-3.485957622528076,9.100360870361328,1720123592085126300
1708787672639,left,acc,-1.2234370708465576,-3.5266590118408203,9.093177795410156,1720123592090126700
1708787672681,left,acc,-1.292868971824646,-3.466804027557373,9.102754592895508,1720123592095124600
1708787672719,left,acc,-1.3527239561080933,-3.49314022064209,9.162610054016113,1720123592102128500
1708787672759,left,acc,-1.2497732639312744,-3.5027170181274414,9.160215377807617,1720123592107152300
1708787672780,left,acc,-1.2761094570159912,-3.4332852363586426,9.162610054016113,1720123592112126000
1708787672819,left,acc,-1.1563993692398071,-3.485957622528076,9.165003776550293,1720123592117125500
1708787672839,left,acc,-1.173158884048462,-3.4835634231567383,9.030928611755371,1720123592126091300
1708787672860,left,acc,-1.158793568611145,-3.49314022064209,9.083600997924805,1720123592132128700
1708787672901,left,acc,-1.2713210582733154,-3.509899616241455,9.016563415527344,1720123592137091900
1708787672920,left,acc,-1.2282254695892334,-3.5003228187561035,9.095572471618652,1720123592142129700
1708787672960,left,acc,-1.2090718746185303,-3.4356794357299805,9.062053680419922,1720123592148135600
1708787673002,left,acc,-1.3263877630233765,-3.485957622528076,9.10993766784668,1720123592153706100
1708787673044,left,acc,-1.1994950771331787,-3.428496837615967,9.121908187866211,1720123592158708800
1708787673105,left,acc,-1.2306196689605713,-3.5194764137268066,9.133879661560059,1720123592163706500
1708787673140,left,acc,-1.2186486721038818,-3.5434184074401855,9.186552047729492,1720123592169705700
1708787673182,left,acc,-1.2761094570159912,-3.4739866256713867,9.167398452758789,1720123592174708500
1708787673204,left,acc,-1.2521674633026123,-3.3877954483032227,9.184157371520996,1720123592181709200
1708787673241,left,acc,-1.2952631711959839,-3.5673606395721436,9.093177795410156,1720123592187672800
1708787673282,left,acc,-1.381454348564148,-3.4189200401306152,9.121908187866211,1720123592192672500
1708787673318,left,acc,-1.3048399686813354,-3.512293815612793,9.0859956741333,1720123592198671900
1708787673358,left,acc,-1.314416766166687,-3.5170822143554688,9.071630477905273,1720123592204683400
1708787673398,left,acc,-1.37906014919281,-3.4548330307006836,9.069235801696777,1720123592210672200
1708787673438,left,acc,-1.2737152576446533,-3.514688014984131,9.057265281677246,1720123592216704000
1708787673479,left,acc,-1.3503297567367554,-3.5266590118408203,9.193734169006348,1720123592222708300
1708787673521,left,acc,-1.2952631711959839,-3.533841609954834,9.071630477905273,1720123592227686000
1708787673562,left,acc,-1.2521674633026123,-3.5434184074401855,9.095572471618652,1720123592232709200
1708787673602,left,acc,-1.3096283674240112,-3.533841609954834,9.114726066589355,1720123592237706200
1708787673642,left,acc,-1.359906554222107,-3.5386300086975098,9.165003776550293,1720123592243774000
1708787673683,left,acc,-1.335964560508728,-3.3949780464172363,9.150638580322266,1720123592249743600
1708787673721,left,acc,-1.3742717504501343,-3.4739866256713867,9.14585018157959,1720123592255335700
1708787673763,left,acc,-1.3287819623947144,-3.5266590118408203,9.157821655273438,1720123592263330600
1708787673802,left,acc,-1.4221558570861816,-3.552995204925537,9.095572471618652,1720123592270296200
1708787673843,left,acc,-1.3239935636520386,-3.4141316413879395,9.011775016784668,1720123592275336500
1708787673884,left,acc,-1.3455413579940796,-3.529053211212158,9.117119789123535,1720123592281332800
1708787673924,left,acc,-1.3000515699386597,-3.4979286193847656,9.083600997924805,1720123592286333100
1708787673963,left,acc,-1.2473790645599365,-3.56017804145813,9.14345645904541,1720123592292295200
1708787674003,left,acc,-1.3431471586227417,-3.5458126068115234,9.093177795410156,1720123592298331000
1708787674043,left,acc,-1.3479355573654175,-3.5242648124694824,9.069235801696777,1720123592304332400
1708787674084,left,acc,-1.292868971824646,-3.5051112174987793,9.10993766784668,1720123592310336600
1708787674128,left,acc,-1.359906554222107,-3.471592426300049,9.093177795410156,1720123592316329900
1708787674244,left,acc,-1.359906554222107,-3.4739866256713867,9.117119789123535,1720123592339299700
1708787674285,left,acc,-1.381454348564148,-3.576937437057495,9.026140213012695,1720123592344299900
1708787674324,left,acc,-1.2952631711959839,-3.4739866256713867,9.07641887664795,1720123592349299700
1708787674364,left,acc,-1.3287819623947144,-3.488351821899414,9.100360870361328,1720123592354807500
1708787674405,left,acc,-1.3742717504501343,-3.509899616241455,9.167398452758789,1720123592360807600
1708787674444,left,acc,-1.3694833517074585,-3.5194764137268066,9.121908187866211,1720123592367807900
1708787674486,left,acc,-1.3670891523361206,-3.509899616241455,9.148244857788086,1720123592373808400
1708787674544,left,acc,-1.3455413579940796,-3.6296098232269287,9.117119789123535,1720123592378808500
1708787674586,left,acc,-1.3024457693099976,-3.5194764137268066,9.105149269104004,1720123592383807400
1708787674627,left,acc,-1.3120225667953491,-3.552995204925537,9.097966194152832,1720123592388808500
1708787674645,left,acc,-1.3263877630233765,-3.471592426300049,9.081207275390625,1720123592395809700
1708787674705,left,acc,-1.4173674583435059,-3.56017804145813,9.100360870361328,1720123592400807600
1708787674726,left,acc,-1.3407529592514038,-3.5625722408294678,9.129091262817383,1720123592405807300
1708787674786,left,acc,-1.338358759880066,-3.5410242080688477,9.059659004211426,1720123592413808400
1708787674805,left,acc,-1.400607943534851,-3.5386300086975098,9.095572471618652,1720123592419809400
1708787674847,left,acc,-1.338358759880066,-3.5386300086975098,9.138668060302734,1720123592425808600
1708787674886,left,acc,-1.3048399686813354,-3.4356794357299805,9.095572471618652,1720123592431807300
1708787674925,left,acc,-1.2617442607879639,-3.5458126068115234,9.05487060546875,1720123592439814800
1708787674967,left,acc,-1.4077905416488647,-3.490746021270752,9.167398452758789,1720123592445813200
1708787675007,left,acc,-1.3215993642807007,-3.4763808250427246,9.105149269104004,1720123592450814200
1708787675050,left,acc,-1.3072341680526733,-3.5051112174987793,9.114726066589355,1720123592455323800
1708787675107,left,acc,-1.4532804489135742,-3.529053211212158,9.2033109664917,1720123592460323200
1708787675126,left,acc,-1.4269442558288574,-3.4787750244140625,9.2033109664917,1720123592465954700
1708787675167,left,acc,-1.113303780555725,-3.4572272300720215,9.026140213012695,1720123592472446900
1708787675207,left,acc,-1.2210428714752197,-3.5721490383148193,9.02135181427002,1720123592477444800
1708787675247,left,acc,-1.3072341680526733,-3.4356794357299805,9.114726066589355,1720123592482445100
1708787675288,left,acc,-1.2497732639312744,-3.514688014984131,9.102754592895508,1720123592487446600
1708787675328,left,acc,-1.3431471586227417,-3.378218650817871,9.157821655273438,1720123592494445000
1708787675367,left,acc,-1.3982137441635132,-3.4356794357299805,9.153033256530762,1720123592499444800
1708787675408,left,acc,-1.290474772453308,-3.4548330307006836,9.220070838928223,1720123592505445000
1708787675448,left,acc,-1.1899182796478271,-3.488351821899414,9.162610054016113,1720123592511444900
1708787675489,left,acc,-1.2641384601593018,-3.4356794357299805,9.160215377807617,1720123592518446300
1708787675527,left,acc,-1.2641384601593018,-3.536235809326172,9.08838939666748,1720123592526444700
1708787675548,left,acc,-1.316810965538025,-3.490746021270752,9.069235801696777,1720123592533446600
1708787675609,left,acc,-1.2521674633026123,-3.5936968326568604,9.078812599182129,1720123592542521000
1708787675649,left,acc,-1.2449848651885986,-3.5003228187561035,9.131484985351562,1720123592551520900
1708787675690,left,acc,-1.3048399686813354,-3.533841609954834,9.107542991638184,1720123592560119800
1708787675729,left,acc,-1.381454348564148,-3.557783842086792,9.074024200439453,1720123592570107800
1708787675790,left,acc,-1.3862427473068237,-3.5170822143554688,9.138668060302734,1720123592579100500
1708787675829,left,acc,-1.335964560508728,-3.5218706130981445,9.136273384094238,1720123592588063900
1708787675870,left,acc,-1.359906554222107,-3.5051112174987793,9.10993766784668,1720123592599098100
1708787675909,left,acc,-1.3192051649093628,-3.6296098232269287,9.030928611755371,1720123592609100000
1708787675949,left,acc,-1.338358759880066,-3.5673606395721436,9.081207275390625,1720123592617098100
1708787675991,left,acc,-1.3431471586227417,-3.56017804145813,9.17697525024414,1720123592626098000
1708787676030,left,acc,-1.37906014919281,-3.5865142345428467,9.129091262817383,1720123592634063100
1708787676074,left,acc,-1.359906554222107,-3.5482068061828613,9.078812599182129,1720123592644069200
1708787676114,left,acc,-1.3048399686813354,-3.5625722408294678,9.01895809173584,1720123592652067400
1708787676152,left,acc,-1.3670891523361206,-3.584120035171509,9.07641887664795,1720123592660578500
1708787676191,left,acc,-1.2832920551300049,-3.5194764137268066,9.014169692993164,1720123592669576600
1708787676231,left,acc,-1.280897855758667,-3.56017804145813,9.11233139038086,1720123592677586600
1708787676271,left,acc,-1.3431471586227417,-3.5386300086975098,9.090784072875977,1720123592687575000
1708787676311,left,acc,-1.3311761617660522,-3.49314022064209,9.117119789123535,1720123592695575800
1708787676351,left,acc,-1.335964560508728,-3.536235809326172,9.093177795410156,1720123592704575600
1708787676391,left,acc,-1.2473790645599365,-3.512293815612793,9.133879661560059,1720123592712575600
1708787676431,left,acc,-1.2641384601593018,-3.4955344200134277,9.105149269104004,1720123592720611200
1708787676471,left,acc,-1.3048399686813354,-3.4979286193847656,9.121908187866211,1720123592728576200
1708787676511,left,acc,-1.292868971824646,-3.555389642715454,9.114726066589355,1720123592737610400
1708787676551,left,acc,-1.2066776752471924,-3.509899616241455,9.117119789123535,1720123592744651400
1708787676592,left,acc,-1.2258312702178955,-3.507505416870117,9.196128845214844,1720123592754200700
1708787676632,left,acc,-1.280897855758667,-3.5649664402008057,9.102754592895508,1720123592763174000
1708787676672,left,acc,-1.2952631711959839,-3.442862033843994,9.162610054016113,1720123592772198700
1708787676711,left,acc,-1.2976573705673218,-3.49314022064209,9.114726066589355,1720123592781165200
1708787676751,left,acc,-1.1875240802764893,-3.512293815612793,9.174580574035645,1720123592789163800
1708787676793,left,acc,-1.2186486721038818,-3.4811692237854004,9.05247688293457,1720123592798197900
1708787676812,left,acc,-1.194706678390503,-3.5003228187561035,9.174580574035645,1720123592806165300
1708787676853,left,acc,-1.3239935636520386,-3.5170822143554688,9.153033256530762,1720123592818165100
1708787676913,left,acc,-1.280897855758667,-3.44765043258667,9.165003776550293,1720123592827181800
1708787676953,left,acc,-1.3239935636520386,-3.466804027557373,9.153033256530762,1720123592835163100
1708787676997,left,acc,-1.2761094570159912,-3.485957622528076,9.131484985351562,1720123592846170000
1708787677033,left,acc,-1.2497732639312744,-3.509899616241455,9.062053680419922,1720123592853675400
1708787677074,left,acc,-1.316810965538025,-3.5170822143554688,9.105149269104004,1720123592863680200
1708787677113,left,acc,-1.314416766166687,-3.4380736351013184,9.11233139038086,1720123592872679300
1708787677153,left,acc,-1.1899182796478271,-3.5697548389434814,9.141061782836914,1720123592882717900
1708787677199,left,acc,-1.2545616626739502,-3.529053211212158,9.174580574035645,1720123592889717500
1708787677234,left,acc,-1.213860273361206,-3.4787750244140625,9.078812599182129,1720123592900714500
1708787677274,left,acc,-1.1420341730117798,-3.469198226928711,9.186552047729492,1720123592908697200
1708787677314,left,acc,-1.3192051649093628,-3.383007049560547,9.210494041442871,1720123592917396200
1708787677354,left,acc,-1.192312479019165,-3.529053211212158,9.004592895507812,1720123592927395700
1708787677396,left,acc,-1.2186486721038818,-3.624821424484253,9.093177795410156,1720123592936360800
1708787677435,left,acc,-1.2090718746185303,-3.4787750244140625,9.121908187866211,1720123592945364600
1708787677475,left,acc,-1.2234370708465576,-3.442862033843994,9.126696586608887,1720123592959545000
1708787677514,left,acc,-1.2952631711959839,-3.5889084339141846,9.215282440185547,1720123592969547000
1708787677553,left,acc,-1.170764684677124,-3.5242648124694824,9.148244857788086,1720123592978580900
1708787677596,left,acc,-1.2330138683319092,-3.4596214294433594,9.081207275390625,1720123592988546900
1708787677635,left,acc,-1.170764684677124,-3.4811692237854004,9.17936897277832,1720123592997545500
1708787677676,left,acc,-1.1779472827911377,-3.5625722408294678,9.117119789123535,1720123593006545800
1708787677715,left,acc,-1.1109095811843872,-3.4787750244140625,9.033323287963867,1720123593015545100
1708787677755,left,acc,-1.2856862545013428,-3.4332852363586426,9.2033109664917,1720123593023547000
1708787677797,left,acc,-1.1540051698684692,-3.4596214294433594,9.095572471618652,1720123593032546500
1708787677836,left,acc,-1.0821791887283325,-3.4811692237854004,8.98543930053711,1720123593042551200
1708787677876,left,acc,-1.2497732639312744,-3.4811692237854004,9.119514465332031,1720123593052549900
1708787677918,left,acc,-1.2713210582733154,-3.6296098232269287,9.038111686706543,1720123593062062500
1708787677957,left,acc,-1.1803414821624756,-3.7684733867645264,9.0859956741333,1720123593070569800
1708787677997,left,acc,-1.1851298809051514,-3.6104562282562256,9.153033256530762,1720123593077568300
1708787678037,left,acc,-1.1252747774124146,-3.335123062133789,9.033323287963867,1720123593086568300
1708787678077,left,acc,-1.403002142906189,-3.3231520652770996,9.253589630126953,1720123593097569100
1708787678120,left,acc,-1.1994950771331787,-3.5170822143554688,9.023746490478516,1720123593112568300
1708787678177,left,acc,-1.357512354850769,-3.529053211212158,9.150638580322266,1720123593122568100
1708787678217,left,acc,-1.192312479019165,-3.292027235031128,9.114726066589355,1720123593132569400
1708787678257,left,acc,-1.161187767982483,-3.3039982318878174,9.10993766784668,1720123593140594400
1708787678299,left,acc,-1.1994950771331787,-3.4332852363586426,9.097966194152832,1720123593148594400
1708787678337,left,acc,-1.3096283674240112,-3.5960910320281982,9.14345645904541,1720123593159105000
1708787678377,left,acc,-1.314416766166687,-3.4811692237854004,9.090784072875977,1720123593167418200
1708787678415,left,acc,-1.213860273361206,-3.5051112174987793,9.148244857788086,1720123593177419100
1708787678455,left,acc,-1.2090718746185303,-3.426102638244629,9.050082206726074,1720123593185419600
1708787678496,left,acc,-1.2066776752471924,-3.5482068061828613,9.0859956741333,1720123593193427300
1708787678535,left,acc,-1.2761094570159912,-3.663128614425659,9.011775016784668,1720123593200418000
1708787678577,left,acc,-1.41257905960083,-3.3710360527038574,9.165003776550293,1720123593209419400
1708787678618,left,acc,-1.2952631711959839,-3.2369606494903564,9.332598686218262,1720123593219420600
1708787678660,left,acc,-1.2282254695892334,-3.251325845718384,9.224859237670898,1720123593228441100
1708787678699,left,acc,-1.4077905416488647,-3.4189200401306152,9.2033109664917,1720123593236421100
1708787678738,left,acc,-1.482010841369629,-3.5482068061828613,9.097966194152832,1720123593246428500
1708787678779,left,acc,-1.2258312702178955,-3.488351821899414,9.05247688293457,1720123593256945900
1708787678840,left,acc,-1.3311761617660522,-3.485957622528076,9.081207275390625,1720123593267944600
1708787678880,left,acc,-1.3503297567367554,-3.490746021270752,9.186552047729492,1720123593274945400
1708787678901,left,acc,-1.3766659498214722,-3.44765043258667,9.117119789123535,1720123593282943700
1708787678943,left,acc,-1.338358759880066,-3.4596214294433594,9.181763648986816,1720123593290942500
1708787678980,left,acc,-1.1994950771331787,-3.442862033843994,9.081207275390625,1720123593299942600
1708787679019,left,acc,-1.2761094570159912,-3.509899616241455,9.064447402954102,1720123593308945200
1708787679059,left,acc,-1.3311761617660522,-3.466804027557373,9.141061782836914,1720123593319942000
1708787679100,left,acc,-1.280897855758667,-3.3925838470458984,9.105149269104004,1720123593328941600
1708787679138,left,acc,-1.2521674633026123,-3.40216064453125,9.188945770263672,1720123593337958800
1708787679177,left,acc,-1.3455413579940796,-3.4141316413879395,9.186552047729492,1720123593347964600
1708787679218,left,acc,-1.292868971824646,-3.488351821899414,9.193734169006348,1720123593358478100
1708787679258,left,acc,-1.3072341680526733,-3.4165258407592773,9.174580574035645,1720123593367476600
1708787679319,left,acc,-1.2545616626739502,-3.4332852363586426,9.150638580322266,1720123593376475800
1708787679341,left,acc,-1.2306196689605713,-3.4117374420166016,9.126696586608887,1720123593386476900
1708787679381,left,acc,-1.1851298809051514,-3.450044631958008,9.105149269104004,1720123593394477000
1708787679402,left,acc,-1.237802267074585,-3.4572272300720215,9.133879661560059,1720123593404475400
1708787679420,left,acc,-1.3527239561080933,-3.4356794357299805,9.14585018157959,1720123593414477200
1708787679461,left,acc,-1.3000515699386597,-3.509899616241455,9.198522567749023,1720123593424476900
1708787679500,left,acc,-1.2186486721038818,-3.4835634231567383,9.10993766784668,1720123593433477000
1708787679540,left,acc,-1.2449848651885986,-3.4763808250427246,9.191340446472168,1720123593442481700
1708787679581,left,acc,-1.2761094570159912,-3.4189200401306152,9.117119789123535,1720123593452481100
1708787679640,left,acc,-1.2713210582733154,-3.4093432426452637,9.224859237670898,1720123593461993200
1708787679660,left,acc,-1.278503656387329,-3.4141316413879395,9.188945770263672,1720123593471989600
1708787679701,left,acc,-1.2761094570159912,-3.4787750244140625,9.255983352661133,1720123593479989500
1708787679741,left,acc,-1.2210428714752197,-3.450044631958008,9.20091724395752,1720123593489991200
1708787679779,left,acc,-1.2090718746185303,-3.4524388313293457,9.0859956741333,1720123593497989500
1708787679800,left,acc,-1.115697979927063,-3.4332852363586426,9.064447402954102,1720123593506990000
1708787679839,left,acc,-1.1899182796478271,-3.378218650817871,9.167398452758789,1720123593515990000
1708787679880,left,acc,-1.3479355573654175,-3.4620156288146973,9.167398452758789,1720123593525996300
1708787679919,left,acc,-1.213860273361206,-3.4572272300720215,9.14345645904541,1720123593534990000
1708787679961,left,acc,-1.1492167711257935,-3.4165258407592773,9.05487060546875,1720123593543994400
1708787680002,left,acc,-1.338358759880066,-3.3925838470458984,9.119514465332031,1720123593550996900
1708787680039,left,acc,-1.2330138683319092,-3.4404678344726562,9.090784072875977,1720123593559534300
1708787680080,left,acc,-1.4101848602294922,-3.7277719974517822,9.08838939666748,1720123593569533000
1708787680120,left,acc,-1.3192051649093628,-3.7684733867645264,9.117119789123535,1720123593577533200
1708787680160,left,acc,-1.115697979927063,-3.533841609954834,9.05487060546875,1720123593586532700
1708787680202,left,acc,-1.3479355573654175,-3.4141316413879395,9.188945770263672,1720123593593534200
1708787680242,left,acc,-1.5322890281677246,-3.531447410583496,9.251194953918457,1720123593603532700
1708787680283,left,acc,-1.3215993642807007,-3.624821424484253,9.059659004211426,1720123593611532500
1708787680324,left,acc,-1.237802267074585,-3.507505416870117,9.062053680419922,1720123593620534500
1708787680364,left,acc,-1.4532804489135742,-3.4524388313293457,9.193734169006348,1720123593630540100
1708787680405,left,acc,-1.3934253454208374,-3.5386300086975098,9.17697525024414,1720123593638567600
1708787680444,left,acc,-1.259350061416626,-3.536235809326172,9.0859956741333,1720123593647572300
1708787680483,left,acc,-1.2042834758758545,-3.584120035171509,9.033323287963867,1720123593657198100
1708787680524,left,acc,-1.2617442607879639,-3.5218706130981445,9.062053680419922,1720123593665186700
1708787680564,left,acc,-1.1803414821624756,-3.5266590118408203,9.081207275390625,1720123593673152500
1708787680605,left,acc,-1.4915876388549805,-3.464409828186035,9.165003776550293,1720123593682194600
1708787680645,left,acc,-1.5131354331970215,-3.5242648124694824,9.188945770263672,1720123593692153100
1708787680684,left,acc,-1.2521674633026123,-3.6727054119110107,9.014169692993164,1720123593701151300
1708787680725,left,acc,-1.2186486721038818,-3.6320040225982666,9.05487060546875,1720123593709151300
1708787680765,left,acc,-1.3527239561080933,-3.552995204925537,9.093177795410156,1720123593718151300
1708787680806,left,acc,-1.2689268589019775,-3.579331636428833,8.995016098022461,1720123593728172100
1708787680845,left,acc,-1.3335703611373901,-3.5865142345428467,9.040505409240723,1720123593738151600
1708787680887,left,acc,-1.3048399686813354,-3.579331636428833,9.155426979064941,1720123593748156700
1708787680926,left,acc,-1.2880805730819702,-3.5051112174987793,9.042900085449219,1720123593756672000
1708787680965,left,acc,-1.335964560508728,-3.536235809326172,9.0859956741333,1720123593765673500
1708787681007,left,acc,-1.3311761617660522,-3.5745432376861572,9.062053680419922,1720123593774673200
1708787681046,left,acc,-1.3551181554794312,-3.584120035171509,9.114726066589355,1720123593782674000
1708787681089,left,acc,-1.357512354850769,-3.514688014984131,9.028534889221191,1720123593791672500
1708787681166,left,acc,-1.4053963422775269,-3.620033025741577,9.074024200439453,1720123593819672300
1708787681207,left,acc,-1.2856862545013428,-3.624821424484253,9.126696586608887,1720123593831194000
1708787681247,left,acc,-1.4293384552001953,-3.5482068061828613,9.155426979064941,1720123593839739300
1708787681286,left,acc,-1.4652514457702637,-3.529053211212158,9.045293807983398,1720123593858315300
1708787681327,left,acc,-1.3215993642807007,-3.598485231399536,9.042900085449219,1720123593868314900
1708787681367,left,acc,-1.3862427473068237,-3.5003228187561035,9.119514465332031,1720123593878316200
1708787681407,left,acc,-1.4053963422775269,-3.555389642715454,9.150638580322266,1720123593886315400
1708787681447,left,acc,-1.3407529592514038,-3.4308910369873047,9.138668060302734,1720123593895317600
1708787681487,left,acc,-1.3287819623947144,-3.4787750244140625,9.100360870361328,1720123593906316800
1708787681528,left,acc,-1.4269442558288574,-3.646369218826294,9.059659004211426,1720123593914315800
1708787681567,left,acc,-1.3072341680526733,-3.598485231399536,9.11233139038086,1720123593922314700
1708787681608,left,acc,-1.2976573705673218,-3.464409828186035,9.0859956741333,1720123593932314600
1708787681647,left,acc,-1.403002142906189,-3.5027170181274414,9.095572471618652,1720123593941320500
1708787681685,left,acc,-1.4413094520568848,-3.490746021270752,9.107542991638184,1720123593950319000
1708787681725,left,acc,-1.2689268589019775,-3.600879430770874,9.102754592895508,1720123593959828100
1708787681767,left,acc,-1.2952631711959839,-3.4189200401306152,9.064447402954102,1720123593968829800
1708787681809,left,acc,-1.2856862545013428,-3.5482068061828613,9.08838939666748,1720123593977829200
1708787681848,left,acc,-1.2425906658172607,-3.490746021270752,9.035717010498047,1720123593987828400
1708787681891,left,acc,-1.3670891523361206,-3.490746021270752,9.172186851501465,1720123593996830300
1708787681929,left,acc,-1.2952631711959839,-3.507505416870117,9.14585018157959,1720123594007828100
1708787681969,left,acc,-1.2713210582733154,-3.5242648124694824,9.129091262817383,1720123594017830500
1708787682014,left,acc,-1.2713210582733154,-3.40216064453125,9.131484985351562,1720123594035828700
1708787682049,left,acc,-1.2641384601593018,-3.5625722408294678,9.083600997924805,1720123594044834000
1708787682115,left,acc,-1.2737152576446533,-3.5673606395721436,9.184157371520996,1720123594054375600
1708787682130,left,acc,-1.2473790645599365,-3.5051112174987793,9.093177795410156,1720123594064417800
1708787682170,left,acc,-1.280897855758667,-3.485957622528076,9.100360870361328,1720123594073415400
1708787682212,left,acc,-1.2545616626739502,-3.514688014984131,9.028534889221191,1720123594081416200
1708787682249,left,acc,-1.2425906658172607,-3.5936968326568604,9.117119789123535,1720123594090414800
1708787682288,left,acc,-1.2665326595306396,-3.4955344200134277,9.050082206726074,1720123594101379500
1708787682328,left,acc,-1.278503656387329,-3.4787750244140625,9.126696586608887,1720123594110379500
1708787682369,left,acc,-1.2952631711959839,-3.5170822143554688,9.131484985351562,1720123594120380700
1708787682411,left,acc,-1.2689268589019775,-3.536235809326172,9.165003776550293,1720123594128381200
1708787682451,left,acc,-1.2449848651885986,-3.450044631958008,9.064447402954102,1720123594138379800
1708787682491,left,acc,-1.3287819623947144,-3.531447410583496,9.047688484191895,1720123594148384800
1708787682530,left,acc,-1.314416766166687,-3.5482068061828613,9.07641887664795,1720123594157931900
1708787682571,left,acc,-1.2976573705673218,-3.5482068061828613,9.14345645904541,1720123594174895900
1708787682612,left,acc,-1.3311761617660522,-3.5625722408294678,9.050082206726074,1720123594182896400
1708787682651,left,acc,-1.414973258972168,-3.5242648124694824,9.059659004211426,1720123594190895900
1708787682691,left,acc,-1.3215993642807007,-3.529053211212158,9.131484985351562,1720123594199895800
1708787682731,left,acc,-1.4077905416488647,-3.4141316413879395,9.500192642211914,1720123594208896900
1708787682792,left,acc,-0.5195417404174805,-3.6176388263702393,10.539276123046875,1720123594218895400
1708787682833,left,acc,-0.16519992053508759,-5.185841083526611,9.157821655273438,1720123594227898500
1708787682871,left,acc,-1.6304513216018677,-7.73087739944458,6.751648902893066,1720123594240993500
1708787682913,left,acc,-3.090914487838745,-9.373299598693848,5.094861030578613,1720123594250966600
1708787682952,left,acc,-3.378218650817871,-10.527304649353027,4.141968727111816,1720123594261516000
1708787683013,left,acc,-3.3063924312591553,-9.41639518737793,0.9840168952941895,1720123594270516000
1708787683052,left,acc,-3.251325845718384,-8.78193187713623,-0.8140285611152649,1720123594279514200
1708787683093,left,acc,-3.643975019454956,-8.307879447937012,-1.7357962131500244,1720123594289514200
1708787683136,left,acc,-3.998316764831543,-7.922413349151611,-2.5258827209472656,1720123594297515500
1708787683152,left,acc,-4.343081951141357,-7.929595947265625,-2.691082715988159,1720123594305513800
1708787683213,left,acc,-4.874594688415527,-7.328651428222656,-3.993528366088867,1720123594314514700
1708787683253,left,acc,-5.1116204261779785,-7.132327079772949,-4.668693542480469,1720123594324515800
1708787683293,left,acc,-5.099649429321289,-5.942408561706543,-5.434837818145752,1720123594336529900
1708787683314,left,acc,-1.7142484188079834,-7.733271598815918,-5.485116004943848,1720123594346519100
1708787683373,left,acc,-5.595249176025391,-6.165069580078125,-5.564124584197998,1720123594355026900
1708787683415,left,acc,-4.627991676330566,-5.102043628692627,-5.861005783081055,1720123594366025200
1708787683453,left,acc,-5.631162166595459,-4.994304656982422,-5.975927352905273,1720123594376025400
1708787683474,left,acc,-5.549759387969971,-4.726154327392578,-6.007051944732666,1720123594384025000
1708787683515,left,acc,-5.822698593139648,-4.7836151123046875,-5.688623428344727,1720123594394036600
1708787683553,left,acc,-5.5760955810546875,-5.080495834350586,-6.021417140960693,1720123594403025400
1708787683614,left,acc,-5.702988624572754,-4.747702121734619,-6.078877925872803,1720123594412026200
1708787683653,left,acc,-5.655104637145996,-4.357447147369385,-6.299144744873047,1720123594422024700
1708787683692,left,acc,-5.70777702331543,-4.345476150512695,-6.323086738586426,1720123594430026000
1708787683734,left,acc,-5.746084213256836,-4.213795185089111,-6.222530364990234,1720123594439026700
1708787683776,left,acc,-6.121973514556885,-4.067748546600342,-6.2392897605896,1720123594449030500
1708787683816,left,acc,-6.521805286407471,-4.4292731285095215,-6.189011573791504,1720123594459216100
1708787683854,left,acc,-6.806715488433838,-4.982333660125732,-5.892130374908447,1720123594469216000
1708787683895,left,acc,-6.315904140472412,-4.812345504760742,-6.01423454284668,1720123594477214500
1708787683937,left,acc,-6.562506675720215,-4.8602294921875,-5.932831764221191,1720123594486214100
1708787683959,left,acc,-6.435614109039307,-4.637568473815918,-6.19379997253418,1720123594495214300
1708787684016,left,acc,-6.189011573791504,-4.484339714050293,-6.179434776306152,1720123594505279900
1708787684055,left,acc,-5.92325496673584,-4.596867084503174,-6.222530364990234,1720123594513247700
1708787684096,left,acc,-6.016628742218018,-4.568136692047119,-5.999869346618652,1720123594523215900
1708787684136,left,acc,-5.884947776794434,-4.364629745483398,-5.892130374908447,1720123594531632800
1708787684155,left,acc,-6.165069580078125,-4.383783340454102,-6.028599739074707,1720123594539637300
1708787684197,left,acc,-5.920860767364502,-4.173093795776367,-6.088454723358154,1720123594550637400
1708787684237,left,acc,-5.889736175537109,-4.168305397033691,-6.1267619132995605,1720123594560146900
1708787684276,left,acc,-5.906495571136475,-4.220977783203125,-5.980715751647949,1720123594569147700
1708787684318,left,acc,-6.107608318328857,-3.950432777404785,-7.141903877258301,1720123594579159100
1708787684357,left,acc,-6.268020153045654,-3.9264907836914062,-5.736507415771484,1720123594589146200
1708787684397,left,acc,-6.593631267547607,-5.049371242523193,-5.015852451324463,1720123594597146500
1708787684436,left,acc,-6.607996463775635,-5.171475887298584,-4.58968448638916,1720123594607167000
1708787684477,left,acc,-6.5912370681762695,-5.216965675354004,-5.16429328918457,1720123594617168300
1708787684518,left,acc,-6.308721542358398,-5.501875400543213,-4.941632270812988,1720123594625146500
1708787684558,left,acc,-5.770026206970215,-5.758055210113525,-5.353435039520264,1720123594634160200
1708787684598,left,acc,-6.258443355560303,-6.028599739074707,-5.284003257751465,1720123594645151900
1708787684638,left,acc,-6.806715488433838,-5.856217384338379,-4.9368438720703125,1720123594654174100
1708787684677,left,acc,-6.414066314697266,-6.033388137817383,-5.020640850067139,1720123594663716000
1708787684718,left,acc,-6.251260757446289,-6.538564682006836,-5.008669853210449,1720123594671692600
1708787684758,left,acc,-6.086060523986816,-5.789179801940918,-5.60722017288208,1720123594681692400
1708787684798,left,acc,-5.827486991882324,-6.296750545501709,-4.163516521453857,1720123594689692800
1708787684839,left,acc,-6.354211330413818,-6.50025749206543,-4.627991676330566,1720123594697696200
1708787684881,left,acc,-5.705382823944092,-6.332663536071777,-4.6471452713012695,1720123594706692400
1708787684920,left,acc,-6.289567947387695,-6.342240333557129,-5.056553840637207,1720123594713728600
1708787684961,left,acc,-5.7341132164001465,-5.92325496673584,-5.274426460266113,1720123594723731100
1708787684998,left,acc,-5.942408561706543,-5.765237808227539,-5.1116204261779785,1720123594731693900
1708787685039,left,acc,-5.475539207458496,-5.815515995025635,-4.599261283874512,1720123594740776800
1708787685083,left,acc,-6.349422931671143,-5.750872611999512,-4.955997467041016,1720123594750775700
1708787685122,left,acc,-6.224924564361572,-5.578489780426025,-4.888959884643555,1720123594758319100
1708787685160,left,acc,-6.354211330413818,-5.698200225830078,-4.541800498962402,1720123594767356500
1708787685199,left,acc,-6.493074893951416,-6.909666061401367,-3.7684733867645264,1720123594777319700
1708787685239,left,acc,-5.896918773651123,-6.7061591148376465,-4.288015365600586,1720123594785318900
1708787685286,left,acc,-6.3973069190979,-6.801927089691162,-4.3191399574279785,1720123594793353500
1708787685321,left,acc,-5.96874475479126,-7.017405033111572,-4.213795185089111,1720123594805355900
1708787685361,left,acc,-5.693411827087402,-7.220912456512451,-4.173093795776367,1720123594814355700
1708787685400,left,acc,-5.729324817657471,-7.3885064125061035,-4.292803764343262,1720123594824352300
1708787685441,left,acc,-5.497087001800537,-7.273584842681885,-3.4332852363586426,1720123594831319200
1708787685480,left,acc,-6.251260757446289,-7.400477409362793,-2.9903578758239746,1720123594839354300
1708787685522,left,acc,-5.640739440917969,-7.692570209503174,-3.00711727142334,1720123594847393700
1708787685561,left,acc,-5.530605792999268,-7.757213592529297,-2.535459518432617,1720123594859980200
1708787685600,left,acc,-5.439626216888428,-8.003816604614258,-2.432508945465088,1720123594867979400
1708787685641,left,acc,-6.18182897567749,-7.208941459655762,-1.115697979927063,1720123594878980300
1708787685681,left,acc,-10.031704902648926,-8.068459510803223,-2.7246015071868896,1720123594887979700
1708787685722,left,acc,-3.6511576175689697,-12.267889976501465,-1.9177556037902832,1720123594895983000
1708787685762,left,acc,-4.714183330535889,-9.050082206726074,-0.24899697303771973,1720123594904946000
1708787685803,left,acc,-1.7884687185287476,-2.207453966140747,-18.04988670349121,1720123594916947900
1708787685842,left,acc,-1.3215993642807007,-3.0526070594787598,-5.501875400543213,1720123594926259500
1708787685882,left,acc,-0.40701428055763245,-6.145915985107422,8.482656478881836,1720123594933207600
1708787685923,left,acc,-1.656787633895874,-4.6040496826171875,-1.8100165128707886,1720123594942212700
1708787685962,left,acc,-0.5291185975074768,-4.709394931793213,-0.28969839215278625,1720123594952212300
1708787686006,left,acc,-0.07661445438861847,-0.8403648138046265,-0.7948749661445618,1720123594962731600
1708787686043,left,acc,-0.6129156351089478,-2.8395233154296875,-1.7142484188079834,1720123594970725500
1708787686084,left,acc,1.0223240852355957,-3.023876667022705,-0.7661445140838623,1720123594982725500
1708787686124,left,acc,-14.571111679077148,-11.286267280578613,-4.900930881500244,1720123594989725100
1708787686163,left,acc,-18.4066219329834,-1.1803414821624756,-19.27092933654785,1720123594999725200
1708787686202,left,acc,6.701370716094971,-2.209848165512085,-2.920926094055176,1720123595007724400
1708787686243,left,acc,2.557007312774658,-1.920149803161621,-1.7190368175506592,1720123595016725200
1708787686283,left,acc,0.6871358752250671,10.424354553222656,-7.132327079772949,1720123595026733500
1708787686324,left,acc,8.267178535461426,-12.969390869140625,1.3718775510787964,1720123595034724800
1708787686365,left,acc,0.4596867263317108,-8.066065788269043,-2.7748796939849854,1720123595042728400
1708787686404,left,acc,-2.2649147510528564,-9.62947940826416,-10.139444351196289,1720123595052728500
1708787686444,left,acc,18.66280174255371,-3.9264907836914062,4.034229755401611,1720123595062263500
1708787686489,left,acc,-6.691793918609619,-11.525687217712402,-6.619967937469482,1720123595071272700
1708787686523,left,acc,-3.248931646347046,-11.410765647888184,-2.7676970958709717,1720123595080239500
1708787686542,left,acc,-0.7876923680305481,-9.923966407775879,-4.479551315307617,1720123595089237900
1708787686562,left,acc,-0.4812345504760742,-8.255207061767578,-3.6320040225982666,1720123595097237100
1708787686583,left,acc,-0.4118026793003082,-8.724471092224121,-5.432443618774414,1720123595107237800
1708787686643,left,acc,-1.764526605606079,-8.494627952575684,-4.434061527252197,1720123595116238300
1708787686683,left,acc,-0.6105214357376099,-8.937555313110352,-5.485116004943848,1720123595124237200
1708787686723,left,acc,0.5003881454467773,-7.65186882019043,-4.484339714050293,1720123595135256700
1708787686762,left,acc,-2.5234885215759277,-7.41484260559082,-5.7556610107421875,1720123595143308800
1708787686802,left,acc,-2.3965959548950195,-7.608773231506348,-3.751713991165161,1720123595152310100
1708787686842,left,acc,-4.141968727111816,-7.3693528175354,-5.571307182312012,1720123595161855600
1708787686882,left,acc,-0.9481038451194763,-8.53293514251709,-4.857835292816162,1720123595169891500
1708787686923,left,acc,-5.872976779937744,-11.32457447052002,-5.212177276611328,1720123595179891200
1708787686964,left,acc,-5.746084213256836,-9.555258750915527,-8.427590370178223,1720123595190997300
1708787687004,left,acc,-2.205059766769409,-8.556877136230469,-4.63517427444458,1720123595198524800
1708787687044,left,acc,-7.184999465942383,-7.618350028991699,-1.072602391242981,1720123595210527300
1708787687084,left,acc,-0.8762778043746948,-13.33809757232666,10.41956615447998,1720123595218492600
1708787687129,left,acc,-0.8978256583213806,-13.546393394470215,2.0039467811584473,1720123595227526000
1708787687164,left,acc,-7.496245384216309,-7.771578788757324,-1.8291701078414917,1720123595238542700
1708787687204,left,acc,-3.1483752727508545,-10.733205795288086,1.5203180313110352,1720123595246532200
1708787687244,left,acc,-1.2234370708465576,-9.10993766784668,4.869806289672852,1720123595253555700
1708787687265,left,acc,2.695871114730835,-8.537723541259766,0.9768342971801758,1720123595263146400
1708787687304,left,acc,-0.49320554733276367,-7.340622425079346,5.123591423034668,1720123595271135600
1708787687344,left,acc,-0.05267243832349777,-6.967126846313477,6.6630635261535645,1720123595281133900
1708787687405,left,acc,1.5538369417190552,-9.121908187866211,6.124367713928223,1720123595289098200
1708787687444,left,acc,-2.5546131134033203,-2.0829553604125977,15.540762901306152,1720123595297100900
1708787687485,left,acc,1.7812861204147339,-8.200140953063965,8.700529098510742,1720123595304097900
1708787687525,left,acc,0.5051765441894531,-3.354276657104492,10.60152530670166,1720123595312108800
1708787687565,left,acc,4.946420669555664,1.0414776802062988,9.313444137573242,1720123595322097700
1708787687606,left,acc,1.359906554222107,-4.702212333679199,11.262324333190918,1720123595332097800
1708787687645,left,acc,2.0805611610412598,-1.2856862545013428,8.219294548034668,1720123595341115200
1708787687686,left,acc,2.3511061668395996,0.5219359993934631,10.431536674499512,1720123595349131900
1708787687727,left,acc,3.8163576126098633,1.0079588890075684,7.582436561584473,1720123595366621700
1708787687766,left,acc,2.3798365592956543,2.0661959648132324,7.307103633880615,1720123595375621900
1708787687806,left,acc,2.4684219360351562,2.2673089504241943,10.022128105163574,1720123595384622500
1708787687849,left,acc,1.680729627609253,5.5976433753967285,7.836222171783447,1720123595394621700
1708787687907,left,acc,2.2385785579681396,5.791574001312256,9.248801231384277,1720123595403631800
1708787687950,left,acc,-0.05027823522686958,6.691793918609619,6.279991149902344,1720123595411622100
1708787687987,left,acc,-0.9193734526634216,7.0988078117370605,6.564900875091553,1720123595419623100
1708787688028,left,acc,1.9249382019042969,6.89530086517334,4.98472785949707,1720123595429621500
1708787688067,left,acc,2.647987127304077,10.843339920043945,9.035717010498047,1720123595439621800
1708787688107,left,acc,2.2385785579681396,7.196970462799072,5.851428985595703,1720123595446625200
1708787688147,left,acc,2.540247917175293,5.896918773651123,7.352593421936035,1720123595456134900
1708787688187,left,acc,2.27209734916687,5.568912982940674,8.125920295715332,1720123595467133900
1708787688228,left,acc,2.2601263523101807,7.560888767242432,5.92325496673584,1720123595474133900
1708787688311,left,acc,2.6599581241607666,5.815515995025635,8.08282470703125,1720123595500133700
1708787688353,left,acc,2.849100112915039,4.73573112487793,8.061277389526367,1720123595509135600
1708787688390,left,acc,2.786850690841675,4.288015365600586,7.501033782958984,1720123595517134900
1708787688429,left,acc,2.166752576828003,5.51624059677124,8.236053466796875,1720123595525136500
1708787688469,left,acc,1.460463047027588,6.957550048828125,9.289502143859863,1720123595534168600
1708787688530,left,acc,1.7597382068634033,3.7397429943084717,4.458003520965576,1720123595547207700
1708787688570,left,acc,2.1523873805999756,4.110844135284424,7.778761386871338,1720123595555714900
1708787688611,left,acc,2.0590133666992188,4.989516258239746,8.339004516601562,1720123595563731500
1708787688632,left,acc,1.6711528301239014,5.214571475982666,9.064447402954102,1720123595575754200
1708787688670,left,acc,1.3646949529647827,4.659116744995117,8.956708908081055,1720123595583756200
1708787688711,left,acc,1.2306196689605713,3.6128504276275635,9.14345645904541,1720123595593727900
1708787688751,left,acc,1.256955862045288,3.5410242080688477,9.062053680419922,1720123595602752800
1708787688773,left,acc,1.86508309841156,3.9193081855773926,9.658209800720215,1720123595610757400
1708787688812,left,acc,1.338358759880066,4.314351558685303,7.920019149780273,1720123595621735600
1708787688852,left,acc,1.3479355573654175,3.8977603912353516,9.895236015319824,1720123595630754600
1708787688892,left,acc,1.7046716213226318,4.307168960571289,9.287108421325684,1720123595639753800
1708787688933,left,acc,1.4245500564575195,3.866635799407959,9.706093788146973,1720123595648796400
1708787688976,left,acc,1.4484920501708984,3.4165258407592773,9.576807022094727,1720123595658369600
1708787689012,left,acc,1.235408067703247,4.201824188232422,8.987833023071289,1720123595667336900
1708787689033,left,acc,1.0989385843276978,3.5410242080688477,8.631096839904785,1720123595677372200
1708787689077,left,acc,1.161187767982483,3.6822822093963623,9.512163162231445,1720123595685369900
1708787689113,left,acc,0.5267243981361389,4.513070106506348,8.655038833618164,1720123595694334800
1708787689134,left,acc,-0.11013327538967133,4.261679172515869,7.60637903213501,1720123595702370000
1708787689173,left,acc,0.15562310814857483,4.5609540939331055,9.643844604492188,1720123595710377900
1708787689211,left,acc,0.2059013396501541,4.0749311447143555,8.159439086914062,1720123595718369500
1708787689253,left,acc,0.31842881441116333,4.563348293304443,8.7268648147583,1720123595728336900
1708787689293,left,acc,0.33279404044151306,4.639962673187256,8.556877136230469,1720123595737371900
1708787689334,left,acc,0.19871874153614044,4.908113479614258,8.47547435760498,1720123595746419000
1708787689373,left,acc,-3.4141316413879395,2.7269957065582275,8.461109161376953,1720123595757959100
1708787689412,left,acc,-0.5482721924781799,3.4308910369873047,8.20732307434082,1720123595768992100
1708787689454,left,acc,-0.4836287498474121,4.180276393890381,8.391676902770996,1720123595783994700
1708787689493,left,acc,-0.6823474764823914,4.522646903991699,8.939949035644531,1720123595793958200
1708787689535,left,acc,-0.6512228846549988,5.559336185455322,9.84495735168457,1720123595804957100
1708787689574,left,acc,-0.6368576288223267,8.746018409729004,9.713275909423828,1720123595812956100
1708787689614,left,acc,-0.849941611289978,8.293514251708984,8.312667846679688,1720123595821958100
1708787689654,left,acc,-2.80361008644104,6.007051944732666,9.674968719482422,1720123595829957100
1708787689694,left,acc,-1.9967641830444336,6.531382083892822,6.4834980964660645,1720123595838956100
1708787689735,left,acc,-1.6879122257232666,6.878541469573975,6.730101108551025,1720123595846960700
1708787689775,left,acc,0.4165911078453064,7.304709434509277,4.489128112792969,1720123595857469100
1708787689815,left,acc,0.05506663769483566,7.1251444816589355,6.325480937957764,1720123595865494600
1708787689855,left,acc,2.205059766769409,5.643133640289307,5.178658485412598,1720123595874468800
1708787689899,left,acc,3.0765492916107178,5.212177276611328,5.106832027435303,1720123595882471000
1708787689936,left,acc,2.7988216876983643,4.132391929626465,6.011840343475342,1720123595892507500
1708787689975,left,acc,-0.15801730751991272,3.5865142345428467,8.803479194641113,1720123595900505500
1708787690016,left,acc,2.013523578643799,1.6089035272598267,4.153939723968506,1720123595910636000
1708787690056,left,acc,3.0813376903533936,2.513911724090576,9.078812599182129,1720123595918658700
1708787690076,left,acc,4.302380561828613,1.6711528301239014,8.640673637390137,1720123595926636000
1708787690137,left,acc,5.904101371765137,2.736572504043579,8.403648376464844,1720123595936634900
1708787690177,left,acc,5.700594425201416,1.072602391242981,7.24485445022583,1720123595946756100
1708787690216,left,acc,7.659051418304443,1.6280571222305298,6.502651691436768,1720123595954377700
1708787690256,left,acc,6.430825710296631,0.8834604024887085,7.69735860824585,1720123595964923700
1708787690297,left,acc,6.746860504150391,0.6033388376235962,8.583212852478027,1720123595971923600
1708787690337,left,acc,8.769960403442383,0.608127236366272,7.481880187988281,1720123595981926800
1708787690377,left,acc,7.479485988616943,0.38307225704193115,7.618350028991699,1720123595988927100
1708787690397,left,acc,8.094796180725098,-0.12689268589019775,6.392518520355225,1720123595998924200
1708787690438,left,acc,7.594407558441162,-1.1109095811843872,6.339846134185791,1720123596007925000
1708787690497,left,acc,7.467514991760254,-0.7134721279144287,6.205770969390869,1720123596019907100
1708787690538,left,acc,8.808267593383789,-1.4891934394836426,9.402029991149902,1720123596026890700
1708787690577,left,acc,7.510610580444336,0.13168109953403473,7.8529815673828125,1720123596033923700
1708787690617,left,acc,5.635950565338135,-2.9161376953125,6.090848922729492,1720123596042928500
1708787690657,left,acc,5.817910194396973,-2.1045033931732178,5.803544998168945,1720123596051894600
1708787690697,left,acc,19.179950714111328,-2.4636335372924805,9.397241592407227,1720123596059404100
1708787690738,left,acc,4.608838081359863,1.867477297782898,4.793191909790039,1720123596069401700
1708787690778,left,acc,5.882553577423096,-2.5665841102600098,7.316680431365967,1720123596077402000
1708787690821,left,acc,5.363011837005615,-0.5746083855628967,7.819462776184082,1720123596089401300
1708787690858,left,acc,5.240907669067383,-1.845929503440857,7.793126583099365,1720123596097402800
1708787690898,left,acc,1.599326729774475,-2.1475989818573,8.374917984008789,1720123596106402100
1708787690939,left,acc,-0.038307227194309235,-3.0573954582214355,21.39698028564453,1720123596116401400
1708787690978,left,acc,2.762908697128296,-0.9768342971801758,10.857705116271973,1720123596126401400
1708787690998,left,acc,-0.12928688526153564,-1.3670891523361206,8.1139497756958,1720123596135402000
1708787691040,left,acc,0.1843535304069519,0.6943184733390808,9.718064308166504,1720123596142406200
1708787691079,left,acc,0.6177040338516235,-1.0749965906143188,9.44991397857666,1720123596149406000
1708787691139,left,acc,0.2513911724090576,-0.9002198576927185,9.495404243469238,1720123596157917200
1708787691179,left,acc,0.6033388376235962,-0.7805097699165344,10.103530883789062,1720123596165917400
1708787691199,left,acc,0.40701428055763245,-0.9265560507774353,9.931148529052734,1720123596172917200
1708787691239,left,acc,0.5267243981361389,-1.05105459690094,9.758766174316406,1720123596179917100
1708787691279,left,acc,0.4572925269603729,-1.1659762859344482,9.526528358459473,1720123596186919200
1708787691320,left,acc,0.4118026793003082,-1.0654197931289673,9.773131370544434,1720123596192917800
1708787691340,left,acc,0.4213795065879822,-1.0678139925003052,9.770736694335938,1720123596199917400
1708787691378,left,acc,0.3423708379268646,-1.1563993692398071,9.86889934539795,1720123596206918000
1708787691419,left,acc,0.38067805767059326,-1.05105459690094,9.770736694335938,1720123596212917100
1708787691459,left,acc,0.4620809257030487,-1.0438719987869263,9.751583099365234,1720123596221917200
1708787691500,left,acc,0.40222588181495667,-0.9888052940368652,9.856928825378418,1720123596229917700
1708787691540,left,acc,0.4213795065879822,-1.0438719987869263,9.75637149810791,1720123596237918400
1708787691580,left,acc,0.42377370595932007,-1.113303780555725,9.792284965515137,1720123596246920900
1708787691620,left,acc,0.40940847992897034,-1.0965443849563599,9.780313491821289,1720123596253923100
1708787691661,left,acc,0.3495534360408783,-1.1109095811843872,9.674968719482422,1720123596262469000
1708787691701,left,acc,0.4141969084739685,-1.0773907899856567,9.797073364257812,1720123596270468000
1708787691742,left,acc,0.3902548849582672,-1.094150185585022,9.763554573059082,1720123596279467200
1708787691781,left,acc,0.35673606395721436,-1.091755986213684,9.765948295593262,1720123596288434800
1708787691821,left,acc,0.43335050344467163,-1.094150185585022,9.732429504394531,1720123596298433700
1708787691861,left,acc,0.45489832758903503,-1.113303780555725,9.725247383117676,1720123596307432800
1708787691901,left,acc,0.42377370595932007,-1.01753568649292,9.725247383117676,1720123596316432100
1708787691946,left,acc,0.3878606855869293,-1.0869675874710083,9.75637149810791,1720123596325432400
1708787692001,left,acc,0.3878606855869293,-1.0534487962722778,9.730035781860352,1720123596335433600
1708787692046,left,acc,0.38067805767059326,-1.1061211824417114,9.706093788146973,1720123596344436500
1708787692082,left,acc,0.40701428055763245,-1.094150185585022,9.80904483795166,1720123596353471900
1708787692122,left,acc,0.37828385829925537,-1.0438719987869263,9.732429504394531,1720123596362783400
1708787692161,left,acc,0.3711012601852417,-1.1061211824417114,9.739612579345703,1720123596370782100
1708787692201,left,acc,0.42856210470199585,-1.1492167711257935,9.727641105651855,1720123596379781900
1708787692243,left,acc,0.4381389021873474,-1.1324573755264282,9.710882186889648,1720123596388782900
1708787692283,left,acc,0.37828385829925537,-1.0582371950149536,9.739612579345703,1720123596396816000
1708787692323,left,acc,0.3519476354122162,-1.0797849893569946,9.742006301879883,1720123596406818100
1708787692362,left,acc,0.37828385829925537,-1.072602391242981,9.768342971801758,1720123596417818100
1708787692403,left,acc,0.43335050344467163,-1.115697979927063,9.840168952941895,1720123596426784300
1708787692444,left,acc,0.4141969084739685,-1.1180921792984009,9.773131370544434,1720123596436783600
1708787692462,left,acc,0.45489832758903503,-1.115697979927063,9.737217903137207,1720123596444790800
1708787692523,left,acc,0.35913026332855225,-1.0534487962722778,9.742006301879883,1720123596454790700
1708787692563,left,acc,0.363918662071228,-1.072602391242981,9.751583099365234,1720123596465340100
1708787692603,left,acc,0.4692635238170624,-1.0893617868423462,9.763554573059082,1720123596473351400
1708787692644,left,acc,0.3926490843296051,-1.091755986213684,9.761159896850586,1720123596482337000
1708787692684,left,acc,0.3734954595565796,-1.0654197931289673,9.801861763000488,1720123596492302800
1708787692724,left,acc,0.45010992884635925,-1.0773907899856567,9.75397777557373,1720123596504339400
1708787692767,left,acc,0.36152446269989014,-1.1300631761550903,9.746794700622559,1720123596513339000
1708787692803,left,acc,0.3902548849582672,-0.9959878921508789,9.823410034179688,1720123596521341000
1708787692845,left,acc,0.3711012601852417,-1.113303780555725,9.782708168029785,1720123596531343900
1708787692884,left,acc,0.45250412821769714,-1.0271124839782715,9.749189376831055,1720123596538338900
1708787692925,left,acc,0.33997663855552673,-1.0534487962722778,9.751583099365234,1720123596547376200
1708787692968,left,acc,0.4381389021873474,-1.1061211824417114,9.761159896850586,1720123596559504500
1708787693005,left,acc,0.4381389021873474,-1.0630255937576294,9.770736694335938,1720123596569610100
1708787693045,left,acc,0.38307225704193115,-1.0055646896362305,9.758766174316406,1720123596578622400
1708787693085,left,acc,0.3711012601852417,-1.0414776802062988,9.718064308166504,1720123596587639600
1708787693125,left,acc,0.43095630407333374,-0.9864110946655273,9.813833236694336,1720123596597640700
1708787693165,left,acc,0.4572925269603729,-1.1109095811843872,9.763554573059082,1720123596607607600
1708787693185,left,acc,0.3998316824436188,-1.0654197931289673,9.75637149810791,1720123596618605200
1708787693246,left,acc,0.38067805767059326,-1.0103530883789062,9.787496566772461,1720123596632604900
1708787693285,left,acc,0.40701428055763245,-1.0247182846069336,9.734824180603027,1720123596640605600
1708787693326,left,acc,0.363918662071228,-1.0989385843276978,9.854534149169922,1720123596649609800
1708787693365,left,acc,0.3998316824436188,-1.0462661981582642,9.806650161743164,1720123596659117800
1708787693406,left,acc,0.40701428055763245,-1.072602391242981,9.758766174316406,1720123596670199300
1708787693447,left,acc,0.3687070608139038,-1.091755986213684,9.785101890563965,1720123596679117000
1708787693485,left,acc,0.395043283700943,-1.0893617868423462,9.806650161743164,1720123596689167300
1708787693526,left,acc,0.40462008118629456,-1.0893617868423462,9.765948295593262,1720123596697118900
1708787693566,left,acc,0.4429273009300232,-1.0295066833496094,9.77791976928711,1720123596705117100
1708787693607,left,acc,0.3711012601852417,-1.036689281463623,9.708487510681152,1720123596713122400
1708787693647,left,acc,0.363918662071228,-1.1300631761550903,9.725247383117676,1720123596722118200
1708787693688,left,acc,0.4357447028160095,-1.1204863786697388,9.75637149810791,1720123596731117700
1708787693707,left,acc,0.31124621629714966,-1.0103530883789062,9.727641105651855,1720123596741117700
1708787693726,left,acc,0.4381389021873474,-1.0438719987869263,9.775525093078613,1720123596750156100
1708787693767,left,acc,0.3902548849582672,-1.0773907899856567,9.78989028930664,1720123596758736300
1708787693790,left,acc,0.40940847992897034,-1.0965443849563599,9.785101890563965,1720123596767743800
1708787693827,left,acc,0.4165911078453064,-1.1037269830703735,9.785101890563965,1720123596777702200
1708787693868,left,acc,0.3998316824436188,-1.1061211824417114,9.75637149810791,1720123596786734400
1708787693908,left,acc,0.42616790533065796,-1.0319008827209473,9.77791976928711,1720123596794705800
1708787693949,left,acc,0.3734954595565796,-1.1085153818130493,9.758766174316406,1720123596803736600
1708787693991,left,acc,0.3758896589279175,-1.0295066833496094,9.734824180603027,1720123596812734500
1708787694029,left,acc,0.4118026793003082,-1.039083480834961,9.794678688049316,1720123596820734600
1708787694069,left,acc,0.3734954595565796,-1.039083480834961,9.773131370544434,1720123596829736800
1708787694108,left,acc,0.3878606855869293,-1.0582371950149536,9.78989028930664,1720123596837736800
1708787694150,left,acc,0.4692635238170624,-1.048660397529602,9.720458984375,1720123596846777800
1708787694189,left,acc,0.3974374830722809,-1.0462661981582642,9.765948295593262,1720123596854784300
1708787694229,left,acc,0.33997663855552673,-1.0654197931289673,9.75637149810791,1720123596863363000
1708787694269,left,acc,0.4429273009300232,-1.0342950820922852,9.749189376831055,1720123596870363200
1708787694289,left,acc,0.4165911078453064,-0.9840168952941895,9.744400978088379,1720123596880378500
1708787694350,left,acc,0.3519476354122162,-1.070208191871643,9.68694019317627,1720123596890366800
1708787694389,left,acc,0.44532153010368347,-1.0749965906143188,9.72285270690918,1720123596899328200
1708787694430,left,acc,0.40462008118629456,-1.0965443849563599,9.78989028930664,1720123596908363200
1708787694451,left,acc,0.3711012601852417,-1.0558429956436157,9.761159896850586,1720123596916332300
1708787694488,left,acc,0.3926490843296051,-1.0031704902648926,9.706093788146973,1720123596923326800
1708787694528,left,acc,0.4141969084739685,-1.0797849893569946,9.787496566772461,1720123596932316200
1708787694567,left,acc,0.3734954595565796,-1.0558429956436157,9.821015357971191,1720123596941117300
1708787694609,left,acc,0.3758896589279175,-1.0821791887283325,9.816226959228516,1720123596949120600
1708787694651,left,acc,0.3998316824436188,-0.9983820915222168,9.787496566772461,1720123596957629700
1708787694691,left,acc,0.38307225704193115,-1.0749965906143188,9.708487510681152,1720123596970630200
1708787694731,left,acc,0.4429273009300232,-1.1300631761550903,9.744400978088379,1720123596978630600
1708787694771,left,acc,0.3734954595565796,-1.0223240852355957,9.751583099365234,1720123596987630600
1708787694814,left,acc,0.42377370595932007,-1.036689281463623,9.804255485534668,1720123596997631300
1708787694852,left,acc,0.40462008118629456,-1.0965443849563599,9.746794700622559,1720123597009664200
1708787694915,left,acc,0.43335050344467163,-1.0893617868423462,9.80904483795166,1720123597019666900
1708787694953,left,acc,0.45489832758903503,-1.1085153818130493,9.732429504394531,1720123597029664700
1708787694991,left,acc,0.3519476354122162,-1.0893617868423462,9.761159896850586,1720123597039664600
1708787695031,left,acc,0.3687070608139038,-1.0869675874710083,9.749189376831055,1720123597048708000
1708787695072,left,acc,0.3926490843296051,-1.0582371950149536,9.749189376831055,1720123597067250700
1708787695112,left,acc,0.3758896589279175,-1.0438719987869263,9.744400978088379,1720123597077293000
1708787695170,left,acc,0.4118026793003082,-1.0223240852355957,9.732429504394531,1720123597087287400
1708787695190,left,acc,0.4596867263317108,-1.0821791887283325,9.75397777557373,1720123597095265100
1708787695293,left,acc,0.42856210470199585,-1.048660397529602,9.799467086791992,1720123597123250000
1708787695332,left,acc,0.3758896589279175,-1.1204863786697388,9.763554573059082,1720123597129252200
1708787695353,left,acc,0.40222588181495667,-1.0845733880996704,9.730035781860352,1720123597136251700
1708787695392,left,acc,0.4213795065879822,-1.1061211824417114,9.749189376831055,1720123597146254900
1708787695432,left,acc,0.3687070608139038,-1.0965443849563599,9.730035781860352,1720123597153254700
1708787695493,left,acc,0.38546648621559143,-1.0797849893569946,9.780313491821289,1720123597160766900
1708787695533,left,acc,0.4189853072166443,-1.0893617868423462,9.718064308166504,1720123597167767000
1708787695573,left,acc,0.4118026793003082,-1.1180921792984009,9.787496566772461,1720123597173765800
1708787695593,left,acc,0.38546648621559143,-1.036689281463623,9.780313491821289,1720123597184767700
1708787695634,left,acc,0.42616790533065796,-1.0797849893569946,9.765948295593262,1720123597191768200
1708787695674,left,acc,0.363918662071228,-1.0989385843276978,9.75637149810791,1720123597198767400
1708787695714,left,acc,0.3495534360408783,-1.0654197931289673,9.691728591918945,1720123597205767900
1708787695754,left,acc,0.40222588181495667,-1.1061211824417114,9.718064308166504,1720123597211766200
1708787695794,left,acc,0.33758243918418884,-1.1109095811843872,9.832986831665039,1720123597219767200
1708787695855,left,acc,0.33997663855552673,-1.0247182846069336,9.68933391571045,1720123597305295900
1708787695894,left,acc,0.4141969084739685,-1.1492167711257935,9.734824180603027,1720123597427811000
1708787695939,left,acc,0.3711012601852417,-1.0845733880996704,9.770736694335938,1720123597435807900
1708787695974,left,acc,0.42377370595932007,-1.1109095811843872,9.749189376831055,1720123597446816700
1708787696015,left,acc,0.4213795065879822,-1.0869675874710083,9.737217903137207,1720123597456814200
1708787696055,left,acc,0.395043283700943,-1.070208191871643,9.75637149810791,1720123597466324400
1708787696095,left,acc,0.40940847992897034,-0.9864110946655273,9.75397777557373,1720123597473323800
1708787696135,left,acc,0.38546648621559143,-1.0271124839782715,9.75397777557373,1720123597482323900
1708787696176,left,acc,0.40222588181495667,-1.0582371950149536,9.720458984375,1720123597490321500
1708787696216,left,acc,0.3974374830722809,-1.0127472877502441,9.785101890563965,1720123597498322000
1708787696256,left,acc,0.3208230137825012,-1.048660397529602,9.780313491821289,1720123597506321600
1708787696295,left,acc,0.37828385829925537,-1.1013327836990356,9.715670585632324,1720123597515323700
1708787696333,left,acc,0.38546648621559143,-1.0606313943862915,9.80904483795166,1720123597523357900
1708787696373,left,acc,0.47405192255973816,-1.0893617868423462,9.744400978088379,1720123597532358000
1708787696414,left,acc,0.3687070608139038,-0.9768342971801758,9.840168952941895,1720123597543365500
1708787696455,left,acc,0.37828385829925537,-1.1444283723831177,9.751583099365234,1720123597550401200
1708787696495,left,acc,0.395043283700943,-1.1540051698684692,9.739612579345703,1720123597559977100
1708787696536,left,acc,0.40940847992897034,-1.0773907899856567,9.84495735168457,1720123597568982500
1708787696575,left,acc,0.40701428055763245,-1.0558429956436157,9.744400978088379,1720123597578979400
1708787696616,left,acc,0.38307225704193115,-1.1324573755264282,9.763554573059082,1720123597587979300
1708787696657,left,acc,0.2801215946674347,-1.1180921792984009,9.81143856048584,1720123597595979000
1708787696697,left,acc,0.35673606395721436,-1.070208191871643,9.813833236694336,1720123597604977400
1708787696737,left,acc,0.3998316824436188,-1.1563993692398071,9.81143856048584,1720123597614977900
1708787696779,left,acc,0.4644751250743866,-0.9840168952941895,9.773131370544434,1720123597622978800
1708787696816,left,acc,0.4405331015586853,-1.0079588890075684,9.81143856048584,1720123597631979200
1708787696856,left,acc,0.38546648621559143,-1.1061211824417114,9.758766174316406,1720123597639976600
1708787696895,left,acc,0.42856210470199585,-1.0797849893569946,9.804255485534668,1720123597650022300
1708787696936,left,acc,0.4118026793003082,-1.0893617868423462,9.710882186889648,1720123597659157700
1708787696976,left,acc,0.3663128614425659,-1.0247182846069336,9.792284965515137,1720123597669165600
1708787697017,left,acc,0.36152446269989014,-1.0654197931289673,9.739612579345703,1720123597678124200
1708787697063,left,acc,0.3974374830722809,-1.0606313943862915,9.816226959228516,1720123597687157300
1708787697098,left,acc,0.4381389021873474,-1.0223240852355957,9.751583099365234,1720123597697123000
1708787697139,left,acc,0.49559974670410156,-1.0797849893569946,9.75637149810791,1720123597705156800
1708787697178,left,acc,0.4165911078453064,-1.0247182846069336,9.734824180603027,1720123597713173400
1708787697199,left,acc,0.40940847992897034,-1.1061211824417114,9.821015357971191,1720123597724152200
1708787697260,left,acc,0.43335050344467163,-0.9983820915222168,9.785101890563965,1720123597733123100
1708787697299,left,acc,0.4141969084739685,-1.036689281463623,9.72285270690918,1720123597742124100
1708787697339,left,acc,0.35673606395721436,-1.0127472877502441,9.780313491821289,1720123597750161700
1708787697379,left,acc,0.35913026332855225,-1.091755986213684,9.77791976928711,1720123597759625800
1708787697420,left,acc,0.4213795065879822,-1.036689281463623,9.823410034179688,1720123597768618400
1708787697461,left,acc,0.3687070608139038,-1.1204863786697388,9.780313491821289,1720123597776618700
1708787697499,left,acc,0.4141969084739685,-1.0845733880996704,9.708487510681152,1720123597785652900
1708787697544,left,acc,0.3926490843296051,-1.0199298858642578,9.751583099365234,1720123597793584100
1708787697578,left,acc,0.43095630407333374,-1.0630255937576294,9.78989028930664,1720123597802682300
1708787697620,left,acc,0.4118026793003082,-1.0199298858642578,9.773131370544434,1720123597811618300
1708787697661,left,acc,0.38067805767059326,-1.0319008827209473,9.737217903137207,1720123597820586300
1708787697701,left,acc,0.4189853072166443,-1.0797849893569946,9.816226959228516,1720123597828584500
1708787697741,left,acc,0.38307225704193115,-1.039083480834961,9.775525093078613,1720123597837585300
1708787697784,left,acc,0.37828385829925537,-1.0319008827209473,9.761159896850586,1720123597845588400
1708787697821,left,acc,0.40462008118629456,-1.0797849893569946,9.746794700622559,1720123597853588500
1708787697861,left,acc,0.40222588181495667,-0.9720458984375,9.775525093078613,1720123597864099400
1708787697901,left,acc,0.40462008118629456,-1.0749965906143188,9.804255485534668,1720123597873097900
1708787697941,left,acc,0.4644751250743866,-1.0773907899856567,9.739612579345703,1720123597882098500
1708787697985,left,acc,0.40222588181495667,-1.0558429956436157,9.773131370544434,1720123597892099100
1708787698021,left,acc,0.3447650372982025,-1.0845733880996704,9.708487510681152,1720123597902101800
1708787698063,left,acc,0.395043283700943,-1.0582371950149536,9.825803756713867,1720123597910097300
1708787698082,left,acc,0.3423708379268646,-1.0606313943862915,9.792284965515137,1720123597919098900
1708787698121,left,acc,0.40940847992897034,-1.0462661981582642,9.751583099365234,1720123597929099800
1708787698163,left,acc,-2.5737667083740234,3.2154128551483154,8.707711219787598,1720123597938099300
1708787698201,left,acc,-0.021547814831137657,-0.608127236366272,9.622296333312988,1720123597947607800
1708787698242,left,acc,-0.10534487664699554,-1.1348515748977661,9.955090522766113,1720123597958164500
1708787698281,left,acc,0.2346317619085312,-0.8475474119186401,9.892841339111328,1720123597966169800
1708787698320,left,acc,-0.14844051003456116,-0.9241618514060974,9.703699111938477,1720123597974178700
1708787698363,left,acc,-0.8379706144332886,-0.9648633003234863,9.706093788146973,1720123597982164200
1708787698402,left,acc,1.4053963422775269,-1.1516109704971313,9.715670585632324,1720123597993163000
1708787698441,left,acc,1.1803414821624756,-1.4867992401123047,9.516951560974121,1720123598003162900
1708787698481,left,acc,0.3519476354122162,-0.8690952062606812,9.938331604003906,1720123598013163600
1708787698521,left,acc,0.828393816947937,-1.094150185585022,9.586383819580078,1720123598022164300
1708787698564,left,acc,0.6751648783683777,-1.0869675874710083,10.002974510192871,1720123598033162700
1708787698603,left,acc,-0.15562310814857483,-1.8339585065841675,9.607931137084961,1720123598042165400
1708787698643,left,acc,0.524330198764801,-1.6376339197158813,9.670180320739746,1720123598050171200
1708787698684,left,acc,0.43335050344467163,-0.5267243981361389,9.478644371032715,1720123598059679700
1708787698724,left,acc,1.7501614093780518,0.2059013396501541,9.536105155944824,1720123598068679700
1708787698764,left,acc,1.3335703611373901,-0.3734954595565796,11.02051067352295,1720123598077681600
1708787698808,left,acc,0.790086567401886,-0.5578489899635315,10.24239444732666,1720123598087682900
1708787698844,left,acc,0.5003881454467773,-0.8810662031173706,9.78989028930664,1720123598096717100
1708787698884,left,acc,0.10534487664699554,-0.7852981686592102,10.87446403503418,1720123598104681600
1708787698925,left,acc,0.45489832758903503,-1.1061211824417114,9.806650161743164,1720123598113679800
1708787698965,left,acc,-0.17238251864910126,-1.4963760375976562,9.41400146484375,1720123598122679400
1708787699005,left,acc,1.6879122257232666,-1.4939818382263184,10.177751541137695,1720123598130682600
1708787699045,left,acc,1.9512743949890137,-2.734178304672241,10.3549222946167,1720123598140681900
1708787699085,left,acc,4.4532151222229,-3.5960910320281982,9.47146224975586,1720123598148685500
1708787699124,left,acc,1.7549498081207275,-6.14831018447876,8.96389102935791,1720123598158195800
1708787699166,left,acc,1.2521674633026123,-13.82172679901123,5.57370138168335,1720123598168196400
1708787699205,left,acc,0.0694318488240242,-20.673931121826172,4.946420669555664,1720123598177196300
1708787699245,left,acc,16.917428970336914,-20.29804229736328,1.1659762859344482,1720123598186194900
1708787699286,left,acc,-0.7398083209991455,-14.408306121826172,0.9983820915222168,1720123598194196900
1708787699325,left,acc,2.473210334777832,-13.347674369812012,0.28730419278144836,1720123598204194900
1708787699367,left,acc,0.395043283700943,-12.375628471374512,-4.000710964202881,1720123598213195200
1708787699406,left,acc,-0.42377370595932007,-12.097901344299316,-3.201047658920288,1720123598222194900
1708787699446,left,acc,2.691082715988159,-8.135497093200684,-3.490746021270752,1720123598232196300
1708787699486,left,acc,2.008735179901123,-5.449203014373779,-1.4437036514282227,1720123598241194600
1708787699526,left,acc,1.036689281463623,-6.8162922859191895,0.6775590777397156,1720123598250236800
1708787699567,left,acc,2.8179752826690674,-6.4834980964660645,3.531447410583496,1720123598258738500
1708787699607,left,acc,0.31842881441116333,-5.5114521980285645,1.8076223134994507,1720123598266773000
1708787699647,left,acc,-0.18914192914962769,-3.7038300037384033,0.5051765441894531,1720123598274772600
1708787699687,left,acc,-0.24899697303771973,-3.2561142444610596,0.4381389021873474,1720123598282774300
1708787699730,left,acc,-0.8571242094039917,-3.2609026432037354,0.4908113479614258,1720123598290736900
1708787699769,left,acc,-0.5961562395095825,-4.711789131164551,0.2322375625371933,1720123598298739600
1708787699807,left,acc,-0.6272808313369751,-6.536170482635498,0.6607996821403503,1720123598308739000
1708787699847,left,acc,-0.3998316824436188,-9.299078941345215,0.507570743560791,1720123598316738200
1708787699886,left,acc,0.5985504388809204,-10.615890502929688,0.5291185975074768,1720123598322738400
1708787699909,left,acc,0.912190854549408,-10.855310440063477,0.3687070608139038,1720123598332738800
1708787699948,left,acc,28.239608764648438,0.27054479718208313,-5.245696067810059,1720123598341737500
1708787699988,left,acc,5.166687488555908,-14.877569198608398,-4.477157115936279,1720123598351740800
1708787700048,left,acc,2.185906171798706,-13.745112419128418,-1.9033904075622559,1720123598362256000
1708787700069,left,acc,0.9433154463768005,-11.870451927185059,-2.7557260990142822,1720123598370284200
1708787700109,left,acc,7.60637903213501,-10.029311180114746,-5.896918773651123,1720123598377250300
1708787700148,left,acc,2.8155810832977295,-14.326903343200684,-5.054159641265869,1720123598387293800
1708787700189,left,acc,1.742978811264038,-12.773066520690918,-4.084507942199707,1720123598396284500
1708787700229,left,acc,-1.0223240852355957,-13.431471824645996,1.4101848602294922,1720123598405284000
1708787700270,left,acc,3.7229835987091064,-12.749124526977539,1.2521674633026123,1720123598415286200
1708787700309,left,acc,3.97916316986084,-10.556035041809082,-0.3280056416988373,1720123598423284200
1708787700349,left,acc,2.363077163696289,-8.62630844116211,-0.7757213711738586,1720123598433283800
1708787700391,left,acc,0.6775590777397156,-7.548917770385742,-0.033518824726343155,1720123598443321200
1708787700430,left,acc,1.0295066833496094,-7.486668586730957,0.9792284965515137,1720123598452323200
1708787700490,left,acc,0.31603461503982544,-8.868123054504395,1.8483237028121948,1720123598462489800
1708787700510,left,acc,13.376404762268066,-6.490680694580078,-1.0319008827209473,1720123598472431300
1708787700549,left,acc,2.387019157409668,-11.549629211425781,-0.5674257874488831,1720123598480463600
1708787700594,left,acc,2.540247917175293,-12.63899040222168,-1.7693150043487549,1720123598489464100
1708787700629,left,acc,2.293645143508911,-13.117831230163574,-1.5634137392044067,1720123598498464000
1708787700672,left,acc,2.4133553504943848,-11.168951034545898,-2.008735179901123,1720123598507431300
1708787700711,left,acc,4.836287498474121,-7.977479934692383,-3.5266590118408203,1720123598516429200
1708787700755,left,acc,1.745373010635376,-7.2352776527404785,-1.9488801956176758,1720123598524429700
1708787700791,left,acc,1.8076223134994507,-7.558494567871094,-2.3558945655822754,1720123598533429300
1708787700831,left,acc,2.5306711196899414,-10.273519515991211,-3.9863457679748535,1720123598544432500
1708787700872,left,acc,2.695871114730835,-11.202469825744629,-3.3039982318878174,1720123598554468100
1708787700931,left,acc,3.1292216777801514,-11.628637313842773,1.8124107122421265,1720123598563693700
1708787700951,left,acc,2.7461493015289307,-12.088324546813965,2.1045033931732178,1720123598573692800
1708787700992,left,acc,2.2170307636260986,-10.627861022949219,1.2832920551300049,1720123598581693200
1708787701032,left,acc,1.9512743949890137,-9.069235801696777,-0.6536170840263367,1720123598591660900
1708787701072,left,acc,1.987187385559082,-8.863334655761719,-1.501164436340332,1720123598601692800
1708787701092,left,acc,2.0877439975738525,-9.126696586608887,-1.0654197931289673,1720123598608658400
1708787701112,left,acc,2.233790159225464,-9.854534149169922,-0.7374141216278076,1720123598618657800
1708787701152,left,acc,2.7916390895843506,-11.69806957244873,-0.17717093229293823,1720123598629286000
1708787701191,left,acc,2.8826189041137695,-12.160150527954102,-0.5913678407669067,1720123598639270000
1708787701233,left,acc,3.3063924312591553,-9.806650161743164,5.219359874725342,1720123598648280100
1708787701273,left,acc,3.845088005065918,-10.316615104675293,2.145204782485962,1720123598656281900
1708787701333,left,acc,2.0374655723571777,-10.002974510192871,-1.7334020137786865,1720123598665832200
1708787701353,left,acc,2.849100112915039,-10.366893768310547,-2.557007312774658,1720123598674829300
1708787701393,left,acc,2.10210919380188,-10.498574256896973,-2.652775526046753,1720123598685835400
1708787701433,left,acc,1.8195933103561401,-9.433155059814453,-1.8818424940109253,1720123598694794600
1708787701473,left,acc,2.360682964324951,-9.320627212524414,-1.3192051649093628,1720123598702791500
1708787701513,left,acc,3.112462282180786,-9.361329078674316,0.17477671802043915,1720123598710791500
1708787701552,left,acc,2.1547815799713135,-8.573636054992676,1.4652514457702637,1720123598720791600
1708787701594,left,acc,2.4899697303771973,-9.576807022094727,0.3016694188117981,1720123598729828100
1708787701634,left,acc,0.4429273009300232,-9.066842079162598,4.304774761199951,1720123598738825100
1708787701674,left,acc,7.994239330291748,-10.943896293640137,1.4197616577148438,1720123598748868200
1708787701714,left,acc,-1.048660397529602,-9.837775230407715,5.884947776794434,1720123598758413600
1708787701754,left,acc,1.987187385559082,-9.674968719482422,2.894589900970459,1720123598767457400
1708787701794,left,acc,3.117250680923462,-8.580819129943848,2.4660277366638184,1720123598778452900
1708787701834,left,acc,3.550601005554199,-8.80587387084961,1.6903064250946045,1720123598787426200
1708787701879,left,acc,2.346317768096924,-7.879317760467529,2.049436569213867,1720123598795421000
1708787701915,left,acc,2.6839001178741455,-7.857769966125488,5.262455463409424,1720123598805453500
1708787701955,left,acc,2.7317841053009033,-7.592013359069824,7.297526836395264,1720123598813418300
1708787701994,left,acc,2.1930887699127197,-7.158663272857666,7.084442615509033,1720123598822418400
1708787702035,left,acc,2.2026655673980713,-8.22887134552002,8.822632789611816,1720123598830460200
1708787702076,left,acc,2.980781078338623,-5.264849662780762,8.097189903259277,1720123598841420200
1708787702115,left,acc,2.4205379486083984,-4.290409564971924,7.723694801330566,1720123598850463100
1708787702155,left,acc,2.9041666984558105,-3.890577793121338,9.619902610778809,1720123598861063100
1708787702195,left,acc,2.497152328491211,-2.8562827110290527,9.148244857788086,1720123598869882400
1708787702236,left,acc,-1.01753568649292,0.15562310814857483,5.578489780426025,1720123598882915000
1708787702295,left,acc,1.403002142906189,-1.3048399686813354,10.11550235748291,1720123598898919200
1708787702316,left,acc,1.0079588890075684,-0.9552865028381348,9.746794700622559,1720123598907916800
1708787702356,left,acc,-2.3726539611816406,-1.357512354850769,7.726089000701904,1720123598915881600
1708787702395,left,acc,-0.5506663918495178,-0.8738836050033569,5.7125654220581055,1720123598925881600
1708787702437,left,acc,0.9002198576927185,-0.12689268589019775,11.468226432800293,1720123598933895700
1708787702477,left,acc,0.5099649429321289,-1.290474772453308,10.113107681274414,1720123598940881300
1708787702517,left,acc,0.05267243832349777,-1.4389152526855469,9.995792388916016,1720123598949890100
1708787702597,left,acc,0.22026655077934265,-1.0654197931289673,9.641449928283691,1720123598978458200
1708787702637,left,acc,0.4884171485900879,-1.2186486721038818,9.720458984375,1720123598987454000
1708787702678,left,acc,0.3495534360408783,-1.2473790645599365,9.648633003234863,1720123598997454100
1708787702717,left,acc,0.35673606395721436,-0.9361328482627869,9.861717224121094,1720123599006453800
1708787702779,left,acc,0.33997663855552673,-1.599326729774475,9.21288776397705,1720123599017454700
1708787702817,left,acc,0.12449848651885986,-0.7398083209991455,10.682928085327148,1720123599026454300
1708787702858,left,acc,0.3902548849582672,-1.094150185585022,9.816226959228516,1720123599036454600
1708787702879,left,acc,0.12689268589019775,-0.8667010068893433,9.967061996459961,1720123599045458800
1708787702938,left,acc,0.3687070608139038,-0.9624691009521484,9.914389610290527,1720123599058030400
1708787702957,left,acc,0.30885201692581177,-0.9097966551780701,9.782708168029785,1720123599066070000
1708787702998,left,acc,0.4668693244457245,-1.1324573755264282,9.05247688293457,1720123599075068400
1708787703038,left,acc,0.26336219906806946,-0.8858546018600464,10.014945983886719,1720123599085073200
1708787703099,left,acc,0.08858546614646912,-1.1348515748977661,9.919178009033203,1720123599096071800
1708787703138,left,acc,-0.07422025501728058,-1.256955862045288,10.04846477508545,1720123599107036300
1708787703180,left,acc,0.28969839215278625,-1.048660397529602,9.703699111938477,1720123599115069700
1708787703218,left,acc,0.23702596127986908,-1.192312479019165,10.194510459899902,1720123599122093300
1708787703259,left,acc,0.3663128614425659,-1.2689268589019775,9.320627212524414,1720123599135036900
1708787703279,left,acc,0.4405331015586853,-1.3718775510787964,9.466673851013184,1720123599143036200
1708787703319,left,acc,0.26575639843940735,-1.0965443849563599,9.93354320526123,1720123599154041500
1708787703380,left,acc,-0.06464344263076782,-1.7070658206939697,9.62947940826416,1720123599164652600
1708787703419,left,acc,0.31124621629714966,-1.3192051649093628,9.885659217834473,1720123599174654300
1708787703460,left,acc,0.21308395266532898,-1.3862427473068237,9.871294021606445,1720123599182673500
1708787703500,left,acc,0.16998831927776337,-1.357512354850769,9.708487510681152,1720123599191652500
1708787703540,left,acc,0.20111294090747833,-1.3287819623947144,9.78989028930664,1720123599200657000
1708787703581,left,acc,0.26815059781074524,-1.3263877630233765,9.617507934570312,1720123599211656400
1708787703621,left,acc,0.26815059781074524,-1.3096283674240112,9.885659217834473,1720123599220619300
1708787703659,left,acc,0.2825157940387726,-1.314416766166687,9.677363395690918,1720123599229626500
1708787703701,left,acc,0.19632454216480255,-1.3646949529647827,9.813833236694336,1720123599239622600
1708787703740,left,acc,0.3208230137825012,-1.3551181554794312,9.751583099365234,1720123599246631200
1708787703782,left,acc,0.2561795711517334,-1.335964560508728,9.801861763000488,1720123599255627600
1708787703825,left,acc,0.2585737705230713,-1.3982137441635132,9.684545516967773,1720123599265144200
1708787703861,left,acc,0.3064578175544739,-1.3287819623947144,9.713275909423828,1720123599274143100
1708787703901,left,acc,0.2944868206977844,-1.3503297567367554,9.68694019317627,1720123599285144100
1708787703941,left,acc,0.26815059781074524,-1.4437036514282227,9.667786598205566,1720123599295142800
1708787703983,left,acc,0.29209262132644653,-1.3455413579940796,9.732429504394531,1720123599307717000
1708787704002,left,acc,0.26815059781074524,-1.3527239561080933,9.691728591918945,1720123599314726200
1708787704041,left,acc,0.2298433631658554,-1.3766659498214722,9.694122314453125,1720123599325725400
1708787704062,left,acc,0.2537853717803955,-1.3670891523361206,9.643844604492188,1720123599333723300
1708787704102,left,acc,0.26815059781074524,-1.3503297567367554,9.718064308166504,1720123599341724700
1708787704141,left,acc,0.21308395266532898,-1.3934253454208374,9.674968719482422,1720123599349730000
1708787704183,left,acc,0.2801215946674347,-1.314416766166687,9.768342971801758,1720123599356765900
1708787704223,left,acc,0.22266076505184174,-1.3694833517074585,9.737217903137207,1720123599367348200
1708787704261,left,acc,0.2298433631658554,-1.314416766166687,9.787496566772461,1720123599374347300
1708787704302,left,acc,0.21547815203666687,-1.3934253454208374,9.701305389404297,1720123599384345700
1708787704342,left,acc,0.2346317619085312,-1.3192051649093628,9.658209800720215,1720123599397312000
1708787704363,left,acc,0.24420857429504395,-1.359906554222107,9.708487510681152,1720123599405312600
1708787704403,left,acc,0.2106897532939911,-1.3958195447921753,9.734824180603027,1720123599413345200
1708787704442,left,acc,0.2585737705230713,-1.314416766166687,9.816226959228516,1720123599420310200
1708787704484,left,acc,0.23702596127986908,-1.4053963422775269,9.679757118225098,1720123599427309300
1708787704523,left,acc,0.24420857429504395,-1.2976573705673218,9.782708168029785,1720123599435349300
1708787704563,left,acc,0.2968810200691223,-1.3407529592514038,9.672574996948242,1720123599444316200
1708787704604,left,acc,0.2825157940387726,-1.359906554222107,9.746794700622559,1720123599452342200
1708787704645,left,acc,0.26336219906806946,-1.3934253454208374,9.744400978088379,1720123599460858600
1708787704685,left,acc,0.1628057211637497,-1.3096283674240112,9.68933391571045,1720123599469858900
1708787704724,left,acc,0.21787235140800476,-1.3527239561080933,9.797073364257812,1720123599479859100
1708787704765,left,acc,0.26575639843940735,-1.3551181554794312,9.749189376831055,1720123599488860100
1708787704804,left,acc,0.2346317619085312,-1.357512354850769,9.761159896850586,1720123599498858100
1708787704848,left,acc,0.2561795711517334,-1.3886369466781616,9.794678688049316,1720123599508859500
1708787704885,left,acc,0.26336219906806946,-1.2665326595306396,9.742006301879883,1720123599516861100
1708787704925,left,acc,0.24660277366638184,-1.2665326595306396,9.768342971801758,1720123599526859100
1708787704965,left,acc,0.33758243918418884,-1.3551181554794312,9.749189376831055,1720123599535858700
1708787705005,left,acc,0.24660277366638184,-1.359906554222107,9.72285270690918,1720123599545868200
1708787705045,left,acc,0.2537853717803955,-1.3958195447921753,9.718064308166504,1720123599554868600
1708787705086,left,acc,0.26575639843940735,-1.4101848602294922,9.710882186889648,1720123599564403900
1708787705125,left,acc,0.29209262132644653,-1.3862427473068237,9.749189376831055,1720123599572381300
1708787705165,left,acc,0.24899697303771973,-1.3646949529647827,9.739612579345703,1720123599579381200
1708787705206,left,acc,0.28969839215278625,-1.3910311460494995,9.763554573059082,1720123599588383000
1708787705246,left,acc,0.2753331959247589,-1.3024457693099976,9.691728591918945,1720123599598385600
1708787705287,left,acc,0.2106897532939911,-1.3239935636520386,9.787496566772461,1720123599608383000
1708787705326,left,acc,0.22744916379451752,-1.3646949529647827,9.751583099365234,1720123599619384600
1708787705387,left,acc,0.22744916379451752,-1.3503297567367554,9.730035781860352,1720123599629383800
1708787705426,left,acc,0.2944868206977844,-1.3287819623947144,9.684545516967773,1720123599638383700
1708787705466,left,acc,0.22744916379451752,-1.3623007535934448,9.725247383117676,1720123599648391500
1708787705509,left,acc,0.3519476354122162,-1.2856862545013428,9.77791976928711,1720123599656423000
1708787705547,left,acc,0.2298433631658554,-1.2330138683319092,9.710882186889648,1720123599667983500
1708787705588,left,acc,0.272938996553421,-1.3287819623947144,9.727641105651855,1720123599678016600
1708787705627,left,acc,0.26096799969673157,-1.3742717504501343,9.708487510681152,1720123599685017100
1708787705667,left,acc,0.21787235140800476,-1.3479355573654175,9.797073364257812,1720123599693980800
1708787705708,left,acc,0.27054479718208313,-1.3311761617660522,9.713275909423828,1720123599705018400
1708787705748,left,acc,0.24181437492370605,-1.280897855758667,9.703699111938477,1720123599712016800
1708787705789,left,acc,0.22266076505184174,-1.338358759880066,9.751583099365234,1720123599720983900
1708787705827,left,acc,0.26575639843940735,-1.2976573705673218,9.708487510681152,1720123599730981900
1708787705872,left,acc,0.22744916379451752,-1.3239935636520386,9.737217903137207,1720123599739018600
1708787705909,left,acc,0.23942017555236816,-1.359906554222107,9.696516990661621,1720123599750990900
1708787705948,left,acc,0.272938996553421,-1.4053963422775269,9.761159896850586,1720123599758531200
1708787705989,left,acc,0.24181437492370605,-1.278503656387329,9.744400978088379,1720123599767572200
1708787706029,left,acc,0.29209262132644653,-1.3263877630233765,9.768342971801758,1720123599781572300
1708787706069,left,acc,0.33279404044151306,-1.3455413579940796,9.710882186889648,1720123599795538900
1708787706109,left,acc,0.21787235140800476,-1.3072341680526733,9.674968719482422,1720123599809573200
1708787706149,left,acc,0.2561795711517334,-1.290474772453308,9.718064308166504,1720123599819538800
1708787706189,left,acc,0.20350714027881622,-1.3838485479354858,9.718064308166504,1720123599831536600
1708787706230,left,acc,0.2561795711517334,-1.357512354850769,9.792284965515137,1720123599838572700
1708787706270,left,acc,0.2322375625371933,-1.335964560508728,9.746794700622559,1720123599846540300
1708787706310,left,acc,0.23702596127986908,-1.3072341680526733,9.799467086791992,1720123599861061100
1708787706350,left,acc,0.26575639843940735,-1.3455413579940796,9.725247383117676,1720123599871049900
1708787706390,left,acc,0.24181437492370605,-1.3192051649093628,9.672574996948242,1720123599886049500
1708787706430,left,acc,0.23702596127986908,-1.3455413579940796,9.744400978088379,1720123599898054900
1708787706470,left,acc,0.21547815203666687,-1.2761094570159912,9.713275909423828,1720123599906052700
1708787706511,left,acc,0.2585737705230713,-1.3263877630233765,9.6989107131958,1720123599916080000
1708787706551,left,acc,0.2346317619085312,-1.3910311460494995,9.746794700622559,1720123599926051900
1708787706591,left,acc,0.31124621629714966,-1.37906014919281,9.648633003234863,1720123599935051600
1708787706631,left,acc,0.30885201692581177,-1.278503656387329,9.708487510681152,1720123599945062300
1708787706670,left,acc,0.26575639843940735,-1.2976573705673218,9.75637149810791,1720123599952062600
1708787706711,left,acc,0.21787235140800476,-1.381454348564148,9.682151794433594,1720123599962597700
1708787706750,left,acc,0.3208230137825012,-1.3742717504501343,9.816226959228516,1720123599972611300
1708787706793,left,acc,0.30885201692581177,-1.403002142906189,9.749189376831055,1720123599997324800
1708787706831,left,acc,0.31603461503982544,-1.2761094570159912,9.696516990661621,1720123600011385200
1708787706872,left,acc,0.3208230137825012,-1.3263877630233765,9.718064308166504,1720123600021322300
1708787706912,left,acc,0.2777273952960968,-1.3766659498214722,9.708487510681152,1720123600032322200
1708787706952,left,acc,0.26575639843940735,-1.3455413579940796,9.758766174316406,1720123600040322000
1708787706997,left,acc,0.27054479718208313,-1.436521053314209,9.761159896850586,1720123600050336900
1708787707033,left,acc,0.21308395266532898,-1.37906014919281,9.701305389404297,1720123600060852000
1708787707073,left,acc,0.30885201692581177,-1.37906014919281,9.66539192199707,1720123600067851900
1708787707112,left,acc,0.24899697303771973,-1.2737152576446533,9.710882186889648,1720123600082851800
1708787707153,left,acc,0.2346317619085312,-1.4077905416488647,9.751583099365234,1720123600091853400
1708787707194,left,acc,0.26096799969673157,-1.3120225667953491,9.758766174316406,1720123600101854000
1708787707233,left,acc,0.22744916379451752,-1.3239935636520386,9.734824180603027,1720123600110855300
1708787707273,left,acc,0.26336219906806946,-1.3766659498214722,9.737217903137207,1720123600120852300
1708787707313,left,acc,0.2801215946674347,-1.357512354850769,9.679757118225098,1720123600129852800
1708787707354,left,acc,0.2298433631658554,-1.335964560508728,9.684545516967773,1720123600140286700
1708787707395,left,acc,0.29209262132644653,-1.3742717504501343,9.737217903137207,1720123600149687000
1708787707434,left,acc,0.2346317619085312,-1.3742717504501343,9.806650161743164,1720123600159192900
1708787707474,left,acc,0.2537853717803955,-1.335964560508728,9.773131370544434,1720123600169198600
1708787707513,left,acc,0.33279404044151306,-1.4269442558288574,9.720458984375,1720123600178198000
1708787707554,left,acc,0.2537853717803955,-1.3335703611373901,9.775525093078613,1720123600186199000
1708787707595,left,acc,0.2753331959247589,-1.3718775510787964,9.751583099365234,1720123600197199800
1708787707635,left,acc,0.2585737705230713,-1.292868971824646,9.66299819946289,1720123600207199100
1708787707675,left,acc,0.3016694188117981,-1.3407529592514038,9.746794700622559,1720123600218199200
1708787707695,left,acc,0.27054479718208313,-1.381454348564148,9.730035781860352,1720123600229220800
1708787707735,left,acc,0.2322375625371933,-1.3479355573654175,9.715670585632324,1720123600241199300
1708787707754,left,acc,0.2298433631658554,-1.335964560508728,9.787496566772461,1720123600257204600
1708787707796,left,acc,0.2753331959247589,-1.357512354850769,9.734824180603027,1720123600265713500
1708787707835,left,acc,0.26336219906806946,-1.3120225667953491,9.732429504394531,1720123600277713500
1708787707875,left,acc,0.3280056416988373,-1.3934253454208374,9.758766174316406,1720123600286714400
1708787707920,left,acc,0.2513911724090576,-1.338358759880066,9.751583099365234,1720123600295713500
1708787707956,left,acc,0.2561795711517334,-1.3096283674240112,9.682151794433594,1720123600318713100
1708787707997,left,acc,0.19393034279346466,-1.314416766166687,9.737217903137207,1720123600330713700
1708787708035,left,acc,0.29209262132644653,-1.4077905416488647,9.749189376831055,1720123600339714500
1708787708075,left,acc,0.23942017555236816,-1.292868971824646,9.730035781860352,1720123600349716400
1708787708116,left,acc,0.2322375625371933,-1.357512354850769,9.737217903137207,1720123600357717400
1708787708155,left,acc,0.27054479718208313,-1.3311761617660522,9.684545516967773,1720123600368229900
1708787708216,left,acc,0.24420857429504395,-1.359906554222107,9.794678688049316,1720123600377226600
1708787708236,left,acc,0.19632454216480255,-1.3239935636520386,9.715670585632324,1720123600387226700
1708787708277,left,acc,0.28969839215278625,-1.3120225667953491,9.77791976928711,1720123600396227900
1708787708317,left,acc,0.22505496442317963,-1.338358759880066,9.765948295593262,1720123600406226900
1708787708357,left,acc,0.26096799969673157,-1.3646949529647827,9.763554573059082,1720123600415228500
1708787708398,left,acc,0.24660277366638184,-1.3000515699386597,9.739612579345703,1720123600424228300
1708787708437,left,acc,0.23942017555236816,-1.3120225667953491,9.761159896850586,1720123600432227200
1708787708458,left,acc,0.2298433631658554,-1.3455413579940796,9.744400978088379,1720123600441226900
1708787708478,left,acc,0.2059013396501541,-1.3215993642807007,9.749189376831055,1720123600452234600
1708787708518,left,acc,0.29209262132644653,-1.3263877630233765,9.734824180603027,1720123600460741500
1708787708558,left,acc,0.2944868206977844,-1.3479355573654175,9.775525093078613,1720123600469741000
1708787708599,left,acc,0.2346317619085312,-1.2952631711959839,9.742006301879883,1720123600478742900
1708787708639,left,acc,0.24181437492370605,-1.2641384601593018,9.739612579345703,1720123600489741600
1708787708679,left,acc,0.21547815203666687,-1.3024457693099976,9.780313491821289,1720123600498742900
1708787708719,left,acc,0.26096799969673157,-1.3934253454208374,9.746794700622559,1720123600506741000
1708787708759,left,acc,0.2106897532939911,-1.338358759880066,9.66299819946289,1720123600517740800
1708787708800,left,acc,0.2346317619085312,-1.3048399686813354,9.696516990661621,1720123600526741100
1708787708859,left,acc,0.2298433631658554,-1.3742717504501343,9.737217903137207,1720123600535743100
1708787708879,left,acc,0.2992752194404602,-1.338358759880066,9.751583099365234,1720123600544748300
1708787708919,left,acc,0.21547815203666687,-1.3431471586227417,9.763554573059082,1720123600554748800
1708787708959,left,acc,0.26096799969673157,-1.359906554222107,9.765948295593262,1720123600565302000
1708787709000,left,acc,0.24420857429504395,-1.3646949529647827,9.737217903137207,1720123600574299100
1708787709040,left,acc,0.2537853717803955,-1.3407529592514038,9.725247383117676,1720123600585260800
1708787709080,left,acc,0.24899697303771973,-1.256955862045288,9.797073364257812,1720123600600259800
1708787709121,left,acc,0.2513911724090576,-1.3503297567367554,9.718064308166504,1720123600609262500
1708787709160,left,acc,0.22026655077934265,-1.3694833517074585,9.75637149810791,1720123600620259800
1708787709200,left,acc,0.21547815203666687,-1.359906554222107,9.703699111938477,1720123600627261400
1708787709241,left,acc,0.23702596127986908,-1.3910311460494995,9.75397777557373,1720123600636261000
1708787709281,left,acc,0.2106897532939911,-1.3958195447921753,9.703699111938477,1720123600645266900
1708787709321,left,acc,0.24181437492370605,-1.3000515699386597,9.739612579345703,1720123600654266500
1708787709361,left,acc,0.26575639843940735,-1.2713210582733154,9.794678688049316,1720123600663603200
1708787709402,left,acc,0.24420857429504395,-1.3862427473068237,9.72285270690918,1720123600674606500
1708787709441,left,acc,0.2513911724090576,-1.359906554222107,9.734824180603027,1720123600682604400
1708787709502,left,acc,0.2801215946674347,-1.359906554222107,9.749189376831055,1720123600695606400
1708787709542,left,acc,0.26575639843940735,-1.2976573705673218,9.727641105651855,1720123600706638900
1708787709561,left,acc,0.3232172429561615,-1.4197616577148438,9.765948295593262,1720123600715603900
1708787709603,left,acc,0.2968810200691223,-1.3623007535934448,9.775525093078613,1720123600725604200
1708787709642,left,acc,0.18914192914962769,-1.3455413579940796,9.761159896850586,1720123600733631000
1708787709682,left,acc,0.22266076505184174,-1.335964560508728,9.739612579345703,1720123600742608500
1708787709722,left,acc,0.2849099934101105,-1.400607943534851,9.734824180603027,1720123600756648800
1708787709826,left,acc,0.24899697303771973,-1.4221558570861816,9.744400978088379,1720123600785161500
1708787709867,left,acc,0.2346317619085312,-1.3000515699386597,9.758766174316406,1720123600792159700
1708787709883,left,acc,0.2059013396501541,-1.3455413579940796,9.744400978088379,1720123600800165000
1708787709923,left,acc,0.29209262132644653,-1.2713210582733154,9.751583099365234,1720123600810161400
1708787709966,left,acc,0.24181437492370605,-1.3670891523361206,9.725247383117676,1720123600819162500
1708787710024,left,acc,0.2753331959247589,-1.3670891523361206,9.718064308166504,1720123600831196500
1708787710043,left,acc,0.23702596127986908,-1.3192051649093628,9.75637149810791,1720123600840160700
1708787710106,left,acc,0.22266076505184174,-1.314416766166687,9.727641105651855,1720123600851199900
1708787710144,left,acc,0.2322375625371933,-1.3024457693099976,9.727641105651855,1720123600860480000
1708787710183,left,acc,0.28969839215278625,-1.2832920551300049,9.701305389404297,1720123600868514300
1708787710224,left,acc,0.2849099934101105,-1.3263877630233765,9.763554573059082,1720123600875479100
1708787710264,left,acc,0.2513911724090576,-1.3503297567367554,9.68694019317627,1720123600883516400
1708787710305,left,acc,0.2777273952960968,-1.3335703611373901,9.765948295593262,1720123600896480300
1708787710345,left,acc,0.23702596127986908,-1.2497732639312744,9.605537414550781,1720123600905522000
1708787710384,left,acc,0.22266076505184174,-1.3646949529647827,9.794678688049316,1720123600915515800
1708787710425,left,acc,0.2801215946674347,-1.3048399686813354,9.706093788146973,1720123600925480200
1708787710465,left,acc,0.23702596127986908,-1.3239935636520386,9.684545516967773,1720123600934479200
1708787710506,left,acc,0.2944868206977844,-1.3934253454208374,9.799467086791992,1720123600942480300
1708787710546,left,acc,0.1867477297782898,-1.3215993642807007,9.706093788146973,1720123600951954500
1708787710585,left,acc,0.2059013396501541,-1.357512354850769,9.765948295593262,1720123600962469700
1708787710629,left,acc,0.31603461503982544,-1.3407529592514038,9.667786598205566,1720123600971465300
1708787710665,left,acc,0.2537853717803955,-1.3192051649093628,9.732429504394531,1720123600980463200
1708787710685,left,acc,0.22026655077934265,-1.4101848602294922,9.727641105651855,1720123600989465200
1708787710746,left,acc,0.22744916379451752,-1.3311761617660522,9.710882186889648,1720123600999463100
1708787710789,left,acc,0.2106897532939911,-1.357512354850769,9.739612579345703,1720123601008464600
1708787710827,left,acc,0.2346317619085312,-1.3910311460494995,9.765948295593262,1720123601015463400
1708787710867,left,acc,0.2513911724090576,-1.3479355573654175,9.6989107131958,1720123601022463300
1708787710908,left,acc,0.23702596127986908,-1.3623007535934448,9.737217903137207,1720123601030498500
1708787710926,left,acc,0.2059013396501541,-1.3862427473068237,9.744400978088379,1720123601039498800
1708787710967,left,acc,0.28730419278144836,-1.3072341680526733,9.75637149810791,1720123601048537200
1708787711027,left,acc,0.2585737705230713,-1.3239935636520386,9.787496566772461,1720123601060016400
1708787711067,left,acc,0.22744916379451752,-1.3192051649093628,9.737217903137207,1720123601070021400
1708787711108,left,acc,0.2992752194404602,-1.3742717504501343,9.730035781860352,1720123601078022500
1708787711147,left,acc,0.2561795711517334,-1.3527239561080933,9.701305389404297,1720123601087021200
1708787711188,left,acc,0.20111294090747833,-1.316810965538025,9.751583099365234,1720123601096022400
1708787711230,left,acc,0.24420857429504395,-1.3982137441635132,9.797073364257812,1720123601105023000
1708787711247,left,acc,0.27054479718208313,-1.3192051649093628,9.744400978088379,1720123601114021100
1708787711309,left,acc,0.31842881441116333,-1.3527239561080933,9.765948295593262,1720123601125024100
1708787711349,left,acc,0.2849099934101105,-1.3455413579940796,9.667786598205566,1720123601133021400
1708787711389,left,acc,0.18914192914962769,-1.3551181554794312,9.708487510681152,1720123601142020900
1708787711428,left,acc,0.26096799969673157,-1.3048399686813354,9.682151794433594,1720123601151027700
1708787711472,left,acc,0.21308395266532898,-1.4317326545715332,9.634267807006836,1720123601159532000
1708787711509,left,acc,0.26336219906806946,-1.3431471586227417,9.749189376831055,1720123601168539800
1708787711526,left,acc,0.2825157940387726,-1.3479355573654175,9.761159896850586,1720123601176537400
1708787711587,left,acc,0.24181437492370605,-1.3335703611373901,9.730035781860352,1720123601184536700
1708787711626,left,acc,0.3064578175544739,-1.3287819623947144,9.694122314453125,1720123601193559500
1708787711666,left,acc,0.3016694188117981,-1.3287819623947144,9.792284965515137,1720123601202538300
1708787711707,left,acc,0.21787235140800476,-1.381454348564148,9.765948295593262,1720123601212538300
1708787711747,left,acc,0.19393034279346466,-1.4053963422775269,9.720458984375,1720123601220536300
1708787711787,left,acc,0.26575639843940735,-1.4221558570861816,9.68694019317627,1720123601230540000
1708787711829,left,acc,0.2346317619085312,-1.3048399686813354,9.751583099365234,1720123601238537800
1708787711870,left,acc,0.3016694188117981,-1.2689268589019775,9.708487510681152,1720123601246542900
1708787711911,left,acc,0.29209262132644653,-1.3838485479354858,9.727641105651855,1720123601256546400
1708787711950,left,acc,0.2513911724090576,-1.3431471586227417,9.696516990661621,1720123601265053000
1708787711991,left,acc,0.22026655077934265,-1.3934253454208374,9.75637149810791,1720123601274050600
1708787712031,left,acc,0.2059013396501541,-1.3287819623947144,9.6989107131958,1720123601283050800
1708787712071,left,acc,0.2992752194404602,-1.3048399686813354,9.727641105651855,1720123601290051100
1708787712117,left,acc,0.272938996553421,-1.400607943534851,9.744400978088379,1720123601299070000
1708787712151,left,acc,0.2106897532939911,-1.3215993642807007,9.821015357971191,1720123601310072600
1708787712191,left,acc,0.2825157940387726,-1.4053963422775269,9.708487510681152,1720123601318051100
1708787712231,left,acc,0.23942017555236816,-1.3287819623947144,9.670180320739746,1720123601328066500
1708787712271,left,acc,0.22266076505184174,-1.3263877630233765,9.718064308166504,1720123601338052600
1708787712313,left,acc,0.26575639843940735,-1.3527239561080933,9.828198432922363,1720123601346056100
1708787712352,left,acc,0.1843535304069519,-1.3670891523361206,9.720458984375,1720123601354890300
1708787712392,left,acc,0.26096799969673157,-1.3311761617660522,9.718064308166504,1720123601363421100
1708787712432,left,acc,0.181959331035614,-1.37906014919281,9.701305389404297,1720123601372420700
1708787712473,left,acc,0.22505496442317963,-1.3958195447921753,9.78989028930664,1720123601382420500
1708787712513,left,acc,0.20350714027881622,-1.3623007535934448,9.785101890563965,1720123601396423200
1708787712532,left,acc,0.26815059781074524,-1.359906554222107,9.773131370544434,1720123601407421100
1708787712573,left,acc,0.3016694188117981,-1.3024457693099976,9.68694019317627,1720123601417422500
1708787712614,left,acc,0.3902548849582672,-1.400607943534851,9.782708168029785,1720123601427422900
1708787712653,left,acc,0.2777273952960968,-1.3263877630233765,9.801861763000488,1720123601437438200
1708787712693,left,acc,0.3280056416988373,-1.3718775510787964,9.742006301879883,1720123601447429200
1708787712735,left,acc,0.29209262132644653,-1.3024457693099976,9.80904483795166,1720123601455468700
1708787712772,left,acc,0.26096799969673157,-1.3120225667953491,9.751583099365234,1720123601462982200
1708787712815,left,acc,0.28730419278144836,-1.3910311460494995,9.746794700622559,1720123601470943500
1708787712857,left,acc,0.26096799969673157,-1.3192051649093628,9.706093788146973,1720123601479945400
1708787712895,left,acc,0.2537853717803955,-1.381454348564148,9.715670585632324,1720123601486955400
1708787712915,left,acc,0.2298433631658554,-1.400607943534851,9.725247383117676,1720123601495946400
1708787712954,left,acc,0.19871874153614044,-1.3263877630233765,9.737217903137207,1720123601504943300
1708787712994,left,acc,0.3016694188117981,-1.3958195447921753,9.732429504394531,1720123601513945300
1708787713038,left,acc,0.3232172429561615,-1.3910311460494995,9.813833236694336,1720123601521945000
1708787713075,left,acc,0.23702596127986908,-1.3934253454208374,9.78989028930664,1720123601531942600
1708787713120,left,acc,0.26336219906806946,-1.3000515699386597,9.706093788146973,1720123601539943100
1708787713154,left,acc,0.3256114423274994,-1.292868971824646,9.77791976928711,1720123601548962100
1708787713195,left,acc,0.3016694188117981,-1.3024457693099976,9.84495735168457,1720123601557950800
1708787713235,left,acc,0.2585737705230713,-1.3694833517074585,9.660603523254395,1720123601568461300
1708787713276,left,acc,0.28730419278144836,-1.3551181554794312,9.773131370544434,1720123601577460000
1708787713317,left,acc,0.2346317619085312,-1.3072341680526733,9.701305389404297,1720123601587459800
1708787713355,left,acc,0.31603461503982544,-1.3000515699386597,9.734824180603027,1720123601596461400
1708787713396,left,acc,0.26336219906806946,-1.3503297567367554,9.734824180603027,1720123601607459900
1708787713436,left,acc,0.26815059781074524,-1.3479355573654175,9.66299819946289,1720123601727666300
1708787713476,left,acc,0.21308395266532898,-1.335964560508728,9.770736694335938,1720123601735665900
1708787713517,left,acc,0.1867477297782898,-1.3215993642807007,9.77791976928711,1720123601745668500
1708787713556,left,acc,0.2346317619085312,-1.357512354850769,9.742006301879883,1720123601754670100
1708787713597,left,acc,0.23702596127986908,-1.3646949529647827,9.725247383117676,1720123601763142400
1708787713637,left,acc,0.2944868206977844,-1.3838485479354858,9.751583099365234,1720123601770143400
1708787713677,left,acc,0.30885201692581177,-1.3527239561080933,9.730035781860352,1720123601780141500
1708787713718,left,acc,0.21787235140800476,-1.338358759880066,9.775525093078613,1720123601789142400
1708787713759,left,acc,0.2059013396501541,-1.3527239561080933,9.768342971801758,1720123601797143300
1708787713798,left,acc,0.23702596127986908,-1.3718775510787964,9.72285270690918,1720123601806141600
1708787713838,left,acc,0.2537853717803955,-1.3000515699386597,9.758766174316406,1720123601816141200
1708787713878,left,acc,0.2106897532939911,-1.2737152576446533,9.765948295593262,1720123601825142000
1708787713918,left,acc,0.17717093229293823,-1.3623007535934448,9.718064308166504,1720123601834141900
1708787713962,left,acc,0.22744916379451752,-1.357512354850769,9.725247383117676,1720123601843141700
1708787713998,left,acc,0.28969839215278625,-1.3838485479354858,9.765948295593262,1720123601851146300
1708787714039,left,acc,0.2298433631658554,-1.3718775510787964,9.770736694335938,1720123601860656200
1708787714079,left,acc,0.2753331959247589,-1.37906014919281,9.701305389404297,1720123601869655300
1708787714120,left,acc,0.17956513166427612,-1.278503656387329,9.780313491821289,1720123601877655000
1708787714159,left,acc,0.19632454216480255,-1.2665326595306396,9.739612579345703,1720123601887656500
1708787714200,left,acc,0.26815059781074524,-1.403002142906189,9.77791976928711,1720123601896655300
1708787714240,left,acc,0.22026655077934265,-1.2880805730819702,9.708487510681152,1720123601903655300
1708787714279,left,acc,0.16998831927776337,-1.3407529592514038,9.751583099365234,1720123601912655600
1708787714323,left,acc,0.2106897532939911,-1.3694833517074585,9.768342971801758,1720123601922657700
1708787714359,left,acc,0.2298433631658554,-1.3311761617660522,9.710882186889648,1720123601930690100
1708787714398,left,acc,0.26575639843940735,-1.359906554222107,9.703699111938477,1720123601940701700
1708787714438,left,acc,0.28969839215278625,-1.3694833517074585,9.75637149810791,1720123601948730100
1708787714480,left,acc,0.16759411990642548,-1.4269442558288574,9.658209800720215,1720123601957697000
1708787714521,left,acc,0.21308395266532898,-1.4101848602294922,9.696516990661621,1720123601967761600
1708787714580,left,acc,0.272938996553421,-1.3072341680526733,9.77791976928711,1720123601976779900
1708787714601,left,acc,0.22026655077934265,-1.41257905960083,9.785101890563965,1720123601984746900
1708787714638,left,acc,0.2777273952960968,-1.316810965538025,9.739612579345703,1720123601993746200
1708787714681,left,acc,0.24660277366638184,-1.381454348564148,9.739612579345703,1720123602001799400
1708787714701,left,acc,0.2513911724090576,-1.3263877630233765,9.684545516967773,1720123602013894200
1708787714741,left,acc,0.20111294090747833,-1.3742717504501343,9.682151794433594,1720123602022893700
1708787714783,left,acc,0.2825157940387726,-1.3862427473068237,9.768342971801758,1720123602030859400
1708787714823,left,acc,0.2753331959247589,-1.4437036514282227,9.710882186889648,1720123602037896300
1708787714862,left,acc,0.29209262132644653,-1.3239935636520386,9.715670585632324,1720123602047922800
1708787714902,left,acc,0.272938996553421,-1.2018892765045166,9.718064308166504,1720123602055934900
1708787714942,left,acc,0.20111294090747833,-1.3742717504501343,9.758766174316406,1720123602067923500
1708787715003,left,acc,0.26575639843940735,-1.4053963422775269,9.708487510681152,1720123602074921800
1708787715043,left,acc,0.31603461503982544,-1.414973258972168,9.742006301879883,1720123602081958400
1708787715086,left,acc,0.2346317619085312,-1.3623007535934448,9.77791976928711,1720123602089956400
1708787715125,left,acc,0.2298433631658554,-1.4077905416488647,9.660603523254395,1720123602099922600
1708787715163,left,acc,0.22744916379451752,-1.316810965538025,9.773131370544434,1720123602107920400
1708787715203,left,acc,0.21787235140800476,-1.338358759880066,9.775525093078613,1720123602115920600
1708787715244,left,acc,0.22026655077934265,-1.381454348564148,9.763554573059082,1720123602126935600
1708787715284,left,acc,0.2298433631658554,-1.2976573705673218,9.763554573059082,1720123602134957200
1708787715325,left,acc,0.2944868206977844,-1.2952631711959839,9.758766174316406,1720123602144955700
1708787715364,left,acc,0.14604631066322327,-1.2234370708465576,9.684545516967773,1720123602154961800
1708787715403,left,acc,0.2585737705230713,-1.3886369466781616,9.600749015808105,1720123602163173300
1708787715444,left,acc,0.26096799969673157,-1.3742717504501343,9.856928825378418,1720123602171172500
1708787715485,left,acc,0.24420857429504395,-1.2713210582733154,9.691728591918945,1720123602182174000
1708787715525,left,acc,0.2968810200691223,-1.3742717504501343,9.801861763000488,1720123602195174500
1708787715565,left,acc,0.18914192914962769,-1.4197616577148438,9.744400978088379,1720123602203172400
1708787715585,left,acc,0.23942017555236816,-1.3215993642807007,9.744400978088379,1720123602213190700
1708787715645,left,acc,0.24899697303771973,-1.403002142906189,9.785101890563965,1720123602222171900
1708787715686,left,acc,0.16998831927776337,-1.2832920551300049,9.787496566772461,1720123602230172700
1708787715726,left,acc,0.2561795711517334,-1.357512354850769,9.80904483795166,1720123602240171800
1708787715765,left,acc,0.24181437492370605,-1.3766659498214722,9.679757118225098,1720123602249175600
1708787715786,left,acc,0.24181437492370605,-1.3096283674240112,9.799467086791992,1720123602281500700
1708787715827,left,acc,0.28730419278144836,-1.3623007535934448,9.770736694335938,1720123602288498900
1708787715866,left,acc,0.2059013396501541,-1.3239935636520386,9.720458984375,1720123602299534000
1708787715909,left,acc,0.24420857429504395,-1.3982137441635132,9.734824180603027,1720123602308500000
1708787715949,left,acc,0.21308395266532898,-1.3646949529647827,9.749189376831055,1720123602316535300
1708787715986,left,acc,0.2537853717803955,-1.4413094520568848,9.770736694335938,1720123602327502500
1708787716027,left,acc,0.1604115068912506,-1.3407529592514038,9.78989028930664,1720123602339500600
1708787716046,left,acc,0.2753331959247589,-1.3311761617660522,9.713275909423828,1720123602349519900
1708787716110,left,acc,0.12928688526153564,-1.436521053314209,9.703699111938477,1720123602358502300
1708787716147,left,acc,0.2753331959247589,-1.3742717504501343,9.715670585632324,1720123602368020800
1708787716187,left,acc,0.22744916379451752,-1.3838485479354858,9.732429504394531,1720123602377052800
1708787716227,left,acc,0.17717093229293823,-1.3718775510787964,9.758766174316406,1720123602387059000
1708787716267,left,acc,0.1604115068912506,-1.3766659498214722,9.679757118225098,1720123602395018900
1708787716307,left,acc,0.21787235140800476,-1.3431471586227417,9.81143856048584,1720123602406018400
1708787716347,left,acc,0.2082955539226532,-1.259350061416626,9.682151794433594,1720123602415019000
1708787716388,left,acc,0.3256114423274994,-1.3479355573654175,9.710882186889648,1720123602428018400
1708787716428,left,acc,0.22266076505184174,-1.3934253454208374,9.710882186889648,1720123602440017700
1708787716468,left,acc,0.22744916379451752,-1.314416766166687,9.737217903137207,1720123602451024700
1708787716508,left,acc,0.23702596127986908,-1.4460978507995605,9.742006301879883,1720123602459023500
1708787716548,left,acc,0.2298433631658554,-1.3958195447921753,9.763554573059082,1720123602469535800
1708787716588,left,acc,0.2753331959247589,-1.338358759880066,9.75637149810791,1720123602478547000
1708787716629,left,acc,0.2585737705230713,-1.2330138683319092,9.840168952941895,1720123602488537600
1708787716689,left,acc,0.23942017555236816,-1.338358759880066,9.775525093078613,1720123602498539900
1708787716729,left,acc,0.22026655077934265,-1.335964560508728,9.710882186889648,1720123602506539500
1708787716769,left,acc,0.3495534360408783,-1.2976573705673218,9.856928825378418,1720123602515535800
1708787716809,left,acc,0.26336219906806946,-1.3431471586227417,9.773131370544434,1720123602525550600
1708787716849,left,acc,0.2346317619085312,-1.436521053314209,9.761159896850586,1720123602534557600
1708787716889,left,acc,0.24660277366638184,-1.3694833517074585,9.763554573059082,1720123602543537400
1708787716933,left,acc,0.2992752194404602,-1.3527239561080933,9.734824180603027,1720123602552541600
1708787716970,left,acc,0.31364041566848755,-1.3527239561080933,9.765948295593262,1720123602563642300
1708787717010,left,acc,0.24181437492370605,-1.3670891523361206,9.763554573059082,1720123602571643600
1708787717049,left,acc,0.2298433631658554,-1.3646949529647827,9.744400978088379,1720123602581642900
1708787717135,left,acc,0.22026655077934265,-1.3072341680526733,9.775525093078613,1720123602610641500
1708787717171,left,acc,0.23702596127986908,-1.3838485479354858,9.667786598205566,1720123602619641700
1708787717210,left,acc,0.23942017555236816,-1.3407529592514038,9.768342971801758,1720123602628642800
1708787717232,left,acc,0.33758243918418884,-1.3431471586227417,9.749189376831055,1720123602637645600
1708787717291,left,acc,0.272938996553421,-1.3886369466781616,9.713275909423828,1720123602647647500
1708787717332,left,acc,0.31364041566848755,-1.3239935636520386,9.81143856048584,1720123602656646600
1708787717371,left,acc,0.27054479718208313,-1.3503297567367554,9.744400978088379,1720123602666154800
1708787717411,left,acc,0.23702596127986908,-1.3551181554794312,9.701305389404297,1720123602674154200
1708787717451,left,acc,0.24181437492370605,-1.381454348564148,9.761159896850586,1720123602682155700
1708787717492,left,acc,0.31124621629714966,-1.414973258972168,9.715670585632324,1720123602693157000
1708787717533,left,acc,0.2753331959247589,-1.2856862545013428,9.720458984375,1720123602701190200
1708787717572,left,acc,0.24660277366638184,-1.3120225667953491,9.732429504394531,1720123602710192700
1708787717612,left,acc,0.2968810200691223,-1.2952631711959839,9.739612579345703,1720123602719411600
1708787717652,left,acc,0.30885201692581177,-1.3024457693099976,9.725247383117676,1720123602729405600
1708787717691,left,acc,0.2585737705230713,-1.3646949529647827,9.742006301879883,1720123602738405700
1708787717733,left,acc,0.29209262132644653,-1.3551181554794312,9.78989028930664,1720123602749374500
1708787717771,left,acc,0.24181437492370605,-1.3694833517074585,9.751583099365234,1720123602758408400
1708787717813,left,acc,0.2753331959247589,-1.3982137441635132,9.691728591918945,1720123602767883100
1708787717855,left,acc,0.15801730751991272,-1.4101848602294922,9.775525093078613,1720123602774883200
1708787717893,left,acc,0.2082955539226532,-1.237802267074585,9.682151794433594,1720123602782883400
1708787717934,left,acc,0.2992752194404602,-1.3335703611373901,9.730035781860352,1720123602792886800
1708787717973,left,acc,0.2968810200691223,-1.2856862545013428,9.77791976928711,1720123602803922100
1708787718013,left,acc,0.22744916379451752,-1.3024457693099976,9.710882186889648,1720123602813884300
1708787718057,left,acc,0.23942017555236816,-1.2737152576446533,9.742006301879883,1720123602821884500
1708787718093,left,acc,0.2059013396501541,-1.314416766166687,9.72285270690918,1720123602831884600
1708787718135,left,acc,0.2849099934101105,-1.3646949529647827,9.732429504394531,1720123602839883900
1708787718173,left,acc,0.22505496442317963,-1.292868971824646,9.720458984375,1720123602851888800
1708787718213,left,acc,0.2801215946674347,-1.2880805730819702,9.782708168029785,1720123602864091700
1708787718237,left,acc,0.2825157940387726,-1.338358759880066,9.770736694335938,1720123602874093300
1708787718294,left,acc,0.2513911724090576,-1.3503297567367554,9.6989107131958,1720123602883097400
1708787718336,left,acc,0.31842881441116333,-1.3311761617660522,9.80904483795166,1720123602891093300
1708787718374,left,acc,0.24660277366638184,-1.2617442607879639,9.713275909423828,1720123602899058300
1708787718415,left,acc,0.28969839215278625,-1.3862427473068237,9.737217903137207,1720123602908057400
1708787718455,left,acc,0.2777273952960968,-1.2832920551300049,9.797073364257812,1720123602917058200
1708787718474,left,acc,0.17238251864910126,-1.3311761617660522,9.758766174316406,1720123602926058800
1708787718536,left,acc,0.2753331959247589,-1.3551181554794312,9.694122314453125,1720123602937057000
1708787718574,left,acc,0.2753331959247589,-1.3431471586227417,9.744400978088379,1720123602947135100
1708787718615,left,acc,0.24899697303771973,-1.3431471586227417,9.749189376831055,1720123602954136500
1708787718655,left,acc,0.2825157940387726,-1.3120225667953491,9.739612579345703,1720123602964902500
1708787718695,left,acc,0.21308395266532898,-1.2737152576446533,9.75637149810791,1720123602974086300
1708787718736,left,acc,0.22505496442317963,-1.3024457693099976,9.742006301879883,1720123602982050800
1708787718776,left,acc,0.19393034279346466,-1.3263877630233765,9.758766174316406,1720123602990050300
1708787718816,left,acc,0.2992752194404602,-1.338358759880066,9.768342971801758,1720123603000052200
1708787718856,left,acc,0.2298433631658554,-1.3407529592514038,9.761159896850586,1720123603007050800
1708787718895,left,acc,0.2585737705230713,-1.3479355573654175,9.706093788146973,1720123603016050500
1708787718937,left,acc,0.33997663855552673,-1.3024457693099976,9.677363395690918,1720123603025050400
1708787718979,left,acc,0.19871874153614044,-1.3455413579940796,9.780313491821289,1720123603035050300
1708787719016,left,acc,0.18914192914962769,-1.314416766166687,9.734824180603027,1720123603045050600
1708787719055,left,acc,0.3232172429561615,-1.3239935636520386,9.744400978088379,1720123603054057200
1708787719097,left,acc,0.23702596127986908,-1.3527239561080933,9.706093788146973,1720123603062570500
1708787719138,left,acc,0.18914192914962769,-1.3048399686813354,9.775525093078613,1720123603072568700
1708787719177,left,acc,0.28969839215278625,-1.37906014919281,9.775525093078613,1720123603080568900
1708787719215,left,acc,0.2585737705230713,-1.292868971824646,9.806650161743164,1720123603090581600
1708787719256,left,acc,0.304063618183136,-1.3431471586227417,9.749189376831055,1720123603098569900
1708787719277,left,acc,0.24899697303771973,-1.3670891523361206,9.718064308166504,1720123603107568700
1708787719339,left,acc,0.26336219906806946,-1.3934253454208374,9.744400978088379,1720123603116588200
1708787719377,left,acc,0.24660277366638184,-1.338358759880066,9.66299819946289,1720123603126568500
1708787719418,left,acc,0.23702596127986908,-1.290474772453308,9.701305389404297,1720123603134568500
1708787719439,left,acc,0.22026655077934265,-1.3311761617660522,9.763554573059082,1720123603143568700
1708787719478,left,acc,0.2968810200691223,-1.3407529592514038,9.744400978088379,1720123603153571900
1708787719539,left,acc,0.26336219906806946,-1.357512354850769,9.75397777557373,1720123603163081500
1708787719578,left,acc,0.36152446269989014,-1.290474772453308,9.782708168029785,1720123603174083300
1708787719617,left,acc,0.22744916379451752,-1.3431471586227417,9.787496566772461,1720123603183081300
1708787719659,left,acc,0.23942017555236816,-1.335964560508728,9.739612579345703,1720123603193083200
1708787719698,left,acc,0.26336219906806946,-1.3455413579940796,9.758766174316406,1720123603200083000
1708787719739,left,acc,0.22266076505184174,-1.3838485479354858,9.715670585632324,1720123603210081500
1708787719758,left,acc,0.24899697303771973,-1.3503297567367554,9.727641105651855,1720123603219081300
1708787719800,left,acc,0.28969839215278625,-1.3311761617660522,9.732429504394531,1720123603228083600
1708787719840,left,acc,0.20111294090747833,-1.359906554222107,9.758766174316406,1720123603238083600
1708787719903,left,acc,0.2585737705230713,-1.3742717504501343,9.770736694335938,1720123603248111100
1708787719940,left,acc,0.26815059781074524,-1.3742717504501343,9.6989107131958,1720123603257085000
1708787719979,left,acc,0.23702596127986908,-1.3335703611373901,9.78989028930664,1720123603266599100
1708787720019,left,acc,0.29209262132644653,-1.3407529592514038,9.744400978088379,1720123603275599000
1708787720059,left,acc,0.26096799969673157,-1.3407529592514038,9.751583099365234,1720123603283600800
1708787720100,left,acc,0.2753331959247589,-1.3503297567367554,9.792284965515137,1720123603292598300
1708787720141,left,acc,0.2537853717803955,-1.314416766166687,9.75637149810791,1720123603300642100
1708787720180,left,acc,0.26336219906806946,-1.3096283674240112,9.765948295593262,1720123603309634000
1708787720220,left,acc,0.2849099934101105,-1.3934253454208374,9.770736694335938,1720123603319636500
1708787720260,left,acc,0.2298433631658554,-1.3623007535934448,9.770736694335938,1720123603327600500
1708787720301,left,acc,0.15322890877723694,-1.335964560508728,9.667786598205566,1720123603336633800
1708787720341,left,acc,0.23702596127986908,-1.3982137441635132,9.780313491821289,1720123603344635900
1708787720361,left,acc,0.26815059781074524,-1.37906014919281,9.77791976928711,1720123603354604100
1708787720401,left,acc,0.17717093229293823,-1.3694833517074585,9.68694019317627,1720123603364115200
1708787720463,left,acc,0.363918662071228,-1.3479355573654175,9.780313491821289,1720123603373185600
1708787720500,left,acc,0.2585737705230713,-1.3263877630233765,9.782708168029785,1720123603382184600
1708787720542,left,acc,0.1867477297782898,-1.3287819623947144,9.75637149810791,1720123603392183700
1708787720581,left,acc,0.22744916379451752,-1.3239935636520386,9.801861763000488,1720123603399217300
1708787720601,left,acc,0.2968810200691223,-1.3431471586227417,9.715670585632324,1720123603408185800
1708787720643,left,acc,0.3064578175544739,-1.359906554222107,9.730035781860352,1720123603415220400
1708787720682,left,acc,0.26336219906806946,-1.316810965538025,9.703699111938477,1720123603422218700
1708787720722,left,acc,0.2537853717803955,-1.314416766166687,9.768342971801758,1720123603433219100
1708787720762,left,acc,0.2537853717803955,-1.3215993642807007,9.720458984375,1720123603442185200
1708787720802,left,acc,0.26336219906806946,-1.3886369466781616,9.739612579345703,1720123603450223200
1708787720843,left,acc,0.23942017555236816,-1.3886369466781616,9.773131370544434,1720123603460222700
1708787720882,left,acc,0.2322375625371933,-1.3287819623947144,9.746794700622559,1720123603468286900
1708787720927,left,acc,0.24899697303771973,-1.3239935636520386,9.75637149810791,1720123603476287100
1708787720963,left,acc,0.2322375625371933,-1.3766659498214722,9.746794700622559,1720123603486287900
1708787721003,left,acc,0.2825157940387726,-1.3287819623947144,9.742006301879883,1720123603495289400
1708787721044,left,acc,0.2849099934101105,-1.3479355573654175,9.763554573059082,1720123603503329800
1708787721083,left,acc,0.2513911724090576,-1.3455413579940796,9.730035781860352,1720123603512321200
1708787721127,left,acc,0.29209262132644653,-1.3120225667953491,9.684545516967773,1720123603523324900
1708787721163,left,acc,0.24899697303771973,-1.3479355573654175,9.715670585632324,1720123603532325200
1708787721204,left,acc,0.2537853717803955,-1.3982137441635132,9.749189376831055,1720123603541325300
1708787721244,left,acc,0.26096799969673157,-1.357512354850769,9.768342971801758,1720123603549328200
1708787721305,left,acc,0.24899697303771973,-1.357512354850769,9.701305389404297,1720123603559330200
1708787721324,left,acc,0.2561795711517334,-1.3024457693099976,9.763554573059082,1720123603567839800
1708787721364,left,acc,0.23942017555236816,-1.3407529592514038,9.758766174316406,1720123603575842800
1708787721404,left,acc,0.27054479718208313,-1.400607943534851,9.770736694335938,1720123603585839500
1708787721444,left,acc,0.2513911724090576,-1.280897855758667,9.768342971801758,1720123603594806400
1708787721483,left,acc,0.2561795711517334,-1.3670891523361206,9.72285270690918,1720123603602840900
1708787721525,left,acc,0.26575639843940735,-1.3742717504501343,9.782708168029785,1720123603612840800
1708787721565,left,acc,0.3016694188117981,-1.2976573705673218,9.770736694335938,1720123603622806200
1708787721605,left,acc,0.23702596127986908,-1.357512354850769,9.821015357971191,1720123603630867000
1708787721645,left,acc,0.2322375625371933,-1.3311761617660522,9.773131370544434,1720123603639805600
1708787721685,left,acc,0.2106897532939911,-1.3718775510787964,9.710882186889648,1720123603647812100
1708787721725,left,acc,0.26336219906806946,-1.3407529592514038,9.737217903137207,1720123603655848400
1708787721765,left,acc,0.2513911724090576,-1.3335703611373901,9.730035781860352,1720123603665320900
1708787721806,left,acc,0.22266076505184174,-1.3982137441635132,9.715670585632324,1720123603674319600
1708787721848,left,acc,0.2825157940387726,-1.2832920551300049,9.727641105651855,1720123603683354300
1708787721886,left,acc,0.31364041566848755,-1.314416766166687,9.761159896850586,1720123603691319200
1708787721926,left,acc,0.23702596127986908,-1.338358759880066,9.72285270690918,1720123603700320900
1708787721966,left,acc,0.2777273952960968,-1.3958195447921753,9.742006301879883,1720123603710318900
1708787722006,left,acc,0.2561795711517334,-1.357512354850769,9.787496566772461,1720123603718319300
1708787722049,left,acc,0.26336219906806946,-1.292868971824646,9.739612579345703,1720123603730320500
1708787722087,left,acc,0.23942017555236816,-1.3072341680526733,9.739612579345703,1720123603740319000
1708787722126,left,acc,0.22505496442317963,-1.4413094520568848,9.746794700622559,1720123603748324800
1708787722166,left,acc,0.29209262132644653,-1.335964560508728,9.751583099365234,1720123603758325100
1708787722206,left,acc,0.19632454216480255,-1.3527239561080933,9.763554573059082,1720123603766832600
1708787722248,left,acc,0.26575639843940735,-1.2952631711959839,9.730035781860352,1720123603774868100
1708787722287,left,acc,0.21547815203666687,-1.381454348564148,9.746794700622559,1720123603784223900
1708787722327,left,acc,0.2753331959247589,-1.357512354850769,9.775525093078613,1720123603792731300
1708787722367,left,acc,0.2513911724090576,-1.37906014919281,9.732429504394531,1720123603801732300
1708787722408,left,acc,0.24899697303771973,-1.335964560508728,9.797073364257812,1720123603810733400
1708787722448,left,acc,0.2825157940387726,-1.4101848602294922,9.715670585632324,1720123603818764600
1708787722488,left,acc,0.2992752194404602,-1.400607943534851,9.536105155944824,1720123603827750700
1708787722528,left,acc,0.31124621629714966,-1.3718775510787964,9.658209800720215,1720123603837734100
1708787722567,left,acc,0.2298433631658554,-1.4245500564575195,9.744400978088379,1720123603846740400
1708787722607,left,acc,0.2753331959247589,-1.3000515699386597,9.785101890563965,1720123603854740100
1708787722649,left,acc,0.1867477297782898,-1.3646949529647827,9.6989107131958,1720123603865253200
1708787722689,left,acc,0.3280056416988373,-1.4293384552001953,9.715670585632324,1720123603874692700
1708787722729,left,acc,0.2322375625371933,-1.4173674583435059,9.765948295593262,1720123603883722600
1708787722770,left,acc,0.3256114423274994,-1.37906014919281,9.773131370544434,1720123603891725200
1708787722809,left,acc,0.2944868206977844,-1.3742717504501343,9.718064308166504,1720123603901723000
1708787722850,left,acc,0.24181437492370605,-1.3431471586227417,9.744400978088379,1720123603909723100
1708787722871,left,acc,0.22266076505184174,-1.3623007535934448,9.720458984375,1720123603918723400
1708787722889,left,acc,0.2106897532939911,-1.3120225667953491,9.787496566772461,1720123603927759000
1708787722929,left,acc,0.22505496442317963,-1.3192051649093628,9.816226959228516,1720123603937757500
1708787722973,left,acc,0.24420857429504395,-1.3886369466781616,9.773131370544434,1720123603946726900
1708787723010,left,acc,0.22026655077934265,-1.292868971824646,9.761159896850586,1720123603954727100
1708787723051,left,acc,0.31124621629714966,-1.3623007535934448,9.797073364257812,1720123603963248700
1708787723090,left,acc,0.26575639843940735,-1.3503297567367554,9.742006301879883,1720123603972256000
1708787723129,left,acc,0.2322375625371933,-1.357512354850769,9.715670585632324,1720123603980239600
1708787723170,left,acc,0.26575639843940735,-1.3335703611373901,9.746794700622559,1720123603988237100
1708787723210,left,acc,0.2944868206977844,-1.3431471586227417,9.725247383117676,1720123603997242500
1708787723253,left,acc,0.26815059781074524,-1.2713210582733154,9.720458984375,1720123604005270800
1708787723290,left,acc,0.3016694188117981,-1.3838485479354858,9.792284965515137,1720123604013267000
1708787723331,left,acc,0.26815059781074524,-1.3455413579940796,9.68933391571045,1720123604024239100
1708787723371,left,acc,0.21547815203666687,-1.3431471586227417,9.68933391571045,1720123604032239000
1708787723411,left,acc,0.23942017555236816,-1.316810965538025,9.780313491821289,1720123604040236900
1708787723454,left,acc,0.2777273952960968,-1.3431471586227417,9.763554573059082,1720123604051242700
1708787723491,left,acc,0.272938996553421,-1.3311761617660522,9.746794700622559,1720123604059242300
1708787723532,left,acc,0.3016694188117981,-1.3263877630233765,9.785101890563965,1720123604069273400
1708787723572,left,acc,0.21308395266532898,-1.3527239561080933,9.696516990661621,1720123604078272600
1708787723612,left,acc,0.2298433631658554,-1.3694833517074585,9.797073364257812,1720123604088275300
1708787723653,left,acc,0.2537853717803955,-1.3239935636520386,9.770736694335938,1720123604098272700
1708787723691,left,acc,0.2346317619085312,-1.2832920551300049,9.734824180603027,1720123604109275000
1708787723732,left,acc,0.26815059781074524,-1.3527239561080933,9.732429504394531,1720123604118272500
1708787723773,left,acc,0.2537853717803955,-1.41257905960083,9.801861763000488,1720123604128274800
1708787723811,left,acc,0.272938996553421,-1.3120225667953491,9.78989028930664,1720123604138274500
1708787723854,left,acc,0.2992752194404602,-1.3455413579940796,9.763554573059082,1720123604147275800
1708787723896,left,acc,0.26336219906806946,-1.3670891523361206,9.782708168029785,1720123604156276000
1708787723933,left,acc,0.16759411990642548,-1.4053963422775269,9.75637149810791,1720123604166320200
1708787723973,left,acc,0.31364041566848755,-1.3766659498214722,9.77791976928711,1720123604175320100
1708787724013,left,acc,0.22505496442317963,-1.3000515699386597,9.761159896850586,1720123604183321400
1708787724054,left,acc,0.33039984107017517,-1.2880805730819702,9.708487510681152,1720123604194320800
1708787724095,left,acc,0.1843535304069519,-1.2880805730819702,9.801861763000488,1720123604203319800
1708787724194,left,acc,0.24420857429504395,-1.3551181554794312,9.703699111938477,1720123604231319200
1708787724213,left,acc,0.2561795711517334,-1.3623007535934448,9.751583099365234,1720123604240319200
1708787724274,left,acc,0.22505496442317963,-1.3742717504501343,9.734824180603027,1720123604251323000
1708787724294,left,acc,0.23942017555236816,-1.3407529592514038,9.739612579345703,1720123604259366300
1708787724334,left,acc,0.27054479718208313,-1.335964560508728,9.720458984375,1720123604268835500
1708787724375,left,acc,0.19632454216480255,-1.3766659498214722,9.742006301879883,1720123604278835500
1708787724414,left,acc,0.27054479718208313,-1.3048399686813354,9.684545516967773,1720123604286868500
1708787724435,left,acc,0.22505496442317963,-1.3527239561080933,9.782708168029785,1720123604295888800
1708787724475,left,acc,0.2322375625371933,-1.357512354850769,9.734824180603027,1720123604304835500
1708787724514,left,acc,0.2753331959247589,-1.4053963422775269,9.782708168029785,1720123604313867500
1708787724556,left,acc,0.2298433631658554,-1.3192051649093628,9.734824180603027,1720123604321833400
1708787724595,left,acc,0.2944868206977844,-1.3072341680526733,9.761159896850586,1720123604330865400
1708787724635,left,acc,0.2513911724090576,-1.3096283674240112,9.706093788146973,1720123604339835500
1708787724675,left,acc,0.22744916379451752,-1.3407529592514038,9.787496566772461,1720123604348839200
1708787724715,left,acc,0.3256114423274994,-1.292868971824646,9.75397777557373,1720123604357841600
1708787724757,left,acc,0.2106897532939911,-1.4053963422775269,9.80904483795166,1720123604367350400
1708787724796,left,acc,0.36152446269989014,-1.3215993642807007,9.864110946655273,1720123604376348900
1708787724836,left,acc,0.23942017555236816,-1.3982137441635132,9.639056205749512,1720123604385360700
1708787724876,left,acc,0.2944868206977844,-1.2880805730819702,9.775525093078613,1720123604393350500
1708787724920,left,acc,0.24420857429504395,-1.3982137441635132,9.706093788146973,1720123604401350300
1708787724957,left,acc,0.2322375625371933,-1.3718775510787964,9.6989107131958,1720123604410349600
1708787724997,left,acc,0.2106897532939911,-1.3024457693099976,9.706093788146973,1720123604417349000
1708787725037,left,acc,0.2968810200691223,-1.3096283674240112,9.730035781860352,1720123604427349500
1708787725077,left,acc,0.2753331959247589,-1.3886369466781616,9.75397777557373,1720123604438351400
1708787725117,left,acc,0.28969839215278625,-1.357512354850769,9.763554573059082,1720123604447356300
1708787725159,left,acc,0.21787235140800476,-1.3215993642807007,9.768342971801758,1720123604456355700
1708787725197,left,acc,0.2992752194404602,-1.3407529592514038,9.770736694335938,1720123604463866100
1708787725237,left,acc,0.20111294090747833,-1.3239935636520386,9.66299819946289,1720123604475865100
1708787725278,left,acc,0.24899697303771973,-1.3335703611373901,9.806650161743164,1720123604484866700
1708787725318,left,acc,0.3016694188117981,-1.3718775510787964,9.636661529541016,1720123604493342100
1708787725359,left,acc,0.24899697303771973,-1.3886369466781616,9.727641105651855,1720123604501866100
1708787725398,left,acc,0.19153612852096558,-1.3479355573654175,9.744400978088379,1720123604511866900
1708787725437,left,acc,0.27054479718208313,-1.3239935636520386,9.792284965515137,1720123604519864800
1708787725459,left,acc,0.23702596127986908,-1.3718775510787964,9.725247383117676,1720123604528865700
1708787725518,left,acc,0.2322375625371933,-1.3000515699386597,9.75637149810791,1720123604537865300
1708787725559,left,acc,0.2777273952960968,-1.357512354850769,9.725247383117676,1720123604547869800
1708787725579,left,acc,0.26815059781074524,-1.3048399686813354,9.75637149810791,1720123604556870600
1708787725619,left,acc,0.2585737705230713,-1.3287819623947144,9.758766174316406,1720123604567380500
1708787725660,left,acc,0.2777273952960968,-1.338358759880066,9.718064308166504,1720123604577380200
1708787725719,left,acc,0.2513911724090576,-1.3838485479354858,9.725247383117676,1720123604586404400
1708787725738,left,acc,0.26575639843940735,-1.381454348564148,9.703699111938477,1720123604595415400
1708787725780,left,acc,0.2561795711517334,-1.3886369466781616,9.768342971801758,1720123604604415600
1708787725818,left,acc,0.27054479718208313,-1.4101848602294922,9.68694019317627,1720123604612380800
1708787725877,left,acc,0.2777273952960968,-1.2976573705673218,9.703699111938477,1720123604621379800
1708787725920,left,acc,0.2298433631658554,-1.4197616577148438,9.713275909423828,1720123604630380300
1708787725960,left,acc,0.21787235140800476,-1.316810965538025,9.730035781860352,1720123604638381800
1708787725999,left,acc,0.23702596127986908,-1.3982137441635132,9.751583099365234,1720123604648385100
1708787726042,left,acc,0.2513911724090576,-1.3335703611373901,9.751583099365234,1720123604656383000
1708787726080,left,acc,0.31364041566848755,-1.3120225667953491,9.785101890563965,1720123604665889000
1708787726120,left,acc,0.2585737705230713,-1.381454348564148,9.794678688049316,1720123604673888900
1708787726162,left,acc,0.2561795711517334,-1.3192051649093628,9.708487510681152,1720123604683889000
1708787726181,left,acc,0.15801730751991272,-1.3766659498214722,9.746794700622559,1720123604692889600
1708787726221,left,acc,0.2082955539226532,-1.2976573705673218,9.799467086791992,1720123604702927700
1708787726260,left,acc,0.26096799969673157,-1.3503297567367554,9.825803756713867,1720123604712926300
1708787726322,left,acc,0.2346317619085312,-1.316810965538025,9.77791976928711,1720123604720927500
1708787726361,left,acc,0.28730419278144836,-1.4269442558288574,9.751583099365234,1720123604730018400
1708787726402,left,acc,0.2346317619085312,-1.3623007535934448,9.77791976928711,1720123604739024100
1708787726441,left,acc,0.3016694188117981,-1.3886369466781616,9.6989107131958,1720123604748029100
1708787726481,left,acc,0.24660277366638184,-1.3048399686813354,9.725247383117676,1720123604755028900
1708787726522,left,acc,0.26336219906806946,-1.3120225667953491,9.72285270690918,1720123604763545000
1708787726562,left,acc,0.22744916379451752,-1.2737152576446533,9.691728591918945,1720123604773581200
1708787726604,left,acc,0.2561795711517334,-1.3479355573654175,9.763554573059082,1720123604784586000
1708787726642,left,acc,0.21308395266532898,-1.3072341680526733,9.765948295593262,1720123604806545100
1708787726702,left,acc,0.272938996553421,-1.4197616577148438,9.653421401977539,1720123604821581300
1708787726743,left,acc,0.26336219906806946,-1.3120225667953491,9.813833236694336,1720123604832545000
1708787726783,left,acc,0.304063618183136,-1.280897855758667,9.75637149810791,1720123604842545400
1708787726822,left,acc,0.2825157940387726,-1.316810965538025,9.75637149810791,1720123604851548300
1708787726866,left,acc,0.22744916379451752,-1.3407529592514038,9.710882186889648,1720123604859582300
1708787726903,left,acc,0.272938996553421,-1.3096283674240112,9.75397777557373,1720123604869053200
1708787726943,left,acc,0.26336219906806946,-1.3718775510787964,9.701305389404297,1720123604878053400
1708787726983,left,acc,0.2585737705230713,-1.3096283674240112,9.758766174316406,1720123604888053700
1708787727023,left,acc,0.28969839215278625,-1.3766659498214722,9.643844604492188,1720123604897091800
1708787727067,left,acc,0.23702596127986908,-1.3862427473068237,9.775525093078613,1720123604906056100
1708787727104,left,acc,0.3016694188117981,-1.3886369466781616,9.794678688049316,1720123604918091400
1708787727144,left,acc,0.2322375625371933,-1.3239935636520386,9.75397777557373,1720123604928075900
1708787727183,left,acc,0.272938996553421,-1.290474772453308,9.770736694335938,1720123604934054900
1708787727224,left,acc,0.26096799969673157,-1.3503297567367554,9.730035781860352,1720123604943054900
1708787727265,left,acc,0.21787235140800476,-1.2689268589019775,9.670180320739746,1720123604957132400
1708787727305,left,acc,0.24420857429504395,-1.3287819623947144,9.744400978088379,1720123604965665700
1708787727345,left,acc,0.2825157940387726,-1.292868971824646,9.758766174316406,1720123604974666400
1708787727384,left,acc,0.2059013396501541,-1.3479355573654175,9.746794700622559,1720123604987665700
1708787727425,left,acc,0.24420857429504395,-1.3527239561080933,9.773131370544434,1720123604997667600
1708787727465,left,acc,0.27054479718208313,-1.3742717504501343,9.730035781860352,1720123605004704600
1708787727505,left,acc,0.2106897532939911,-1.3503297567367554,9.785101890563965,1720123605012701800
1708787727545,left,acc,0.20350714027881622,-1.3096283674240112,9.72285270690918,1720123605021702400
1708787727605,left,acc,0.24899697303771973,-1.3431471586227417,9.761159896850586,1720123605028670200
1708787727625,left,acc,0.31842881441116333,-1.3000515699386597,9.785101890563965,1720123605035668600
1708787727666,left,acc,0.272938996553421,-1.3766659498214722,9.730035781860352,1720123605042703000
1708787727726,left,acc,0.20350714027881622,-1.3096283674240112,9.66539192199707,1720123605048709500
1708787727767,left,acc,0.2346317619085312,-1.292868971824646,9.696516990661621,1720123605054710400
1708787727788,left,acc,0.31842881441116333,-1.3239935636520386,9.713275909423828,1720123605059711200
1708787727826,left,acc,0.21547815203666687,-1.2880805730819702,9.775525093078613,1720123605066220700
1708787727867,left,acc,0.26575639843940735,-1.3479355573654175,9.75637149810791,1720123605071218600
1708787727906,left,acc,0.2298433631658554,-1.3766659498214722,9.727641105651855,1720123605077220200
1708787727947,left,acc,0.2968810200691223,-1.2832920551300049,9.701305389404297,1720123605085255500
1708787727991,left,acc,0.24899697303771973,-1.3431471586227417,9.684545516967773,1720123605093253500
1708787728027,left,acc,0.24420857429504395,-1.3527239561080933,9.794678688049316,1720123605101220600
1708787728087,left,acc,0.22266076505184174,-1.3287819623947144,9.730035781860352,1720123605109253000
1708787728127,left,acc,0.26575639843940735,-1.3263877630233765,9.720458984375,1720123605116219300
1708787728149,left,acc,0.2825157940387726,-1.3215993642807007,9.768342971801758,1720123605124217500
1708787728187,left,acc,0.3734954595565796,-1.3527239561080933,9.706093788146973,1720123605133219100
1708787728227,left,acc,0.21547815203666687,-1.3862427473068237,9.737217903137207,1720123605141222700
1708787728269,left,acc,0.24660277366638184,-1.3263877630233765,9.746794700622559,1720123605149232900
1708787728307,left,acc,0.23942017555236816,-1.3623007535934448,9.710882186889648,1720123605159223400
1708787728347,left,acc,0.26575639843940735,-1.3000515699386597,9.758766174316406,1720123605167735000
1708787728388,left,acc,0.2513911724090576,-1.3503297567367554,9.751583099365234,1720123605175734300
1708787728428,left,acc,0.24420857429504395,-1.357512354850769,9.746794700622559,1720123605184736200
1708787728469,left,acc,0.272938996553421,-1.3000515699386597,9.744400978088379,1720123605195738300
1708787728507,left,acc,0.272938996553421,-1.3742717504501343,9.744400978088379,1720123605204734300
1708787728569,left,acc,0.2082955539226532,-1.2737152576446533,9.72285270690918,1720123605214736100
1708787728608,left,acc,0.27054479718208313,-1.3646949529647827,9.782708168029785,1720123605223736200
1708787728649,left,acc,0.2825157940387726,-1.2976573705673218,9.787496566772461,1720123605233736300
1708787728688,left,acc,0.2849099934101105,-1.3431471586227417,9.742006301879883,1720123605241736800
1708787728709,left,acc,0.22266076505184174,-1.3048399686813354,9.720458984375,1720123605249739900
1708787728749,left,acc,0.18914192914962769,-1.2689268589019775,9.75397777557373,1720123605258739800
1708787728789,left,acc,0.20111294090747833,-1.3766659498214722,9.737217903137207,1720123605266269900
1708787728828,left,acc,0.181959331035614,-1.3838485479354858,9.792284965515137,1720123605274270300
1708787728870,left,acc,0.2537853717803955,-1.3263877630233765,9.758766174316406,1720123605285271700
1708787728929,left,acc,0.19393034279346466,-1.3263877630233765,9.710882186889648,1720123605295273200
1708787728949,left,acc,0.2849099934101105,-1.2952631711959839,9.75637149810791,1720123605304272200
1708787728989,left,acc,0.2537853717803955,-1.3024457693099976,9.775525093078613,1720123605313271100
1708787729030,left,acc,0.2849099934101105,-1.3263877630233765,9.742006301879883,1720123605324270500
1708787729090,left,acc,0.2585737705230713,-1.3479355573654175,9.816226959228516,1720123605333269900
1708787729110,left,acc,0.27054479718208313,-1.414973258972168,9.737217903137207,1720123605341269800
1708787729150,left,acc,0.14844051003456116,-1.3024457693099976,9.813833236694336,1720123605349277100
1708787729190,left,acc,0.26336219906806946,-1.3646949529647827,9.727641105651855,1720123605357277100
1708787729230,left,acc,0.21547815203666687,-1.3120225667953491,9.75397777557373,1720123605365810600
1708787729271,left,acc,0.24420857429504395,-1.3646949529647827,9.775525093078613,1720123605374799200
1708787729311,left,acc,0.2753331959247589,-1.3694833517074585,9.730035781860352,1720123605383798000
1708787729351,left,acc,0.21308395266532898,-1.37906014919281,9.737217903137207,1720123605391800200
1708787729411,left,acc,0.23702596127986908,-1.3694833517074585,9.715670585632324,1720123605402800000
1708787729451,left,acc,0.2322375625371933,-1.3263877630233765,9.773131370544434,1720123605411799100
1708787729491,left,acc,0.27054479718208313,-1.3718775510787964,9.758766174316406,1720123605421798000
1708787729531,left,acc,0.2585737705230713,-1.3335703611373901,9.701305389404297,1720123605428821600
1708787729571,left,acc,0.2537853717803955,-1.357512354850769,9.751583099365234,1720123605439798600
1708787729610,left,acc,0.22744916379451752,-1.3862427473068237,9.737217903137207,1720123605450771400
1708787729651,left,acc,0.22266076505184174,-1.2761094570159912,9.768342971801758,1720123605460771100
1708787729692,left,acc,0.17238251864910126,-1.357512354850769,9.75397777557373,1720123605469306000
1708787729733,left,acc,0.2561795711517334,-1.3646949529647827,9.751583099365234,1720123605477281900
1708787729752,left,acc,0.24420857429504395,-1.3239935636520386,9.765948295593262,1720123605488280300
1708787729792,left,acc,0.2753331959247589,-1.3551181554794312,9.720458984375,1720123605497281800
1708787729832,left,acc,0.22026655077934265,-1.2761094570159912,9.732429504394531,1720123605507281000
1708787729873,left,acc,0.2322375625371933,-1.3263877630233765,9.696516990661621,1720123605516292200
1708787729893,left,acc,0.31842881441116333,-1.359906554222107,9.785101890563965,1720123605525282700
1708787729913,left,acc,0.29209262132644653,-1.359906554222107,9.734824180603027,1720123605533280300
1708787729952,left,acc,0.23942017555236816,-1.359906554222107,9.746794700622559,1720123605543279900
1708787729993,left,acc,0.24660277366638184,-1.37906014919281,9.744400978088379,1720123605552291100
1708787730037,left,acc,0.2513911724090576,-1.314416766166687,9.742006301879883,1720123605561793400
1708787730074,left,acc,0.26336219906806946,-1.335964560508728,9.749189376831055,1720123605569799800
1708787730113,left,acc,0.2082955539226532,-1.3215993642807007,9.713275909423828,1720123605577799000
1708787730152,left,acc,0.22266076505184174,-1.338358759880066,9.768342971801758,1720123605585799900
1708787730193,left,acc,0.21547815203666687,-1.2761094570159912,9.763554573059082,1720123605594799800
1708787730234,left,acc,0.21787235140800476,-1.2737152576446533,9.75397777557373,1720123605609833800
1708787730274,left,acc,0.3016694188117981,-1.3120225667953491,9.68694019317627,1720123605618800700
1708787730314,left,acc,0.24181437492370605,-1.280897855758667,9.81143856048584,1720123605626798300
1708787730353,left,acc,0.26815059781074524,-1.335964560508728,9.751583099365234,1720123605633799100
1708787730375,left,acc,0.26336219906806946,-1.3623007535934448,9.713275909423828,1720123605642799900
1708787730414,left,acc,0.24420857429504395,-1.37906014919281,9.801861763000488,1720123605651801600
1708787730454,left,acc,0.22026655077934265,-1.3982137441635132,9.677363395690918,1720123605662309400
1708787730517,left,acc,0.24660277366638184,-1.3503297567367554,9.780313491821289,1720123605671315100
1708787730535,left,acc,0.2346317619085312,-1.3263877630233765,9.715670585632324,1720123605680313800
1708787730576,left,acc,0.2585737705230713,-1.3838485479354858,9.758766174316406,1720123605689313300
1708787730615,left,acc,0.26815059781074524,-1.3455413579940796,9.780313491821289,1720123605697313600
1708787730655,left,acc,0.21547815203666687,-1.2761094570159912,9.718064308166504,1720123605708313200
1708787730695,left,acc,0.2513911724090576,-1.2761094570159912,9.739612579345703,1720123605716315300
1708787730735,left,acc,0.2537853717803955,-1.335964560508728,9.758766174316406,1720123605724313100
1708787730777,left,acc,0.20111294090747833,-1.290474772453308,9.742006301879883,1720123605734315100
1708787730816,left,acc,0.2537853717803955,-1.338358759880066,9.746794700622559,1720123605743313300
1708787730859,left,acc,0.21787235140800476,-1.3742717504501343,9.720458984375,1720123605751316300
1708787730895,left,acc,0.272938996553421,-1.3742717504501343,9.758766174316406,1720123605760318000
1708787730936,left,acc,0.2561795711517334,-1.314416766166687,9.742006301879883,1720123605768861000
1708787730977,left,acc,0.181959331035614,-1.3335703611373901,9.780313491821289,1720123605777895900
1708787731017,left,acc,0.2346317619085312,-1.290474772453308,9.75637149810791,1720123605787862100
1708787731061,left,acc,0.20111294090747833,-1.3766659498214722,9.742006301879883,1720123605796862000
1708787731097,left,acc,0.24660277366638184,-1.3048399686813354,9.718064308166504,1720123605805860800
1708787731197,left,acc,0.24660277366638184,-1.3742717504501343,9.710882186889648,1720123605833861400
1708787731217,left,acc,0.28730419278144836,-1.3670891523361206,9.725247383117676,1720123605842861900
1708787731256,left,acc,0.2777273952960968,-1.3958195447921753,9.773131370544434,1720123605850864900
1708787731297,left,acc,0.22026655077934265,-1.3263877630233765,9.742006301879883,1720123605858865500
1708787731337,left,acc,0.24660277366638184,-1.3623007535934448,9.68933391571045,1720123605869377200
1708787731378,left,acc,0.28969839215278625,-1.3311761617660522,9.72285270690918,1720123605877378100
1708787731418,left,acc,0.23702596127986908,-1.3024457693099976,9.749189376831055,1720123605886377900
1708787731458,left,acc,0.2561795711517334,-1.434126853942871,9.742006301879883,1720123605895398000
1708787731498,left,acc,0.18914192914962769,-1.3431471586227417,9.734824180603027,1720123605903376100
1708787731538,left,acc,0.2346317619085312,-1.3742717504501343,9.703699111938477,1720123605913377900
1708787731579,left,acc,0.29209262132644653,-1.3503297567367554,9.763554573059082,1720123605921376300
1708787731618,left,acc,0.24660277366638184,-1.3263877630233765,9.710882186889648,1720123605931377900
1708787731658,left,acc,0.31603461503982544,-1.3551181554794312,9.751583099365234,1720123605941377500
1708787731697,left,acc,0.20350714027881622,-1.2856862545013428,9.816226959228516,1720123605949424200
1708787731737,left,acc,0.31364041566848755,-1.3311761617660522,9.727641105651855,1720123605957388900
1708787731778,left,acc,0.2968810200691223,-1.3718775510787964,9.725247383117676,1720123605966963100
1708787731817,left,acc,0.21308395266532898,-1.3239935636520386,9.780313491821289,1720123605973932500
1708787731837,left,acc,0.24899697303771973,-1.3215993642807007,9.744400978088379,1720123605981931500
1708787731878,left,acc,0.2801215946674347,-1.3335703611373901,9.792284965515137,1720123605990933500
1708787731916,left,acc,0.2537853717803955,-1.3263877630233765,9.718064308166504,1720123605999931600
1708787731977,left,acc,0.2346317619085312,-1.3024457693099976,9.773131370544434,1720123606014931100
1708787731998,left,acc,0.26336219906806946,-1.3455413579940796,9.804255485534668,1720123606023931400
1708787732037,left,acc,0.19393034279346466,-1.359906554222107,9.72285270690918,1720123606032931300
1708787732077,left,acc,0.19153612852096558,-1.3455413579940796,9.775525093078613,1720123606041931800
1708787732137,left,acc,0.24420857429504395,-1.3239935636520386,9.782708168029785,1720123606050941100
1708787732157,left,acc,0.22026655077934265,-1.3694833517074585,9.732429504394531,1720123606059941400
1708787732197,left,acc,0.2825157940387726,-1.3072341680526733,9.725247383117676,1720123606068454000
1708787732237,left,acc,0.27054479718208313,-1.3455413579940796,9.81143856048584,1720123606077454300
1708787732278,left,acc,0.2968810200691223,-1.3000515699386597,9.823410034179688,1720123606086568300
1708787732318,left,acc,0.2753331959247589,-1.3623007535934448,9.730035781860352,1720123606094982300
1708787732358,left,acc,0.24660277366638184,-1.3311761617660522,9.730035781860352,1720123606103980200
1708787732399,left,acc,0.304063618183136,-1.316810965538025,9.773131370544434,1720123606112981900
1708787732461,left,acc,0.2777273952960968,-1.292868971824646,9.713275909423828,1720123606121981800
1708787732501,left,acc,0.2585737705230713,-1.3024457693099976,9.780313491821289,1720123606132980200
1708787732542,left,acc,0.24899697303771973,-1.3503297567367554,9.749189376831055,1720123606142981500
1708787732582,left,acc,0.2298433631658554,-1.3503297567367554,9.782708168029785,1720123606153003400
1708787732622,left,acc,0.26336219906806946,-1.3072341680526733,9.734824180603027,1720123606159986200
1708787732642,left,acc,0.22266076505184174,-1.2473790645599365,9.691728591918945,1720123606167495200
1708787732683,left,acc,0.22744916379451752,-1.3048399686813354,9.785101890563965,1720123606176496600
1708787732722,left,acc,0.22744916379451752,-1.2880805730819702,9.75397777557373,1720123606186495600
1708787732783,left,acc,0.28969839215278625,-1.2713210582733154,9.799467086791992,1720123606196496700
1708787732822,left,acc,0.27054479718208313,-1.4053963422775269,9.734824180603027,1720123606206495100
1708787732843,left,acc,0.26815059781074524,-1.3623007535934448,9.797073364257812,1720123606219496100
1708787732884,left,acc,0.24660277366638184,-1.3311761617660522,9.75397777557373,1720123606228497200
1708787732944,left,acc,0.2561795711517334,-1.335964560508728,9.770736694335938,1720123606237504400
1708787732963,left,acc,0.26815059781074524,-1.3431471586227417,9.737217903137207,1720123606246499100
1708787733007,left,acc,0.28730419278144836,-1.2880805730819702,9.799467086791992,1720123606256504900
1708787733043,left,acc,0.24181437492370605,-1.37906014919281,9.773131370544434,1720123606265015400
1708787733085,left,acc,0.24420857429504395,-1.3742717504501343,9.782708168029785,1720123606274016500
1708787733123,left,acc,0.272938996553421,-1.3263877630233765,9.744400978088379,1720123606283016100
1708787733164,left,acc,0.28969839215278625,-1.3048399686813354,9.749189376831055,1720123606292014800
1708787733204,left,acc,0.2849099934101105,-1.3551181554794312,9.696516990661621,1720123606301014600
1708787733245,left,acc,0.27054479718208313,-1.3120225667953491,9.691728591918945,1720123606309016600
1708787733285,left,acc,0.1843535304069519,-1.3120225667953491,9.792284965515137,1720123606318016600
1708787733324,left,acc,0.22026655077934265,-1.3886369466781616,9.761159896850586,1720123606327025900
1708787733365,left,acc,0.2537853717803955,-1.381454348564148,9.761159896850586,1720123606335016100
1708787733405,left,acc,0.3016694188117981,-1.3527239561080933,9.708487510681152,1720123606343016200
1708787733445,left,acc,0.2801215946674347,-1.3072341680526733,9.746794700622559,1720123606353022000
1708787733486,left,acc,0.21308395266532898,-1.338358759880066,9.773131370544434,1720123606362542300
1708787733525,left,acc,0.23942017555236816,-1.3527239561080933,9.720458984375,1720123606370553500
1708787733565,left,acc,0.22744916379451752,-1.4053963422775269,9.708487510681152,1720123606379548900
1708787733606,left,acc,0.2298433631658554,-1.316810965538025,9.780313491821289,1720123606388547700
1708787733645,left,acc,0.26815059781074524,-1.3335703611373901,9.749189376831055,1720123606398548600
1708787733706,left,acc,0.21308395266532898,-1.2497732639312744,9.801861763000488,1720123606407548800
1708787733746,left,acc,0.2082955539226532,-1.3407529592514038,9.720458984375,1720123606414548800
1708787733787,left,acc,0.272938996553421,-1.3623007535934448,9.734824180603027,1720123606425546900
1708787733829,left,acc,0.2585737705230713,-1.357512354850769,9.710882186889648,1720123606435548700
1708787733866,left,acc,0.181959331035614,-1.2761094570159912,9.746794700622559,1720123606443546900
1708787733907,left,acc,0.21308395266532898,-1.3503297567367554,9.710882186889648,1720123606454552800
1708787733947,left,acc,0.3016694188117981,-1.3766659498214722,9.746794700622559,1720123606465068300
1708787733988,left,acc,0.2585737705230713,-1.400607943534851,9.775525093078613,1720123606471069300
1708787734031,left,acc,0.2298433631658554,-1.3287819623947144,9.727641105651855,1720123606481067800
1708787734067,left,acc,0.16759411990642548,-1.314416766166687,9.720458984375,1720123606491069700
1708787734107,left,acc,0.22744916379451752,-1.3527239561080933,9.718064308166504,1720123606502069700
1708787734147,left,acc,0.2561795711517334,-1.3311761617660522,9.727641105651855,1720123606510068500
1708787734188,left,acc,0.24420857429504395,-1.400607943534851,9.768342971801758,1720123606518069800
1708787734228,left,acc,0.2322375625371933,-1.3503297567367554,9.775525093078613,1720123606527069000
1708787734267,left,acc,0.2106897532939911,-1.292868971824646,9.818621635437012,1720123606537068500
1708787734307,left,acc,0.2825157940387726,-1.3455413579940796,9.761159896850586,1720123606546070000
1708787734348,left,acc,0.2059013396501541,-1.2880805730819702,9.746794700622559,1720123606556072000
1708787734389,left,acc,0.2944868206977844,-1.3431471586227417,9.765948295593262,1720123606565584000
1708787734429,left,acc,0.24660277366638184,-1.3215993642807007,9.727641105651855,1720123606574585800
1708787734468,left,acc,0.2298433631658554,-1.3215993642807007,9.75637149810791,1720123606583598000
1708787734509,left,acc,0.21787235140800476,-1.414973258972168,9.746794700622559,1720123606594633300
1708787734548,left,acc,0.2825157940387726,-1.3024457693099976,9.761159896850586,1720123606606632500
1708787734590,left,acc,0.2992752194404602,-1.3742717504501343,9.696516990661621,1720123606618633100
1708787734629,left,acc,0.23942017555236816,-1.3910311460494995,9.66539192199707,1720123606628635300
1708787734669,left,acc,0.2298433631658554,-1.3263877630233765,9.773131370544434,1720123606638670700
1708787734711,left,acc,0.19153612852096558,-1.2976573705673218,9.792284965515137,1720123606647684100
1708787734751,left,acc,0.26815059781074524,-1.3263877630233765,9.768342971801758,1720123606655708600
1708787734791,left,acc,0.23942017555236816,-1.3000515699386597,9.818621635437012,1720123606663228900
1708787734829,left,acc,0.20111294090747833,-1.37906014919281,9.768342971801758,1720123606673226300
1708787734870,left,acc,0.2753331959247589,-1.2976573705673218,9.775525093078613,1720123606681262200
1708787734910,left,acc,0.29209262132644653,-1.3431471586227417,9.727641105651855,1720123606689264300
1708787734949,left,acc,0.22744916379451752,-1.381454348564148,9.710882186889648,1720123606698227700
1708787734992,left,acc,0.26575639843940735,-1.3215993642807007,9.708487510681152,1720123606706226500
1708787735055,left,acc,0.16519992053508759,-1.4269442558288574,9.732429504394531,1720123606715227700
1708787735091,left,acc,0.29209262132644653,-1.3479355573654175,9.751583099365234,1720123606724227100
1708787735131,left,acc,0.2825157940387726,-1.3192051649093628,9.780313491821289,1720123606732226800
1708787735170,left,acc,0.20350714027881622,-1.3479355573654175,9.75397777557373,1720123606742226700
1708787735211,left,acc,0.2944868206977844,-1.335964560508728,9.78989028930664,1720123606751231000
1708787735251,left,acc,0.19871874153614044,-1.3287819623947144,9.737217903137207,1720123606761233200
1708787735292,left,acc,0.22266076505184174,-1.3718775510787964,9.72285270690918,1720123606770743400
1708787735331,left,acc,0.304063618183136,-1.3120225667953491,9.744400978088379,1720123606779742100
1708787735371,left,acc,0.24420857429504395,-1.2976573705673218,9.732429504394531,1720123606788743900
1708787735412,left,acc,0.2801215946674347,-1.3503297567367554,9.744400978088379,1720123606798263300
1708787735452,left,acc,0.2753331959247589,-1.335964560508728,9.725247383117676,1720123606808260600
1708787735493,left,acc,0.26096799969673157,-1.292868971824646,9.749189376831055,1720123606816262200
1708787735532,left,acc,0.24899697303771973,-1.290474772453308,9.734824180603027,1720123606824263100
1708787735571,left,acc,0.21308395266532898,-1.381454348564148,9.75637149810791,1720123606833260600
1708787735612,left,acc,0.2322375625371933,-1.335964560508728,9.751583099365234,1720123606845262000
1708787735653,left,acc,0.24899697303771973,-1.37906014919281,9.701305389404297,1720123606853266400
1708787735693,left,acc,0.24899697303771973,-1.3670891523361206,9.749189376831055,1720123606862783400
1708787735733,left,acc,0.2537853717803955,-1.3527239561080933,9.758766174316406,1720123606871790400
1708787735775,left,acc,0.2322375625371933,-1.335964560508728,9.72285270690918,1720123606879788400
1708787735813,left,acc,0.22266076505184174,-1.3431471586227417,9.710882186889648,1720123606890789300
1708787735853,left,acc,0.2322375625371933,-1.357512354850769,9.773131370544434,1720123606899788900
1708787735877,left,acc,0.2992752194404602,-1.357512354850769,9.718064308166504,1720123606908788500
1708787735933,left,acc,0.24899697303771973,-1.3503297567367554,9.773131370544434,1720123606917787400
1708787735978,left,acc,0.2346317619085312,-1.2880805730819702,9.746794700622559,1720123606926790200
1708787736014,left,acc,0.20111294090747833,-1.3479355573654175,9.763554573059082,1720123606935787400
1708787736054,left,acc,0.27054479718208313,-1.3120225667953491,9.732429504394531,1720123606943789600
1708787736095,left,acc,0.2585737705230713,-1.3335703611373901,9.761159896850586,1720123606953795400
1708787736134,left,acc,0.2753331959247589,-1.3311761617660522,9.679757118225098,1720123606962300600
1708787736174,left,acc,0.2968810200691223,-1.3215993642807007,9.770736694335938,1720123606972306700
1708787736213,left,acc,0.33039984107017517,-1.2737152576446533,9.708487510681152,1720123606981306500
1708787736254,left,acc,0.28730419278144836,-1.3623007535934448,9.782708168029785,1720123606990306800
1708787736295,left,acc,0.2968810200691223,-1.357512354850769,9.725247383117676,1720123606999304900
1708787736334,left,acc,0.304063618183136,-1.2976573705673218,9.761159896850586,1720123607007306600
1708787736375,left,acc,0.26575639843940735,-1.4077905416488647,9.737217903137207,1720123607016304900
1708787736415,left,acc,0.26815059781074524,-1.2856862545013428,9.806650161743164,1720123607027306400
1708787736455,left,acc,0.22266076505184174,-1.3646949529647827,9.78989028930664,1720123607038307100
1708787736496,left,acc,0.28969839215278625,-1.357512354850769,9.768342971801758,1720123607048309300
1708787736535,left,acc,0.2585737705230713,-1.381454348564148,9.737217903137207,1720123607054308800
1708787736576,left,acc,0.23942017555236816,-1.3862427473068237,9.765948295593262,1720123607063899900
1708787736596,left,acc,0.30885201692581177,-1.3335703611373901,9.787496566772461,1720123607077895100
1708787736636,left,acc,0.33518823981285095,-1.2617442607879639,9.72285270690918,1720123607085895300
1708787736676,left,acc,0.2585737705230713,-1.3527239561080933,9.768342971801758,1720123607091892900
1708787736716,left,acc,0.26336219906806946,-1.3862427473068237,9.84256362915039,1720123607098892700
1708787736777,left,acc,0.23942017555236816,-1.3742717504501343,9.773131370544434,1720123607107892300
1708787736817,left,acc,0.22744916379451752,-1.3934253454208374,9.718064308166504,1720123607113858600
1708787736857,left,acc,0.21308395266532898,-1.3407529592514038,9.718064308166504,1720123607120856600
1708787736900,left,acc,0.3232172429561615,-1.2689268589019775,9.799467086791992,1720123607128858400
1708787736937,left,acc,0.28730419278144836,-1.2761094570159912,9.75397777557373,1720123607133857700
1708787736957,left,acc,0.2082955539226532,-1.3646949529647827,9.703699111938477,1720123607139857600
1708787736977,left,acc,0.28730419278144836,-1.3263877630233765,9.742006301879883,1720123607145856700
1708787737002,left,acc,0.17956513166427612,-1.335964560508728,9.75637149810791,1720123607151861900
1708787737037,left,acc,0.27054479718208313,-1.3455413579940796,9.799467086791992,1720123607157863200
1708787737076,left,acc,0.23942017555236816,-1.335964560508728,9.75637149810791,1720123607163373200
1708787737137,left,acc,0.24660277366638184,-1.3694833517074585,9.780313491821289,1720123607170372200
1708787737177,left,acc,0.22026655077934265,-1.3934253454208374,9.727641105651855,1720123607179372300
1708787737217,left,acc,0.26336219906806946,-1.3192051649093628,9.691728591918945,1720123607187372800
1708787737258,left,acc,0.272938996553421,-1.3335703611373901,9.765948295593262,1720123607193444600
1708787737299,left,acc,0.2322375625371933,-1.3527239561080933,9.713275909423828,1720123607201407300
1708787737337,left,acc,0.2561795711517334,-1.3431471586227417,9.742006301879883,1720123607210373300
1708787737381,left,acc,0.2801215946674347,-1.3239935636520386,9.696516990661621,1720123607216410100
1708787737418,left,acc,0.2513911724090576,-1.357512354850769,9.737217903137207,1720123607224413000
1708787737459,left,acc,0.2346317619085312,-1.3646949529647827,9.727641105651855,1720123607231407100
1708787737501,left,acc,0.28730419278144836,-1.2545616626739502,9.768342971801758,1720123607242406700
1708787737538,left,acc,0.3208230137825012,-1.3742717504501343,9.732429504394531,1720123607250435900
1708787737579,left,acc,0.2537853717803955,-1.2641384601593018,9.742006301879883,1720123607260412100
1708787737618,left,acc,0.23942017555236816,-1.37906014919281,9.718064308166504,1720123607270670200
1708787737659,left,acc,0.21308395266532898,-1.3192051649093628,9.725247383117676,1720123607280668400
1708787737700,left,acc,0.27054479718208313,-1.3934253454208374,9.75637149810791,1720123607292635000
1708787737739,left,acc,0.272938996553421,-1.3287819623947144,9.703699111938477,1720123607302669200
1708787737760,left,acc,0.23702596127986908,-1.3551181554794312,9.715670585632324,1720123607321671000
1708787737823,left,acc,0.2298433631658554,-1.3551181554794312,9.749189376831055,1720123607326637600
1708787737839,left,acc,0.31842881441116333,-1.2737152576446533,9.792284965515137,1720123607332673000
1708787737880,left,acc,0.2322375625371933,-1.37906014919281,9.849745750427246,1720123607337636600
1708787737924,left,acc,0.27054479718208313,-1.3455413579940796,9.765948295593262,1720123607342636400
1708787737960,left,acc,0.26575639843940735,-1.278503656387329,9.742006301879883,1720123607348641200
1708787737980,left,acc,0.22505496442317963,-1.335964560508728,9.768342971801758,1720123607353641900
1708787738020,left,acc,0.29209262132644653,-1.4508862495422363,9.75397777557373,1720123607360640300
1708787738061,left,acc,0.24420857429504395,-1.290474772453308,9.75637149810791,1720123607364907300
1708787738101,left,acc,0.26336219906806946,-1.3120225667953491,9.742006301879883,1720123607370907500
1708787738201,left,acc,0.26575639843940735,-1.2856862545013428,9.763554573059082,1720123607400907000
1708787738241,left,acc,0.19871874153614044,-1.290474772453308,9.773131370544434,1720123607411905700
1708787738281,left,acc,0.272938996553421,-1.316810965538025,9.785101890563965,1720123607420908600
1708787738321,left,acc,0.2992752194404602,-1.3215993642807007,9.758766174316406,1720123607429929700
1708787738361,left,acc,0.22505496442317963,-1.357512354850769,9.785101890563965,1720123607436908100
1708787738402,left,acc,0.22266076505184174,-1.3287819623947144,9.75637149810791,1720123607441912000
1708787738441,left,acc,0.2825157940387726,-1.338358759880066,9.713275909423828,1720123607448937100
1708787738482,left,acc,0.24420857429504395,-1.3335703611373901,9.715670585632324,1720123607455913700
1708787738520,left,acc,0.26815059781074524,-1.3694833517074585,9.835380554199219,1720123607461915200
1708787738559,left,acc,0.31124621629714966,-1.280897855758667,9.761159896850586,1720123607467427500
1708787738601,left,acc,0.2585737705230713,-1.338358759880066,9.713275909423828,1720123607473426500
1708787738640,left,acc,0.2322375625371933,-1.3551181554794312,9.794678688049316,1720123607479426300
1708787738680,left,acc,0.28969839215278625,-1.338358759880066,9.684545516967773,1720123607486426700
1708787738742,left,acc,0.24420857429504395,-1.278503656387329,9.763554573059082,1720123607501427900
1708787738785,left,acc,0.19393034279346466,-1.2689268589019775,9.804255485534668,1720123607506426200
1708787738822,left,acc,0.24420857429504395,-1.3431471586227417,9.785101890563965,1720123607511428300
1708787738862,left,acc,0.2346317619085312,-1.37906014919281,9.715670585632324,1720123607515426900
1708787738883,left,acc,0.22266076505184174,-1.3096283674240112,9.761159896850586,1720123607522426300
1708787738923,left,acc,0.27054479718208313,-1.3623007535934448,9.763554573059082,1720123607527428100
1708787738963,left,acc,0.2082955539226532,-1.338358759880066,9.727641105651855,1720123607532428200
1708787739004,left,acc,0.2585737705230713,-1.3192051649093628,9.720458984375,1720123607538428900
1708787739044,left,acc,0.2346317619085312,-1.3934253454208374,9.732429504394531,1720123607544427100
1708787739084,left,acc,0.26336219906806946,-1.3287819623947144,9.708487510681152,1720123607550434400
1708787739144,left,acc,0.2106897532939911,-1.3000515699386597,9.813833236694336,1720123607555433000
1708787739184,left,acc,0.28969839215278625,-1.335964560508728,9.780313491821289,1720123607563951600
1708787739224,left,acc,0.28969839215278625,-1.359906554222107,9.739612579345703,1720123607569950200
1708787739263,left,acc,0.2059013396501541,-1.359906554222107,9.806650161743164,1720123607574953600
1708787739305,left,acc,0.3016694188117981,-1.3431471586227417,9.734824180603027,1720123607581951400
1708787739345,left,acc,0.3016694188117981,-1.3742717504501343,9.710882186889648,1720123607587950600
1708787739385,left,acc,0.2944868206977844,-1.3670891523361206,9.782708168029785,1720123607593951100
1708787739425,left,acc,0.20111294090747833,-1.2689268589019775,9.730035781860352,1720123607599951600
1708787739464,left,acc,0.24420857429504395,-1.290474772453308,9.794678688049316,1720123607604949800
1708787739506,left,acc,0.1867477297782898,-1.4269442558288574,9.78989028930664,1720123607610949600
1708787739545,left,acc,0.21547815203666687,-1.3982137441635132,9.710882186889648,1720123607617950900
1708787739585,left,acc,0.24899697303771973,-1.335964560508728,9.658209800720215,1720123607622951200
1708787739625,left,acc,0.2801215946674347,-1.3263877630233765,9.825803756713867,1720123607628952600
1708787739666,left,acc,0.2825157940387726,-1.278503656387329,9.770736694335938,1720123607634951000
1708787739707,left,acc,0.2537853717803955,-1.3479355573654175,9.758766174316406,1720123607639949600
1708787739746,left,acc,0.2082955539226532,-1.2641384601593018,9.734824180603027,1720123607644950200
1708787739786,left,acc,0.23702596127986908,-1.3287819623947144,9.737217903137207,1720123607651958100
1708787739826,left,acc,0.24899697303771973,-1.3862427473068237,9.742006301879883,1720123607656958900
1708787739870,left,acc,0.2944868206977844,-1.3670891523361206,9.742006301879883,1720123607663463800
1708787739886,left,acc,0.26336219906806946,-1.3646949529647827,9.77791976928711,1720123607682468500
1708787739926,left,acc,0.2346317619085312,-1.357512354850769,9.706093788146973,1720123607697489900
1708787739970,left,acc,0.24181437492370605,-1.3000515699386597,9.742006301879883,1720123607704485900
1708787740007,left,acc,0.26336219906806946,-1.3503297567367554,9.758766174316406,1720123607712467500
1708787740066,left,acc,0.2849099934101105,-1.2665326595306396,9.773131370544434,1720123607719469900
1708787740086,left,acc,0.33997663855552673,-1.3311761617660522,9.737217903137207,1720123607727469000
1708787740127,left,acc,0.2585737705230713,-1.2880805730819702,9.75637149810791,1720123607733471800
1708787740167,left,acc,0.21547815203666687,-1.37906014919281,9.744400978088379,1720123607742468700
36,9.765948295593262,1720123596618605200
1708787693225,left,acc,0.38546648621559143,-1.0869675874710083,9.763554573059082,1720123596632604900
1708787693266,left,acc,0.40701428055763245,-1.0534487962722778,9.773131370544434,1720123596640605600
1708787693306,left,acc,0.4429273009300232,-1.0319008827209473,9.799467086791992,1720123596649609800
1708787693347,left,acc,0.43095630407333374,-1.0342950820922852,9.856928825378418,1720123596658117800
1708787693386,left,acc,0.3878606855869293,-1.1300631761550903,9.710882186889648,1720123596666152000
1708787693426,left,acc,0.3902548849582672,-1.1324573755264282,9.763554573059082,1720123596674116600
1708787693466,left,acc,0.42616790533065796,-1.0271124839782715,9.720458984375,1720123596684127200
1708787693506,left,acc,0.37828385829925537,-1.0342950820922852,9.739612579345703,1720123596694152300
1708787693547,left,acc,0.4165911078453064,-1.0462661981582642,9.818621635437012,1720123596703117900
1708787693586,left,acc,0.35913026332855225,-1.036689281463623,9.691728591918945,1720123596712116600
1708787693627,left,acc,0.4405331015586853,-1.0606313943862915,9.751583099365234,1720123596722118200
1708787693665,left,acc,0.37828385829925537,-1.1204863786697388,9.72285270690918,1720123596731117700
1708787693748,left,acc,0.42856210470199585,-1.1180921792984009,9.739612579345703,1720123596758736300
1708787693807,left,acc,0.44771572947502136,-1.091755986213684,9.816226959228516,1720123596769735700
1708787693848,left,acc,0.395043283700943,-1.0630255937576294,9.720458984375,1720123596776706900
1708787693890,left,acc,0.42856210470199585,-1.0749965906143188,9.75397777557373,1720123596786734400
1708787693928,left,acc,0.33279404044151306,-1.0845733880996704,9.746794700622559,1720123596794705800
1708787693968,left,acc,0.4141969084739685,-1.1276689767837524,9.742006301879883,1720123596803736600
1708787694008,left,acc,0.38307225704193115,-1.1085153818130493,9.80904483795166,1720123596814739700
1708787694049,left,acc,0.4572925269603729,-1.0031704902648926,9.763554573059082,1720123596821737200
1708787694089,left,acc,0.4213795065879822,-1.072602391242981,9.775525093078613,1720123596829736800
1708787694129,left,acc,0.3974374830722809,-1.0247182846069336,9.75637149810791,1720123596839738800
1708787694169,left,acc,0.4572925269603729,-1.070208191871643,9.80904483795166,1720123596848801100
1708787694209,left,acc,0.3519476354122162,-1.0773907899856567,9.732429504394531,1720123596861362400
1708787694250,left,acc,0.38307225704193115,-1.1228805780410767,9.677363395690918,1720123596870363200
1708787694309,left,acc,0.4118026793003082,-1.1348515748977661,9.854534149169922,1720123596880378500
1708787694329,left,acc,0.3998316824436188,-1.0271124839782715,9.765948295593262,1720123596889329000
1708787694369,left,acc,0.4165911078453064,-1.0534487962722778,9.804255485534668,1720123596898371600
1708787694409,left,acc,0.3734954595565796,-1.1180921792984009,9.710882186889648,1720123596908363200
1708787694469,left,acc,0.38546648621559143,-1.0893617868423462,9.751583099365234,1720123596917326900
1708787694509,left,acc,0.4644751250743866,-1.0462661981582642,9.715670585632324,1720123596926328400
1708787694548,left,acc,0.3926490843296051,-1.0678139925003052,9.75397777557373,1720123596936110700
1708787694589,left,acc,0.35434186458587646,-1.1204863786697388,9.706093788146973,1720123596943121300
1708787694629,left,acc,0.3519476354122162,-1.0630255937576294,9.801861763000488,1720123596950158500
1708787694671,left,acc,0.42377370595932007,-1.0534487962722778,9.773131370544434,1720123596957629700
1708787694712,left,acc,0.40701428055763245,-1.113303780555725,9.710882186889648,1720123596970630200
1708787694752,left,acc,0.4213795065879822,-1.0965443849563599,9.75637149810791,1720123596979630800
1708787694791,left,acc,0.363918662071228,-1.0965443849563599,9.739612579345703,1720123596987630600
1708787694831,left,acc,0.4118026793003082,-1.1516109704971313,9.746794700622559,1720123596997631300
1708787694870,left,acc,0.42616790533065796,-0.993593692779541,9.739612579345703,1720123597009664200
1708787694891,left,acc,0.40222588181495667,-1.1013327836990356,9.734824180603027,1720123597017667800
1708787694931,left,acc,0.4118026793003082,-1.115697979927063,9.787496566772461,1720123597026662400
1708787694971,left,acc,0.4189853072166443,-1.0845733880996704,9.823410034179688,1720123597034630600
1708787695012,left,acc,0.4118026793003082,-1.0582371950149536,9.730035781860352,1720123597044717000
1708787695052,left,acc,0.4213795065879822,-1.0462661981582642,9.751583099365234,1720123597052707600
1708787695092,left,acc,0.43095630407333374,-1.0247182846069336,9.746794700622559,1720123597067250700
1708787695131,left,acc,0.363918662071228,-1.0821791887283325,9.703699111938477,1720123597077293000
1708787695153,left,acc,0.38067805767059326,-1.0678139925003052,9.792284965515137,1720123597087287400
1708787695210,left,acc,0.3519476354122162,-1.072602391242981,9.78989028930664,1720123597095265100
1708787695231,left,acc,0.38067805767059326,-1.0606313943862915,9.725247383117676,1720123597103251900
1708787695253,left,acc,0.42616790533065796,-1.0773907899856567,9.749189376831055,1720123597110290000
1708787695272,left,acc,0.42616790533065796,-1.1300631761550903,9.734824180603027,1720123597120251600
1708787695313,left,acc,0.35913026332855225,-1.1061211824417114,9.78989028930664,1720123597129252200
1708787695373,left,acc,0.4165911078453064,-1.0845733880996704,9.677363395690918,1720123597138250100
1708787695409,left,acc,0.38546648621559143,-1.0654197931289673,9.77791976928711,1720123597146254900
1708787695453,left,acc,0.38067805767059326,-1.0582371950149536,9.720458984375,1720123597153254700
1708787695472,left,acc,0.40940847992897034,-1.0965443849563599,9.751583099365234,1720123597160766900
1708787695513,left,acc,0.43335050344467163,-1.05105459690094,9.751583099365234,1720123597167767000
1708787695554,left,acc,0.40940847992897034,-1.0989385843276978,9.797073364257812,1720123597173765800
1708787695614,left,acc,0.363918662071228,-1.070208191871643,9.782708168029785,1720123597184767700
1708787695655,left,acc,0.3758896589279175,-1.0414776802062988,9.732429504394531,1720123597191768200
1708787695694,left,acc,0.3998316824436188,-1.113303780555725,9.751583099365234,1720123597198767400
1708787695736,left,acc,0.38546648621559143,-1.0342950820922852,9.773131370544434,1720123597205767900
1708787695774,left,acc,0.3495534360408783,-1.0965443849563599,9.734824180603027,1720123597211766200
1708787695814,left,acc,0.43095630407333374,-1.1204863786697388,9.734824180603027,1720123597219767200
1708787695838,left,acc,0.44532153010368347,-0.9816226959228516,9.701305389404297,1720123597305295900
1708787695874,left,acc,0.38546648621559143,-1.0199298858642578,9.823410034179688,1720123597425809100
1708787695915,left,acc,0.3495534360408783,-0.9983820915222168,9.785101890563965,1720123597435807900
1708787695956,left,acc,0.3758896589279175,-1.1300631761550903,9.770736694335938,1720123597444815200
1708787695995,left,acc,0.3447650372982025,-1.0295066833496094,9.746794700622559,1720123597454814600
1708787696035,left,acc,0.4405331015586853,-1.0773907899856567,9.713275909423828,1720123597462323500
1708787696075,left,acc,0.37828385829925537,-1.0630255937576294,9.763554573059082,1720123597472322300
1708787696115,left,acc,0.3495534360408783,-1.1109095811843872,9.703699111938477,1720123597480335000
1708787696155,left,acc,0.3974374830722809,-1.1037269830703735,9.720458984375,1720123597488330900
1708787696196,left,acc,0.4381389021873474,-1.072602391242981,9.782708168029785,1720123597495341800
1708787696236,left,acc,0.4429273009300232,-1.1061211824417114,9.81143856048584,1720123597503329800
1708787696275,left,acc,0.42377370595932007,-1.1085153818130493,9.744400978088379,1720123597515323700
1708787696315,left,acc,0.42616790533065796,-1.0606313943862915,9.768342971801758,1720123597523357900
1708787696356,left,acc,0.363918662071228,-1.1013327836990356,9.72285270690918,1720123597532358000
1708787696394,left,acc,0.42856210470199585,-1.0199298858642578,9.813833236694336,1720123597542364000
1708787696434,left,acc,0.33039984107017517,-1.0199298858642578,9.832986831665039,1720123597550401200
1708787696474,left,acc,0.363918662071228,-1.036689281463623,9.78989028930664,1720123597557944400
1708787696515,left,acc,0.4118026793003082,-1.0534487962722778,9.765948295593262,1720123597568982500
1708787696557,left,acc,0.38067805767059326,-1.072602391242981,9.785101890563965,1720123597578979400
1708787696596,left,acc,0.40701428055763245,-1.0797849893569946,9.77791976928711,1720123597586944500
1708787696637,left,acc,0.43095630407333374,-0.9840168952941895,9.938331604003906,1720123597595979000
1708787696677,left,acc,0.40222588181495667,-1.0749965906143188,9.792284965515137,1720123597604977400
1708787696717,left,acc,0.4189853072166443,-0.9768342971801758,9.737217903137207,1720123597613977000
1708787696759,left,acc,0.3926490843296051,-1.0414776802062988,9.758766174316406,1720123597622978800
1708787696796,left,acc,0.3208230137825012,-1.115697979927063,9.727641105651855,1720123597631979200
1708787696836,left,acc,0.40222588181495667,-1.048660397529602,9.751583099365234,1720123597639976600
1708787696875,left,acc,0.43335050344467163,-1.0534487962722778,9.804255485534668,1720123597650022300
1708787696915,left,acc,0.3878606855869293,-1.070208191871643,9.758766174316406,1720123597659157700
1708787696963,left,acc,0.3734954595565796,-1.0821791887283325,9.773131370544434,1720123597668160500
1708787696997,left,acc,0.38067805767059326,-1.0654197931289673,9.77791976928711,1720123597678124200
1708787697039,left,acc,0.40462008118629456,-1.0438719987869263,9.765948295593262,1720123597687157300
1708787697078,left,acc,0.3711012601852417,-1.1180921792984009,9.792284965515137,1720123597695124200
1708787697121,left,acc,0.3998316824436188,-1.113303780555725,9.749189376831055,1720123597705156800
1708787697160,left,acc,0.4141969084739685,-1.1276689767837524,9.813833236694336,1720123597713173400
1708787697219,left,acc,0.44532153010368347,-1.0797849893569946,9.768342971801758,1720123597724152200
1708787697239,left,acc,0.40940847992897034,-1.039083480834961,9.737217903137207,1720123597732160200
1708787697279,left,acc,0.3926490843296051,-1.015141487121582,9.734824180603027,1720123597741158000
1708787697319,left,acc,0.44771572947502136,-1.039083480834961,9.78989028930664,1720123597749163300
1708787697360,left,acc,0.35913026332855225,-1.036689281463623,9.782708168029785,1720123597759625800
1708787697399,left,acc,0.38067805767059326,-1.1468225717544556,9.780313491821289,1720123597768618400
1708787697440,left,acc,0.35673606395721436,-1.048660397529602,9.825803756713867,1720123597776618700
1708787697479,left,acc,0.43095630407333374,-1.0319008827209473,9.780313491821289,1720123597785652900
1708787697519,left,acc,0.4405331015586853,-1.01753568649292,9.792284965515137,1720123597793584100
1708787697560,left,acc,0.40222588181495667,-1.1444283723831177,9.787496566772461,1720123597802682300
1708787697600,left,acc,0.3734954595565796,-1.048660397529602,9.768342971801758,1720123597811618300
1708787697640,left,acc,0.4141969084739685,-1.1180921792984009,9.77791976928711,1720123597819621000
1708787697682,left,acc,0.31124621629714966,-1.0342950820922852,9.770736694335938,1720123597828584500
1708787697721,left,acc,0.4213795065879822,-1.0654197931289673,9.768342971801758,1720123597837585300
1708787697762,left,acc,0.4165911078453064,-1.0582371950149536,9.792284965515137,1720123597845588400
1708787697801,left,acc,0.3998316824436188,-1.0965443849563599,9.775525093078613,1720123597853588500
1708787697840,left,acc,0.3256114423274994,-1.0821791887283325,9.75637149810791,1720123597864099400
1708787697885,left,acc,0.43095630407333374,-1.0342950820922852,9.737217903137207,1720123597873097900
1708787697921,left,acc,0.40222588181495667,-1.0821791887283325,9.780313491821289,1720123597882098500
1708787697962,left,acc,0.38307225704193115,-1.0295066833496094,9.782708168029785,1720123597892099100
1708787698002,left,acc,0.363918662071228,-0.993593692779541,9.694122314453125,1720123597902101800
1708787698041,left,acc,0.3734954595565796,-1.070208191871643,9.785101890563965,1720123597910097300
1708787698101,left,acc,0.43095630407333374,-1.015141487121582,9.823410034179688,1720123597919098900
1708787698142,left,acc,0.4118026793003082,-1.0031704902648926,9.730035781860352,1720123597929099800
1708787698182,left,acc,0.08858546614646912,-0.993593692779541,9.586383819580078,1720123597938099300
1708787698221,left,acc,0.016759412363171577,-1.0031704902648926,9.627084732055664,1720123597947607800
1708787698262,left,acc,0.6057330369949341,-1.194706678390503,10.093954086303711,1720123597957158900
1708787698300,left,acc,0.3663128614425659,-1.161187767982483,9.533711433410645,1720123597966169800
1708787698342,left,acc,-0.23942017555236816,-1.3503297567367554,9.66299819946289,1720123597974178700
1708787698382,left,acc,0.05267243832349777,-0.7948749661445618,9.945513725280762,1720123597984162500
1708787698423,left,acc,1.9752163887023926,-1.0965443849563599,10.019734382629395,1720123597993163000
1708787698463,left,acc,0.507570743560791,-0.9744400978088379,9.785101890563965,1720123598003162900
1708787698501,left,acc,0.7948749661445618,-1.2449848651885986,9.787496566772461,1720123598013163600
1708787698542,left,acc,0.29209262132644653,-1.192312479019165,9.880870819091797,1720123598022164300
1708787698583,left,acc,-0.5315127968788147,-1.1444283723831177,9.739612579345703,1720123598033162700
1708787698623,left,acc,0.16519992053508759,-1.5490485429763794,10.096348762512207,1720123598042165400
1708787698664,left,acc,1.1563993692398071,-0.9241618514060974,9.880870819091797,1720123598050171200
1708787698705,left,acc,1.1492167711257935,-0.06464344263076782,10.24239444732666,1720123598059679700
1708787698743,left,acc,-0.9169792532920837,-1.3623007535934448,9.5624418258667,1720123598068679700
1708787698784,left,acc,0.8212111592292786,-1.1013327836990356,8.810662269592285,1720123598077681600
1708787698824,left,acc,0.24181437492370605,-0.8738836050033569,9.660603523254395,1720123598087682900
1708787698865,left,acc,-0.038307227194309235,-0.4908113479614258,10.527304649353027,1720123598097682500
1708787698909,left,acc,0.5985504388809204,-0.07900865375995636,9.428366661071777,1720123598105681000
1708787698944,left,acc,0.31364041566848755,-2.2888567447662354,10.168174743652344,1720123598113679800
1708787698985,left,acc,1.4389152526855469,-1.534683346748352,10.168174743652344,1720123598122679400
1708787699024,left,acc,1.8746598958969116,-2.212242364883423,9.95748519897461,1720123598131681700
1708787699066,left,acc,2.1284453868865967,-3.0119056701660156,5.65031623840332,1720123598140681900
1708787699109,left,acc,2.980781078338623,-3.825934410095215,10.26394271850586,1720123598149685600
1708787699144,left,acc,2.717418909072876,-10.261548042297363,7.687781810760498,1720123598158195800
1708787699185,left,acc,3.0142998695373535,-18.294095993041992,9.205705642700195,1720123598168196400
1708787699225,left,acc,-0.011971008032560349,-18.34197998046875,5.868188381195068,1720123598179195000
1708787699267,left,acc,3.60566782951355,-20.64999008178711,5.264849662780762,1720123598186194900
1708787699306,left,acc,3.1244332790374756,-16.072275161743164,2.2888567447662354,1720123598194196900
1708787699346,left,acc,-1.6184803247451782,-12.385205268859863,-4.0533833503723145,1720123598204194900
1708787699386,left,acc,14.664484977722168,-10.412383079528809,-5.731719017028809,1720123598213195200
1708787699425,left,acc,2.0877439975738525,-9.193734169006348,-2.7964274883270264,1720123598223196000
1708787699467,left,acc,2.612074136734009,-6.277596950531006,-2.832340717315674,1720123598232196300
1708787699506,left,acc,1.5873557329177856,-5.925649166107178,-1.01753568649292,1720123598241194600
1708787699547,left,acc,1.2713210582733154,-6.72531270980835,3.157952070236206,1720123598250236800
1708787699587,left,acc,1.6687586307525635,-5.523423194885254,2.8347349166870117,1720123598258738500
1708787699627,left,acc,0.047884032130241394,-4.891354084014893,0.8140285611152649,1720123598266773000
1708787699668,left,acc,-0.1628057211637497,-3.224989652633667,0.38067805767059326,1720123598274772600
1708787699707,left,acc,-0.5841852426528931,-3.0550012588500977,0.4668693244457245,1720123598284777100
1708787699747,left,acc,-0.7445967197418213,-3.952826976776123,0.35673606395721436,1720123598294739100
1708787699788,left,acc,-0.5434837937355042,-5.449203014373779,0.5793967843055725,1720123598305796600
1708787699832,left,acc,-0.6200982332229614,-7.843404769897461,0.6751648783683777,1720123598313738900
1708787699868,left,acc,-0.035913024097681046,-10.335768699645996,0.44532153010368347,1720123598322738400
1708787699931,left,acc,3.1028854846954346,-15.5311861038208,-5.66228723526001,1720123598332738800
1708787699969,left,acc,4.900930881500244,-14.532804489135742,-4.747702121734619,1720123598341737500
1708787700007,left,acc,1.742978811264038,-14.338873863220215,-2.7461493015289307,1720123598351740800
1708787700029,left,acc,1.482010841369629,-12.840104103088379,-2.5905263423919678,1720123598362256000
1708787700089,left,acc,1.259350061416626,-10.869675636291504,-3.1076738834381104,1720123598371284700
1708787700129,left,acc,2.5067291259765625,-13.872004508972168,-5.504269599914551,1720123598377250300
1708787700170,left,acc,2.190694570541382,-13.330915451049805,-4.596867084503174,1720123598387293800
1708787700207,left,acc,0.4572925269603729,-12.69405746459961,0.730231523513794,1720123598396284500
1708787700249,left,acc,0.9720458984375,-13.134590148925781,1.7501614093780518,1720123598405284000
1708787700289,left,acc,0.8020575642585754,-12.6365966796875,0.3687070608139038,1720123598415286200
1708787700329,left,acc,1.843535304069519,-9.835380554199219,-0.5770025849342346,1720123598423284200
1708787700370,left,acc,2.070984363555908,-7.805097579956055,-0.28969839215278625,1720123598433283800
1708787700409,left,acc,4.0964789390563965,-6.89530086517334,0.4692635238170624,1720123598443321200
1708787700449,left,acc,0.6248866319656372,-7.556100368499756,1.3527239561080933,1720123598452323200
1708787700471,left,acc,0.6320692300796509,-7.879317760467529,1.479616641998291,1720123598461447800
1708787700529,left,acc,2.1739351749420166,-10.417171478271484,0.44771572947502136,1720123598472431300
1708787700571,left,acc,2.410961151123047,-12.409147262573242,-1.3072341680526733,1720123598480463600
1708787700609,left,acc,2.4827871322631836,-13.048398971557617,-1.8579005002975464,1720123598489464100
1708787700649,left,acc,2.492363929748535,-12.536040306091309,-1.50355863571167,1720123598500432100
1708787700691,left,acc,2.4013843536376953,-9.493009567260742,-2.2385785579681396,1720123598507431300
1708787700731,left,acc,1.723825216293335,-7.872135162353516,-1.941697597503662,1720123598516429200
1708787700772,left,acc,1.680729627609253,-7.041347026824951,-1.9800047874450684,1720123598525431200
1708787700811,left,acc,2.185906171798706,-8.621520042419434,-3.1699230670928955,1720123598534430800
1708787700855,left,acc,2.6839001178741455,-11.164162635803223,-3.665522813796997,1720123598544432500
1708787700892,left,acc,2.425326347351074,-11.310209274291992,-1.5107412338256836,1720123598554468100
1708787700911,left,acc,3.098097085952759,-11.070788383483887,0.6751648783683777,1720123598563693700
1708787700972,left,acc,2.7006595134735107,-11.48259162902832,1.867477297782898,1720123598575692500
1708787701012,left,acc,1.8267759084701538,-9.78989028930664,0.44771572947502136,1720123598583698900
1708787701052,left,acc,1.9560627937316895,-8.877699851989746,-1.314416766166687,1720123598591660900
1708787701132,left,acc,2.5546131134033203,-10.723628997802734,-0.3734954595565796,1720123598622249700
1708787701173,left,acc,2.940079689025879,-12.176909446716309,-0.1867477297782898,1720123598629286000
1708787701211,left,acc,2.1547815799713135,-9.430760383605957,0.6009446382522583,1720123598639270000
1708787701253,left,acc,1.8291701078414917,-10.098742485046387,3.359065055847168,1720123598650280900
1708787701293,left,acc,3.1483752727508545,-10.429142951965332,1.1516109704971313,1720123598656281900
1708787701313,left,acc,2.2888567447662354,-9.864110946655273,-0.5746083855628967,1720123598665832200
1708787701373,left,acc,2.2912509441375732,-10.747570991516113,-2.8874073028564453,1720123598674829300
1708787701413,left,acc,1.7597382068634033,-10.010157585144043,-1.9967641830444336,1720123598686845400
1708787701453,left,acc,2.0422539710998535,-9.354146003723145,-1.7405846118927002,1720123598695797900
1708787701493,left,acc,2.8610711097717285,-9.627084732055664,-0.16519992053508759,1720123598704792000
1708787701533,left,acc,2.8586769104003906,-8.853757858276367,1.0821791887283325,1720123598712792600
1708787701574,left,acc,2.094926595687866,-8.89445972442627,1.1300631761550903,1720123598720791600
1708787701614,left,acc,2.6431987285614014,-12.016498565673828,-2.1787235736846924,1720123598729828100
1708787701654,left,acc,2.2577321529388428,-8.631096839904785,2.070984363555908,1720123598738825100
1708787701695,left,acc,2.6384103298187256,-10.06043529510498,3.821146011352539,1720123598748868200
1708787701734,left,acc,0.9409212470054626,-8.89685344696045,4.529829502105713,1720123598758413600
1708787701777,left,acc,2.846705913543701,-9.533711433410645,1.7405846118927002,1720123598767457400
1708787701815,left,acc,4.398148536682129,-9.63187313079834,3.4332852363586426,1720123598779448200
1708787701854,left,acc,2.75812029838562,-8.087613105773926,2.518700122833252,1720123598787426200
1708787701895,left,acc,2.4875755310058594,-8.422801971435547,3.3039982318878174,1720123598795421000
1708787701935,left,acc,2.853888511657715,-7.558494567871094,6.574477672576904,1720123598805453500
1708787701979,left,acc,2.477998733520508,-7.364564418792725,7.247248649597168,1720123598813418300
1708787702015,left,acc,2.1978771686553955,-6.9695210456848145,6.651092529296875,1720123598824455700
1708787702055,left,acc,2.5067291259765625,-5.4875102043151855,9.047688484191895,1720123598832453100
1708787702095,left,acc,2.4444799423217773,-5.9735331535339355,7.778761386871338,1720123598843459400
1708787702135,left,acc,3.2848446369171143,-4.082113742828369,8.829815864562988,1720123598850463100
1708787702177,left,acc,2.585737943649292,-3.2632968425750732,8.875306129455566,1720123598861689500
1708787702216,left,acc,2.4851813316345215,-2.4827871322631836,9.651026725769043,1720123598869882400
1708787702255,left,acc,4.302380561828613,-2.118868589401245,13.819332122802734,1720123598882915000
1708787702277,left,acc,1.5442601442337036,-2.0207061767578125,7.139509677886963,1720123598898919200
1708787702336,left,acc,0.7206547260284424,-0.5410895943641663,10.644620895385742,1720123598907916800
1708787702377,left,acc,10.860098838806152,3.404554843902588,16.376338958740234,1720123598919881700
1708787702416,left,acc,-0.4596867263317108,-0.5626373887062073,9.830592155456543,1720123598927881800
1708787702456,left,acc,0.17956513166427612,-0.6057330369949341,9.531316757202148,1720123598935882600
1708787702496,left,acc,0.011971008032560349,-1.4532804489135742,9.93593692779541,1720123598945890500
1708787702537,left,acc,-0.06464344263076782,-1.4413094520568848,9.44752025604248,1720123598954890300
1708787702557,left,acc,0.21787235140800476,-1.0342950820922852,9.59596061706543,1720123598962422700
1708787702577,left,acc,0.2585737705230713,-1.3024457693099976,9.873687744140625,1720123598973421000
1708787702617,left,acc,0.2346317619085312,-0.5530605912208557,9.581595420837402,1720123598982455100
1708787702657,left,acc,0.3447650372982025,-0.5961562395095825,9.947908401489258,1720123598990459900
1708787702699,left,acc,0.35913026332855225,-1.2186486721038818,9.749189376831055,1720123598997454100
1708787702737,left,acc,0.33518823981285095,-1.1899182796478271,9.622296333312988,1720123599006453800
1708787702757,left,acc,0.38546648621559143,-0.12449848651885986,10.886435508728027,1720123599015454100
1708787702802,left,acc,0.2513911724090576,-1.173158884048462,9.421183586120605,1720123599026454300
1708787702839,left,acc,0.42377370595932007,-2.583343744277954,9.519346237182617,1720123599036454600
1708787702902,left,acc,0.035913024097681046,-0.8978256583213806,9.976638793945312,1720123599045458800
1708787702918,left,acc,0.5003881454467773,-0.8954314589500427,9.476250648498535,1720123599058030400
1708787702979,left,acc,0.6009446382522583,-0.8834604024887085,9.799467086791992,1720123599068069800
1708787703018,left,acc,0.05746084079146385,-1.3958195447921753,9.952696800231934,1720123599075068400
1708787703057,left,acc,0.44771572947502136,-1.1563993692398071,9.627084732055664,1720123599085073200
1708787703079,left,acc,0.06703764945268631,-1.0558429956436157,9.761159896850586,1720123599093035200
1708787703118,left,acc,0.08858546614646912,-0.9959878921508789,9.567230224609375,1720123599103067800
1708787703159,left,acc,0.6200982332229614,-1.0630255937576294,9.694122314453125,1720123599113070100
1708787703200,left,acc,0.2561795711517334,-1.0821791887283325,10.11789608001709,1720123599122093300
1708787703239,left,acc,0.23702596127986908,-1.1037269830703735,10.055646896362305,1720123599133073100
1708787703299,left,acc,0.11971008777618408,-1.4413094520568848,10.113107681274414,1720123599144069400
1708787703339,left,acc,0.22026655077934265,-1.2976573705673218,9.660603523254395,1720123599154041500
1708787703359,left,acc,0.2944868206977844,-1.2832920551300049,8.528146743774414,1720123599164652600
1708787703400,left,acc,0.4381389021873474,-1.3838485479354858,10.072406768798828,1720123599174654300
1708787703440,left,acc,0.19632454216480255,-1.4844050407409668,9.57201862335205,1720123599182673500
1708787703481,left,acc,0.24899697303771973,-1.2641384601593018,9.947908401489258,1720123599191652500
1708787703519,left,acc,0.28730419278144836,-1.3623007535934448,9.751583099365234,1720123599200657000
1708787703560,left,acc,0.3447650372982025,-1.2976573705673218,10.26394271850586,1720123599211656400
1708787703601,left,acc,0.31364041566848755,-1.3479355573654175,9.617507934570312,1720123599220619300
1708787703641,left,acc,0.22266076505184174,-1.357512354850769,9.773131370544434,1720123599229626500
1708787703681,left,acc,0.35673606395721436,-1.335964560508728,9.746794700622559,1720123599238645600
1708787703721,left,acc,0.26336219906806946,-1.1827356815338135,9.763554573059082,1720123599246631200
1708787703761,left,acc,0.2513911724090576,-1.2449848651885986,9.646238327026367,1720123599255627600
1708787703801,left,acc,0.2537853717803955,-1.316810965538025,9.746794700622559,1720123599265144200
1708787703841,left,acc,0.2825157940387726,-1.3670891523361206,9.715670585632324,1720123599274143100
1708787703882,left,acc,0.19871874153614044,-1.357512354850769,9.739612579345703,1720123599283141800
1708787703925,left,acc,0.2537853717803955,-1.4053963422775269,9.713275909423828,1720123599295142800
1708787703963,left,acc,0.26096799969673157,-1.3479355573654175,9.742006301879883,1720123599314726200
1708787704022,left,acc,0.24181437492370605,-1.3311761617660522,9.758766174316406,1720123599323724000
1708787704083,left,acc,0.2513911724090576,-1.290474772453308,9.75397777557373,1720123599337728000
1708787704122,left,acc,0.2968810200691223,-1.2713210582733154,9.6989107131958,1720123599346728800
1708787704162,left,acc,0.31842881441116333,-1.2761094570159912,9.6989107131958,1720123599355729900
1708787704201,left,acc,0.2561795711517334,-1.3335703611373901,9.75397777557373,1720123599365310900
1708787704242,left,acc,0.2777273952960968,-1.3718775510787964,9.6989107131958,1720123599373345200
1708787704283,left,acc,0.17477671802043915,-1.3239935636520386,9.696516990661621,1720123599384345700
1708787704323,left,acc,0.2298433631658554,-1.3287819623947144,9.727641105651855,1720123599397312000
1708787704384,left,acc,0.2944868206977844,-1.357512354850769,9.763554573059082,1720123599405312600
1708787704423,left,acc,0.272938996553421,-1.3479355573654175,9.634267807006836,1720123599413345200
1708787704463,left,acc,0.23942017555236816,-1.316810965538025,9.667786598205566,1720123599420310200
1708787704503,left,acc,0.21308395266532898,-1.3407529592514038,9.6989107131958,1720123599427309300
1708787704543,left,acc,0.21547815203666687,-1.3479355573654175,9.78989028930664,1720123599435349300
1708787704584,left,acc,0.2059013396501541,-1.359906554222107,9.715670585632324,1720123599444316200
1708787704623,left,acc,0.26336219906806946,-1.3335703611373901,9.694122314453125,1720123599452342200
1708787704664,left,acc,0.304063618183136,-1.314416766166687,9.768342971801758,1720123599460858600
1708787704703,left,acc,0.26815059781074524,-1.3623007535934448,9.703699111938477,1720123599470867400
1708787704747,left,acc,0.21787235140800476,-1.3527239561080933,9.713275909423828,1720123599479859100
1708787704785,left,acc,0.26815059781074524,-1.3479355573654175,9.725247383117676,1720123599488860100
1708787704825,left,acc,0.2537853717803955,-1.3886369466781616,9.785101890563965,1720123599499880100
1708787704865,left,acc,0.26575639843940735,-1.4173674583435059,9.727641105651855,1720123599508859500
1708787704905,left,acc,0.24420857429504395,-1.3742717504501343,9.648633003234863,1720123599516861100
1708787704949,left,acc,0.29209262132644653,-1.2952631711959839,9.785101890563965,1720123599526859100
1708787704986,left,acc,0.2513911724090576,-1.3694833517074585,9.684545516967773,1720123599536861300
1708787705025,left,acc,0.21308395266532898,-1.3120225667953491,9.713275909423828,1720123599545868200
1708787705065,left,acc,0.2849099934101105,-1.3287819623947144,9.720458984375,1720123599556869000
1708787705105,left,acc,0.2992752194404602,-1.400607943534851,9.742006301879883,1720123599566381300
1708787705145,left,acc,0.26096799969673157,-1.2856862545013428,9.737217903137207,1720123599574382400
1708787705187,left,acc,0.26575639843940735,-1.3958195447921753,9.734824180603027,1720123599581382500
1708787705226,left,acc,0.2801215946674347,-1.3311761617660522,9.674968719482422,1720123599589382700
1708787705265,left,acc,0.2992752194404602,-1.359906554222107,9.806650161743164,1720123599598385600
1708787705306,left,acc,0.2944868206977844,-1.3455413579940796,9.718064308166504,1720123599609382600
1708787705346,left,acc,0.26575639843940735,-1.4053963422775269,9.696516990661621,1720123599619384600
1708787705366,left,acc,0.23942017555236816,-1.3479355573654175,9.75637149810791,1720123599628387300
1708787705406,left,acc,0.2106897532939911,-1.3646949529647827,9.720458984375,1720123599636383500
1708787705447,left,acc,0.26575639843940735,-1.3551181554794312,9.749189376831055,1720123599648391500
1708787705488,left,acc,0.2513911724090576,-1.3096283674240112,9.715670585632324,1720123599656423000
1708787705526,left,acc,0.20111294090747833,-1.3479355573654175,9.761159896850586,1720123599666016100
1708787705567,left,acc,0.23942017555236816,-1.3048399686813354,9.75637149810791,1720123599675020200
1708787705607,left,acc,0.272938996553421,-1.3335703611373901,9.749189376831055,1720123599685017100
1708787705647,left,acc,0.18914192914962769,-1.359906554222107,9.746794700622559,1720123599693980800
1708787705689,left,acc,0.26096799969673157,-1.3335703611373901,9.734824180603027,1720123599704020900
1708787705728,left,acc,0.28730419278144836,-1.3646949529647827,9.68933391571045,1720123599712016800
1708787705771,left,acc,0.2753331959247589,-1.3958195447921753,9.763554573059082,1720123599720983900
1708787705808,left,acc,0.3016694188117981,-1.3646949529647827,9.746794700622559,1720123599730981900
1708787705848,left,acc,0.24420857429504395,-1.3982137441635132,9.710882186889648,1720123599739018600
1708787705889,left,acc,0.26575639843940735,-1.316810965538025,9.72285270690918,1720123599747990900
1708787705928,left,acc,0.24899697303771973,-1.3287819623947144,9.732429504394531,1720123599756990000
1708787705968,left,acc,0.2992752194404602,-1.3048399686813354,9.744400978088379,1720123599768554600
1708787706009,left,acc,0.27054479718208313,-1.3431471586227417,9.732429504394531,1720123599777542300
1708787706049,left,acc,0.26575639843940735,-1.280897855758667,9.758766174316406,1720123599795538900
1708787706089,left,acc,0.26815059781074524,-1.3048399686813354,9.768342971801758,1720123599809573200
1708787706129,left,acc,0.26575639843940735,-1.2952631711959839,9.80904483795166,1720123599819538800
1708787706169,left,acc,0.2561795711517334,-1.3838485479354858,9.75637149810791,1720123599829539600
1708787706209,left,acc,0.21308395266532898,-1.3024457693099976,9.710882186889648,1720123599838572700
1708787706250,left,acc,0.2944868206977844,-1.3311761617660522,9.72285270690918,1720123599846540300
1708787706290,left,acc,0.2944868206977844,-1.3934253454208374,9.737217903137207,1720123599861061100
1708787706330,left,acc,0.2346317619085312,-1.359906554222107,9.6989107131958,1720123599871049900
1708787706369,left,acc,0.24660277366638184,-1.3670891523361206,9.734824180603027,1720123599886049500
1708787706410,left,acc,0.23702596127986908,-1.3192051649093628,9.746794700622559,1720123599898054900
1708787706451,left,acc,0.1867477297782898,-1.3072341680526733,9.746794700622559,1720123599906052700
1708787706491,left,acc,0.29209262132644653,-1.314416766166687,9.725247383117676,1720123599916080000
1708787706530,left,acc,0.23942017555236816,-1.3718775510787964,9.75397777557373,1720123599926051900
1708787706570,left,acc,0.26096799969673157,-1.3192051649093628,9.737217903137207,1720123599935051600
1708787706611,left,acc,0.35434186458587646,-1.3670891523361206,9.72285270690918,1720123599943052300
1708787706651,left,acc,0.2753331959247589,-1.2665326595306396,9.651026725769043,1720123599952062600
1708787706693,left,acc,0.26336219906806946,-1.3455413579940796,9.691728591918945,1720123599962597700
1708787706732,left,acc,0.2561795711517334,-1.3431471586227417,9.734824180603027,1720123599972611300
1708787706770,left,acc,0.23702596127986908,-1.4101848602294922,9.708487510681152,1720123599997324800
1708787706812,left,acc,0.24899697303771973,-1.4317326545715332,9.684545516967773,1720123600011385200
1708787706852,left,acc,0.2513911724090576,-1.3192051649093628,9.725247383117676,1720123600021322300
1708787706896,left,acc,0.21308395266532898,-1.3503297567367554,9.715670585632324,1720123600032322200
1708787706932,left,acc,0.2968810200691223,-1.359906554222107,9.725247383117676,1720123600040322000
1708787706972,left,acc,0.2801215946674347,-1.3311761617660522,9.718064308166504,1720123600050336900
1708787707013,left,acc,0.22026655077934265,-1.3048399686813354,9.674968719482422,1720123600058845800
1708787707053,left,acc,0.21787235140800476,-1.3239935636520386,9.727641105651855,1720123600067851900
1708787707093,left,acc,0.2968810200691223,-1.3215993642807007,9.725247383117676,1720123600082851800
1708787707133,left,acc,0.2106897532939911,-1.3479355573654175,9.75637149810791,1720123600091853400
1708787707173,left,acc,0.24420857429504395,-1.2832920551300049,9.68694019317627,1720123600099852900
1708787707212,left,acc,0.2346317619085312,-1.3263877630233765,9.703699111938477,1720123600110855300
1708787707253,left,acc,0.21308395266532898,-1.314416766166687,9.751583099365234,1720123600120852300
1708787707294,left,acc,0.21308395266532898,-1.3215993642807007,9.718064308166504,1720123600129852800
1708787707333,left,acc,0.2346317619085312,-1.3431471586227417,9.780313491821289,1720123600140286700
1708787707374,left,acc,0.2346317619085312,-1.3718775510787964,9.701305389404297,1720123600149687000
1708787707413,left,acc,0.2322375625371933,-1.4317326545715332,9.66299819946289,1720123600159192900
1708787707454,left,acc,0.2346317619085312,-1.359906554222107,9.6989107131958,1720123600169198600
1708787707495,left,acc,0.26815059781074524,-1.3335703611373901,9.708487510681152,1720123600178198000
1708787707534,left,acc,0.19632454216480255,-1.338358759880066,9.758766174316406,1720123600186199000
1708787707574,left,acc,0.22505496442317963,-1.3287819623947144,9.713275909423828,1720123600196199000
1708787707614,left,acc,0.2801215946674347,-1.3718775510787964,9.763554573059082,1720123600205198200
1708787707655,left,acc,0.26336219906806946,-1.3551181554794312,9.718064308166504,1720123600216199100
1708787707717,left,acc,0.21787235140800476,-1.3527239561080933,9.734824180603027,1720123600241199300
1708787707775,left,acc,0.23702596127986908,-1.3934253454208374,9.758766174316406,1720123600257204600
1708787707819,left,acc,0.2513911724090576,-1.3646949529647827,9.763554573059082,1720123600267712900
1708787707854,left,acc,0.21547815203666687,-1.3263877630233765,9.75637149810791,1720123600277713500
1708787707897,left,acc,0.2968810200691223,-1.3742717504501343,9.742006301879883,1720123600286714400
1708787707936,left,acc,0.24660277366638184,-1.3646949529647827,9.694122314453125,1720123600296714500
1708787707976,left,acc,0.29209262132644653,-1.4101848602294922,9.773131370544434,1720123600318713100
1708787708016,left,acc,0.2537853717803955,-1.357512354850769,9.713275909423828,1720123600330713700
1708787708056,left,acc,0.33758243918418884,-1.3910311460494995,9.737217903137207,1720123600339714500
1708787708096,left,acc,0.3016694188117981,-1.3335703611373901,9.813833236694336,1720123600349716400
1708787708136,left,acc,0.29209262132644653,-1.3000515699386597,9.782708168029785,1720123600357717400
1708787708177,left,acc,0.26575639843940735,-1.381454348564148,9.710882186889648,1720123600367260100
1708787708197,left,acc,0.26336219906806946,-1.3024457693099976,9.696516990661621,1720123600377226600
1708787708257,left,acc,0.26336219906806946,-1.3192051649093628,9.739612579345703,1720123600387226700
1708787708297,left,acc,0.23942017555236816,-1.292868971824646,9.670180320739746,1720123600396227900
1708787708337,left,acc,0.24660277366638184,-1.3623007535934448,9.718064308166504,1720123600406226900
1708787708377,left,acc,0.2944868206977844,-1.2665326595306396,9.713275909423828,1720123600416229100
1708787708417,left,acc,0.21787235140800476,-1.3862427473068237,9.742006301879883,1720123600424228300
1708787708499,left,acc,0.31603461503982544,-1.403002142906189,9.737217903137207,1720123600452234600
1708787708537,left,acc,0.26096799969673157,-1.4077905416488647,9.742006301879883,1720123600460741500
1708787708578,left,acc,0.21787235140800476,-1.3694833517074585,9.751583099365234,1720123600469741000
1708787708618,left,acc,0.27054479718208313,-1.338358759880066,9.761159896850586,1720123600479741300
1708787708658,left,acc,0.17238251864910126,-1.3024457693099976,9.775525093078613,1720123600490741700
1708787708699,left,acc,0.2322375625371933,-1.3934253454208374,9.734824180603027,1720123600498742900
1708787708739,left,acc,0.2513911724090576,-1.41257905960083,9.751583099365234,1720123600506741000
1708787708778,left,acc,0.22505496442317963,-1.280897855758667,9.696516990661621,1720123600517740800
1708787708819,left,acc,0.2346317619085312,-1.2425906658172607,9.718064308166504,1720123600526741100
1708787708843,left,acc,0.19871874153614044,-1.314416766166687,9.715670585632324,1720123600535743100
1708787708900,left,acc,0.23702596127986908,-1.381454348564148,9.696516990661621,1720123600544748300
1708787708943,left,acc,0.31364041566848755,-1.3958195447921753,9.761159896850586,1720123600554748800
1708787708980,left,acc,0.28969839215278625,-1.259350061416626,9.720458984375,1720123600565302000
1708787709019,left,acc,0.2801215946674347,-1.4101848602294922,9.720458984375,1720123600574299100
1708787709059,left,acc,0.28969839215278625,-1.3479355573654175,9.773131370544434,1720123600594260500
1708787709101,left,acc,0.2561795711517334,-1.3215993642807007,9.696516990661621,1720123600602261400
1708787709140,left,acc,0.26815059781074524,-1.3718775510787964,9.80904483795166,1720123600611260700
1708787709181,left,acc,0.2082955539226532,-1.3311761617660522,9.720458984375,1720123600620259800
1708787709220,left,acc,0.272938996553421,-1.3742717504501343,9.725247383117676,1720123600630261400
1708787709260,left,acc,0.23942017555236816,-1.3862427473068237,9.75637149810791,1720123600638263200
1708787709302,left,acc,0.27054479718208313,-1.3503297567367554,9.703699111938477,1720123600646267600
1708787709341,left,acc,0.2561795711517334,-1.2761094570159912,9.68933391571045,1720123600654266500
1708787709381,left,acc,0.23702596127986908,-1.3215993642807007,9.730035781860352,1720123600665605100
1708787709421,left,acc,0.2968810200691223,-1.2737152576446533,9.706093788146973,1720123600674606500
1708787709461,left,acc,0.21787235140800476,-1.3455413579940796,9.780313491821289,1720123600682604400
1708787709482,left,acc,0.33518823981285095,-1.3742717504501343,9.718064308166504,1720123600695606400
1708787709522,left,acc,0.3232172429561615,-1.3982137441635132,9.75637149810791,1720123600706638900
1708787709582,left,acc,0.2753331959247589,-1.2761094570159912,9.730035781860352,1720123600715603900
1708787709622,left,acc,0.2513911724090576,-1.3239935636520386,9.78989028930664,1720123600725604200
1708787709662,left,acc,0.2825157940387726,-1.314416766166687,9.744400978088379,1720123600733631000
1708787709703,left,acc,0.2322375625371933,-1.3431471586227417,9.694122314453125,1720123600742608500
1708787709742,left,acc,0.23942017555236816,-1.4101848602294922,9.720458984375,1720123600756648800
1708787709765,left,acc,0.2825157940387726,-1.3862427473068237,9.682151794433594,1720123600766161200
1708787709781,left,acc,0.27054479718208313,-1.3239935636520386,9.749189376831055,1720123600774160900
1708787709805,left,acc,0.22744916379451752,-1.335964560508728,9.727641105651855,1720123600783193500
1708787709842,left,acc,0.2322375625371933,-1.3646949529647827,9.852140426635742,1720123600792159700
1708787709904,left,acc,0.2801215946674347,-1.3646949529647827,9.768342971801758,1720123600800165000
1708787709943,left,acc,0.2753331959247589,-1.3287819623947144,9.77791976928711,1720123600810161400
1708787709983,left,acc,0.2082955539226532,-1.3431471586227417,9.75397777557373,1720123600819162500
1708787710004,left,acc,0.2513911724090576,-1.3766659498214722,9.732429504394531,1720123600831196500
1708787710064,left,acc,0.2801215946674347,-1.3287819623947144,9.746794700622559,1720123600840160700
1708787710083,left,acc,0.23702596127986908,-1.280897855758667,9.742006301879883,1720123600850210200
1708787710124,left,acc,0.17477671802043915,-1.314416766166687,9.739612579345703,1720123600858199800
1708787710164,left,acc,0.22266076505184174,-1.335964560508728,9.780313491821289,1720123600866517100
1708787710205,left,acc,0.26096799969673157,-1.3694833517074585,9.674968719482422,1720123600875479100
1708787710245,left,acc,0.24660277366638184,-1.357512354850769,9.684545516967773,1720123600883516400
1708787710284,left,acc,0.22744916379451752,-1.3311761617660522,9.713275909423828,1720123600895489900
1708787710325,left,acc,0.2753331959247589,-1.414973258972168,9.80904483795166,1720123600904516000
1708787710365,left,acc,0.28730419278144836,-1.335964560508728,9.78989028930664,1720123600915515800
1708787710406,left,acc,0.2059013396501541,-1.3862427473068237,9.787496566772461,1720123600925480200
1708787710445,left,acc,0.2825157940387726,-1.335964560508728,9.694122314453125,1720123600934479200
1708787710484,left,acc,0.2585737705230713,-1.2641384601593018,9.710882186889648,1720123600942480300
1708787710526,left,acc,0.22026655077934265,-1.3862427473068237,9.785101890563965,1720123600951954500
1708787710565,left,acc,0.2322375625371933,-1.2401964664459229,9.727641105651855,1720123600962469700
1708787710607,left,acc,0.2059013396501541,-1.4053963422775269,9.763554573059082,1720123600971465300
1708787710646,left,acc,0.2298433631658554,-1.290474772453308,9.6989107131958,1720123600980463200
1708787710706,left,acc,0.26336219906806946,-1.2976573705673218,9.773131370544434,1720123600989465200
1708787710726,left,acc,0.2059013396501541,-1.278503656387329,9.75397777557373,1720123600997465500
1708787710765,left,acc,0.26336219906806946,-1.338358759880066,9.710882186889648,1720123601005463000
1708787710807,left,acc,0.2106897532939911,-1.4173674583435059,9.746794700622559,1720123601014463800
1708787710847,left,acc,0.3064578175544739,-1.3646949529647827,9.708487510681152,1720123601022463300
1708787710891,left,acc,0.26336219906806946,-1.338358759880066,9.734824180603027,1720123601030498500
1708787710949,left,acc,0.2513911724090576,-1.3646949529647827,9.81143856048584,1720123601040499000
1708787710990,left,acc,0.24181437492370605,-1.3551181554794312,9.775525093078613,1720123601050540800
1708787711008,left,acc,0.2298433631658554,-1.3407529592514038,9.773131370544434,1720123601058503200
1708787711047,left,acc,0.2537853717803955,-1.3766659498214722,9.763554573059082,1720123601068020600
1708787711088,left,acc,0.2585737705230713,-1.359906554222107,9.744400978088379,1720123601076041200
1708787711127,left,acc,0.22026655077934265,-1.290474772453308,9.758766174316406,1720123601086020300
1708787711168,left,acc,0.26815059781074524,-1.357512354850769,9.768342971801758,1720123601095022000
1708787711208,left,acc,0.304063618183136,-1.2832920551300049,9.749189376831055,1720123601105023000
1708787711269,left,acc,0.2777273952960968,-1.290474772453308,9.643844604492188,1720123601114021100
1708787711288,left,acc,0.19632454216480255,-1.2761094570159912,9.68694019317627,1720123601123020200
1708787711329,left,acc,0.2992752194404602,-1.2665326595306396,9.775525093078613,1720123601133021400
1708787711369,left,acc,0.1604115068912506,-1.403002142906189,9.593565940856934,1720123601142020900
1708787711409,left,acc,0.23942017555236816,-1.290474772453308,9.871294021606445,1720123601151027700
1708787711448,left,acc,0.2825157940387726,-1.357512354850769,9.80904483795166,1720123601159532000
1708787711488,left,acc,0.24181437492370605,-1.3479355573654175,9.634267807006836,1720123601168539800
1708787711547,left,acc,0.19393034279346466,-1.3623007535934448,9.713275909423828,1720123601176537400
1708787711566,left,acc,0.27054479718208313,-1.3694833517074585,9.770736694335938,1720123601184536700
1708787711607,left,acc,0.26336219906806946,-1.3527239561080933,9.765948295593262,1720123601193559500
1708787711646,left,acc,0.2585737705230713,-1.45806884765625,9.737217903137207,1720123601201537500
1708787711687,left,acc,0.2825157940387726,-1.381454348564148,9.739612579345703,1720123601210552100
1708787711727,left,acc,0.28969839215278625,-1.3000515699386597,9.703699111938477,1720123601218536600
1708787711767,left,acc,0.28730419278144836,-1.338358759880066,9.674968719482422,1720123601228540500
1708787711809,left,acc,0.21547815203666687,-1.3551181554794312,9.725247383117676,1720123601237538800
1708787711849,left,acc,0.26815059781074524,-1.3982137441635132,9.763554573059082,1720123601246542900
1708787711890,left,acc,0.22744916379451752,-1.290474772453308,9.775525093078613,1720123601256546400
1708787711930,left,acc,0.19153612852096558,-1.3192051649093628,9.667786598205566,1720123601265053000
1708787711971,left,acc,0.26096799969673157,-1.2761094570159912,9.782708168029785,1720123601274050600
1708787712016,left,acc,0.21547815203666687,-1.338358759880066,9.739612579345703,1720123601283050800
1708787712051,left,acc,0.26575639843940735,-1.3646949529647827,9.6989107131958,1720123601290051100
1708787712091,left,acc,0.20111294090747833,-1.3479355573654175,9.730035781860352,1720123601299070000
1708787712131,left,acc,0.2825157940387726,-1.290474772453308,9.713275909423828,1720123601309053100
1708787712172,left,acc,0.21787235140800476,-1.2617442607879639,9.758766174316406,1720123601318051100
1708787712211,left,acc,0.23702596127986908,-1.2976573705673218,9.75397777557373,1720123601326052100
1708787712252,left,acc,0.3232172429561615,-1.3072341680526733,9.806650161743164,1720123601337050900
1708787712292,left,acc,0.2537853717803955,-1.3479355573654175,9.782708168029785,1720123601346056100
1708787712331,left,acc,0.24660277366638184,-1.3766659498214722,9.674968719482422,1720123601354890300
1708787712372,left,acc,0.22744916379451752,-1.3934253454208374,9.737217903137207,1720123601363421100
1708787712413,left,acc,0.2346317619085312,-1.2545616626739502,9.732429504394531,1720123601372420700
1708787712453,left,acc,0.2801215946674347,-1.3455413579940796,9.684545516967773,1720123601382420500
1708787712493,left,acc,0.20350714027881622,-1.403002142906189,9.744400978088379,1720123601396423200
1708787712552,left,acc,0.29209262132644653,-1.2952631711959839,9.682151794433594,1720123601408423700
1708787712593,left,acc,0.42856210470199585,-1.3623007535934448,9.998186111450195,1720123601417422500
1708787712633,left,acc,0.22505496442317963,-1.314416766166687,9.725247383117676,1720123601429421700
1708787712673,left,acc,0.22744916379451752,-1.3263877630233765,9.619902610778809,1720123601437438200
1708787712715,left,acc,0.19632454216480255,-1.359906554222107,9.701305389404297,1720123601447429200
1708787712753,left,acc,0.2753331959247589,-1.3694833517074585,9.775525093078613,1720123601455468700
1708787712793,left,acc,0.33518823981285095,-1.4101848602294922,9.658209800720215,1720123601467942900
1708787712837,left,acc,0.2753331959247589,-1.278503656387329,9.75637149810791,1720123601477946700
1708787712874,left,acc,0.2322375625371933,-1.3263877630233765,9.78989028930664,1720123601486955400
1708787712938,left,acc,0.2298433631658554,-1.3527239561080933,9.718064308166504,1720123601498000200
1708787712974,left,acc,0.272938996553421,-1.3766659498214722,9.792284965515137,1720123601504943300
1708787713016,left,acc,0.2801215946674347,-1.41257905960083,9.706093788146973,1720123601514945900
1708787713055,left,acc,0.23942017555236816,-1.3718775510787964,9.77791976928711,1720123601521945000
1708787713095,left,acc,0.26336219906806946,-1.3407529592514038,9.77791976928711,1720123601531942600
1708787713135,left,acc,0.2106897532939911,-1.3670891523361206,9.6989107131958,1720123601540959400
1708787713175,left,acc,0.24420857429504395,-1.2497732639312744,9.75637149810791,1720123601548962100
1708787713216,left,acc,0.19393034279346466,-1.3479355573654175,9.706093788146973,1720123601557950800
1708787713255,left,acc,0.24660277366638184,-1.338358759880066,9.658209800720215,1720123601568461300
1708787713295,left,acc,0.21308395266532898,-1.3311761617660522,9.765948295593262,1720123601577460000
1708787713336,left,acc,0.2992752194404602,-1.3886369466781616,9.765948295593262,1720123601587459800
1708787713376,left,acc,0.26336219906806946,-1.3263877630233765,9.792284965515137,1720123601596461400
1708787713417,left,acc,0.2753331959247589,-1.3311761617660522,9.746794700622559,1720123601607459900
1708787713455,left,acc,0.26096799969673157,-1.3479355573654175,9.725247383117676,1720123601727666300
1708787713497,left,acc,0.33039984107017517,-1.3766659498214722,9.813833236694336,1720123601738700600
1708787713537,left,acc,0.20111294090747833,-1.3527239561080933,9.713275909423828,1720123601747668700
1708787713577,left,acc,0.22266076505184174,-1.3623007535934448,9.751583099365234,1720123601754670100
1708787713618,left,acc,0.2059013396501541,-1.3623007535934448,9.718064308166504,1720123601763142400
1708787713656,left,acc,0.27054479718208313,-1.3503297567367554,9.742006301879883,1720123601771170500
1708787713697,left,acc,0.2849099934101105,-1.3670891523361206,9.818621635437012,1720123601780141500
1708787713737,left,acc,0.2082955539226532,-1.3024457693099976,9.775525093078613,1720123601789142400
1708787713777,left,acc,0.19393034279346466,-1.3551181554794312,9.710882186889648,1720123601798143100
1708787713819,left,acc,0.24660277366638184,-1.3239935636520386,9.713275909423828,1720123601806141600
1708787713861,left,acc,0.15322890877723694,-1.3623007535934448,9.763554573059082,1720123601816141200
1708787713898,left,acc,0.2849099934101105,-1.3503297567367554,9.706093788146973,1720123601825142000
1708787713938,left,acc,0.2944868206977844,-1.3431471586227417,9.706093788146973,1720123601834141900
1708787713979,left,acc,0.26815059781074524,-1.359906554222107,9.718064308166504,1720123601843141700
1708787714019,left,acc,0.23942017555236816,-1.3646949529647827,9.718064308166504,1720123601852146400
1708787714061,left,acc,0.24660277366638184,-1.3096283674240112,9.75637149810791,1720123601860656200
1708787714099,left,acc,0.2561795711517334,-1.381454348564148,9.739612579345703,1720123601869655300
1708787714139,left,acc,0.2585737705230713,-1.338358759880066,9.749189376831055,1720123601878654900
1708787714179,left,acc,0.21308395266532898,-1.3479355573654175,9.840168952941895,1720123601887656500
1708787714219,left,acc,0.26336219906806946,-1.3934253454208374,9.770736694335938,1720123601898657000
1708787714260,left,acc,0.2944868206977844,-1.3910311460494995,9.785101890563965,1720123601905655300
1708787714299,left,acc,0.24181437492370605,-1.3000515699386597,9.746794700622559,1720123601913655000
1708787714340,left,acc,0.2992752194404602,-1.3263877630233765,9.708487510681152,1720123601922657700
1708787714379,left,acc,0.2346317619085312,-1.3551181554794312,9.725247383117676,1720123601933696700
1708787714419,left,acc,0.2968810200691223,-1.3551181554794312,9.792284965515137,1720123601940701700
1708787714457,left,acc,0.3232172429561615,-1.3623007535934448,9.75637149810791,1720123601948730100
1708787714500,left,acc,0.272938996553421,-1.338358759880066,9.715670585632324,1720123601957697000
1708787714541,left,acc,0.33518823981285095,-1.4053963422775269,9.840168952941895,1720123601967761600
1708787714561,left,acc,0.24181437492370605,-1.2761094570159912,9.737217903137207,1720123601976779900
1708787714622,left,acc,0.2777273952960968,-1.3479355573654175,9.72285270690918,1720123601984746900
1708787714662,left,acc,0.2322375625371933,-1.3886369466781616,9.730035781860352,1720123602001799400
1708787714722,left,acc,0.2849099934101105,-1.3479355573654175,9.727641105651855,1720123602013894200
1708787714761,left,acc,0.2585737705230713,-1.2880805730819702,9.715670585632324,1720123602022893700
1708787714801,left,acc,0.2513911724090576,-1.3311761617660522,9.785101890563965,1720123602031891800
1708787714842,left,acc,0.26096799969673157,-1.335964560508728,9.765948295593262,1720123602039896100
1708787714884,left,acc,0.2944868206977844,-1.4317326545715332,9.734824180603027,1720123602048899200
1708787714923,left,acc,0.24899697303771973,-1.4437036514282227,9.813833236694336,1720123602058934000
1708787714962,left,acc,0.2753331959247589,-1.3072341680526733,9.696516990661621,1720123602065921600
1708787714986,left,acc,0.2513911724090576,-1.290474772453308,9.773131370544434,1720123602073981100
1708787715023,left,acc,0.2968810200691223,-1.3120225667953491,9.725247383117676,1720123602081958400
1708787715063,left,acc,0.26815059781074524,-1.3718775510787964,9.68933391571045,1720123602089956400
1708787715103,left,acc,0.3208230137825012,-1.3000515699386597,9.77791976928711,1720123602099922600
1708787715143,left,acc,0.2753331959247589,-1.37906014919281,9.78989028930664,1720123602107920400
1708787715183,left,acc,0.33039984107017517,-1.37906014919281,9.713275909423828,1720123602115920600
1708787715225,left,acc,0.2322375625371933,-1.3215993642807007,9.765948295593262,1720123602125921400
1708787715263,left,acc,0.2082955539226532,-1.37906014919281,9.746794700622559,1720123602134957200
1708787715303,left,acc,0.3016694188117981,-1.3024457693099976,9.730035781860352,1720123602144955700
1708787715344,left,acc,0.31842881441116333,-1.216254472732544,9.742006301879883,1720123602153998000
1708787715384,left,acc,0.24899697303771973,-1.0845733880996704,9.840168952941895,1720123602162174600
1708787715425,left,acc,0.3663128614425659,-1.3766659498214722,9.828198432922363,1720123602171172500
1708787715464,left,acc,0.26575639843940735,-1.2689268589019775,9.66299819946289,1720123602182174000
1708787715504,left,acc,0.35434186458587646,-1.3670891523361206,9.86889934539795,1720123602195174500
1708787715545,left,acc,0.2944868206977844,-1.4317326545715332,9.758766174316406,1720123602203172400
1708787715604,left,acc,0.19871874153614044,-1.3670891523361206,9.667786598205566,1720123602213190700
1708787715626,left,acc,0.27054479718208313,-1.414973258972168,9.758766174316406,1720123602222171900
1708787715664,left,acc,0.19871874153614044,-1.3192051649093628,9.737217903137207,1720123602230172700
1708787715705,left,acc,0.2585737705230713,-1.4173674583435059,9.744400978088379,1720123602240171800
1708787715748,left,acc,0.2537853717803955,-1.3120225667953491,9.751583099365234,1720123602249175600
1708787715807,left,acc,0.2825157940387726,-1.3479355573654175,9.706093788146973,1720123602288498900
1708787715846,left,acc,0.17238251864910126,-1.3862427473068237,9.768342971801758,1720123602299534000
1708787715886,left,acc,0.2561795711517334,-1.280897855758667,9.725247383117676,1720123602308500000
1708787715928,left,acc,0.2082955539226532,-1.3215993642807007,9.775525093078613,1720123602316535300
1708787715967,left,acc,0.2346317619085312,-1.3455413579940796,9.75397777557373,1720123602327502500
1708787716008,left,acc,0.2825157940387726,-1.338358759880066,9.77791976928711,1720123602339500600
1708787716066,left,acc,0.17477671802043915,-1.2617442607879639,9.72285270690918,1720123602349519900
1708787716087,left,acc,0.3471592366695404,-1.5131354331970215,9.859322547912598,1720123602359504400
1708787716127,left,acc,0.17956513166427612,-1.2042834758758545,9.682151794433594,1720123602368020800
1708787716167,left,acc,0.31364041566848755,-1.41257905960083,9.770736694335938,1720123602377052800
1708787716207,left,acc,0.272938996553421,-1.4413094520568848,9.770736694335938,1720123602387059000
1708787716246,left,acc,0.18914192914962769,-1.2713210582733154,9.75637149810791,1720123602395018900
1708787716287,left,acc,0.2992752194404602,-1.357512354850769,9.763554573059082,1720123602406018400
1708787716328,left,acc,0.22505496442317963,-1.3694833517074585,9.782708168029785,1720123602415019000
1708787716367,left,acc,0.21547815203666687,-1.2976573705673218,9.749189376831055,1720123602426050700
1708787716408,left,acc,0.22026655077934265,-1.3311761617660522,9.674968719482422,1720123602436021700
1708787716448,left,acc,0.2082955539226532,-1.3072341680526733,9.667786598205566,1720123602445018700
1708787716488,left,acc,0.2585737705230713,-1.338358759880066,9.727641105651855,1720123602453023300
1708787716528,left,acc,0.23942017555236816,-1.400607943534851,9.770736694335938,1720123602463538800
1708787716568,left,acc,0.2585737705230713,-1.278503656387329,9.715670585632324,1720123602472537700
1708787716609,left,acc,0.31603461503982544,-1.3120225667953491,9.768342971801758,1720123602480537700
1708787716649,left,acc,0.2298433631658554,-1.3623007535934448,9.742006301879883,1720123602488537600
1708787716669,left,acc,0.22505496442317963,-1.3862427473068237,9.72285270690918,1720123602498539900
1708787716708,left,acc,0.26815059781074524,-1.3431471586227417,9.734824180603027,1720123602506539500
1708787716749,left,acc,0.22505496442317963,-1.359906554222107,9.703699111938477,1720123602515535800
1708787716788,left,acc,0.23702596127986908,-1.3934253454208374,9.718064308166504,1720123602524536500
1708787716831,left,acc,0.26575639843940735,-1.4053963422775269,9.804255485534668,1720123602533539000
1708787716870,left,acc,0.24899697303771973,-1.359906554222107,9.72285270690918,1720123602541538500
1708787716909,left,acc,0.31364041566848755,-1.3455413579940796,9.744400978088379,1720123602552541600
1708787716950,left,acc,0.2106897532939911,-1.3455413579940796,9.746794700622559,1720123602561643600
1708787716990,left,acc,0.19632454216480255,-1.2952631711959839,9.708487510681152,1720123602570643200
1708787717029,left,acc,0.272938996553421,-1.290474772453308,9.799467086791992,1720123602581642900
1708787717069,left,acc,0.30885201692581177,-1.3527239561080933,9.72285270690918,1720123602589642900
1708787717090,left,acc,0.26096799969673157,-1.3407529592514038,9.75397777557373,1720123602599641900
1708787717110,left,acc,0.24181437492370605,-1.3479355573654175,9.624691009521484,1720123602608642100
1708787717151,left,acc,0.22744916379451752,-1.2545616626739502,9.765948295593262,1720123602619641700
1708787717190,left,acc,0.2106897532939911,-1.359906554222107,9.718064308166504,1720123602628642800
1708787717250,left,acc,0.22266076505184174,-1.314416766166687,9.794678688049316,1720123602638662000
1708787717271,left,acc,0.304063618183136,-1.3670891523361206,9.751583099365234,1720123602647647500
1708787717311,left,acc,0.2849099934101105,-1.3072341680526733,9.737217903137207,1720123602655645500
1708787717351,left,acc,0.304063618183136,-1.37906014919281,9.758766174316406,1720123602665156200
1708787717390,left,acc,0.304063618183136,-1.2832920551300049,9.737217903137207,1720123602674154200
1708787717432,left,acc,0.28969839215278625,-1.3455413579940796,9.75397777557373,1720123602681154200
1708787717471,left,acc,0.2298433631658554,-1.3503297567367554,9.746794700622559,1720123602692154300
1708787717511,left,acc,0.24420857429504395,-1.3311761617660522,9.761159896850586,1720123602701190200
1708787717551,left,acc,0.22505496442317963,-1.357512354850769,9.749189376831055,1720123602710192700
1708787717592,left,acc,0.2944868206977844,-1.2665326595306396,9.744400978088379,1720123602719411600
1708787717633,left,acc,0.26096799969673157,-1.2880805730819702,9.739612579345703,1720123602729405600
1708787717672,left,acc,0.21308395266532898,-1.3694833517074585,9.780313491821289,1720123602738405700
1708787717711,left,acc,0.22266076505184174,-1.3431471586227417,9.730035781860352,1720123602748374700
1708787717751,left,acc,0.2298433631658554,-1.3958195447921753,9.75397777557373,1720123602758408400
1708787717793,left,acc,0.24899697303771973,-1.2856862545013428,9.816226959228516,1720123602765883000
1708787717834,left,acc,0.2753331959247589,-1.314416766166687,9.742006301879883,1720123602774883200
1708787717873,left,acc,0.18914192914962769,-1.3407529592514038,9.730035781860352,1720123602782883400
1708787717913,left,acc,0.28730419278144836,-1.3718775510787964,9.694122314453125,1720123602792886800
1708787717957,left,acc,0.2585737705230713,-1.3287819623947144,9.765948295593262,1720123602803922100
1708787717993,left,acc,0.24181437492370605,-1.3215993642807007,9.737217903137207,1720123602811884000
1708787718034,left,acc,0.21547815203666687,-1.3479355573654175,9.746794700622559,1720123602819883800
1708787718073,left,acc,0.2968810200691223,-1.357512354850769,9.806650161743164,1720123602831884600
1708787718113,left,acc,0.23942017555236816,-1.292868971824646,9.701305389404297,1720123602839883900
1708787718153,left,acc,0.26815059781074524,-1.2880805730819702,9.6989107131958,1720123602851888800
1708787718194,left,acc,0.2059013396501541,-1.4437036514282227,9.710882186889648,1720123602864091700
1708787718254,left,acc,0.22505496442317963,-1.381454348564148,9.77791976928711,1720123602874093300
1708787718273,left,acc,0.3256114423274994,-1.3024457693099976,9.75637149810791,1720123602883097400
1708787718313,left,acc,0.26336219906806946,-1.3551181554794312,9.775525093078613,1720123602891093300
1708787718352,left,acc,0.29209262132644653,-1.3694833517074585,9.696516990661621,1720123602899058300
1708787718394,left,acc,0.27054479718208313,-1.3623007535934448,9.732429504394531,1720123602908057400
1708787718435,left,acc,0.29209262132644653,-1.3072341680526733,9.732429504394531,1720123602917058200
1708787718495,left,acc,0.272938996553421,-1.3479355573654175,9.80904483795166,1720123602928081000
1708787718516,left,acc,0.2106897532939911,-1.3024457693099976,9.763554573059082,1720123602935056700
1708787718555,left,acc,0.29209262132644653,-1.3694833517074585,9.797073364257812,1720123602945092800
1708787718595,left,acc,0.1843535304069519,-1.3048399686813354,9.734824180603027,1720123602954136500
1708787718636,left,acc,0.22505496442317963,-1.3670891523361206,9.72285270690918,1720123602963862100
1708787718675,left,acc,0.21547815203666687,-1.338358759880066,9.75397777557373,1720123602974086300
1708787718715,left,acc,0.2561795711517334,-1.3886369466781616,9.763554573059082,1720123602982050800
1708787718755,left,acc,0.2944868206977844,-1.335964560508728,9.75397777557373,1720123602990050300
1708787718796,left,acc,0.2585737705230713,-1.3024457693099976,9.737217903137207,1720123602999052100
1708787718837,left,acc,0.2944868206977844,-1.3623007535934448,9.727641105651855,1720123603007050800
1708787718879,left,acc,0.2825157940387726,-1.3048399686813354,9.725247383117676,1720123603016050500
1708787718916,left,acc,0.26575639843940735,-1.335964560508728,9.677363395690918,1720123603025050400
1708787718956,left,acc,0.28969839215278625,-1.3766659498214722,9.75397777557373,1720123603033052000
1708787718995,left,acc,0.18914192914962769,-1.3024457693099976,9.749189376831055,1720123603045050600
1708787719038,left,acc,0.22744916379451752,-1.2641384601593018,9.730035781860352,1720123603054057200
1708787719078,left,acc,0.2801215946674347,-1.3910311460494995,9.77791976928711,1720123603062570500
1708787719119,left,acc,0.20350714027881622,-1.3048399686813354,9.751583099365234,1720123603071568200
1708787719156,left,acc,0.22266076505184174,-1.338358759880066,9.718064308166504,1720123603080568900
1708787719196,left,acc,0.16998831927776337,-1.357512354850769,9.725247383117676,1720123603090581600
1708787719239,left,acc,0.24899697303771973,-1.3263877630233765,9.730035781860352,1720123603098569900
1708787719297,left,acc,0.20350714027881622,-1.3407529592514038,9.75637149810791,1720123603108569200
1708787719317,left,acc,0.17477671802043915,-1.3646949529647827,9.818621635437012,1720123603116588200
1708787719357,left,acc,0.22505496442317963,-1.3120225667953491,9.739612579345703,1720123603125569700
1708787719397,left,acc,0.26096799969673157,-1.3215993642807007,9.715670585632324,1720123603134568500
1708787719458,left,acc,0.33997663855552673,-1.3694833517074585,9.715670585632324,1720123603147571900
1708787719497,left,acc,0.2801215946674347,-1.3072341680526733,9.75637149810791,1720123603154571800
1708787719518,left,acc,0.2944868206977844,-1.3623007535934448,9.804255485534668,1720123603163081500
1708787719558,left,acc,0.19871874153614044,-1.3503297567367554,9.612719535827637,1720123603174083300
1708787719597,left,acc,0.22744916379451752,-1.3239935636520386,9.804255485534668,1720123603183081300
1708787719639,left,acc,0.2825157940387726,-1.3503297567367554,9.761159896850586,1720123603191081400
1708787719678,left,acc,0.19871874153614044,-1.3431471586227417,9.821015357971191,1720123603200083000
1708787719719,left,acc,0.21787235140800476,-1.338358759880066,9.732429504394531,1720123603210081500
1708787719779,left,acc,0.24899697303771973,-1.338358759880066,9.734824180603027,1720123603220101000
1708787719819,left,acc,0.1867477297782898,-1.357512354850769,9.770736694335938,1720123603230082100
1708787719859,left,acc,0.23942017555236816,-1.2832920551300049,9.785101890563965,1720123603238083600
1708787719879,left,acc,0.26336219906806946,-1.3623007535934448,9.734824180603027,1720123603246081300
1708787719918,left,acc,0.18914192914962769,-1.316810965538025,9.720458984375,1720123603256085500
1708787719959,left,acc,0.23702596127986908,-1.359906554222107,9.758766174316406,1720123603265598600
1708787720002,left,acc,0.2537853717803955,-1.335964560508728,9.775525093078613,1720123603273599300
1708787720040,left,acc,0.27054479718208313,-1.357512354850769,9.715670585632324,1720123603283600800
1708787720080,left,acc,0.22744916379451752,-1.3239935636520386,9.739612579345703,1720123603292598300
1708787720120,left,acc,0.272938996553421,-1.3670891523361206,9.75637149810791,1720123603300642100
1708787720160,left,acc,0.181959331035614,-1.3479355573654175,9.710882186889648,1720123603309634000
1708787720199,left,acc,0.2322375625371933,-1.359906554222107,9.706093788146973,1720123603318642400
1708787720241,left,acc,0.2059013396501541,-1.3742717504501343,9.679757118225098,1720123603327600500
1708787720281,left,acc,0.2992752194404602,-1.316810965538025,9.749189376831055,1720123603336633800
1708787720320,left,acc,0.28730419278144836,-1.2880805730819702,9.775525093078613,1720123603344635900
1708787720381,left,acc,0.2825157940387726,-1.381454348564148,9.674968719482422,1720123603354604100
1708787720420,left,acc,0.27054479718208313,-1.3551181554794312,9.727641105651855,1720123603364115200
1708787720442,left,acc,0.17956513166427612,-1.3455413579940796,9.734824180603027,1720123603373185600
1708787720481,left,acc,0.24660277366638184,-1.3479355573654175,9.727641105651855,1720123603382184600
1708787720521,left,acc,0.28969839215278625,-1.381454348564148,9.75397777557373,1720123603391183900
1708787720561,left,acc,0.24420857429504395,-1.2737152576446533,9.75637149810791,1720123603399217300
1708787720621,left,acc,0.24420857429504395,-1.3407529592514038,9.763554573059082,1720123603408185800
1708787720662,left,acc,0.24899697303771973,-1.434126853942871,9.720458984375,1720123603417186300
1708787720702,left,acc,0.1604115068912506,-1.3287819623947144,9.710882186889648,1720123603425217500
1708787720743,left,acc,0.2585737705230713,-1.381454348564148,9.701305389404297,1720123603433219100
1708787720782,left,acc,0.2849099934101105,-1.3718775510787964,9.684545516967773,1720123603442185200
1708787720825,left,acc,0.2801215946674347,-1.2545616626739502,9.732429504394531,1720123603450223200
1708787720863,left,acc,0.24420857429504395,-1.2832920551300049,9.751583099365234,1720123603461221900
1708787720902,left,acc,0.24899697303771973,-1.3215993642807007,9.746794700622559,1720123603468286900
1708787720943,left,acc,0.23702596127986908,-1.3694833517074585,9.732429504394531,1720123603477317000
1708787720983,left,acc,0.31124621629714966,-1.3239935636520386,9.742006301879883,1720123603487287700
1708787721027,left,acc,0.2992752194404602,-1.3694833517074585,9.744400978088379,1720123603495289400
1708787721063,left,acc,0.22744916379451752,-1.3479355573654175,9.730035781860352,1720123603505297000
1708787721103,left,acc,0.23942017555236816,-1.3455413579940796,9.746794700622559,1720123603513320100
1708787721144,left,acc,0.24899697303771973,-1.3623007535934448,9.730035781860352,1720123603523324900
1708787721183,left,acc,0.26815059781074524,-1.3072341680526733,9.751583099365234,1720123603532325200
1708787721224,left,acc,0.2753331959247589,-1.3982137441635132,9.761159896850586,1720123603541325300
1708787721263,left,acc,0.2322375625371933,-1.3982137441635132,9.770736694335938,1720123603549328200
1708787721284,left,acc,0.2992752194404602,-1.3718775510787964,9.713275909423828,1720123603558328200
1708787721344,left,acc,0.2537853717803955,-1.3096283674240112,9.751583099365234,1720123603568846500
1708787721384,left,acc,0.2561795711517334,-1.359906554222107,9.823410034179688,1720123603577840500
1708787721424,left,acc,0.2346317619085312,-1.335964560508728,9.730035781860352,1720123603585839500
1708787721465,left,acc,0.19153612852096558,-1.3862427473068237,9.763554573059082,1720123603594806400
1708787721505,left,acc,0.2561795711517334,-1.3024457693099976,9.734824180603027,1720123603605843400
1708787721545,left,acc,0.2346317619085312,-1.3335703611373901,9.775525093078613,1720123603615806800
1708787721587,left,acc,0.2753331959247589,-1.335964560508728,9.75397777557373,1720123603624804800
1708787721625,left,acc,0.26336219906806946,-1.3263877630233765,9.744400978088379,1720123603632839700
1708787721665,left,acc,0.20111294090747833,-1.3551181554794312,9.737217903137207,1720123603639805600
1708787721705,left,acc,0.2801215946674347,-1.3623007535934448,9.797073364257812,1720123603647812100
1708787721746,left,acc,0.2106897532939911,-1.2880805730819702,9.763554573059082,1720123603659810400
1708787721785,left,acc,0.2322375625371933,-1.3646949529647827,9.763554573059082,1720123603667354200
1708787721825,left,acc,0.24899697303771973,-1.4053963422775269,9.797073364257812,1720123603676354500
1708787721866,left,acc,0.2537853717803955,-1.3718775510787964,9.797073364257812,1720123603685320900
1708787721906,left,acc,0.21787235140800476,-1.316810965538025,9.799467086791992,1720123603695320700
1708787721950,left,acc,0.2537853717803955,-1.3623007535934448,9.727641105651855,1720123603703319100
1708787721986,left,acc,0.2825157940387726,-1.3479355573654175,9.682151794433594,1720123603710318900
1708787722026,left,acc,0.2825157940387726,-1.4053963422775269,9.713275909423828,1720123603720320300
1708787722069,left,acc,0.2346317619085312,-1.3670891523361206,9.6989107131958,1720123603730320500
1708787722106,left,acc,0.2561795711517334,-1.3551181554794312,9.765948295593262,1720123603740319000
1708787722147,left,acc,0.26575639843940735,-1.3239935636520386,9.708487510681152,1720123603749323900
1708787722186,left,acc,0.26815059781074524,-1.3455413579940796,9.78989028930664,1720123603758325100
1708787722227,left,acc,0.2082955539226532,-1.3718775510787964,9.75637149810791,1720123603766832600
1708787722267,left,acc,0.24181437492370605,-1.3670891523361206,9.758766174316406,1720123603774868100
1708787722307,left,acc,0.272938996553421,-1.3287819623947144,9.75637149810791,1720123603784727600
1708787722349,left,acc,0.3064578175544739,-1.3718775510787964,9.773131370544434,1720123603792731300
1708787722387,left,acc,0.304063618183136,-1.290474772453308,9.765948295593262,1720123603801732300
1708787722428,left,acc,0.24660277366638184,-1.3215993642807007,9.775525093078613,1720123603810733400
1708787722467,left,acc,0.21308395266532898,-1.3024457693099976,9.859322547912598,1720123603819794400
1708787722508,left,acc,0.33518823981285095,-1.4197616577148438,9.708487510681152,1720123603828734100
1708787722549,left,acc,0.2849099934101105,-1.3862427473068237,9.732429504394531,1720123603837734100
1708787722588,left,acc,0.2346317619085312,-1.3958195447921753,9.708487510681152,1720123603846740400
1708787722628,left,acc,0.2059013396501541,-1.2976573705673218,9.77791976928711,1720123603854740100
1708787722668,left,acc,0.2561795711517334,-1.414973258972168,9.708487510681152,1720123603865253200
1708787722709,left,acc,0.304063618183136,-1.3503297567367554,9.737217903137207,1720123603874692700
1708787722749,left,acc,0.3208230137825012,-1.3718775510787964,9.619902610778809,1720123603883722600
1708787722789,left,acc,0.2322375625371933,-1.3646949529647827,9.758766174316406,1720123603891725200
1708787722829,left,acc,0.24181437492370605,-1.292868971824646,9.787496566772461,1720123603901723000
1708787722909,left,acc,0.27054479718208313,-1.3718775510787964,9.761159896850586,1720123603927759000
1708787722950,left,acc,0.3280056416988373,-1.3646949529647827,9.744400978088379,1720123603937757500
1708787722990,left,acc,0.28730419278144836,-1.381454348564148,9.864110946655273,1720123603946726900
1708787723030,left,acc,0.33039984107017517,-1.2976573705673218,9.765948295593262,1720123603954727100
1708787723074,left,acc,0.26815059781074524,-1.338358759880066,9.706093788146973,1720123603963248700
1708787723110,left,acc,0.33279404044151306,-1.3048399686813354,9.744400978088379,1720123603972256000
1708787723150,left,acc,0.22505496442317963,-1.3263877630233765,9.797073364257812,1720123603980239600
1708787723190,left,acc,0.2106897532939911,-1.338358759880066,9.782708168029785,1720123603988237100
1708787723231,left,acc,0.3208230137825012,-1.3215993642807007,9.742006301879883,1720123603998239200
1708787723271,left,acc,0.3423708379268646,-1.3215993642807007,9.787496566772461,1720123604005270800
1708787723310,left,acc,0.23942017555236816,-1.3910311460494995,9.775525093078613,1720123604015237000
1708787723352,left,acc,0.2298433631658554,-1.3335703611373901,9.703699111938477,1720123604024239100
1708787723390,left,acc,0.26815059781074524,-1.3407529592514038,9.785101890563965,1720123604032239000
1708787723430,left,acc,0.26575639843940735,-1.3335703611373901,9.68694019317627,1720123604041239500
1708787723471,left,acc,0.2585737705230713,-1.338358759880066,9.763554573059082,1720123604051242700
1708787723511,left,acc,0.24181437492370605,-1.335964560508728,9.77791976928711,1720123604059242300
1708787723552,left,acc,0.24181437492370605,-1.338358759880066,9.768342971801758,1720123604069273400
1708787723591,left,acc,0.3016694188117981,-1.3886369466781616,9.737217903137207,1720123604078272600
1708787723632,left,acc,0.2346317619085312,-1.3120225667953491,9.725247383117676,1720123604088275300
1708787723672,left,acc,0.23702596127986908,-1.357512354850769,9.758766174316406,1720123604098272700
1708787723712,left,acc,0.24899697303771973,-1.3407529592514038,9.763554573059082,1720123604109275000
1708787723753,left,acc,0.31842881441116333,-1.3886369466781616,9.715670585632324,1720123604118272500
1708787723793,left,acc,0.2825157940387726,-1.3718775510787964,9.746794700622559,1720123604128274800
1708787723832,left,acc,0.2753331959247589,-1.2737152576446533,9.775525093078613,1720123604138274500
1708787723873,left,acc,0.22026655077934265,-1.3287819623947144,9.725247383117676,1720123604148277200
1708787723913,left,acc,0.23702596127986908,-1.290474772453308,9.765948295593262,1720123604158277200
1708787723954,left,acc,0.23702596127986908,-1.2880805730819702,9.75397777557373,1720123604169320300
1708787723997,left,acc,0.23702596127986908,-1.3551181554794312,9.75637149810791,1720123604177319900
1708787724033,left,acc,0.24899697303771973,-1.3910311460494995,9.75637149810791,1720123604185321700
1708787724073,left,acc,0.2298433631658554,-1.4053963422775269,9.78989028930664,1720123604195322400
1708787724114,left,acc,0.2537853717803955,-1.3263877630233765,9.765948295593262,1720123604203319800
1708787724133,left,acc,0.24660277366638184,-1.3479355573654175,9.768342971801758,1720123604211321800
1708787724154,left,acc,0.26336219906806946,-1.3479355573654175,9.75637149810791,1720123604221319100
1708787724174,left,acc,0.17717093229293823,-1.4077905416488647,9.646238327026367,1720123604231319200
1708787724234,left,acc,0.24420857429504395,-1.3215993642807007,9.725247383117676,1720123604240319200
1708787724255,left,acc,0.29209262132644653,-1.37906014919281,9.715670585632324,1720123604250321700
1708787724313,left,acc,0.27054479718208313,-1.3000515699386597,9.732429504394531,1720123604262835600
1708787724355,left,acc,0.2585737705230713,-1.2665326595306396,9.77791976928711,1720123604276866800
1708787724395,left,acc,0.2346317619085312,-1.3072341680526733,9.751583099365234,1720123604286868500
1708787724456,left,acc,0.22266076505184174,-1.41257905960083,9.732429504394531,1720123604295888800
1708787724495,left,acc,0.21787235140800476,-1.2641384601593018,9.758766174316406,1720123604304835500
1708787724535,left,acc,0.2753331959247589,-1.357512354850769,9.770736694335938,1720123604313867500
1708787724575,left,acc,0.24899697303771973,-1.3527239561080933,9.734824180603027,1720123604322868200
1708787724615,left,acc,0.2968810200691223,-1.4101848602294922,9.75397777557373,1720123604331835200
1708787724657,left,acc,0.27054479718208313,-1.3455413579940796,9.804255485534668,1720123604339835500
1708787724696,left,acc,0.22505496442317963,-1.4269442558288574,9.701305389404297,1720123604348839200
1708787724735,left,acc,0.2968810200691223,-1.316810965538025,9.725247383117676,1720123604357841600
1708787724776,left,acc,0.2106897532939911,-1.3072341680526733,9.737217903137207,1720123604369349600
1708787724817,left,acc,0.23702596127986908,-1.2713210582733154,9.84495735168457,1720123604380350700
1708787724857,left,acc,0.2082955539226532,-1.3263877630233765,9.708487510681152,1720123604388348900
1708787724896,left,acc,0.19632454216480255,-1.37906014919281,9.75397777557373,1720123604397348800
1708787724937,left,acc,0.31364041566848755,-1.403002142906189,9.6989107131958,1720123604405355200
1708787724977,left,acc,0.3232172429561615,-1.3455413579940796,9.744400978088379,1720123604413349700
1708787725021,left,acc,0.28969839215278625,-1.3527239561080933,9.727641105651855,1720123604421351100
1708787725057,left,acc,0.17956513166427612,-1.3646949529647827,9.765948295593262,1720123604428350900
1708787725099,left,acc,0.2298433631658554,-1.3670891523361206,9.727641105651855,1720123604439358700
1708787725137,left,acc,0.19393034279346466,-1.359906554222107,9.68933391571045,1720123604447356300
1708787725177,left,acc,0.2753331959247589,-1.3072341680526733,9.674968719482422,1720123604458356400
1708787725216,left,acc,0.31124621629714966,-1.4389152526855469,9.674968719482422,1720123604468866400
1708787725258,left,acc,0.21308395266532898,-1.2401964664459229,9.837775230407715,1720123604477866500
1708787725297,left,acc,0.22266076505184174,-1.3551181554794312,9.619902610778809,1720123604488864900
1708787725337,left,acc,0.1867477297782898,-1.278503656387329,9.864110946655273,1720123604500864700
1708787725378,left,acc,0.19871874153614044,-1.3527239561080933,9.713275909423828,1720123604509866000
1708787725418,left,acc,0.24660277366638184,-1.338358759880066,9.713275909423828,1720123604519864800
1708787725478,left,acc,0.304063618183136,-1.2856862545013428,9.761159896850586,1720123604528865700
1708787725497,left,acc,0.22266076505184174,-1.381454348564148,9.725247383117676,1720123604537865300
1708787725538,left,acc,0.33997663855552673,-1.3742717504501343,9.782708168029785,1720123604547869800
1708787725599,left,acc,0.24899697303771973,-1.3239935636520386,9.730035781860352,1720123604556870600
1708787725638,left,acc,0.2777273952960968,-1.3766659498214722,9.751583099365234,1720123604567380500
1708787725679,left,acc,0.33997663855552673,-1.316810965538025,9.770736694335938,1720123604577380200
1708787725699,left,acc,0.22266076505184174,-1.3742717504501343,9.746794700622559,1720123604586404400
1708787725758,left,acc,0.2346317619085312,-1.400607943534851,9.818621635437012,1720123604595415400
1708787725798,left,acc,0.31364041566848755,-1.290474772453308,9.718064308166504,1720123604605413200
1708787725842,left,acc,0.3064578175544739,-1.3287819623947144,9.763554573059082,1720123604613380900
1708787725859,left,acc,0.24181437492370605,-1.4437036514282227,9.727641105651855,1720123604621379800
1708787725900,left,acc,0.28969839215278625,-1.3024457693099976,9.739612579345703,1720123604630380300
1708787725943,left,acc,0.21787235140800476,-1.335964560508728,9.758766174316406,1720123604638381800
1708787725979,left,acc,0.2825157940387726,-1.3934253454208374,9.775525093078613,1720123604646379700
1708787726019,left,acc,0.23702596127986908,-1.3455413579940796,9.768342971801758,1720123604656383000
1708787726061,left,acc,0.24420857429504395,-1.3838485479354858,9.72285270690918,1720123604665889000
1708787726100,left,acc,0.2346317619085312,-1.3742717504501343,9.730035781860352,1720123604673888900
1708787726140,left,acc,0.24420857429504395,-1.3479355573654175,9.715670585632324,1720123604684916500
1708787726199,left,acc,0.2992752194404602,-1.3742717504501343,9.703699111938477,1720123604696925400
1708787726241,left,acc,0.22744916379451752,-1.3503297567367554,9.708487510681152,1720123604704891100
1708787726281,left,acc,0.19871874153614044,-1.2976573705673218,9.701305389404297,1720123604712926300
1708787726301,left,acc,0.26815059781074524,-1.3718775510787964,9.715670585632324,1720123604720927500
1708787726341,left,acc,0.2346317619085312,-1.2952631711959839,9.775525093078613,1720123604730018400
1708787726381,left,acc,0.26815059781074524,-1.3694833517074585,9.68933391571045,1720123604739024100
1708787726421,left,acc,0.26096799969673157,-1.3048399686813354,9.734824180603027,1720123604748029100
1708787726461,left,acc,0.21787235140800476,-1.290474772453308,9.794678688049316,1720123604755028900
1708787726502,left,acc,0.304063618183136,-1.3239935636520386,9.732429504394531,1720123604763545000
1708787726542,left,acc,0.28730419278144836,-1.3694833517074585,9.746794700622559,1720123604773581200
1708787726582,left,acc,0.2059013396501541,-1.3838485479354858,9.713275909423828,1720123604783579400
1708787726622,left,acc,0.20111294090747833,-1.3239935636520386,9.797073364257812,1720123604791581200
1708787726662,left,acc,0.27054479718208313,-1.3048399686813354,9.816226959228516,1720123604806545100
1708787726682,left,acc,0.272938996553421,-1.3694833517074585,9.684545516967773,1720123604821581300
1708787726722,left,acc,0.28969839215278625,-1.3694833517074585,9.734824180603027,1720123604832545000
1708787726763,left,acc,0.19871874153614044,-1.4269442558288574,9.742006301879883,1720123604841544400
1708787726801,left,acc,0.2082955539226532,-1.3287819623947144,9.780313491821289,1720123604849582000
1708787726842,left,acc,0.3016694188117981,-1.3120225667953491,9.801861763000488,1720123604859582300
1708787726883,left,acc,0.26815059781074524,-1.314416766166687,9.75637149810791,1720123604869053200
1708787726923,left,acc,0.2346317619085312,-1.3527239561080933,9.708487510681152,1720123604878053400
1708787726967,left,acc,0.22266076505184174,-1.3024457693099976,9.749189376831055,1720123604888053700
1708787727003,left,acc,0.2585737705230713,-1.3072341680526733,9.737217903137207,1720123604897091800
1708787727043,left,acc,0.23942017555236816,-1.259350061416626,9.634267807006836,1720123604906056100
1708787727083,left,acc,0.24420857429504395,-1.4077905416488647,9.696516990661621,1720123604915089900
1708787727124,left,acc,0.26575639843940735,-1.3192051649093628,9.725247383117676,1720123604923091800
1708787727166,left,acc,0.24660277366638184,-1.359906554222107,9.744400978088379,1720123604933057700
1708787727204,left,acc,0.21547815203666687,-1.3455413579940796,9.804255485534668,1720123604943054900
1708787727244,left,acc,0.19871874153614044,-1.3455413579940796,9.737217903137207,1720123604957132400
1708787727284,left,acc,0.2753331959247589,-1.3072341680526733,9.694122314453125,1720123604965665700
1708787727324,left,acc,0.26575639843940735,-1.3407529592514038,9.742006301879883,1720123604974666400
1708787727365,left,acc,0.20111294090747833,-1.3694833517074585,9.734824180603027,1720123604983665900
1708787727405,left,acc,0.24420857429504395,-1.3192051649093628,9.691728591918945,1720123604990666500
1708787727446,left,acc,0.21547815203666687,-1.436521053314209,9.77791976928711,1720123604997667600
1708787727484,left,acc,0.2944868206977844,-1.3934253454208374,9.696516990661621,1720123605005702100
1708787727525,left,acc,0.272938996553421,-1.316810965538025,9.720458984375,1720123605013668700
1708787727566,left,acc,0.21787235140800476,-1.3120225667953491,9.775525093078613,1720123605021702400
1708787727585,left,acc,0.26815059781074524,-1.3431471586227417,9.737217903137207,1720123605028670200
1708787727645,left,acc,0.30885201692581177,-1.3263877630233765,9.77791976928711,1720123605036668600
1708787727685,left,acc,0.31124621629714966,-1.338358759880066,9.773131370544434,1720123605042703000
1708787727706,left,acc,0.24899697303771973,-1.37906014919281,9.763554573059082,1720123605048709500
1708787727746,left,acc,0.2513911724090576,-1.3311761617660522,9.720458984375,1720123605053708900
1708787727806,left,acc,0.2801215946674347,-1.3455413579940796,9.768342971801758,1720123605059711200
1708787727846,left,acc,0.2585737705230713,-1.2952631711959839,9.744400978088379,1720123605066220700
1708787727890,left,acc,0.2298433631658554,-1.4317326545715332,9.68933391571045,1720123605071218600
1708787727926,left,acc,0.26096799969673157,-1.2617442607879639,9.734824180603027,1720123605077220200
1708787727967,left,acc,0.26096799969673157,-1.381454348564148,9.706093788146973,1720123605085255500
1708787728007,left,acc,0.2082955539226532,-1.3742717504501343,9.725247383117676,1720123605093253500
1708787728047,left,acc,0.2825157940387726,-1.3527239561080933,9.797073364257812,1720123605101220600
1708787728068,left,acc,0.2944868206977844,-1.316810965538025,9.742006301879883,1720123605109253000
1708787728106,left,acc,0.19871874153614044,-1.3431471586227417,9.742006301879883,1720123605116219300
1708787728167,left,acc,0.3016694188117981,-1.4101848602294922,9.727641105651855,1720123605125219200
1708787728206,left,acc,0.24899697303771973,-1.4197616577148438,9.732429504394531,1720123605133219100
1708787728247,left,acc,0.28730419278144836,-1.3718775510787964,9.77791976928711,1720123605141222700
1708787728288,left,acc,0.23942017555236816,-1.3958195447921753,9.720458984375,1720123605150238800
1708787728327,left,acc,0.29209262132644653,-1.2952631711959839,9.691728591918945,1720123605159223400
1708787728369,left,acc,0.24420857429504395,-1.3215993642807007,9.739612579345703,1720123605167735000
1708787728407,left,acc,0.304063618183136,-1.3694833517074585,9.775525093078613,1720123605175734300
1708787728448,left,acc,0.20350714027881622,-1.2545616626739502,9.768342971801758,1720123605184736200
1708787728488,left,acc,0.28730419278144836,-1.357512354850769,9.775525093078613,1720123605195738300
1708787728528,left,acc,0.2968810200691223,-1.3934253454208374,9.787496566772461,1720123605204734300
1708787728548,left,acc,0.2801215946674347,-1.338358759880066,9.739612579345703,1720123605214736100
1708787728589,left,acc,0.26815059781074524,-1.3455413579940796,9.727641105651855,1720123605222734200
1708787728629,left,acc,0.2944868206977844,-1.3838485479354858,9.737217903137207,1720123605231736000
1708787728670,left,acc,0.21547815203666687,-1.335964560508728,9.674968719482422,1720123605241736800
1708787728729,left,acc,0.2849099934101105,-1.338358759880066,9.701305389404297,1720123605249739900
1708787728770,left,acc,0.1843535304069519,-1.3287819623947144,9.706093788146973,1720123605258739800
1708787728812,left,acc,0.21787235140800476,-1.3335703611373901,9.718064308166504,1720123605267271400
1708787728849,left,acc,0.2825157940387726,-1.3934253454208374,9.703699111938477,1720123605277269900
1708787728889,left,acc,0.21787235140800476,-1.2737152576446533,9.75397777557373,1720123605285271700
1708787728914,left,acc,0.23702596127986908,-1.3838485479354858,9.746794700622559,1720123605295273200
1708787728971,left,acc,0.2322375625371933,-1.3646949529647827,9.739612579345703,1720123605304272200
1708787729013,left,acc,0.1843535304069519,-1.3024457693099976,9.737217903137207,1720123605313271100
1708787729050,left,acc,0.24420857429504395,-1.3479355573654175,9.706093788146973,1720123605324270500
1708787729071,left,acc,0.24420857429504395,-1.3670891523361206,9.773131370544434,1720123605333269900
1708787729129,left,acc,0.24660277366638184,-1.2976573705673218,9.770736694335938,1720123605343270000
1708787729171,left,acc,0.2537853717803955,-1.3431471586227417,9.780313491821289,1720123605351276700
1708787729210,left,acc,0.2346317619085312,-1.3766659498214722,9.77791976928711,1720123605359278100
1708787729250,left,acc,0.20111294090747833,-1.3192051649093628,9.727641105651855,1720123605365810600
1708787729291,left,acc,0.3495534360408783,-1.3072341680526733,9.715670585632324,1720123605374799200
1708787729330,left,acc,0.21787235140800476,-1.3311761617660522,9.713275909423828,1720123605383798000
1708787729372,left,acc,0.21787235140800476,-1.4197616577148438,9.773131370544434,1720123605391800200
1708787729391,left,acc,0.24181437492370605,-1.3215993642807007,9.794678688049316,1720123605400798900
1708787729430,left,acc,0.33518823981285095,-1.3479355573654175,9.734824180603027,1720123605409799900
1708787729472,left,acc,0.1843535304069519,-1.3192051649093628,9.746794700622559,1720123605419798300
1708787729511,left,acc,0.24420857429504395,-1.256955862045288,9.718064308166504,1720123605428821600
1708787729551,left,acc,0.19393034279346466,-1.3766659498214722,9.77791976928711,1720123605439798600
1708787729590,left,acc,0.19632454216480255,-1.3766659498214722,9.77791976928711,1720123605449788900
1708787729631,left,acc,0.22266076505184174,-1.359906554222107,9.713275909423828,1720123605458771300
1708787729674,left,acc,0.272938996553421,-1.359906554222107,9.773131370544434,1720123605468282200
1708787729711,left,acc,0.2537853717803955,-1.292868971824646,9.770736694335938,1720123605477281900
1708787729772,left,acc,0.24181437492370605,-1.338358759880066,9.782708168029785,1720123605488280300
1708787729813,left,acc,0.26815059781074524,-1.3646949529647827,9.701305389404297,1720123605499280100
1708787729854,left,acc,0.2753331959247589,-1.335964560508728,9.751583099365234,1720123605507281000
1708787729937,left,acc,0.1843535304069519,-1.400607943534851,9.734824180603027,1720123605533280300
1708787729973,left,acc,0.26815059781074524,-1.3455413579940796,9.75637149810791,1720123605544280000
1708787730013,left,acc,0.23942017555236816,-1.2545616626739502,9.734824180603027,1720123605552291100
1708787730053,left,acc,0.22026655077934265,-1.338358759880066,9.742006301879883,1720123605563797800
1708787730093,left,acc,0.304063618183136,-1.3311761617660522,9.737217903137207,1720123605571800500
1708787730133,left,acc,0.18914192914962769,-1.2737152576446533,9.763554573059082,1720123605579799300
1708787730175,left,acc,0.2777273952960968,-1.3718775510787964,9.80904483795166,1720123605587799900
1708787730213,left,acc,0.26336219906806946,-1.3455413579940796,9.732429504394531,1720123605595799100
1708787730253,left,acc,0.28730419278144836,-1.3239935636520386,9.773131370544434,1720123605609833800
1708787730294,left,acc,0.24420857429504395,-1.314416766166687,9.710882186889648,1720123605623798100
1708787730334,left,acc,0.2513911724090576,-1.4197616577148438,9.744400978088379,1720123605633799100
1708787730394,left,acc,0.24420857429504395,-1.3503297567367554,9.691728591918945,1720123605643799700
1708787730434,left,acc,0.22744916379451752,-1.2976573705673218,9.751583099365234,1720123605651801600
1708787730475,left,acc,0.181959331035614,-1.3311761617660522,9.739612579345703,1720123605662309400
1708787730495,left,acc,0.2513911724090576,-1.3958195447921753,9.763554573059082,1720123605671315100
1708787730554,left,acc,0.2561795711517334,-1.3694833517074585,9.720458984375,1720123605680313800
1708787730595,left,acc,0.2561795711517334,-1.3862427473068237,9.718064308166504,1720123605691313700
1708787730635,left,acc,0.3016694188117981,-1.3838485479354858,9.75637149810791,1720123605699315300
1708787730676,left,acc,0.26815059781074524,-1.292868971824646,9.713275909423828,1720123605708313200
1708787730715,left,acc,0.2992752194404602,-1.3838485479354858,9.720458984375,1720123605716315300
1708787730757,left,acc,0.272938996553421,-1.2976573705673218,9.751583099365234,1720123605724313100
1708787730796,left,acc,0.22266076505184174,-1.3263877630233765,9.77791976928711,1720123605734315100
1708787730835,left,acc,0.26336219906806946,-1.338358759880066,9.749189376831055,1720123605743313300
1708787730877,left,acc,0.30885201692581177,-1.3407529592514038,9.794678688049316,1720123605751316300
1708787730915,left,acc,0.272938996553421,-1.3335703611373901,9.72285270690918,1720123605760318000
1708787730960,left,acc,0.2513911724090576,-1.400607943534851,9.737217903137207,1720123605768861000
1708787730996,left,acc,0.2513911724090576,-1.3694833517074585,9.720458984375,1720123605777895900
1708787731037,left,acc,0.30885201692581177,-1.3311761617660522,9.696516990661621,1720123605787862100
1708787731077,left,acc,0.181959331035614,-1.3192051649093628,9.75637149810791,1720123605798860700
1708787731115,left,acc,0.19871874153614044,-1.3886369466781616,9.821015357971191,1720123605805860800
1708787731136,left,acc,0.22744916379451752,-1.290474772453308,9.761159896850586,1720123605814861600
1708787731156,left,acc,0.2968810200691223,-1.3048399686813354,9.737217903137207,1720123605823862900
1708787731177,left,acc,0.2537853717803955,-1.3120225667953491,9.77791976928711,1720123605833861400
1708787731237,left,acc,0.29209262132644653,-1.3192051649093628,9.75637149810791,1720123605842861900
1708787731278,left,acc,0.24899697303771973,-1.2976573705673218,9.749189376831055,1720123605850864900
1708787731317,left,acc,0.2944868206977844,-1.3766659498214722,9.732429504394531,1720123605862372300
1708787731357,left,acc,0.23702596127986908,-1.316810965538025,9.732429504394531,1720123605869377200
1708787731398,left,acc,0.24420857429504395,-1.3431471586227417,9.718064308166504,1720123605877378100
1708787731438,left,acc,0.28730419278144836,-1.400607943534851,9.758766174316406,1720123605887377600
1708787731478,left,acc,0.22026655077934265,-1.37906014919281,9.770736694335938,1720123605896377700
1708787731518,left,acc,0.2346317619085312,-1.3000515699386597,9.727641105651855,1720123605906379000
1708787731558,left,acc,0.21547815203666687,-1.2976573705673218,9.746794700622559,1720123605916376400
1708787731598,left,acc,0.2059013396501541,-1.3287819623947144,9.856928825378418,1720123605927383200
1708787731637,left,acc,0.2777273952960968,-1.359906554222107,9.782708168029785,1720123605935378200
1708787731679,left,acc,0.17477671802043915,-1.2976573705673218,9.75397777557373,1720123605946382300
1708787731717,left,acc,0.26575639843940735,-1.3215993642807007,9.706093788146973,1720123605954422400
1708787731756,left,acc,0.2298433631658554,-1.3551181554794312,9.696516990661621,1720123605964964100
1708787731797,left,acc,0.18914192914962769,-1.3958195447921753,9.77791976928711,1720123605973932500
1708787731857,left,acc,0.26336219906806946,-1.290474772453308,9.761159896850586,1720123605981931500
1708787731897,left,acc,0.2537853717803955,-1.3694833517074585,9.749189376831055,1720123605990933500
1708787731938,left,acc,0.26096799969673157,-1.3623007535934448,9.720458984375,1720123605999931600
1708787731958,left,acc,0.2777273952960968,-1.359906554222107,9.737217903137207,1720123606014931100
1708787732017,left,acc,0.20111294090747833,-1.3934253454208374,9.72285270690918,1720123606023931400
1708787732057,left,acc,0.2537853717803955,-1.3623007535934448,9.739612579345703,1720123606032931300
1708787732098,left,acc,0.31842881441116333,-1.3742717504501343,9.739612579345703,1720123606041931800
1708787732117,left,acc,0.21787235140800476,-1.3311761617660522,9.782708168029785,1720123606050941100
1708787732178,left,acc,0.2585737705230713,-1.3503297567367554,9.761159896850586,1720123606059941400
1708787732217,left,acc,0.2322375625371933,-1.3958195447921753,9.720458984375,1720123606068454000
1708787732257,left,acc,0.2801215946674347,-1.3287819623947144,9.765948295593262,1720123606077454300
1708787732297,left,acc,0.304063618183136,-1.2856862545013428,9.691728591918945,1720123606087961400
1708787732338,left,acc,0.2298433631658554,-1.3048399686813354,9.806650161743164,1720123606094982300
1708787732379,left,acc,0.20111294090747833,-1.2832920551300049,9.75637149810791,1720123606104980200
1708787732419,left,acc,0.26336219906806946,-1.3623007535934448,9.691728591918945,1720123606112981900
1708787732440,left,acc,0.19871874153614044,-1.381454348564148,9.768342971801758,1720123606121981800
1708787732482,left,acc,0.26575639843940735,-1.3503297567367554,9.727641105651855,1720123606130981000
1708787732522,left,acc,0.2298433631658554,-1.3311761617660522,9.713275909423828,1720123606140980000
1708787732562,left,acc,0.24899697303771973,-1.3024457693099976,9.761159896850586,1720123606149986500
1708787732601,left,acc,0.27054479718208313,-1.3263877630233765,9.785101890563965,1720123606159986200
1708787732662,left,acc,0.24420857429504395,-1.3407529592514038,9.799467086791992,1720123606167495200
1708787732703,left,acc,0.31842881441116333,-1.3215993642807007,9.770736694335938,1720123606176496600
1708787732742,left,acc,0.22266076505184174,-1.3718775510787964,9.770736694335938,1720123606186495600
1708787732763,left,acc,0.31603461503982544,-1.3215993642807007,9.775525093078613,1720123606195497400
1708787732805,left,acc,0.22744916379451752,-1.3742717504501343,9.742006301879883,1720123606206495100
1708787732863,left,acc,0.2825157940387726,-1.3838485479354858,9.751583099365234,1720123606219496100
1708787732907,left,acc,0.2561795711517334,-1.3503297567367554,9.78989028930664,1720123606228497200
1708787732923,left,acc,0.31842881441116333,-1.359906554222107,9.785101890563965,1720123606237504400
1708787732984,left,acc,0.24181437492370605,-1.3886369466781616,9.670180320739746,1720123606246499100
1708787733023,left,acc,0.2106897532939911,-1.3982137441635132,9.734824180603027,1720123606257503000
1708787733064,left,acc,0.3256114423274994,-1.3287819623947144,9.72285270690918,1720123606267015200
1708787733103,left,acc,0.19871874153614044,-1.3718775510787964,9.715670585632324,1720123606275016600
1708787733144,left,acc,0.2944868206977844,-1.3215993642807007,9.744400978088379,1720123606285016300
1708787733185,left,acc,0.24899697303771973,-1.357512354850769,9.775525093078613,1720123606293014500
1708787733224,left,acc,0.2106897532939911,-1.3120225667953491,9.775525093078613,1720123606301014600
1708787733264,left,acc,0.3208230137825012,-1.3215993642807007,9.770736694335938,1720123606309016600
1708787733305,left,acc,0.3064578175544739,-1.3527239561080933,9.739612579345703,1720123606318016600
1708787733345,left,acc,0.21308395266532898,-1.3455413579940796,9.782708168029785,1720123606327025900
1708787733386,left,acc,0.26575639843940735,-1.381454348564148,9.761159896850586,1720123606336016800
1708787733424,left,acc,0.22744916379451752,-1.314416766166687,9.734824180603027,1720123606343016200
1708787733465,left,acc,0.2585737705230713,-1.4101848602294922,9.732429504394531,1720123606353022000
1708787733505,left,acc,0.2585737705230713,-1.278503656387329,9.77791976928711,1720123606362542300
1708787733545,left,acc,0.21308395266532898,-1.3982137441635132,9.821015357971191,1720123606371551600
1708787733586,left,acc,0.21547815203666687,-1.3670891523361206,9.732429504394531,1720123606379548900
1708787733625,left,acc,0.2825157940387726,-1.335964560508728,9.765948295593262,1720123606388547700
1708787733667,left,acc,0.26815059781074524,-1.3072341680526733,9.734824180603027,1720123606398548600
1708787733686,left,acc,0.2992752194404602,-1.338358759880066,9.765948295593262,1720123606405547100
1708787733727,left,acc,0.2849099934101105,-1.3096283674240112,9.749189376831055,1720123606414548800
1708787733766,left,acc,0.2777273952960968,-1.3694833517074585,9.816226959228516,1720123606425546900
1708787733806,left,acc,0.22744916379451752,-1.3311761617660522,9.768342971801758,1720123606433546900
1708787733845,left,acc,0.27054479718208313,-1.2976573705673218,9.797073364257812,1720123606443546900
1708787733887,left,acc,0.23702596127986908,-1.3192051649093628,9.746794700622559,1720123606452551000
1708787733930,left,acc,0.23942017555236816,-1.3479355573654175,9.78989028930664,1720123606463070100
1708787733966,left,acc,0.2346317619085312,-1.3335703611373901,9.75637149810791,1720123606471069300
1708787734007,left,acc,0.21547815203666687,-1.3623007535934448,9.801861763000488,1720123606481067800
1708787734047,left,acc,0.29209262132644653,-1.3742717504501343,9.749189376831055,1720123606491069700
1708787734088,left,acc,0.24899697303771973,-1.3335703611373901,9.727641105651855,1720123606501068800
1708787734127,left,acc,0.272938996553421,-1.3862427473068237,9.75397777557373,1720123606510068500
1708787734167,left,acc,0.2777273952960968,-1.3263877630233765,9.727641105651855,1720123606518069800
1708787734208,left,acc,0.22266076505184174,-1.256955862045288,9.696516990661621,1720123606527069000
1708787734247,left,acc,0.33758243918418884,-1.3335703611373901,9.746794700622559,1720123606537068500
1708787734292,left,acc,0.21308395266532898,-1.3215993642807007,9.739612579345703,1720123606546070000
1708787734327,left,acc,0.24181437492370605,-1.3215993642807007,9.792284965515137,1720123606554071700
1708787734368,left,acc,0.2753331959247589,-1.357512354850769,9.6989107131958,1720123606565584000
1708787734408,left,acc,0.2537853717803955,-1.3120225667953491,9.780313491821289,1720123606574585800
1708787734448,left,acc,0.181959331035614,-1.3455413579940796,9.684545516967773,1720123606583598000
1708787734489,left,acc,0.272938996553421,-1.3239935636520386,9.75397777557373,1720123606594633300
1708787734529,left,acc,0.23702596127986908,-1.335964560508728,9.75397777557373,1720123606603633200
1708787734569,left,acc,0.2777273952960968,-1.3694833517074585,9.68694019317627,1720123606610633100
1708787734609,left,acc,0.26815059781074524,-1.314416766166687,9.751583099365234,1720123606620634400
1708787734649,left,acc,0.22026655077934265,-1.3479355573654175,9.75397777557373,1720123606628635300
1708787734690,left,acc,0.26336219906806946,-1.359906554222107,9.706093788146973,1720123606640633200
1708787734729,left,acc,0.2298433631658554,-1.3479355573654175,9.718064308166504,1720123606648708900
1708787734769,left,acc,0.2849099934101105,-1.357512354850769,9.744400978088379,1720123606657708200
1708787734809,left,acc,0.17956513166427612,-1.338358759880066,9.804255485534668,1720123606666226800
1708787734853,left,acc,0.21787235140800476,-1.3694833517074585,9.75397777557373,1720123606675262700
1708787734891,left,acc,0.2513911724090576,-1.3718775510787964,9.725247383117676,1720123606683268300
1708787734930,left,acc,0.22744916379451752,-1.335964560508728,9.75397777557373,1720123606691228000
1708787734971,left,acc,0.30885201692581177,-1.3479355573654175,9.746794700622559,1720123606699228200
1708787735010,left,acc,0.30885201692581177,-1.3072341680526733,9.734824180603027,1720123606706226500
1708787735030,left,acc,0.23942017555236816,-1.3934253454208374,9.710882186889648,1720123606715227700
1708787735071,left,acc,0.2968810200691223,-1.3694833517074585,9.6989107131958,1720123606724227100
1708787735115,left,acc,0.2537853717803955,-1.3215993642807007,9.780313491821289,1720123606732226800
1708787735151,left,acc,0.31124621629714966,-1.357512354850769,9.744400978088379,1720123606742226700
1708787735192,left,acc,0.28969839215278625,-1.338358759880066,9.737217903137207,1720123606751231000
1708787735231,left,acc,0.2753331959247589,-1.359906554222107,9.696516990661621,1720123606761233200
1708787735271,left,acc,0.2585737705230713,-1.3623007535934448,9.818621635437012,1720123606770743400
1708787735310,left,acc,0.2513911724090576,-1.2689268589019775,9.799467086791992,1720123606778743300
1708787735351,left,acc,0.2082955539226532,-1.3407529592514038,9.787496566772461,1720123606786741800
1708787735393,left,acc,0.2322375625371933,-1.357512354850769,9.75637149810791,1720123606794256700
1708787735432,left,acc,0.2322375625371933,-1.2641384601593018,9.761159896850586,1720123606805263000
1708787735471,left,acc,0.2825157940387726,-1.3479355573654175,9.751583099365234,1720123606814262400
1708787735512,left,acc,0.2298433631658554,-1.3120225667953491,9.72285270690918,1720123606821261000
1708787735552,left,acc,0.2513911724090576,-1.3120225667953491,9.761159896850586,1720123606833260600
1708787735593,left,acc,0.22266076505184174,-1.357512354850769,9.782708168029785,1720123606843261600
1708787735633,left,acc,0.23702596127986908,-1.4460978507995605,9.739612579345703,1720123606851266500
1708787735673,left,acc,0.29209262132644653,-1.4101848602294922,9.765948295593262,1720123606862783400
1708787735713,left,acc,0.19153612852096558,-1.3287819623947144,9.727641105651855,1720123606871790400
1708787735753,left,acc,0.272938996553421,-1.3072341680526733,9.761159896850586,1720123606879788400
1708787735794,left,acc,0.23702596127986908,-1.3287819623947144,9.78989028930664,1720123606890789300
1708787735835,left,acc,0.2322375625371933,-1.335964560508728,9.751583099365234,1720123606899788900
1708787735894,left,acc,0.3016694188117981,-1.335964560508728,9.768342971801758,1720123606908788500
1708787735913,left,acc,0.272938996553421,-1.3982137441635132,9.782708168029785,1720123606917787400
1708787735953,left,acc,0.28730419278144836,-1.3215993642807007,9.727641105651855,1720123606926790200
1708787735995,left,acc,0.24660277366638184,-1.3862427473068237,9.68933391571045,1720123606935787400
1708787736034,left,acc,0.29209262132644653,-1.3263877630233765,9.715670585632324,1720123606943789600
1708787736074,left,acc,0.26575639843940735,-1.338358759880066,9.799467086791992,1720123606953795400
1708787736114,left,acc,0.28969839215278625,-1.2761094570159912,9.708487510681152,1720123606962300600
1708787736154,left,acc,0.2561795711517334,-1.3120225667953491,9.763554573059082,1720123606971304600
1708787736195,left,acc,0.2298433631658554,-1.3742717504501343,9.739612579345703,1720123606980306600
1708787736234,left,acc,0.2298433631658554,-1.359906554222107,9.718064308166504,1720123606988306600
1708787736275,left,acc,0.26575639843940735,-1.3096283674240112,9.710882186889648,1720123606998307300
1708787736315,left,acc,0.2537853717803955,-1.3120225667953491,9.765948295593262,1720123607007306600
1708787736355,left,acc,0.2849099934101105,-1.3503297567367554,9.75637149810791,1720123607016304900
1708787736395,left,acc,0.24420857429504395,-1.3503297567367554,9.694122314453125,1720123607027306400
1708787736435,left,acc,0.26575639843940735,-1.400607943534851,9.751583099365234,1720123607038307100
1708787736475,left,acc,0.272938996553421,-1.3455413579940796,9.751583099365234,1720123607046306500
1708787736515,left,acc,0.23702596127986908,-1.3407529592514038,9.732429504394531,1720123607054308800
1708787736556,left,acc,0.3016694188117981,-1.3646949529647827,9.758766174316406,1720123607062852500
1708787736616,left,acc,0.19153612852096558,-1.3670891523361206,9.797073364257812,1720123607079879600
1708787736655,left,acc,0.2944868206977844,-1.335964560508728,9.768342971801758,1720123607087859600
1708787736696,left,acc,0.2753331959247589,-1.3527239561080933,9.749189376831055,1720123607092857200
1708787736736,left,acc,0.26096799969673157,-1.3455413579940796,9.794678688049316,1720123607098892700
1708787736756,left,acc,0.2753331959247589,-1.3120225667953491,9.6989107131958,1720123607105892900
1708787736799,left,acc,0.26575639843940735,-1.292868971824646,9.744400978088379,1720123607112901000
1708787736836,left,acc,0.24420857429504395,-1.3048399686813354,9.751583099365234,1720123607118856600
1708787736877,left,acc,0.24899697303771973,-1.3886369466781616,9.75397777557373,1720123607124856900
1708787736916,left,acc,0.2944868206977844,-1.455674648284912,9.710882186889648,1720123607131856700
1708787737017,left,acc,0.24181437492370605,-1.2521674633026123,9.765948295593262,1720123607153862100
1708787737056,left,acc,0.26575639843940735,-1.3263877630233765,9.758766174316406,1720123607158862300
1708787737103,left,acc,0.304063618183136,-1.3718775510787964,9.797073364257812,1720123607163373200
1708787737117,left,acc,0.2346317619085312,-1.278503656387329,9.72285270690918,1720123607170372200
1708787737157,left,acc,0.2561795711517334,-1.381454348564148,9.670180320739746,1720123607177373300
1708787737198,left,acc,0.2082955539226532,-1.3311761617660522,9.730035781860352,1720123607185372200
1708787737238,left,acc,0.26096799969673157,-1.335964560508728,9.75397777557373,1720123607193444600
1708787737278,left,acc,0.33518823981285095,-1.3215993642807007,9.751583099365234,1720123607201407300
1708787737317,left,acc,0.22026655077934265,-1.3527239561080933,9.739612579345703,1720123607210373300
1708787737358,left,acc,0.22266076505184174,-1.3335703611373901,9.749189376831055,1720123607216410100
1708787737399,left,acc,0.26336219906806946,-1.357512354850769,9.737217903137207,1720123607224413000
1708787737438,left,acc,0.2777273952960968,-1.3335703611373901,9.787496566772461,1720123607231407100
1708787737479,left,acc,0.18914192914962769,-1.3623007535934448,9.77791976928711,1720123607242406700
1708787737518,left,acc,0.272938996553421,-1.3766659498214722,9.720458984375,1720123607250435900
1708787737559,left,acc,0.2298433631658554,-1.338358759880066,9.775525093078613,1720123607260412100
1708787737600,left,acc,0.2346317619085312,-1.3623007535934448,9.739612579345703,1720123607270670200
1708787737639,left,acc,0.19632454216480255,-1.3239935636520386,9.751583099365234,1720123607280668400
1708787737679,left,acc,0.2777273952960968,-1.3215993642807007,9.768342971801758,1720123607290677300
1708787737721,left,acc,0.24420857429504395,-1.2952631711959839,9.706093788146973,1720123607300670200
1708787737779,left,acc,0.3232172429561615,-1.316810965538025,9.75397777557373,1720123607321671000
1708787737800,left,acc,0.28730419278144836,-1.3096283674240112,9.677363395690918,1720123607326637600
1708787737860,left,acc,0.23702596127986908,-1.3455413579940796,9.749189376831055,1720123607333669700
1708787737901,left,acc,0.26096799969673157,-1.3311761617660522,9.768342971801758,1720123607339634700
1708787737940,left,acc,0.2753331959247589,-1.3096283674240112,9.737217903137207,1720123607348641200
1708787738001,left,acc,0.2346317619085312,-1.3862427473068237,9.763554573059082,1720123607353641900
1708787738041,left,acc,0.28730419278144836,-1.3694833517074585,9.720458984375,1720123607360640300
1708787738081,left,acc,0.26096799969673157,-1.3215993642807007,9.734824180603027,1720123607366907100
1708787738121,left,acc,0.2561795711517334,-1.3551181554794312,9.744400978088379,1720123607373905700
1708787738140,left,acc,0.2082955539226532,-1.3120225667953491,9.77791976928711,1720123607380907500
1708787738161,left,acc,0.21547815203666687,-1.3407529592514038,9.708487510681152,1720123607386907700
1708787738181,left,acc,0.21787235140800476,-1.359906554222107,9.751583099365234,1720123607392906700
1708787738221,left,acc,0.22505496442317963,-1.3646949529647827,9.763554573059082,1720123607400907000
1708787738261,left,acc,0.26815059781074524,-1.290474772453308,9.679757118225098,1720123607413908700
1708787738302,left,acc,0.2346317619085312,-1.3048399686813354,9.821015357971191,1720123607421907100
1708787738341,left,acc,0.23942017555236816,-1.359906554222107,9.696516990661621,1720123607429929700
1708787738381,left,acc,0.26096799969673157,-1.3311761617660522,9.691728591918945,1720123607436908100
1708787738422,left,acc,0.2801215946674347,-1.357512354850769,9.718064308166504,1720123607442919400
1708787738462,left,acc,0.26575639843940735,-1.3766659498214722,9.773131370544434,1720123607448937100
1708787738503,left,acc,0.21787235140800476,-1.3407529592514038,9.739612579345703,1720123607455913700
1708787738541,left,acc,0.33997663855552673,-1.3718775510787964,9.780313491821289,1720123607461915200
1708787738579,left,acc,0.29209262132644653,-1.3287819623947144,9.787496566772461,1720123607467427500
1708787738620,left,acc,0.2298433631658554,-1.37906014919281,9.75397777557373,1720123607473426500
