server_time,trakstar_SensorID,trakstar_Status,trakstar_x,trakstar_y,trakstar_z,trakstar_azimuth,trakstar_elevation,trakstar_roll,trakstar_time,trakstar_SensorID,trakstar_Status,trakstar_x,trakstar_y,trakstar_z,trakstar_azimuth,trakstar_elevation,trakstar_roll,trakstar_time,trakstar_SensorID,trakstar_Status,trakstar_x,trakstar_y,trakstar_z,trakstar_azimuth,trakstar_elevation,trakstar_roll,trakstar_time,trakstar_SensorID,trakstar_Status,trakstar_x,trakstar_y,trakstar_z,trakstar_azimuth,trakstar_elevation,trakstar_roll,trakstar_time,video_time,video_id,intel_time,intel_frame,smartwatch_1_time,smartwatch_1_wrist_position,smartwatch_1_sensor_type,smartwatch_1_value_X_Axis,smartwatch_1_value_Y_Axis,smartwatch_1_value_Z_Axis,smartwatch_2_time,smartwatch_2_wrist_position,smartwatch_2_sensor_type,smartwatch_2_value_X_Axis,smartwatch_2_value_Y_Axis,smartwatch_2_value_Z_Axis,PDS_time,pedal_1,pedal_2,pedal_3,pedal_4,pedal_5,pedal_6,pedal_7,pedal_1_pressed,pedal_2_pressed,pedal_3_pressed,pedal_4_pressed,pedal_5_pressed,pedal_6_pressed,pedal_7_pressed,zed_time,zed_frame
1721315215880320600,0,0,0,0,0,0,0,0,0,0,0,0,0,0,0,0,0,0,0,0,0,0,0,0,0,0,0,0,0,0,0,0,0,0,0,0,0,0,-1,-1,0,0,0,0,0,0,0,0,0,0,0,0,-2,-2,-2,-2,-2,-2,-2,-2,-2,-2,-2,-2,-2,-2,-2,-1,-1
1721315215914328400,0,0,0,0,0,0,0,0,0,0,0,0,0,0,0,0,0,0,0,0,0,0,0,0,0,0,0,0,0,0,0,0,0,0,0,0,0,0,-1,-1,0,0,0,0,0,0,0,0,0,0,0,0,-2,-2,-2,-2,-2,-2,-2,-2,-2,-2,-2,-2,-2,-2,-2,-1,-1
1721315215947836800,0,0,0,0,0,0,0,0,0,0,0,0,0,0,0,0,0,0,0,0,0,0,0,0,0,0,0,0,0,0,0,0,0,0,0,0,0,0,-1,-1,0,0,0,0,0,0,0,0,0,0,0,0,-2,-2,-2,-2,-2,-2,-2,-2,-2,-2,-2,-2,-2,-2,-2,-1,-1
1721315215981336900,0,0,0,0,0,0,0,0,0,0,0,0,0,0,0,0,0,0,0,0,0,0,0,0,0,0,0,0,0,0,0,0,0,0,0,0,0,0,-1,-1,0,0,0,0,0,0,0,0,0,0,0,0,-2,-2,-2,-2,-2,-2,-2,-2,-2,-2,-2,-2,-2,-2,-2,-1,-1
1721315216015337400,0,0,0,0,0,0,0,0,0,0,0,0,0,0,0,0,0,0,0,0,0,0,0,0,0,0,0,0,0,0,0,0,0,0,0,0,0,0,-1,-1,0,0,0,0,0,0,0,0,0,0,0,0,-2,-2,-2,-2,-2,-2,-2,-2,-2,-2,-2,-2,-2,-2,-2,-1,-1
1721315216048856100,0,0,0,0,0,0,0,0,0,0,0,0,0,0,0,0,0,0,0,0,0,0,0,0,0,0,0,0,0,0,0,0,0,0,0,0,0,0,-1,-1,0,0,0,0,0,0,0,0,0,0,0,0,-1,-1,-1,-1,-1,-1,-1,0,0,0,0,0,0,0,1721315216027345500,-1,-1
1721315216082857500,0,0,0,0,0,0,0,0,0,0,0,0,0,0,0,0,0,0,0,0,0,0,0,0,0,0,0,0,0,0,0,0,0,0,0,0,0,0,-1,-1,0,0,0,0,0,0,0,0,0,0,0,0,-2,-2,-2,-2,-2,-2,-2,-2,-2,-2,-2,-2,-2,-2,-2,-1,-1
1721315216116597900,0,0,0,0,0,0,0,0,0,0,0,0,0,0,0,0,0,0,0,0,0,0,0,0,0,0,0,0,0,0,0,0,0,0,0,0,0,0,-1,-1,0,0,0,0,0,0,0,0,0,0,0,0,-2,-2,-2,-2,-2,-2,-2,-2,-2,-2,-2,-2,-2,-2,-2,-1,-1
1721315216150269800,0,0,0,0,0,0,0,0,0,0,0,0,0,0,0,0,0,0,0,0,0,0,0,0,0,0,0,0,0,0,0,0,0,0,0,0,0,0,-1,-1,0,0,0,0,0,0,0,0,0,0,0,0,-1,-1,-1,-1,-1,-1,-1,0,0,0,0,0,0,0,1721315216136656700,-1,-1
1721315216183666300,0,0,0,0,0,0,0,0,0,0,0,0,0,0,0,0,0,0,0,0,0,0,0,0,0,0,0,0,0,0,0,0,0,0,0,0,0,0,-1,-1,0,0,0,0,0,0,0,0,0,0,0,0,-2,-2,-2,-2,-2,-2,-2,-2,-2,-2,-2,-2,-2,-2,-2,-1,-1
1721315216217781900,0,0,0,0,0,0,0,0,0,0,0,0,0,0,0,0,0,0,0,0,0,0,0,0,0,0,0,0,0,0,0,0,0,0,0,0,0,0,-1,-1,0,0,0,0,0,0,0,0,0,0,0,0,-2,-2,-2,-2,-2,-2,-2,-2,-2,-2,-2,-2,-2,-2,-2,-1,-1
1721315216251430700,0,0,0,0,0,0,0,0,0,0,0,0,0,0,0,0,0,0,0,0,0,0,0,0,0,0,0,0,0,0,0,0,0,0,0,0,0,0,-1,-1,0,0,0,0,0,0,0,0,0,0,0,0,-1,-1,-1,-1,-1,-1,-1,0,0,0,0,0,0,0,1721315216246347800,-1,-1
1721315216285643900,0,0,0,0,0,0,0,0,0,0,0,0,0,0,0,0,0,0,0,0,0,0,0,0,0,0,0,0,0,0,0,0,0,0,0,0,0,0,-1,-1,0,0,0,0,0,0,0,0,0,0,0,0,-2,-2,-2,-2,-2,-2,-2,-2,-2,-2,-2,-2,-2,-2,-2,-1,-1
1721315216319913700,0,0,0,0,0,0,0,0,0,0,0,0,0,0,0,0,0,0,0,0,0,0,0,0,0,0,0,0,0,0,0,0,0,0,0,0,0,0,-1,-1,0,0,0,0,0,0,0,0,0,0,0,0,-2,-2,-2,-2,-2,-2,-2,-2,-2,-2,-2,-2,-2,-2,-2,-1,-1
1721315216353537300,0,0,0,0,0,0,0,0,0,0,0,0,0,0,0,0,0,0,0,0,0,0,0,0,0,0,0,0,0,0,0,0,0,0,0,0,0,0,-1,-1,0,0,0,0,0,0,0,0,0,0,0,0,-2,-2,-2,-2,-2,-2,-2,-2,-2,-2,-2,-2,-2,-2,-2,-1,-1
1721315216387662800,0,0,0,0,0,0,0,0,0,0,0,0,0,0,0,0,0,0,0,0,0,0,0,0,0,0,0,0,0,0,0,0,0,0,0,0,0,0,-1,-1,0,0,0,0,0,0,0,0,0,0,0,0,-1,-1,-1,-1,-1,-1,-1,0,0,0,0,0,0,0,1721315216355529500,-1,-1
1721315216421303200,0,0,0,0,0,0,0,0,0,0,0,0,0,0,0,0,0,0,0,0,0,0,0,0,0,0,0,0,0,0,0,0,0,0,0,0,0,0,-1,-1,0,0,0,0,0,0,0,0,0,0,0,0,-2,-2,-2,-2,-2,-2,-2,-2,-2,-2,-2,-2,-2,-2,-2,-1,-1
1721315216455387900,0,0,0,0,0,0,0,0,0,0,0,0,0,0,0,0,0,0,0,0,0,0,0,0,0,0,0,0,0,0,0,0,0,0,0,0,0,0,-1,-1,0,0,0,0,0,0,0,0,0,0,0,0,-2,-2,-2,-2,-2,-2,-2,-2,-2,-2,-2,-2,-2,-2,-2,-1,-1
1721315216488882200,0,0,0,0,0,0,0,0,0,0,0,0,0,0,0,0,0,0,0,0,0,0,0,0,0,0,0,0,0,0,0,0,0,0,0,0,0,0,-1,-1,0,0,0,0,0,0,0,0,0,0,0,0,-1,-1,-1,-1,-1,-1,-1,0,0,0,0,0,0,0,1721315216466902700,-1,-1
1721315216523010500,0,0,0,0,0,0,0,0,0,0,0,0,0,0,0,0,0,0,0,0,0,0,0,0,0,0,0,0,0,0,0,0,0,0,0,0,0,0,-1,-1,0,0,0,0,0,0,0,0,0,0,0,0,-2,-2,-2,-2,-2,-2,-2,-2,-2,-2,-2,-2,-2,-2,-2,-1,-1
1721315216556609800,0,0,0,0,0,0,0,0,0,0,0,0,0,0,0,0,0,0,0,0,0,0,0,0,0,0,0,0,0,0,0,0,0,0,0,0,0,0,-1,-1,0,0,0,0,0,0,0,0,0,0,0,0,-2,-2,-2,-2,-2,-2,-2,-2,-2,-2,-2,-2,-2,-2,-2,-1,-1
1721315216590163300,0,0,0,0,0,0,0,0,0,0,0,0,0,0,0,0,0,0,0,0,0,0,0,0,0,0,0,0,0,0,0,0,0,0,0,0,0,0,-1,-1,0,0,0,0,0,0,0,0,0,0,0,0,-1,-1,-1,-1,-1,-1,-1,0,0,0,0,0,0,0,1721315216577661100,-1,-1
1721315216624246200,0,0,0,0,0,0,0,0,0,0,0,0,0,0,0,0,0,0,0,0,0,0,0,0,0,0,0,0,0,0,0,0,0,0,0,0,0,0,-1,-1,0,0,0,0,0,0,0,0,0,0,0,0,-2,-2,-2,-2,-2,-2,-2,-2,-2,-2,-2,-2,-2,-2,-2,-1,-1
1721315216657825500,0,0,0,0,0,0,0,0,0,0,0,0,0,0,0,0,0,0,0,0,0,0,0,0,0,0,0,0,0,0,0,0,0,0,0,0,0,0,-1,-1,0,0,0,0,0,0,0,0,0,0,0,0,-2,-2,-2,-2,-2,-2,-2,-2,-2,-2,-2,-2,-2,-2,-2,-1,-1
1721315216691197000,0,0,0,0,0,0,0,0,0,0,0,0,0,0,0,0,0,0,0,0,0,0,0,0,0,0,0,0,0,0,0,0,0,0,0,0,0,0,-1,-1,0,0,0,0,0,0,0,0,0,0,0,0,-1,-1,-1,-1,-1,-1,-1,0,0,0,0,0,0,0,1721315216688192500,-1,-1
1721315216725325300,0,0,0,0,0,0,0,0,0,0,0,0,0,0,0,0,0,0,0,0,0,0,0,0,0,0,0,0,0,0,0,0,0,0,0,0,0,0,-1,-1,0,0,0,0,0,0,0,0,0,0,0,0,-2,-2,-2,-2,-2,-2,-2,-2,-2,-2,-2,-2,-2,-2,-2,-1,-1
1721315216758927800,0,0,0,0,0,0,0,0,0,0,0,0,0,0,0,0,0,0,0,0,0,0,0,0,0,0,0,0,0,0,0,0,0,0,0,0,0,0,-1,-1,0,0,0,0,0,0,0,0,0,0,0,0,-2,-2,-2,-2,-2,-2,-2,-2,-2,-2,-2,-2,-2,-2,-2,-1,-1
1721315216792808000,0,0,0,0,0,0,0,0,0,0,0,0,0,0,0,0,0,0,0,0,0,0,0,0,0,0,0,0,0,0,0,0,0,0,0,0,0,0,-1,-1,0,0,0,0,0,0,0,0,0,0,0,0,-2,-2,-2,-2,-2,-2,-2,-2,-2,-2,-2,-2,-2,-2,-2,-1,-1
1721315216826397100,0,0,0,0,0,0,0,0,0,0,0,0,0,0,0,0,0,0,0,0,0,0,0,0,0,0,0,0,0,0,0,0,0,0,0,0,0,0,-1,-1,0,0,0,0,0,0,0,0,0,0,0,0,-1,-1,-1,-1,-1,-1,-1,0,0,0,0,0,0,0,1721315216796806900,-1,-1
1721315216860476000,0,0,0,0,0,0,0,0,0,0,0,0,0,0,0,0,0,0,0,0,0,0,0,0,0,0,0,0,0,0,0,0,0,0,0,0,0,0,-1,-1,0,0,0,0,0,0,0,0,0,0,0,0,-2,-2,-2,-2,-2,-2,-2,-2,-2,-2,-2,-2,-2,-2,-2,-1,-1
1721315216894795300,0,0,0,0,0,0,0,0,0,0,0,0,0,0,0,0,0,0,0,0,0,0,0,0,0,0,0,0,0,0,0,0,0,0,0,0,0,0,-1,-1,0,0,0,0,0,0,0,0,0,0,0,0,-1,29.05,-1,5040.34,-1,65.77,14.0,0,0,0,1,0,0,0,1721315216867610000,-1,-1
1721315216928941700,0,0,0,0,0,0,0,0,0,0,0,0,0,0,0,0,0,0,0,0,0,0,0,0,0,0,0,0,0,0,0,0,0,0,0,0,0,0,-1,-1,0,0,0,0,0,0,0,0,0,0,0,0,-1,29.7,-1,5432.37,-1,65.46,13.0,0,0,0,1,0,0,0,1721315216916407100,-1,-1
1721315216962533500,0,0,0,0,0,0,0,0,0,0,0,0,0,0,0,0,0,0,0,0,0,0,0,0,0,0,0,0,0,0,0,0,0,0,0,0,0,0,-1,-1,0,0,0,0,0,0,0,0,0,0,0,0,-2,-2,-2,-2,-2,-2,-2,-2,-2,-2,-2,-2,-2,-2,-2,-1,-1
1721315216996128200,0,0,0,0,0,0,0,0,0,0,0,0,0,0,0,0,0,0,0,0,0,0,0,0,0,0,0,0,0,0,0,0,0,0,0,0,0,0,-1,-1,0,0,0,0,0,0,0,0,0,0,0,0,-1,29.91,-1,4684.79,-1,66.39,13.0,0,0,0,1,0,0,0,1721315216969540200,-1,-1
1721315217029507900,0,0,0,0,0,0,0,0,0,0,0,0,0,0,0,0,0,0,0,0,0,0,0,0,0,0,0,0,0,0,0,0,0,0,0,0,0,0,-1,-1,0,0,0,0,0,0,0,0,0,0,0,0,-1,29.91,-1,1884.62,-1,76.08,13.0,0,0,0,0,0,0,0,1721315217019204000,-1,-1
1721315217063652800,0,0,0,0,0,0,0,0,0,0,0,0,0,0,0,0,0,0,0,0,0,0,0,0,0,0,0,0,0,0,0,0,0,0,0,0,0,0,-1,-1,0,0,0,0,0,0,0,0,0,0,0,0,-2,-2,-2,-2,-2,-2,-2,-2,-2,-2,-2,-2,-2,-2,-2,-1,-1
1721315217097255800,0,0,0,0,0,0,0,0,0,0,0,0,0,0,0,0,0,0,0,0,0,0,0,0,0,0,0,0,0,0,0,0,0,0,0,0,0,0,-1,-1,0,0,0,0,0,0,0,0,0,0,0,0,-1,29.91,-1,444.95,-1,84.1,13.0,0,0,0,0,0,0,0,1721315217067653200,-1,-1
1721315217131210100,0,0,0,0,0,0,0,0,0,0,0,0,0,0,0,0,0,0,0,0,0,0,0,0,0,0,0,0,0,0,0,0,0,0,0,0,0,0,-1,-1,0,0,0,0,0,0,0,0,0,0,0,0,-1,29.91,-1,65.77,-1,90.4,13.0,0,0,0,0,0,0,0,1721315217117200800,-1,-1
1721315217164788600,0,0,0,0,0,0,0,0,0,0,0,0,0,0,0,0,0,0,0,0,0,0,0,0,0,0,0,0,0,0,0,0,0,0,0,0,0,0,-1,-1,0,0,0,0,0,0,0,0,0,0,0,0,-2,-2,-2,-2,-2,-2,-2,-2,-2,-2,-2,-2,-2,-2,-2,-1,-1
1721315217198378800,0,0,0,0,0,0,0,0,0,0,0,0,0,0,0,0,0,0,0,0,0,0,0,0,0,0,0,0,0,0,0,0,0,0,0,0,0,0,1721315217177311000,0,0,0,0,0,0,0,0,0,0,0,0,0,-1,29.7,-1,42.37,-1,89.26,14.0,0,0,0,0,0,0,0,1721315217165782200,-1,-1
1721315217232517900,0,0,0,0,0,0,0,0,0,0,0,0,0,0,0,0,0,0,0,0,0,0,0,0,0,0,0,0,0,0,0,0,0,0,0,0,0,0,-1,-1,0,0,0,0,0,0,0,0,0,0,0,0,-1,29.91,-1,29.91,-1,88.14,14.0,0,0,0,0,0,0,0,1721315217215443400,-1,-1
1721315217266121000,0,0,0,0,0,0,0,0,0,0,0,0,0,0,0,0,0,0,0,0,0,0,0,0,0,0,0,0,0,0,0,0,0,0,0,0,0,0,1721315217243049400,1,0,0,0,0,0,0,0,0,0,0,0,0,-1,29.91,-1,29.05,-1,81.6,14.0,0,0,0,0,0,0,0,1721315217265120100,-1,-1
1721315217300437700,0,0,0,0,0,0,0,0,0,0,0,0,0,0,0,0,0,0,0,0,0,0,0,0,0,0,0,0,0,0,0,0,0,0,0,0,0,0,-1,-1,0,0,0,0,0,0,0,0,0,0,0,0,-2,-2,-2,-2,-2,-2,-2,-2,-2,-2,-2,-2,-2,-2,-2,-1,-1
1721315217334216000,0,0,0,0,0,0,0,0,0,0,0,0,0,0,0,0,0,0,0,0,0,0,0,0,0,0,0,0,0,0,0,0,0,0,0,0,0,0,1721315217309623700,2,0,0,0,0,0,0,0,0,0,0,0,0,-1,29.91,-1,26.31,-1,64.85,14.0,0,0,0,0,0,0,0,1721315217314158500,-1,-1
1721315217367808900,0,0,0,0,0,0,0,0,0,0,0,0,0,0,0,0,0,0,0,0,0,0,0,0,0,0,0,0,0,0,0,0,0,0,0,0,0,0,-1,-1,0,0,0,0,0,0,0,0,0,0,0,0,-1,29.91,-1,22.45,-1,42.37,13.0,0,0,0,0,0,0,0,1721315217362809000,-1,-1
1721315217401423100,0,0,0,0,0,0,0,0,0,0,0,0,0,0,0,0,0,0,0,0,0,0,0,0,0,0,0,0,0,0,0,0,0,0,0,0,0,0,1721315217376352100,3,0,0,0,0,0,0,0,0,0,0,0,0,-2,-2,-2,-2,-2,-2,-2,-2,-2,-2,-2,-2,-2,-2,-2,-1,-1
1721315217435634600,0,0,0,0,0,0,0,0,0,0,0,0,0,0,0,0,0,0,0,0,0,0,0,0,0,0,0,0,0,0,0,0,0,0,0,0,0,0,-1,-1,0,0,0,0,0,0,0,0,0,0,0,0,-1,29.7,-1,23.65,-1,39.22,13.0,0,0,0,0,0,0,0,1721315217413072200,-1,-1
1721315217469773600,0,0,0,0,0,0,0,0,0,0,0,0,0,0,0,0,0,0,0,0,0,0,0,0,0,0,0,0,0,0,0,0,0,0,0,0,0,0,1721315217442664600,4,0,0,0,0,0,0,0,0,0,0,0,0,-1,29.7,-1,27.15,-1,36.17,13.0,0,0,0,0,0,0,0,1721315217461177200,-1,-1
1721315217503893200,0,0,0,0,0,0,0,0,0,0,0,0,0,0,0,0,0,0,0,0,0,0,0,0,0,0,0,0,0,0,0,0,0,0,0,0,0,0,-1,-1,0,0,0,0,0,0,0,0,0,0,0,0,-2,-2,-2,-2,-2,-2,-2,-2,-2,-2,-2,-2,-2,-2,-2,-1,-1
1721315217537510100,0,0,0,0,0,0,0,0,0,0,0,0,0,0,0,0,0,0,0,0,0,0,0,0,0,0,0,0,0,0,0,0,0,0,0,0,0,0,1721315217509895300,5,0,0,0,0,0,0,0,0,0,0,0,0,-1,29.91,-1,28.63,-1,38.75,14.0,0,0,0,0,0,0,0,1721315217509895300,-1,-1
1721315217571094500,0,0,0,0,0,0,0,0,0,0,0,0,0,0,0,0,0,0,0,0,0,0,0,0,0,0,0,0,0,0,0,0,0,0,0,0,0,0,-1,-1,0,0,0,0,0,0,0,0,0,0,0,0,-1,29.91,-1,23.65,-1,44.61,13.0,0,0,0,0,0,0,0,1721315217559567200,-1,-1
1721315217605161700,0,0,0,0,0,0,0,0,0,0,0,0,0,0,0,0,0,0,0,0,0,0,0,0,0,0,0,0,0,0,0,0,0,0,0,0,0,0,1721315217576161800,6,0,0,0,0,0,0,0,0,0,0,0,0,-2,-2,-2,-2,-2,-2,-2,-2,-2,-2,-2,-2,-2,-2,-2,-1,-1
1721315217638791700,0,0,0,0,0,0,0,0,0,0,0,0,0,0,0,0,0,0,0,0,0,0,0,0,0,0,0,0,0,0,0,0,0,0,0,0,0,0,-1,-1,0,0,0,0,0,0,0,0,0,0,0,0,-1,29.91,-1,23.45,-1,42.87,13.0,0,0,0,0,0,0,0,1721315217608153700,-1,-1
1721315217672666600,0,0,0,0,0,0,0,0,0,0,0,0,0,0,0,0,0,0,0,0,0,0,0,0,0,0,0,0,0,0,0,0,0,0,0,0,0,0,1721315217643242500,7,0,0,0,0,0,0,0,0,0,0,0,0,-1,29.91,-1,23.05,-1,48.46,14.0,0,0,0,0,0,0,0,1721315217657519200,-1,-1
1721315217706516800,0,0,0,0,0,0,0,0,0,0,0,0,0,0,0,0,0,0,0,0,0,0,0,0,0,0,0,0,0,0,0,0,0,0,0,0,0,0,-1,-1,0,0,0,0,0,0,0,0,0,0,0,0,-1,29.91,-1,23.25,-1,66.39,14.0,0,0,0,0,0,0,0,1721315217702518100,-1,-1
1721315217740100300,0,0,0,0,0,0,0,0,0,0,0,0,0,0,0,0,0,0,0,0,0,0,0,0,0,0,0,0,0,0,0,0,0,0,0,0,0,0,1721315217709523300,8,0,0,0,0,0,0,0,0,0,0,0,0,-2,-2,-2,-2,-2,-2,-2,-2,-2,-2,-2,-2,-2,-2,-2,-1,-1
1721315217774229100,0,0,0,0,0,0,0,0,0,0,0,0,0,0,0,0,0,0,0,0,0,0,0,0,0,0,0,0,0,0,0,0,0,0,0,0,0,0,-1,-1,0,0,0,0,0,0,0,0,0,0,0,0,-1,29.91,-1,23.65,-1,69.85,14.0,0,0,0,0,0,0,0,1721315217752163600,-1,-1
1721315217808354300,0,0,0,0,0,0,0,0,0,0,0,0,0,0,0,0,0,0,0,0,0,0,0,0,0,0,0,0,0,0,0,0,0,0,0,0,0,0,1721315217777235700,9,0,0,0,0,0,0,0,0,0,0,0,0,-1,29.7,-1,24.66,-1,82.31,14.0,0,0,0,0,0,0,0,1721315217801337300,-1,-1
1721315217842496600,0,0,0,0,0,0,0,0,0,0,0,0,0,0,0,0,0,0,0,0,0,0,0,0,0,0,0,0,0,0,0,0,0,0,0,0,0,0,-1,-1,0,0,0,0,0,0,0,0,0,0,0,0,-2,-2,-2,-2,-2,-2,-2,-2,-2,-2,-2,-2,-2,-2,-2,-1,-1
1721315217876506100,0,0,0,0,0,0,0,0,0,0,0,0,0,0,0,0,0,0,0,0,0,0,0,0,0,0,0,0,0,0,0,0,0,0,0,0,0,0,1721315217842496600,10,0,0,0,0,0,0,0,0,0,0,0,0,-1,29.7,-1,19.12,-1,86.29,13.0,0,0,0,0,0,0,0,1721315217850494400,-1,-1
1721315217910010700,0,0,0,0,0,0,0,0,0,0,0,0,0,0,0,0,0,0,0,0,0,0,0,0,0,0,0,0,0,0,0,0,0,0,0,0,0,0,-1,-1,0,0,0,0,0,0,0,0,0,0,0,0,-1,29.91,-1,13.56,-1,84.83,13.0,0,0,0,0,0,0,0,1721315217899008500,-1,-1
1721315217944186100,0,0,0,0,0,0,0,0,0,0,0,0,0,0,0,0,0,0,0,0,0,0,0,0,0,0,0,0,0,0,0,0,0,0,0,0,0,0,1721315217912009000,11,0,0,0,0,0,0,0,0,0,0,0,0,-2,-2,-2,-2,-2,-2,-2,-2,-2,-2,-2,-2,-2,-2,-2,-1,-1
1721315217978180700,0,0,0,0,0,0,0,0,0,0,0,0,0,0,0,0,0,0,0,0,0,0,0,0,0,0,0,0,0,0,0,0,0,0,0,0,0,0,-1,-1,0,0,0,0,0,0,0,0,0,0,0,0,-1,29.91,-1,12.84,-1,84.1,13.0,0,0,0,0,0,0,0,1721315217948174500,-1,-1
1721315218011707000,0,0,0,0,0,0,0,0,0,0,0,0,0,0,0,0,0,0,0,0,0,0,0,0,0,0,0,0,0,0,0,0,0,0,0,0,0,0,1721315217977180000,12,0,0,0,0,0,0,0,0,0,0,0,0,-1,29.91,-1,17.04,-1,77.78,14.0,0,0,0,0,0,0,0,1721315217997700500,-1,-1
1721315218045696500,0,0,0,0,0,0,0,0,0,0,0,0,0,0,0,0,0,0,0,0,0,0,0,0,0,0,0,0,0,0,0,0,0,0,0,0,0,0,-1,-1,0,0,0,0,0,0,0,0,0,0,0,0,-2,-2,-2,-2,-2,-2,-2,-2,-2,-2,-2,-2,-2,-2,-2,-1,-1
1721315218079716300,0,0,0,0,0,0,0,0,0,0,0,0,0,0,0,0,0,0,0,0,0,0,0,0,0,0,0,0,0,0,0,0,0,0,0,0,0,0,1721315218042707000,13,0,0,0,0,0,0,0,0,0,0,0,0,-1,29.91,-1,18.17,-1,69.53,13.0,0,0,0,0,0,0,0,1721315218046707200,-1,-1
1721315218113850000,0,0,0,0,0,0,0,0,0,0,0,0,0,0,0,0,0,0,0,0,0,0,0,0,0,0,0,0,0,0,0,0,0,0,0,0,0,0,-1,-1,0,0,0,0,0,0,0,0,0,0,0,0,-1,29.91,-1,19.7,-1,67.32,13.0,0,0,0,0,0,0,0,1721315218095855500,-1,-1
1721315218147939100,0,0,0,0,0,0,0,0,0,0,0,0,0,0,0,0,0,0,0,0,0,0,0,0,0,0,0,0,0,0,0,0,0,0,0,0,0,0,1721315218108849800,14,0,0,0,0,0,0,0,0,0,0,0,0,-1,29.7,-1,18.93,-1,66.7,14.0,0,0,0,0,0,0,0,1721315218144955100,-1,-1
1721315218181878200,0,0,0,0,0,0,0,0,0,0,0,0,0,0,0,0,0,0,0,0,0,0,0,0,0,0,0,0,0,0,0,0,0,0,0,0,0,0,-1,-1,0,0,0,0,0,0,0,0,0,0,0,0,-2,-2,-2,-2,-2,-2,-2,-2,-2,-2,-2,-2,-2,-2,-2,-1,-1
1721315218215455000,0,0,0,0,0,0,0,0,0,0,0,0,0,0,0,0,0,0,0,0,0,0,0,0,0,0,0,0,0,0,0,0,0,0,0,0,0,0,1721315218175884500,15,0,0,0,0,0,0,0,0,0,0,0,0,-1,29.91,-1,18.55,-1,78.46,14.0,0,0,0,0,0,0,0,1721315218193946500,-1,-1
1721315218249458200,0,0,0,0,0,0,0,0,0,0,0,0,0,0,0,0,0,0,0,0,0,0,0,0,0,0,0,0,0,0,0,0,0,0,0,0,0,0,-1,-1,0,0,0,0,0,0,0,0,0,0,0,0,-1,29.91,-1,19.32,-1,73.08,14.0,0,0,0,0,0,0,0,1721315218243457600,-1,-1
1721315218282975500,0,0,0,0,0,0,0,0,0,0,0,0,0,0,0,0,0,0,0,0,0,0,0,0,0,0,0,0,0,0,0,0,0,0,0,0,0,0,1721315218243457600,16,0,0,0,0,0,0,0,0,0,0,0,0,-2,-2,-2,-2,-2,-2,-2,-2,-2,-2,-2,-2,-2,-2,-2,-1,-1
1721315218316985000,0,0,0,0,0,0,0,0,0,0,0,0,0,0,0,0,0,0,0,0,0,0,0,0,0,0,0,0,0,0,0,0,0,0,0,0,0,0,-1,-1,0,0,0,0,0,0,0,0,0,0,0,0,-1,29.91,-1,16.29,-1,71.45,14.0,0,0,0,0,0,0,0,1721315218292982100,-1,-1
1721315218350990700,0,0,0,0,0,0,0,0,0,0,0,0,0,0,0,0,0,0,0,0,0,0,0,0,0,0,0,0,0,0,0,0,0,0,0,0,0,0,1721315218308983600,17,0,0,0,0,0,0,0,0,0,0,0,0,-1,29.91,-1,17.42,-1,73.74,13.0,0,0,0,0,0,0,0,1721315218341984800,-1,-1
1721315218384510400,0,0,0,0,0,0,0,0,0,0,0,0,0,0,0,0,0,0,0,0,0,0,0,0,0,0,0,0,0,0,0,0,0,0,0,0,0,0,-1,-1,0,0,0,0,0,0,0,0,0,0,0,0,-2,-2,-2,-2,-2,-2,-2,-2,-2,-2,-2,-2,-2,-2,-2,-1,-1
1721315218418512600,0,0,0,0,0,0,0,0,0,0,0,0,0,0,0,0,0,0,0,0,0,0,0,0,0,0,0,0,0,0,0,0,0,0,0,0,0,0,1721315218375996700,18,0,0,0,0,0,0,0,0,0,0,0,0,-1,29.7,-1,18.36,-1,88.89,14.0,0,0,0,0,0,0,0,1721315218390509500,-1,-1
1721315218452523400,0,0,0,0,0,0,0,0,0,0,0,0,0,0,0,0,0,0,0,0,0,0,0,0,0,0,0,0,0,0,0,0,0,0,0,0,0,0,-1,-1,0,0,0,0,0,0,0,0,0,0,0,0,-1,29.7,-1,18.74,-1,90.4,13.0,0,0,0,0,0,0,0,1721315218440508300,-1,-1
1721315218486059800,0,0,0,0,0,0,0,0,0,0,0,0,0,0,0,0,0,0,0,0,0,0,0,0,0,0,0,0,0,0,0,0,0,0,0,0,0,0,1721315218442513000,19,0,0,0,0,0,0,0,0,0,0,0,0,-1,29.91,-1,17.6,-1,87.03,14.0,0,0,0,0,0,0,0,1721315218485052800,-1,-1
1721315218520061000,0,0,0,0,0,0,0,0,0,0,0,0,0,0,0,0,0,0,0,0,0,0,0,0,0,0,0,0,0,0,0,0,0,0,0,0,0,0,-1,-1,0,0,0,0,0,0,0,0,0,0,0,0,-2,-2,-2,-2,-2,-2,-2,-2,-2,-2,-2,-2,-2,-2,-2,-1,-1
1721315218554060900,0,0,0,0,0,0,0,0,0,0,0,0,0,0,0,0,0,0,0,0,0,0,0,0,0,0,0,0,0,0,0,0,0,0,0,0,0,0,1721315218509053600,20,0,0,0,0,0,0,0,0,0,0,0,0,-1,29.91,-1,14.82,-1,85.19,14.0,0,0,0,0,0,0,0,1721315218534060500,-1,-1
1721315218588206100,0,0,0,0,0,0,0,0,0,0,0,0,0,0,0,0,0,0,0,0,0,0,0,0,0,0,0,0,0,0,0,0,0,0,0,0,0,0,-1,-1,0,0,0,0,0,0,0,0,0,0,0,0,-1,29.7,-1,14.82,-1,84.46,13.0,0,0,0,0,0,0,0,1721315218583073100,-1,-1
1721315218622206200,0,0,0,0,0,0,0,0,0,0,0,0,0,0,0,0,0,0,0,0,0,0,0,0,0,0,0,0,0,0,0,0,0,0,0,0,0,0,1721315218576080900,21,0,0,0,0,0,0,0,0,0,0,0,0,-2,-2,-2,-2,-2,-2,-2,-2,-2,-2,-2,-2,-2,-2,-2,-1,-1
1721315218656206600,0,0,0,0,0,0,0,0,0,0,0,0,0,0,0,0,0,0,0,0,0,0,0,0,0,0,0,0,0,0,0,0,0,0,0,0,0,0,-1,-1,0,0,0,0,0,0,0,0,0,0,0,0,-1,29.91,-1,15.19,-1,81.6,13.0,0,0,0,0,0,0,0,1721315218632198400,-1,-1
1721315218689755200,0,0,0,0,0,0,0,0,0,0,0,0,0,0,0,0,0,0,0,0,0,0,0,0,0,0,0,0,0,0,0,0,0,0,0,0,0,0,1721315218642209500,22,0,0,0,0,0,0,0,0,0,0,0,0,-1,29.91,-1,11.95,-1,84.83,14.0,0,0,0,0,0,0,0,1721315218682207000,-1,-1
1721315218723312100,0,0,0,0,0,0,0,0,0,0,0,0,0,0,0,0,0,0,0,0,0,0,0,0,0,0,0,0,0,0,0,0,0,0,0,0,0,0,-1,-1,0,0,0,0,0,0,0,0,0,0,0,0,-2,-2,-2,-2,-2,-2,-2,-2,-2,-2,-2,-2,-2,-2,-2,-1,-1
1721315218757302000,0,0,0,0,0,0,0,0,0,0,0,0,0,0,0,0,0,0,0,0,0,0,0,0,0,0,0,0,0,0,0,0,0,0,0,0,0,0,1721315218709261900,23,0,0,0,0,0,0,0,0,0,0,0,0,-1,29.91,-1,11.6,-1,87.03,14.0,0,0,0,0,0,0,0,1721315218731309900,-1,-1
1721315218790869600,0,0,0,0,0,0,0,0,0,0,0,0,0,0,0,0,0,0,0,0,0,0,0,0,0,0,0,0,0,0,0,0,0,0,0,0,0,0,-1,-1,0,0,0,0,0,0,0,0,0,0,0,0,-1,29.91,-1,11.25,-1,66.7,13.0,0,0,0,0,0,0,0,1721315218780311600,-1,-1
1721315218824861100,0,0,0,0,0,0,0,0,0,0,0,0,0,0,0,0,0,0,0,0,0,0,0,0,0,0,0,0,0,0,0,0,0,0,0,0,0,0,1721315218775311200,24,0,0,0,0,0,0,0,0,0,0,0,0,-2,-2,-2,-2,-2,-2,-2,-2,-2,-2,-2,-2,-2,-2,-2,-1,-1
1721315218858861900,0,0,0,0,0,0,0,0,0,0,0,0,0,0,0,0,0,0,0,0,0,0,0,0,0,0,0,0,0,0,0,0,0,0,0,0,0,0,-1,-1,0,0,0,0,0,0,0,0,0,0,0,0,-1,29.91,-1,11.43,-1,40.18,14.0,0,0,0,0,0,0,0,1721315218828861000,-1,-1
1721315218892375500,0,0,0,0,0,0,0,0,0,0,0,0,0,0,0,0,0,0,0,0,0,0,0,0,0,0,0,0,0,0,0,0,0,0,0,0,0,0,1721315218842867800,25,0,0,0,0,0,0,0,0,0,0,0,0,-1,29.7,-1,10.21,-1,40.42,13.0,0,0,0,0,0,0,0,1721315218877868000,-1,-1
1721315218926367400,0,0,0,0,0,0,0,0,0,0,0,0,0,0,0,0,0,0,0,0,0,0,0,0,0,0,0,0,0,0,0,0,0,0,0,0,0,0,-1,-1,0,0,0,0,0,0,0,0,0,0,0,0,-2,-2,-2,-2,-2,-2,-2,-2,-2,-2,-2,-2,-2,-2,-2,-1,-1
1721315218960378800,0,0,0,0,0,0,0,0,0,0,0,0,0,0,0,0,0,0,0,0,0,0,0,0,0,0,0,0,0,0,0,0,0,0,0,0,0,0,1721315218909380300,26,0,0,0,0,0,0,0,0,0,0,0,0,-1,29.91,-1,11.43,-1,48.2,14.0,0,0,0,0,0,0,0,1721315218927368100,-1,-1
1721315218993873700,0,0,0,0,0,0,0,0,0,0,0,0,0,0,0,0,0,0,0,0,0,0,0,0,0,0,0,0,0,0,0,0,0,0,0,0,0,0,-1,-1,0,0,0,0,0,0,0,0,0,0,0,0,-1,29.91,-1,11.78,-1,76.08,13.0,0,0,0,0,0,0,0,1721315218976369800,-1,-1
1721315219027876300,0,0,0,0,0,0,0,0,0,0,0,0,0,0,0,0,0,0,0,0,0,0,0,0,0,0,0,0,0,0,0,0,0,0,0,0,0,0,1721315218976369800,27,0,0,0,0,0,0,0,0,0,0,0,0,-1,29.91,-1,12.48,-1,84.83,14.0,0,0,0,0,0,0,0,1721315219025886200,-1,-1
1721315219061874200,0,0,0,0,0,0,0,0,0,0,0,0,0,0,0,0,0,0,0,0,0,0,0,0,0,0,0,0,0,0,0,0,0,0,0,0,0,0,-1,-1,0,0,0,0,0,0,0,0,0,0,0,0,-2,-2,-2,-2,-2,-2,-2,-2,-2,-2,-2,-2,-2,-2,-2,-1,-1
1721315219095551400,0,0,0,0,0,0,0,0,0,0,0,0,0,0,0,0,0,0,0,0,0,0,0,0,0,0,0,0,0,0,0,0,0,0,0,0,0,0,1721315219042876100,28,0,0,0,0,0,0,0,0,0,0,0,0,-1,29.91,-1,14.1,-1,88.51,13.0,0,0,0,0,0,0,0,1721315219075060800,-1,-1
1721315219129552500,0,0,0,0,0,0,0,0,0,0,0,0,0,0,0,0,0,0,0,0,0,0,0,0,0,0,0,0,0,0,0,0,0,0,0,0,0,0,1721315219109542000,29,0,0,0,0,0,0,0,0,0,0,0,0,-1,29.91,-1,13.56,-1,88.89,14.0,0,0,0,0,0,0,0,1721315219123543500,-1,-1
1721315219163550300,0,0,0,0,0,0,0,0,0,0,0,0,0,0,0,0,0,0,0,0,0,0,0,0,0,0,0,0,0,0,0,0,0,0,0,0,0,0,-1,-1,0,0,0,0,0,0,0,0,0,0,0,0,-2,-2,-2,-2,-2,-2,-2,-2,-2,-2,-2,-2,-2,-2,-2,-1,-1
1721315219197882700,0,0,0,0,0,0,0,0,0,0,0,0,0,0,0,0,0,0,0,0,0,0,0,0,0,0,0,0,0,0,0,0,0,0,0,0,0,0,1721315219176558800,30,0,0,0,0,0,0,0,0,0,0,0,0,-1,29.91,-1,14.1,-1,85.19,14.0,0,0,0,0,0,0,0,1721315219173566400,-1,-1
1721315219231874100,0,0,0,0,0,0,0,0,0,0,0,0,0,0,0,0,0,0,0,0,0,0,0,0,0,0,0,0,0,0,0,0,0,0,0,0,0,0,-1,-1,0,0,0,0,0,0,0,0,0,0,0,0,-1,29.91,-1,13.92,-1,91.16,14.0,0,0,0,0,0,0,0,1721315219217866400,-1,-1
1721315219265946000,0,0,0,0,0,0,0,0,0,0,0,0,0,0,0,0,0,0,0,0,0,0,0,0,0,0,0,0,0,0,0,0,0,0,0,0,0,0,1721315219241869800,31,0,0,0,0,0,0,0,0,0,0,0,0,-2,-2,-2,-2,-2,-2,-2,-2,-2,-2,-2,-2,-2,-2,-2,-1,-1
1721315219299525500,0,0,0,0,0,0,0,0,0,0,0,0,0,0,0,0,0,0,0,0,0,0,0,0,0,0,0,0,0,0,0,0,0,0,0,0,0,0,-1,-1,0,0,0,0,0,0,0,0,0,0,0,0,-1,29.91,-1,13.02,-1,84.83,14.0,0,0,0,0,0,0,0,1721315219266869900,-1,-1
1721315219333526600,0,0,0,0,0,0,0,0,0,0,0,0,0,0,0,0,0,0,0,0,0,0,0,0,0,0,0,0,0,0,0,0,0,0,0,0,0,0,-1,-1,0,0,0,0,0,0,0,0,0,0,0,0,-1,29.91,-1,11.78,-1,85.92,13.0,0,0,0,0,0,0,0,1721315219316533100,-1,-1
1721315219367526300,0,0,0,0,0,0,0,0,0,0,0,0,0,0,0,0,0,0,0,0,0,0,0,0,0,0,0,0,0,0,0,0,0,0,0,0,0,0,1721315219309518600,32,0,0,0,0,0,0,0,0,0,0,0,0,-1,29.91,-1,12.31,-1,95.05,14.0,0,0,0,0,0,0,0,1721315219365519700,-1,-1
1721315219401098100,0,0,0,0,0,0,0,0,0,0,0,0,0,0,0,0,0,0,0,0,0,0,0,0,0,0,0,0,0,0,0,0,0,0,0,0,0,0,1721315219375544400,33,0,0,0,0,0,0,0,0,0,0,0,0,-2,-2,-2,-2,-2,-2,-2,-2,-2,-2,-2,-2,-2,-2,-2,-1,-1
1721315219435097600,0,0,0,0,0,0,0,0,0,0,0,0,0,0,0,0,0,0,0,0,0,0,0,0,0,0,0,0,0,0,0,0,0,0,0,0,0,0,-1,-1,0,0,0,0,0,0,0,0,0,0,0,0,-1,29.91,-1,11.78,-1,124.12,14.0,0,0,0,0,0,0,0,1721315219415091100,-1,-1
1721315219469251800,0,0,0,0,0,0,0,0,0,0,0,0,0,0,0,0,0,0,0,0,0,0,0,0,0,0,0,0,0,0,0,0,0,0,0,0,0,0,1721315219443090100,34,0,0,0,0,0,0,0,0,0,0,0,0,-1,29.91,-1,11.78,-1,129.63,14.0,0,0,0,0,0,0,0,1721315219468165700,-1,-1
1721315219502705400,0,0,0,0,0,0,0,0,0,0,0,0,0,0,0,0,0,0,0,0,0,0,0,0,0,0,0,0,0,0,0,0,0,0,0,0,0,0,-1,-1,0,0,0,0,0,0,0,0,0,0,0,0,-2,-2,-2,-2,-2,-2,-2,-2,-2,-2,-2,-2,-2,-2,-2,-1,-1
1721315219536706000,0,0,0,0,0,0,0,0,0,0,0,0,0,0,0,0,0,0,0,0,0,0,0,0,0,0,0,0,0,0,0,0,0,0,0,0,0,0,1721315219508712100,35,0,0,0,0,0,0,0,0,0,0,0,0,-1,29.91,-1,13.02,-1,126.1,14.0,0,0,0,0,0,0,0,1721315219517707700,-1,-1
1721315219570720700,0,0,0,0,0,0,0,0,0,0,0,0,0,0,0,0,0,0,0,0,0,0,0,0,0,0,0,0,0,0,0,0,0,0,0,0,0,0,-1,-1,0,0,0,0,0,0,0,0,0,0,0,0,-1,29.91,-1,13.02,-1,136.97,14.0,0,0,0,0,0,0,0,1721315219566708900,-1,-1
1721315219604238900,0,0,0,0,0,0,0,0,0,0,0,0,0,0,0,0,0,0,0,0,0,0,0,0,0,0,0,0,0,0,0,0,0,0,0,0,0,0,1721315219575727000,36,0,0,0,0,0,0,0,0,0,0,0,0,-2,-2,-2,-2,-2,-2,-2,-2,-2,-2,-2,-2,-2,-2,-2,-1,-1
1721315219638280700,0,0,0,0,0,0,0,0,0,0,0,0,0,0,0,0,0,0,0,0,0,0,0,0,0,0,0,0,0,0,0,0,0,0,0,0,0,0,-1,-1,0,0,0,0,0,0,0,0,0,0,0,0,-1,29.91,-1,13.92,-1,131.69,14.0,0,0,0,0,0,0,0,1721315219615230800,-1,-1
1721315219672263600,0,0,0,0,0,0,0,0,0,0,0,0,0,0,0,0,0,0,0,0,0,0,0,0,0,0,0,0,0,0,0,0,0,0,0,0,0,0,1721315219642233300,37,0,0,0,0,0,0,0,0,0,0,0,0,-1,29.91,-1,14.1,-1,130.14,13.0,0,0,0,0,0,0,0,1721315219664239600,-1,-1
1721315219705791500,0,0,0,0,0,0,0,0,0,0,0,0,0,0,0,0,0,0,0,0,0,0,0,0,0,0,0,0,0,0,0,0,0,0,0,0,0,0,-1,-1,0,0,0,0,0,0,0,0,0,0,0,0,-2,-2,-2,-2,-2,-2,-2,-2,-2,-2,-2,-2,-2,-2,-2,-1,-1
1721315219739522700,0,0,0,0,0,0,0,0,0,0,0,0,0,0,0,0,0,0,0,0,0,0,0,0,0,0,0,0,0,0,0,0,0,0,0,0,0,0,1721315219708785700,38,0,0,0,0,0,0,0,0,0,0,0,0,-1,29.91,-1,15.37,-1,134.83,14.0,0,0,0,0,0,0,0,1721315219717784900,-1,-1
1721315219773548300,0,0,0,0,0,0,0,0,0,0,0,0,0,0,0,0,0,0,0,0,0,0,0,0,0,0,0,0,0,0,0,0,0,0,0,0,0,0,-1,-1,0,0,0,0,0,0,0,0,0,0,0,0,-1,29.91,-1,15.56,-1,145.26,14.0,0,0,0,0,0,0,0,1721315219767523800,-1,-1
1721315219807080700,0,0,0,0,0,0,0,0,0,0,0,0,0,0,0,0,0,0,0,0,0,0,0,0,0,0,0,0,0,0,0,0,0,0,0,0,0,0,1721315219775559100,39,0,0,0,0,0,0,0,0,0,0,0,0,-2,-2,-2,-2,-2,-2,-2,-2,-2,-2,-2,-2,-2,-2,-2,-1,-1
1721315219841072800,0,0,0,0,0,0,0,0,0,0,0,0,0,0,0,0,0,0,0,0,0,0,0,0,0,0,0,0,0,0,0,0,0,0,0,0,0,0,-1,-1,0,0,0,0,0,0,0,0,0,0,0,0,-1,29.91,-1,15.56,-1,139.14,14.0,0,0,0,0,0,0,0,1721315219816086900,-1,-1
1721315219875107000,0,0,0,0,0,0,0,0,0,0,0,0,0,0,0,0,0,0,0,0,0,0,0,0,0,0,0,0,0,0,0,0,0,0,0,0,0,0,1721315219842086300,40,0,0,0,0,0,0,0,0,0,0,0,0,-1,29.91,-1,13.56,-1,137.51,14.0,0,0,0,0,0,0,0,1721315219865073200,-1,-1
1721315219908624600,0,0,0,0,0,0,0,0,0,0,0,0,0,0,0,0,0,0,0,0,0,0,0,0,0,0,0,0,0,0,0,0,0,0,0,0,0,0,-1,-1,0,0,0,0,0,0,0,0,0,0,0,0,-2,-2,-2,-2,-2,-2,-2,-2,-2,-2,-2,-2,-2,-2,-2,-1,-1
1721315219942630300,0,0,0,0,0,0,0,0,0,0,0,0,0,0,0,0,0,0,0,0,0,0,0,0,0,0,0,0,0,0,0,0,0,0,0,0,0,0,1721315219908624600,41,0,0,0,0,0,0,0,0,0,0,0,0,-1,29.7,-1,13.56,-1,132.21,13.0,0,0,0,0,0,0,0,1721315219914622900,-1,-1
1721315219976625600,0,0,0,0,0,0,0,0,0,0,0,0,0,0,0,0,0,0,0,0,0,0,0,0,0,0,0,0,0,0,0,0,0,0,0,0,0,0,-1,-1,0,0,0,0,0,0,0,0,0,0,0,0,-1,29.91,-1,13.56,-1,124.61,14.0,0,0,0,0,0,0,0,1721315219967621500,-1,-1
1721315220010138000,0,0,0,0,0,0,0,0,0,0,0,0,0,0,0,0,0,0,0,0,0,0,0,0,0,0,0,0,0,0,0,0,0,0,0,0,0,0,1721315219975626500,42,0,0,0,0,0,0,0,0,0,0,0,0,-2,-2,-2,-2,-2,-2,-2,-2,-2,-2,-2,-2,-2,-2,-2,1721315220007781900,2
1721315220044146000,0,0,0,0,0,0,0,0,0,0,0,0,0,0,0,0,0,0,0,0,0,0,0,0,0,0,0,0,0,0,0,0,0,0,0,0,0,0,-1,-1,0,0,0,0,0,0,0,0,0,0,0,0,-1,29.7,-1,14.1,-1,123.63,13.0,0,0,0,0,0,0,0,1721315220017137200,1721315220039882900,3
1721315220078163200,0,0,0,0,0,0,0,0,0,0,0,0,0,0,0,0,0,0,0,0,0,0,0,0,0,0,0,0,0,0,0,0,0,0,0,0,0,0,1721315220042157800,43,0,0,0,0,0,0,0,0,0,0,0,0,-1,29.7,-1,13.38,-1,118.34,14.0,0,0,0,0,0,0,0,1721315220066149800,1721315220074063100,4
1721315220112281900,0,0,0,0,0,0,0,0,0,0,0,0,0,0,0,0,0,0,0,0,0,0,0,0,0,0,0,0,0,0,0,0,0,0,0,0,0,0,-1,-1,0,0,0,0,0,0,0,0,0,0,0,0,-2,-2,-2,-2,-2,-2,-2,-2,-2,-2,-2,-2,-2,-2,-2,1721315220107952900,5
1721315220145839000,0,0,0,0,0,0,0,0,0,0,0,0,0,0,0,0,0,0,0,0,0,0,0,0,0,0,0,0,0,0,0,0,0,0,0,0,0,0,1721315220108282900,44,0,0,0,0,0,0,0,0,0,0,0,0,-1,29.91,-1,16.11,-1,108.35,14.0,0,0,0,0,0,0,0,1721315220115288800,1721315220139526500,6
1721315220179875400,0,0,0,0,0,0,0,0,0,0,0,0,0,0,0,0,0,0,0,0,0,0,0,0,0,0,0,0,0,0,0,0,0,0,0,0,0,0,-1,-1,0,0,0,0,0,0,0,0,0,0,0,0,-1,29.91,-1,16.29,-1,103.2,13.0,0,0,0,0,0,0,0,1721315220164839000,1721315220174592800,7
1721315220213385000,0,0,0,0,0,0,0,0,0,0,0,0,0,0,0,0,0,0,0,0,0,0,0,0,0,0,0,0,0,0,0,0,0,0,0,0,0,0,1721315220175873700,45,0,0,0,0,0,0,0,0,0,0,0,0,-2,-2,-2,-2,-2,-2,-2,-2,-2,-2,-2,-2,-2,-2,-2,1721315220207511600,8
1721315220247377900,0,0,0,0,0,0,0,0,0,0,0,0,0,0,0,0,0,0,0,0,0,0,0,0,0,0,0,0,0,0,0,0,0,0,0,0,0,0,-1,-1,0,0,0,0,0,0,0,0,0,0,0,0,-1,29.91,-1,15.74,-1,110.11,14.0,0,0,0,0,0,0,0,1721315220217378100,1721315220240504600,9
1721315220281395700,0,0,0,0,0,0,0,0,0,0,0,0,0,0,0,0,0,0,0,0,0,0,0,0,0,0,0,0,0,0,0,0,0,0,0,0,0,0,1721315220242383500,46,0,0,0,0,0,0,0,0,0,0,0,0,-1,29.7,-1,16.11,-1,116.47,13.0,0,0,0,0,0,0,0,1721315220266378700,1721315220274340700,10
1721315220314916300,0,0,0,0,0,0,0,0,0,0,0,0,0,0,0,0,0,0,0,0,0,0,0,0,0,0,0,0,0,0,0,0,0,0,0,0,0,0,-1,-1,0,0,0,0,0,0,0,0,0,0,0,0,-2,-2,-2,-2,-2,-2,-2,-2,-2,-2,-2,-2,-2,-2,-2,1721315220309434700,11
1721315220348916000,0,0,0,0,0,0,0,0,0,0,0,0,0,0,0,0,0,0,0,0,0,0,0,0,0,0,0,0,0,0,0,0,0,0,0,0,0,0,1721315220308917200,47,0,0,0,0,0,0,0,0,0,0,0,0,-1,29.91,-1,15.74,-1,126.6,14.0,0,0,0,0,0,0,0,1721315220315917300,1721315220342160000,12
1721315220382946400,0,0,0,0,0,0,0,0,0,0,0,0,0,0,0,0,0,0,0,0,0,0,0,0,0,0,0,0,0,0,0,0,0,0,0,0,0,0,-1,-1,0,0,0,0,0,0,0,0,0,0,0,0,-1,29.7,-1,15.01,-1,123.14,14.0,0,0,0,0,0,0,0,1721315220364917100,1721315220375731500,13
1721315220417052000,0,0,0,0,0,0,0,0,0,0,0,0,0,0,0,0,0,0,0,0,0,0,0,0,0,0,0,0,0,0,0,0,0,0,0,0,0,0,1721315220375947300,48,0,0,0,0,0,0,0,0,0,0,0,0,-1,29.91,-1,15.56,-1,127.1,13.0,0,0,0,0,0,0,0,1721315220414047900,1721315219998002100,1
1721315220451036500,0,0,0,0,0,0,0,0,0,0,0,0,0,0,0,0,0,0,0,0,0,0,0,0,0,0,0,0,0,0,0,0,0,0,0,0,0,0,-1,-1,0,0,0,0,0,0,0,0,0,0,0,0,-2,-2,-2,-2,-2,-2,-2,-2,-2,-2,-2,-2,-2,-2,-2,1721315220442231900,14
1721315220484569200,0,0,0,0,0,0,0,0,0,0,0,0,0,0,0,0,0,0,0,0,0,0,0,0,0,0,0,0,0,0,0,0,0,0,0,0,0,0,1721315220442044200,49,0,0,0,0,0,0,0,0,0,0,0,0,-1,29.91,-1,14.64,-1,129.12,14.0,0,0,0,0,0,0,0,1721315220463037000,1721315220477353400,15
1721315220518573900,0,0,0,0,0,0,0,0,0,0,0,0,0,0,0,0,0,0,0,0,0,0,0,0,0,0,0,0,0,0,0,0,0,0,0,0,0,0,-1,-1,0,0,0,0,0,0,0,0,0,0,0,0,-1,29.91,-1,14.82,-1,129.12,14.0,0,0,0,0,0,0,0,1721315220516584500,1721315220508930900,16
1721315220552584300,0,0,0,0,0,0,0,0,0,0,0,0,0,0,0,0,0,0,0,0,0,0,0,0,0,0,0,0,0,0,0,0,0,0,0,0,0,0,1721315220508577600,50,0,0,0,0,0,0,0,0,0,0,0,0,-2,-2,-2,-2,-2,-2,-2,-2,-2,-2,-2,-2,-2,-2,-2,1721315220541744000,17
1721315220586137000,0,0,0,0,0,0,0,0,0,0,0,0,0,0,0,0,0,0,0,0,0,0,0,0,0,0,0,0,0,0,0,0,0,0,0,0,0,0,-1,-1,0,0,0,0,0,0,0,0,0,0,0,0,-1,29.91,-1,15.92,-1,128.61,14.0,0,0,0,0,0,0,0,1721315220565577000,1721315220573963300,18
1721315220620135900,0,0,0,0,0,0,0,0,0,0,0,0,0,0,0,0,0,0,0,0,0,0,0,0,0,0,0,0,0,0,0,0,0,0,0,0,0,0,1721315220575600000,51,0,0,0,0,0,0,0,0,0,0,0,0,-1,29.91,-1,16.11,-1,129.12,14.0,0,0,0,0,0,0,0,1721315220615130700,1721315220607456700,19
1721315220654126500,0,0,0,0,0,0,0,0,0,0,0,0,0,0,0,0,0,0,0,0,0,0,0,0,0,0,0,0,0,0,0,0,0,0,0,0,0,0,-1,-1,0,0,0,0,0,0,0,0,0,0,0,0,-2,-2,-2,-2,-2,-2,-2,-2,-2,-2,-2,-2,-2,-2,-2,1721315220640668900,20
1721315220687645000,0,0,0,0,0,0,0,0,0,0,0,0,0,0,0,0,0,0,0,0,0,0,0,0,0,0,0,0,0,0,0,0,0,0,0,0,0,0,1721315220642136800,52,0,0,0,0,0,0,0,0,0,0,0,0,-1,29.7,-1,15.74,-1,132.21,13.0,0,0,0,0,0,0,0,1721315220664136000,1721315220674561000,21
1721315220721654800,0,0,0,0,0,0,0,0,0,0,0,0,0,0,0,0,0,0,0,0,0,0,0,0,0,0,0,0,0,0,0,0,0,0,0,0,0,0,-1,-1,0,0,0,0,0,0,0,0,0,0,0,0,-1,29.91,-1,16.48,-1,131.17,14.0,0,0,0,0,0,0,0,1721315220713655500,1721315220708632400,22
1721315220755275300,0,0,0,0,0,0,0,0,0,0,0,0,0,0,0,0,0,0,0,0,0,0,0,0,0,0,0,0,0,0,0,0,0,0,0,0,0,0,1721315220708657700,53,0,0,0,0,0,0,0,0,0,0,0,0,-2,-2,-2,-2,-2,-2,-2,-2,-2,-2,-2,-2,-2,-2,-2,1721315220742858400,23
1721315220788818700,0,0,0,0,0,0,0,0,0,0,0,0,0,0,0,0,0,0,0,0,0,0,0,0,0,0,0,0,0,0,0,0,0,0,0,0,0,0,-1,-1,0,0,0,0,0,0,0,0,0,0,0,0,-1,29.7,-1,16.29,-1,133.78,13.0,0,0,0,0,0,0,0,1721315220766282600,1721315220776452500,24
1721315220822817800,0,0,0,0,0,0,0,0,0,0,0,0,0,0,0,0,0,0,0,0,0,0,0,0,0,0,0,0,0,0,0,0,0,0,0,0,0,0,1721315220776289300,54,0,0,0,0,0,0,0,0,0,0,0,0,-1,29.91,-1,15.74,-1,129.63,13.0,0,0,0,0,0,0,0,1721315220815812300,1721315220808881700,25
1721315220856818500,0,0,0,0,0,0,0,0,0,0,0,0,0,0,0,0,0,0,0,0,0,0,0,0,0,0,0,0,0,0,0,0,0,0,0,0,0,0,-1,-1,0,0,0,0,0,0,0,0,0,0,0,0,-2,-2,-2,-2,-2,-2,-2,-2,-2,-2,-2,-2,-2,-2,-2,1721315220843378200,26
1721315220890373300,0,0,0,0,0,0,0,0,0,0,0,0,0,0,0,0,0,0,0,0,0,0,0,0,0,0,0,0,0,0,0,0,0,0,0,0,0,0,1721315220842811200,55,0,0,0,0,0,0,0,0,0,0,0,0,-1,29.91,-1,14.64,-1,129.63,14.0,0,0,0,0,0,0,0,1721315220864817800,1721315220876715600,27
1721315220924366100,0,0,0,0,0,0,0,0,0,0,0,0,0,0,0,0,0,0,0,0,0,0,0,0,0,0,0,0,0,0,0,0,0,0,0,0,0,0,-1,-1,0,0,0,0,0,0,0,0,0,0,0,0,-1,29.91,-1,13.02,-1,130.66,13.0,0,0,0,0,0,0,0,1721315220914365200,1721315220912971100,28
1721315220958376200,0,0,0,0,0,0,0,0,0,0,0,0,0,0,0,0,0,0,0,0,0,0,0,0,0,0,0,0,0,0,0,0,0,0,0,0,0,0,1721315220909366100,56,0,0,0,0,0,0,0,0,0,0,0,0,-2,-2,-2,-2,-2,-2,-2,-2,-2,-2,-2,-2,-2,-2,-2,1721315220944236300,29
1721315220991930000,0,0,0,0,0,0,0,0,0,0,0,0,0,0,0,0,0,0,0,0,0,0,0,0,0,0,0,0,0,0,0,0,0,0,0,0,0,0,-1,-1,0,0,0,0,0,0,0,0,0,0,0,0,-1,29.91,-1,14.28,-1,127.6,14.0,0,0,0,0,0,0,0,1721315220963365800,1721315220978548000,30
1721315221025930000,0,0,0,0,0,0,0,0,0,0,0,0,0,0,0,0,0,0,0,0,0,0,0,0,0,0,0,0,0,0,0,0,0,0,0,0,0,0,1721315220975394200,57,0,0,0,0,0,0,0,0,0,0,0,0,-1,30.13,-1,14.46,-1,127.1,14.0,0,0,0,0,0,0,0,1721315221015935500,1721315221010709400,31
1721315221059941600,0,0,0,0,0,0,0,0,0,0,0,0,0,0,0,0,0,0,0,0,0,0,0,0,0,0,0,0,0,0,0,0,0,0,0,0,0,0,-1,-1,0,0,0,0,0,0,0,0,0,0,0,0,-2,-2,-2,-2,-2,-2,-2,-2,-2,-2,-2,-2,-2,-2,-2,1721315221044482300,32
1721315221093489800,0,0,0,0,0,0,0,0,0,0,0,0,0,0,0,0,0,0,0,0,0,0,0,0,0,0,0,0,0,0,0,0,0,0,0,0,0,0,1721315221041934800,58,0,0,0,0,0,0,0,0,0,0,0,0,-1,29.91,-1,14.82,-1,122.16,14.0,0,0,0,0,0,0,0,1721315221065931400,1721315221077554100,33
1721315221127477400,0,0,0,0,0,0,0,0,0,0,0,0,0,0,0,0,0,0,0,0,0,0,0,0,0,0,0,0,0,0,0,0,0,0,0,0,0,0,-1,-1,0,0,0,0,0,0,0,0,0,0,0,0,-1,29.91,-1,13.92,-1,115.08,13.0,0,0,0,0,0,0,0,1721315221114477400,1721315221109871400,34
1721315221161489900,0,0,0,0,0,0,0,0,0,0,0,0,0,0,0,0,0,0,0,0,0,0,0,0,0,0,0,0,0,0,0,0,0,0,0,0,0,0,1721315221108477400,59,0,0,0,0,0,0,0,0,0,0,0,0,-2,-2,-2,-2,-2,-2,-2,-2,-2,-2,-2,-2,-2,-2,-2,1721315221144046400,35
1721315221195036800,0,0,0,0,0,0,0,0,0,0,0,0,0,0,0,0,0,0,0,0,0,0,0,0,0,0,0,0,0,0,0,0,0,0,0,0,0,0,1721315221175518600,60,0,0,0,0,0,0,0,0,0,0,0,0,-1,29.91,-1,13.38,-1,118.81,13.0,0,0,0,0,0,0,0,1721315221163498300,1721315221179108700,36
1721315221229036000,0,0,0,0,0,0,0,0,0,0,0,0,0,0,0,0,0,0,0,0,0,0,0,0,0,0,0,0,0,0,0,0,0,0,0,0,0,0,-1,-1,0,0,0,0,0,0,0,0,0,0,0,0,-1,29.91,-1,14.46,-1,123.14,14.0,0,0,0,0,0,0,0,1721315221213046400,1721315221211653100,37
1721315221263027200,0,0,0,0,0,0,0,0,0,0,0,0,0,0,0,0,0,0,0,0,0,0,0,0,0,0,0,0,0,0,0,0,0,0,0,0,0,0,1721315221243033400,61,0,0,0,0,0,0,0,0,0,0,0,0,-2,-2,-2,-2,-2,-2,-2,-2,-2,-2,-2,-2,-2,-2,-2,1721315221247356900,38
1721315221297128500,0,0,0,0,0,0,0,0,0,0,0,0,0,0,0,0,0,0,0,0,0,0,0,0,0,0,0,0,0,0,0,0,0,0,0,0,0,0,-1,-1,0,0,0,0,0,0,0,0,0,0,0,0,-1,29.7,-1,14.46,-1,124.61,14.0,0,0,0,0,0,0,0,1721315221266035800,1721315221277827700,39
1721315221331137300,0,0,0,0,0,0,0,0,0,0,0,0,0,0,0,0,0,0,0,0,0,0,0,0,0,0,0,0,0,0,0,0,0,0,0,0,0,0,1721315221310144000,62,0,0,0,0,0,0,0,0,0,0,0,0,-1,29.91,-1,14.28,-1,114.62,13.0,0,0,0,0,0,0,0,1721315221315135000,1721315221313835500,40
1721315221365131300,0,0,0,0,0,0,0,0,0,0,0,0,0,0,0,0,0,0,0,0,0,0,0,0,0,0,0,0,0,0,0,0,0,0,0,0,0,0,-1,-1,0,0,0,0,0,0,0,0,0,0,0,0,-1,29.91,-1,14.28,-1,120.24,13.0,0,0,0,0,0,0,0,1721315221364137200,1721315221343886100,41
1721315221398653000,0,0,0,0,0,0,0,0,0,0,0,0,0,0,0,0,0,0,0,0,0,0,0,0,0,0,0,0,0,0,0,0,0,0,0,0,0,0,1721315221376133500,63,0,0,0,0,0,0,0,0,0,0,0,0,-2,-2,-2,-2,-2,-2,-2,-2,-2,-2,-2,-2,-2,-2,-2,1721315221380538600,42
1721315221432652400,0,0,0,0,0,0,0,0,0,0,0,0,0,0,0,0,0,0,0,0,0,0,0,0,0,0,0,0,0,0,0,0,0,0,0,0,0,0,-1,-1,0,0,0,0,0,0,0,0,0,0,0,0,-1,29.91,-1,14.64,-1,120.72,14.0,0,0,0,0,0,0,0,1721315221413651900,1721315221411706400,43
1721315221466651500,0,0,0,0,0,0,0,0,0,0,0,0,0,0,0,0,0,0,0,0,0,0,0,0,0,0,0,0,0,0,0,0,0,0,0,0,0,0,-1,-1,0,0,0,0,0,0,0,0,0,0,0,0,-1,29.91,-1,14.46,-1,115.08,13.0,0,0,0,0,0,0,0,1721315221462658300,1721315221447343800,44
1721315221500515700,0,0,0,0,0,0,0,0,0,0,0,0,0,0,0,0,0,0,0,0,0,0,0,0,0,0,0,0,0,0,0,0,0,0,0,0,0,0,1721315221442647600,64,0,0,0,0,0,0,0,0,0,0,0,0,-2,-2,-2,-2,-2,-2,-2,-2,-2,-2,-2,-2,-2,-2,-2,1721315221477738800,45
1721315221534515900,0,0,0,0,0,0,0,0,0,0,0,0,0,0,0,0,0,0,0,0,0,0,0,0,0,0,0,0,0,0,0,0,0,0,0,0,0,0,1721315221509508900,65,0,0,0,0,0,0,0,0,0,0,0,0,-1,29.91,-1,15.37,-1,107.04,14.0,0,0,0,0,0,0,0,1721315221511510500,1721315221515504600,46
1721315221568515900,0,0,0,0,0,0,0,0,0,0,0,0,0,0,0,0,0,0,0,0,0,0,0,0,0,0,0,0,0,0,0,0,0,0,0,0,0,0,-1,-1,0,0,0,0,0,0,0,0,0,0,0,0,-1,29.91,-1,15.56,-1,107.47,14.0,0,0,0,0,0,0,0,1721315221565527600,1721315221544330700,47
1721315221602069300,0,0,0,0,0,0,0,0,0,0,0,0,0,0,0,0,0,0,0,0,0,0,0,0,0,0,0,0,0,0,0,0,0,0,0,0,0,0,1721315221575531100,66,0,0,0,0,0,0,0,0,0,0,0,0,-2,-2,-2,-2,-2,-2,-2,-2,-2,-2,-2,-2,-2,-2,-2,1721315221580450700,48
1721315221636072600,0,0,0,0,0,0,0,0,0,0,0,0,0,0,0,0,0,0,0,0,0,0,0,0,0,0,0,0,0,0,0,0,0,0,0,0,0,0,-1,-1,0,0,0,0,0,0,0,0,0,0,0,0,-1,29.91,-1,15.37,-1,105.75,13.0,0,0,0,0,0,0,0,1721315221614073000,1721315221611089500,49
1721315221670061100,0,0,0,0,0,0,0,0,0,0,0,0,0,0,0,0,0,0,0,0,0,0,0,0,0,0,0,0,0,0,0,0,0,0,0,0,0,0,1721315221642061500,67,0,0,0,0,0,0,0,0,0,0,0,0,-1,29.91,-1,15.74,-1,108.79,14.0,0,0,0,0,0,0,0,1721315221663073400,1721315221647900200,50
1721315221703627000,0,0,0,0,0,0,0,0,0,0,0,0,0,0,0,0,0,0,0,0,0,0,0,0,0,0,0,0,0,0,0,0,0,0,0,0,0,0,-1,-1,0,0,0,0,0,0,0,0,0,0,0,0,-2,-2,-2,-2,-2,-2,-2,-2,-2,-2,-2,-2,-2,-2,-2,1721315221678916300,51
1721315221737622100,0,0,0,0,0,0,0,0,0,0,0,0,0,0,0,0,0,0,0,0,0,0,0,0,0,0,0,0,0,0,0,0,0,0,0,0,0,0,1721315221709624200,68,0,0,0,0,0,0,0,0,0,0,0,0,-1,29.91,-1,15.37,-1,109.23,14.0,0,0,0,0,0,0,0,1721315221712612800,1721315221714332400,52
1721315221771637300,0,0,0,0,0,0,0,0,0,0,0,0,0,0,0,0,0,0,0,0,0,0,0,0,0,0,0,0,0,0,0,0,0,0,0,0,0,0,-1,-1,0,0,0,0,0,0,0,0,0,0,0,0,-1,29.91,-1,16.48,-1,109.23,13.0,0,0,0,0,0,0,0,1721315221761622600,1721315221746430100,53
1721315221805230100,0,0,0,0,0,0,0,0,0,0,0,0,0,0,0,0,0,0,0,0,0,0,0,0,0,0,0,0,0,0,0,0,0,0,0,0,0,0,1721315221776640500,69,0,0,0,0,0,0,0,0,0,0,0,0,-2,-2,-2,-2,-2,-2,-2,-2,-2,-2,-2,-2,-2,-2,-2,1721315221781463000,54
1721315221839148600,0,0,0,0,0,0,0,0,0,0,0,0,0,0,0,0,0,0,0,0,0,0,0,0,0,0,0,0,0,0,0,0,0,0,0,0,0,0,-1,-1,0,0,0,0,0,0,0,0,0,0,0,0,-1,29.7,-1,15.01,-1,107.04,13.0,0,0,0,0,0,0,0,1721315221815147900,1721315221812290300,55
1721315221873146800,0,0,0,0,0,0,0,0,0,0,0,0,0,0,0,0,0,0,0,0,0,0,0,0,0,0,0,0,0,0,0,0,0,0,0,0,0,0,1721315221844141700,70,0,0,0,0,0,0,0,0,0,0,0,0,-1,29.91,-1,12.84,-1,92.7,13.0,0,0,0,0,0,0,0,1721315221864152700,1721315221850246800,56
1721315221906704300,0,0,0,0,0,0,0,0,0,0,0,0,0,0,0,0,0,0,0,0,0,0,0,0,0,0,0,0,0,0,0,0,0,0,0,0,0,0,-1,-1,0,0,0,0,0,0,0,0,0,0,0,0,-2,-2,-2,-2,-2,-2,-2,-2,-2,-2,-2,-2,-2,-2,-2,1721315221881144700,57
1721315221940711500,0,0,0,0,0,0,0,0,0,0,0,0,0,0,0,0,0,0,0,0,0,0,0,0,0,0,0,0,0,0,0,0,0,0,0,0,0,0,1721315221909697100,71,0,0,0,0,0,0,0,0,0,0,0,0,-1,29.91,-1,12.13,-1,84.1,13.0,0,0,0,0,0,0,0,1721315221909697100,1721315221915866000,58
1721315221974714300,0,0,0,0,0,0,0,0,0,0,0,0,0,0,0,0,0,0,0,0,0,0,0,0,0,0,0,0,0,0,0,0,0,0,0,0,0,0,-1,-1,0,0,0,0,0,0,0,0,0,0,0,0,-1,29.91,-1,12.84,-1,80.2,14.0,0,0,0,0,0,0,0,1721315221958703400,1721315221946550300,59
1721315222008238400,0,0,0,0,0,0,0,0,0,0,0,0,0,0,0,0,0,0,0,0,0,0,0,0,0,0,0,0,0,0,0,0,0,0,0,0,0,0,1721315221975705000,72,0,0,0,0,0,0,0,0,0,0,0,0,-1,29.91,-1,13.02,-1,83.74,14.0,0,0,0,0,0,0,0,1721315222007238700,1721315221982942400,60
1721315222042244000,0,0,0,0,0,0,0,0,0,0,0,0,0,0,0,0,0,0,0,0,0,0,0,0,0,0,0,0,0,0,0,0,0,0,0,0,0,0,-1,-1,0,0,0,0,0,0,0,0,0,0,0,0,-2,-2,-2,-2,-2,-2,-2,-2,-2,-2,-2,-2,-2,-2,-2,1721315222014704000,61
1721315222076255000,0,0,0,0,0,0,0,0,0,0,0,0,0,0,0,0,0,0,0,0,0,0,0,0,0,0,0,0,0,0,0,0,0,0,0,0,0,0,1721315222043231300,73,0,0,0,0,0,0,0,0,0,0,0,0,-1,29.91,-1,12.31,-1,83.74,14.0,0,0,0,0,0,0,0,1721315222056231100,1721315222049518200,62
1721315222109795300,0,0,0,0,0,0,0,0,0,0,0,0,0,0,0,0,0,0,0,0,0,0,0,0,0,0,0,0,0,0,0,0,0,0,0,0,0,0,-1,-1,0,0,0,0,0,0,0,0,0,0,0,0,-1,29.91,-1,13.74,-1,86.29,14.0,0,0,0,0,0,0,0,1721315222105799900,1721315222080753300,63
1721315222143863400,0,0,0,0,0,0,0,0,0,0,0,0,0,0,0,0,0,0,0,0,0,0,0,0,0,0,0,0,0,0,0,0,0,0,0,0,0,0,1721315222109795300,74,0,0,0,0,0,0,0,0,0,0,0,0,-2,-2,-2,-2,-2,-2,-2,-2,-2,-2,-2,-2,-2,-2,-2,1721315222114885700,64
1721315222177810000,0,0,0,0,0,0,0,0,0,0,0,0,0,0,0,0,0,0,0,0,0,0,0,0,0,0,0,0,0,0,0,0,0,0,0,0,0,0,-1,-1,0,0,0,0,0,0,0,0,0,0,0,0,-1,29.91,-1,14.46,-1,90.02,14.0,0,0,0,0,0,0,0,1721315222154792700,1721315222147378500,65
1721315222211334100,0,0,0,0,0,0,0,0,0,0,0,0,0,0,0,0,0,0,0,0,0,0,0,0,0,0,0,0,0,0,0,0,0,0,0,0,0,0,1721315222175815500,75,0,0,0,0,0,0,0,0,0,0,0,0,-1,29.91,-1,12.84,-1,91.16,14.0,0,0,0,0,0,0,0,1721315222204335200,1721315222183422000,66
1721315222245337200,0,0,0,0,0,0,0,0,0,0,0,0,0,0,0,0,0,0,0,0,0,0,0,0,0,0,0,0,0,0,0,0,0,0,0,0,0,0,-1,-1,0,0,0,0,0,0,0,0,0,0,0,0,-2,-2,-2,-2,-2,-2,-2,-2,-2,-2,-2,-2,-2,-2,-2,1721315222214746700,67
1721315222279334200,0,0,0,0,0,0,0,0,0,0,0,0,0,0,0,0,0,0,0,0,0,0,0,0,0,0,0,0,0,0,0,0,0,0,0,0,0,0,1721315222242340100,76,0,0,0,0,0,0,0,0,0,0,0,0,-1,29.91,-1,14.82,-1,92.7,14.0,0,0,0,0,0,0,0,1721315222253335400,1721315222251170000,68
1721315222312881800,0,0,0,0,0,0,0,0,0,0,0,0,0,0,0,0,0,0,0,0,0,0,0,0,0,0,0,0,0,0,0,0,0,0,0,0,0,0,-1,-1,0,0,0,0,0,0,0,0,0,0,0,0,-1,29.91,-1,14.64,-1,93.87,14.0,0,0,0,0,0,0,0,1721315222301898900,1721315222281941100,69
1721315222346892500,0,0,0,0,0,0,0,0,0,0,0,0,0,0,0,0,0,0,0,0,0,0,0,0,0,0,0,0,0,0,0,0,0,0,0,0,0,0,1721315222309881700,77,0,0,0,0,0,0,0,0,0,0,0,0,-2,-2,-2,-2,-2,-2,-2,-2,-2,-2,-2,-2,-2,-2,-2,1721315222319465600,70
1721315222380943300,0,0,0,0,0,0,0,0,0,0,0,0,0,0,0,0,0,0,0,0,0,0,0,0,0,0,0,0,0,0,0,0,0,0,0,0,0,0,-1,-1,0,0,0,0,0,0,0,0,0,0,0,0,-1,29.7,-1,14.64,-1,92.32,13.0,0,0,0,0,0,0,0,1721315222351880900,1721315219989190800,0
1721315222414504200,0,0,0,0,0,0,0,0,0,0,0,0,0,0,0,0,0,0,0,0,0,0,0,0,0,0,0,0,0,0,0,0,0,0,0,0,0,0,1721315222375942900,78,0,0,0,0,0,0,0,0,0,0,0,0,-1,29.7,-1,14.46,-1,98.65,13.0,0,0,0,0,0,0,0,1721315222400503800,1721315222386349800,71
1721315222447989300,0,0,0,0,0,0,0,0,0,0,0,0,0,0,0,0,0,0,0,0,0,0,0,0,0,0,0,0,0,0,0,0,0,0,0,0,0,0,-1,-1,0,0,0,0,0,0,0,0,0,0,0,0,-2,-2,-2,-2,-2,-2,-2,-2,-2,-2,-2,-2,-2,-2,-2,1721315222416057200,72
1721315222481994800,0,0,0,0,0,0,0,0,0,0,0,0,0,0,0,0,0,0,0,0,0,0,0,0,0,0,0,0,0,0,0,0,0,0,0,0,0,0,1721315222442988700,79,0,0,0,0,0,0,0,0,0,0,0,0,-1,29.91,-1,13.02,-1,104.04,14.0,0,0,0,0,0,0,0,1721315222449993200,1721315222481178200,74
1721315222515522700,0,0,0,0,0,0,0,0,0,0,0,0,0,0,0,0,0,0,0,0,0,0,0,0,0,0,0,0,0,0,0,0,0,0,0,0,0,0,-1,-1,0,0,0,0,0,0,0,0,0,0,0,0,-1,29.7,-1,12.13,-1,105.32,14.0,0,0,0,0,0,0,0,1721315222499531100,1721315222453497500,73
1721315222549522800,0,0,0,0,0,0,0,0,0,0,0,0,0,0,0,0,0,0,0,0,0,0,0,0,0,0,0,0,0,0,0,0,0,0,0,0,0,0,1721315222509523600,80,0,0,0,0,0,0,0,0,0,0,0,0,-1,29.91,-1,12.48,-1,101.94,14.0,0,0,0,0,0,0,0,1721315222548539400,1721315222516257100,75
1721315222583555500,0,0,0,0,0,0,0,0,0,0,0,0,0,0,0,0,0,0,0,0,0,0,0,0,0,0,0,0,0,0,0,0,0,0,0,0,0,0,-1,-1,0,0,0,0,0,0,0,0,0,0,0,0,-2,-2,-2,-2,-2,-2,-2,-2,-2,-2,-2,-2,-2,-2,-2,1721315222554543400,76
1721315222617586000,0,0,0,0,0,0,0,0,0,0,0,0,0,0,0,0,0,0,0,0,0,0,0,0,0,0,0,0,0,0,0,0,0,0,0,0,0,0,1721315222575541300,81,0,0,0,0,0,0,0,0,0,0,0,0,-1,29.7,-1,12.48,-1,101.11,14.0,0,0,0,0,0,0,0,1721315222601603300,1721315222615523000,78
1721315222651584800,0,0,0,0,0,0,0,0,0,0,0,0,0,0,0,0,0,0,0,0,0,0,0,0,0,0,0,0,0,0,0,0,0,0,0,0,0,0,-1,-1,0,0,0,0,0,0,0,0,0,0,0,0,-1,29.91,-1,12.31,-1,103.2,14.0,0,0,0,0,0,0,0,1721315222650585200,1721315222586482800,77
1721315222685607300,0,0,0,0,0,0,0,0,0,0,0,0,0,0,0,0,0,0,0,0,0,0,0,0,0,0,0,0,0,0,0,0,0,0,0,0,0,0,1721315222642586100,82,0,0,0,0,0,0,0,0,0,0,0,0,-2,-2,-2,-2,-2,-2,-2,-2,-2,-2,-2,-2,-2,-2,-2,1721315222683236700,80
1721315222719127800,0,0,0,0,0,0,0,0,0,0,0,0,0,0,0,0,0,0,0,0,0,0,0,0,0,0,0,0,0,0,0,0,0,0,0,0,0,0,-1,-1,0,0,0,0,0,0,0,0,0,0,0,0,-1,29.91,-1,12.13,-1,99.06,13.0,0,0,0,0,0,0,0,1721315222700128500,1721315222654045900,79
1721315222752829900,0,0,0,0,0,0,0,0,0,0,0,0,0,0,0,0,0,0,0,0,0,0,0,0,0,0,0,0,0,0,0,0,0,0,0,0,0,0,1721315222709120000,83,0,0,0,0,0,0,0,0,0,0,0,0,-1,29.91,-1,11.6,-1,93.09,13.0,0,0,0,0,0,0,0,1721315222748829100,1721315222748827800,82
1721315222787234600,0,0,0,0,0,0,0,0,0,0,0,0,0,0,0,0,0,0,0,0,0,0,0,0,0,0,0,0,0,0,0,0,0,0,0,0,0,0,-1,-1,0,0,0,0,0,0,0,0,0,0,0,0,-2,-2,-2,-2,-2,-2,-2,-2,-2,-2,-2,-2,-2,-2,-2,1721315222719629800,81
1721315222821241900,0,0,0,0,0,0,0,0,0,0,0,0,0,0,0,0,0,0,0,0,0,0,0,0,0,0,0,0,0,0,0,0,0,0,0,0,0,0,1721315222775838900,84,0,0,0,0,0,0,0,0,0,0,0,0,-1,29.91,-1,12.13,-1,90.02,13.0,0,0,0,0,0,0,0,1721315222798243900,1721315222815675900,84
1721315222855243200,0,0,0,0,0,0,0,0,0,0,0,0,0,0,0,0,0,0,0,0,0,0,0,0,0,0,0,0,0,0,0,0,0,0,0,0,0,0,-1,-1,0,0,0,0,0,0,0,0,0,0,0,0,-1,29.91,-1,11.43,-1,93.87,13.0,0,0,0,0,0,0,0,1721315222847241600,1721315222853987700,85
1721315222888778600,0,0,0,0,0,0,0,0,0,0,0,0,0,0,0,0,0,0,0,0,0,0,0,0,0,0,0,0,0,0,0,0,0,0,0,0,0,0,1721315222842239700,85,0,0,0,0,0,0,0,0,0,0,0,0,-2,-2,-2,-2,-2,-2,-2,-2,-2,-2,-2,-2,-2,-2,-2,1721315222888018000,86
1721315222922761500,0,0,0,0,0,0,0,0,0,0,0,0,0,0,0,0,0,0,0,0,0,0,0,0,0,0,0,0,0,0,0,0,0,0,0,0,0,0,-1,-1,0,0,0,0,0,0,0,0,0,0,0,0,-1,30.13,-1,11.08,-1,91.93,14.0,0,0,0,0,0,0,0,1721315222891769700,1721315222920541400,87
1721315222956771300,0,0,0,0,0,0,0,0,0,0,0,0,0,0,0,0,0,0,0,0,0,0,0,0,0,0,0,0,0,0,0,0,0,0,0,0,0,0,1721315222908775600,86,0,0,0,0,0,0,0,0,0,0,0,0,-1,29.91,-1,11.6,-1,95.44,14.0,0,0,0,0,0,0,0,1721315222941773100,1721315222951517200,88
1721315222990339500,0,0,0,0,0,0,0,0,0,0,0,0,0,0,0,0,0,0,0,0,0,0,0,0,0,0,0,0,0,0,0,0,0,0,0,0,0,0,-1,-1,0,0,0,0,0,0,0,0,0,0,0,0,-2,-2,-2,-2,-2,-2,-2,-2,-2,-2,-2,-2,-2,-2,-2,1721315222987042100,89
1721315223024340100,0,0,0,0,0,0,0,0,0,0,0,0,0,0,0,0,0,0,0,0,0,0,0,0,0,0,0,0,0,0,0,0,0,0,0,0,0,0,1721315222975796700,87,0,0,0,0,0,0,0,0,0,0,0,0,-1,29.91,-1,10.73,-1,96.24,14.0,0,0,0,0,0,0,0,1721315222990339500,1721315223015786500,90
1721315223058346000,0,0,0,0,0,0,0,0,0,0,0,0,0,0,0,0,0,0,0,0,0,0,0,0,0,0,0,0,0,0,0,0,0,0,0,0,0,0,-1,-1,0,0,0,0,0,0,0,0,0,0,0,0,-1,29.91,-1,11.08,-1,96.64,13.0,0,0,0,0,0,0,0,1721315223039335300,1721315223054864100,91
1721315223091873200,0,0,0,0,0,0,0,0,0,0,0,0,0,0,0,0,0,0,0,0,0,0,0,0,0,0,0,0,0,0,0,0,0,0,0,0,0,0,1721315223042346900,88,0,0,0,0,0,0,0,0,0,0,0,0,-1,29.91,-1,11.78,-1,96.24,14.0,0,0,0,0,0,0,0,1721315223088874500,1721315223086889200,92
1721315223125874400,0,0,0,0,0,0,0,0,0,0,0,0,0,0,0,0,0,0,0,0,0,0,0,0,0,0,0,0,0,0,0,0,0,0,0,0,0,0,-1,-1,0,0,0,0,0,0,0,0,0,0,0,0,-2,-2,-2,-2,-2,-2,-2,-2,-2,-2,-2,-2,-2,-2,-2,1721315223121540900,93
1721315223159874000,0,0,0,0,0,0,0,0,0,0,0,0,0,0,0,0,0,0,0,0,0,0,0,0,0,0,0,0,0,0,0,0,0,0,0,0,0,0,1721315223108867900,89,0,0,0,0,0,0,0,0,0,0,0,0,-1,29.91,-1,11.95,-1,95.84,13.0,0,0,0,0,0,0,0,1721315223137874300,1721315223151508800,94
1721315223193419200,0,0,0,0,0,0,0,0,0,0,0,0,0,0,0,0,0,0,0,0,0,0,0,0,0,0,0,0,0,0,0,0,0,0,0,0,0,0,-1,-1,0,0,0,0,0,0,0,0,0,0,0,0,-1,29.91,-1,12.31,-1,91.93,14.0,0,0,0,0,0,0,0,1721315223187425000,1721315223188609000,95
1721315223227419400,0,0,0,0,0,0,0,0,0,0,0,0,0,0,0,0,0,0,0,0,0,0,0,0,0,0,0,0,0,0,0,0,0,0,0,0,0,0,1721315223174893600,90,0,0,0,0,0,0,0,0,0,0,0,0,-2,-2,-2,-2,-2,-2,-2,-2,-2,-2,-2,-2,-2,-2,-2,1721315223218224900,96
1721315223261420000,0,0,0,0,0,0,0,0,0,0,0,0,0,0,0,0,0,0,0,0,0,0,0,0,0,0,0,0,0,0,0,0,0,0,0,0,0,0,-1,-1,0,0,0,0,0,0,0,0,0,0,0,0,-1,29.7,-1,11.78,-1,88.89,14.0,0,0,0,0,0,0,0,1721315223236420200,1721315223254857000,97
1721315223294984400,0,0,0,0,0,0,0,0,0,0,0,0,0,0,0,0,0,0,0,0,0,0,0,0,0,0,0,0,0,0,0,0,0,0,0,0,0,0,1721315223242418200,91,0,0,0,0,0,0,0,0,0,0,0,0,-1,29.91,-1,11.43,-1,86.29,14.0,0,0,0,0,0,0,0,1721315223284450100,1721315223287277400,98
1721315223328979800,0,0,0,0,0,0,0,0,0,0,0,0,0,0,0,0,0,0,0,0,0,0,0,0,0,0,0,0,0,0,0,0,0,0,0,0,0,0,1721315223308980000,92,0,0,0,0,0,0,0,0,0,0,0,0,-2,-2,-2,-2,-2,-2,-2,-2,-2,-2,-2,-2,-2,-2,-2,1721315223321716100,99
1721315223362983100,0,0,0,0,0,0,0,0,0,0,0,0,0,0,0,0,0,0,0,0,0,0,0,0,0,0,0,0,0,0,0,0,0,0,0,0,0,0,-1,-1,0,0,0,0,0,0,0,0,0,0,0,0,-1,29.7,-1,12.13,-1,87.4,13.0,0,0,0,0,0,0,0,1721315223334977600,1721315223351907000,100
1721315223396491400,0,0,0,0,0,0,0,0,0,0,0,0,0,0,0,0,0,0,0,0,0,0,0,0,0,0,0,0,0,0,0,0,0,0,0,0,0,0,1721315223374981600,93,0,0,0,0,0,0,0,0,0,0,0,0,-1,29.91,-1,11.6,-1,87.03,14.0,0,0,0,0,0,0,0,1721315223383981100,1721315223396391700,101
1721315223430493400,0,0,0,0,0,0,0,0,0,0,0,0,0,0,0,0,0,0,0,0,0,0,0,0,0,0,0,0,0,0,0,0,0,0,0,0,0,0,-1,-1,0,0,0,0,0,0,0,0,0,0,0,0,-2,-2,-2,-2,-2,-2,-2,-2,-2,-2,-2,-2,-2,-2,-2,1721315223420445800,102
1721315223464503300,0,0,0,0,0,0,0,0,0,0,0,0,0,0,0,0,0,0,0,0,0,0,0,0,0,0,0,0,0,0,0,0,0,0,0,0,0,0,1721315223442493000,94,0,0,0,0,0,0,0,0,0,0,0,0,-1,29.91,-1,11.78,-1,89.64,13.0,0,0,0,0,0,0,0,1721315223432493000,1721315223457221100,103
1721315223498066000,0,0,0,0,0,0,0,0,0,0,0,0,0,0,0,0,0,0,0,0,0,0,0,0,0,0,0,0,0,0,0,0,0,0,0,0,0,0,-1,-1,0,0,0,0,0,0,0,0,0,0,0,0,-1,29.91,-1,11.25,-1,87.03,14.0,0,0,0,0,0,0,0,1721315223482518300,1721315222787821400,83
1721315223532066200,0,0,0,0,0,0,0,0,0,0,0,0,0,0,0,0,0,0,0,0,0,0,0,0,0,0,0,0,0,0,0,0,0,0,0,0,0,0,1721315223509058900,95,0,0,0,0,0,0,0,0,0,0,0,0,-1,29.91,-1,11.43,-1,88.14,14.0,0,0,0,0,0,0,0,1721315223531069000,1721315223522615200,105
1721315223566065900,0,0,0,0,0,0,0,0,0,0,0,0,0,0,0,0,0,0,0,0,0,0,0,0,0,0,0,0,0,0,0,0,0,0,0,0,0,0,-1,-1,0,0,0,0,0,0,0,0,0,0,0,0,-2,-2,-2,-2,-2,-2,-2,-2,-2,-2,-2,-2,-2,-2,-2,1721315223553156300,106
1721315223600244200,0,0,0,0,0,0,0,0,0,0,0,0,0,0,0,0,0,0,0,0,0,0,0,0,0,0,0,0,0,0,0,0,0,0,0,0,0,0,1721315223576062600,96,0,0,0,0,0,0,0,0,0,0,0,0,-1,29.91,-1,10.55,-1,78.12,14.0,0,0,0,0,0,0,0,1721315223580074600,1721315223589750000,107
1721315223634244600,0,0,0,0,0,0,0,0,0,0,0,0,0,0,0,0,0,0,0,0,0,0,0,0,0,0,0,0,0,0,0,0,0,0,0,0,0,0,-1,-1,0,0,0,0,0,0,0,0,0,0,0,0,-1,29.7,-1,10.38,-1,74.74,14.0,0,0,0,0,0,0,0,1721315223625232800,1721315223620451100,108
1721315223668240400,0,0,0,0,0,0,0,0,0,0,0,0,0,0,0,0,0,0,0,0,0,0,0,0,0,0,0,0,0,0,0,0,0,0,0,0,0,0,1721315223642234000,97,0,0,0,0,0,0,0,0,0,0,0,0,-2,-2,-2,-2,-2,-2,-2,-2,-2,-2,-2,-2,-2,-2,-2,1721315223656661500,109
1721315223701752900,0,0,0,0,0,0,0,0,0,0,0,0,0,0,0,0,0,0,0,0,0,0,0,0,0,0,0,0,0,0,0,0,0,0,0,0,0,0,-1,-1,0,0,0,0,0,0,0,0,0,0,0,0,-1,29.91,-1,9.69,-1,75.74,14.0,0,0,0,0,0,0,0,1721315223674247100,1721315223503802700,104
1721315223735761200,0,0,0,0,0,0,0,0,0,0,0,0,0,0,0,0,0,0,0,0,0,0,0,0,0,0,0,0,0,0,0,0,0,0,0,0,0,0,1721315223708759800,98,0,0,0,0,0,0,0,0,0,0,0,0,-1,29.91,-1,10.21,-1,79.5,14.0,0,0,0,0,0,0,0,1721315223723763200,1721315223722962400,111
1721315223769761300,0,0,0,0,0,0,0,0,0,0,0,0,0,0,0,0,0,0,0,0,0,0,0,0,0,0,0,0,0,0,0,0,0,0,0,0,0,0,-1,-1,0,0,0,0,0,0,0,0,0,0,0,0,-2,-2,-2,-2,-2,-2,-2,-2,-2,-2,-2,-2,-2,-2,-2,1721315223752899200,112
1721315223803303600,0,0,0,0,0,0,0,0,0,0,0,0,0,0,0,0,0,0,0,0,0,0,0,0,0,0,0,0,0,0,0,0,0,0,0,0,0,0,1721315223775788800,99,0,0,0,0,0,0,0,0,0,0,0,0,-1,29.91,-1,11.08,-1,82.31,14.0,0,0,0,0,0,0,0,1721315223772783900,1721315223790536200,113
1721315223837303600,0,0,0,0,0,0,0,0,0,0,0,0,0,0,0,0,0,0,0,0,0,0,0,0,0,0,0,0,0,0,0,0,0,0,0,0,0,0,-1,-1,0,0,0,0,0,0,0,0,0,0,0,0,-1,29.7,-1,11.08,-1,83.38,14.0,0,0,0,0,0,0,0,1721315223822304200,1721315223821135800,114
1721315223871603300,0,0,0,0,0,0,0,0,0,0,0,0,0,0,0,0,0,0,0,0,0,0,0,0,0,0,0,0,0,0,0,0,0,0,0,0,0,0,1721315223842298100,100,0,0,0,0,0,0,0,0,0,0,0,0,-1,29.91,-1,9.69,-1,84.1,13.0,0,0,0,0,0,0,0,1721315223870587900,1721315223856756000,115
1721315223905133900,0,0,0,0,0,0,0,0,0,0,0,0,0,0,0,0,0,0,0,0,0,0,0,0,0,0,0,0,0,0,0,0,0,0,0,0,0,0,-1,-1,0,0,0,0,0,0,0,0,0,0,0,0,-2,-2,-2,-2,-2,-2,-2,-2,-2,-2,-2,-2,-2,-2,-2,1721315223903442200,116
1721315223939126600,0,0,0,0,0,0,0,0,0,0,0,0,0,0,0,0,0,0,0,0,0,0,0,0,0,0,0,0,0,0,0,0,0,0,0,0,0,0,1721315223909126000,101,0,0,0,0,0,0,0,0,0,0,0,0,-1,29.91,-1,10.73,-1,85.56,14.0,0,0,0,0,0,0,0,1721315223920131600,1721315223924085800,117
1721315223973142700,0,0,0,0,0,0,0,0,0,0,0,0,0,0,0,0,0,0,0,0,0,0,0,0,0,0,0,0,0,0,0,0,0,0,0,0,0,0,-1,-1,0,0,0,0,0,0,0,0,0,0,0,0,-1,29.91,-1,10.55,-1,82.67,13.0,0,0,0,0,0,0,0,1721315223969136100,1721315223954856700,118
1721315224006678600,0,0,0,0,0,0,0,0,0,0,0,0,0,0,0,0,0,0,0,0,0,0,0,0,0,0,0,0,0,0,0,0,0,0,0,0,0,0,1721315223976152400,102,0,0,0,0,0,0,0,0,0,0,0,0,-2,-2,-2,-2,-2,-2,-2,-2,-2,-2,-2,-2,-2,-2,-2,1721315224003712600,119
1721315224040663600,0,0,0,0,0,0,0,0,0,0,0,0,0,0,0,0,0,0,0,0,0,0,0,0,0,0,0,0,0,0,0,0,0,0,0,0,0,0,-1,-1,0,0,0,0,0,0,0,0,0,0,0,0,-1,29.7,-1,9.86,-1,82.67,14.0,0,0,0,0,0,0,0,1721315224014671700,1721315224021339900,120
1721315224074690000,0,0,0,0,0,0,0,0,0,0,0,0,0,0,0,0,0,0,0,0,0,0,0,0,0,0,0,0,0,0,0,0,0,0,0,0,0,0,1721315224042666100,103,0,0,0,0,0,0,0,0,0,0,0,0,-1,29.91,-1,11.25,-1,85.56,14.0,0,0,0,0,0,0,0,1721315224063663000,1721315224057683300,121
1721315224108214500,0,0,0,0,0,0,0,0,0,0,0,0,0,0,0,0,0,0,0,0,0,0,0,0,0,0,0,0,0,0,0,0,0,0,0,0,0,0,-1,-1,0,0,0,0,0,0,0,0,0,0,0,0,-2,-2,-2,-2,-2,-2,-2,-2,-2,-2,-2,-2,-2,-2,-2,1721315224105550700,122
1721315224142221900,0,0,0,0,0,0,0,0,0,0,0,0,0,0,0,0,0,0,0,0,0,0,0,0,0,0,0,0,0,0,0,0,0,0,0,0,0,0,1721315224109231600,104,0,0,0,0,0,0,0,0,0,0,0,0,-1,29.91,-1,11.78,-1,87.4,14.0,0,0,0,0,0,0,0,1721315224113215800,1721315224123302300,123
1721315224176413300,0,0,0,0,0,0,0,0,0,0,0,0,0,0,0,0,0,0,0,0,0,0,0,0,0,0,0,0,0,0,0,0,0,0,0,0,0,0,-1,-1,0,0,0,0,0,0,0,0,0,0,0,0,-1,29.91,-1,10.9,-1,91.16,13.0,0,0,0,0,0,0,0,1721315224162391300,1721315224154137700,124
1721315224209909600,0,0,0,0,0,0,0,0,0,0,0,0,0,0,0,0,0,0,0,0,0,0,0,0,0,0,0,0,0,0,0,0,0,0,0,0,0,0,1721315224175398100,105,0,0,0,0,0,0,0,0,0,0,0,0,-2,-2,-2,-2,-2,-2,-2,-2,-2,-2,-2,-2,-2,-2,-2,1721315224190771100,125
1721315224243907100,0,0,0,0,0,0,0,0,0,0,0,0,0,0,0,0,0,0,0,0,0,0,0,0,0,0,0,0,0,0,0,0,0,0,0,0,0,0,-1,-1,0,0,0,0,0,0,0,0,0,0,0,0,-1,29.91,-1,10.55,-1,90.02,14.0,0,0,0,0,0,0,0,1721315224210908400,1721315224223988500,126
1721315224277914900,0,0,0,0,0,0,0,0,0,0,0,0,0,0,0,0,0,0,0,0,0,0,0,0,0,0,0,0,0,0,0,0,0,0,0,0,0,0,1721315224241913600,106,0,0,0,0,0,0,0,0,0,0,0,0,-1,29.91,-1,11.25,-1,89.64,14.0,0,0,0,0,0,0,0,1721315224259909700,1721315224263243400,127
1721315224311667800,0,0,0,0,0,0,0,0,0,0,0,0,0,0,0,0,0,0,0,0,0,0,0,0,0,0,0,0,0,0,0,0,0,0,0,0,0,0,-1,-1,0,0,0,0,0,0,0,0,0,0,0,0,-1,29.7,-1,10.55,-1,93.09,14.0,0,0,0,0,0,0,0,1721315224309667400,1721315224304770900,128
1721315224345684800,0,0,0,0,0,0,0,0,0,0,0,0,0,0,0,0,0,0,0,0,0,0,0,0,0,0,0,0,0,0,0,0,0,0,0,0,0,0,1721315224308667200,107,0,0,0,0,0,0,0,0,0,0,0,0,-2,-2,-2,-2,-2,-2,-2,-2,-2,-2,-2,-2,-2,-2,-2,1721315224327421500,129
1721315224379675100,0,0,0,0,0,0,0,0,0,0,0,0,0,0,0,0,0,0,0,0,0,0,0,0,0,0,0,0,0,0,0,0,0,0,0,0,0,0,-1,-1,0,0,0,0,0,0,0,0,0,0,0,0,-1,29.7,-1,10.55,-1,90.02,14.0,0,0,0,0,0,0,0,1721315224358672500,1721315224357089000,130
1721315224413199900,0,0,0,0,0,0,0,0,0,0,0,0,0,0,0,0,0,0,0,0,0,0,0,0,0,0,0,0,0,0,0,0,0,0,0,0,0,0,1721315224375678100,108,0,0,0,0,0,0,0,0,0,0,0,0,-1,29.7,-1,11.25,-1,96.24,14.0,0,0,0,0,0,0,0,1721315224407199600,1721315224404199300,131
1721315224447187700,0,0,0,0,0,0,0,0,0,0,0,0,0,0,0,0,0,0,0,0,0,0,0,0,0,0,0,0,0,0,0,0,0,0,0,0,0,0,-1,-1,0,0,0,0,0,0,0,0,0,0,0,0,-2,-2,-2,-2,-2,-2,-2,-2,-2,-2,-2,-2,-2,-2,-2,1721315224423552300,132
1721315224480885500,0,0,0,0,0,0,0,0,0,0,0,0,0,0,0,0,0,0,0,0,0,0,0,0,0,0,0,0,0,0,0,0,0,0,0,0,0,0,1721315224443188500,109,0,0,0,0,0,0,0,0,0,0,0,0,-1,29.7,-1,10.73,-1,96.64,14.0,0,0,0,0,0,0,0,1721315224456188300,1721315223703090500,110
1721315224514393600,0,0,0,0,0,0,0,0,0,0,0,0,0,0,0,0,0,0,0,0,0,0,0,0,0,0,0,0,0,0,0,0,0,0,0,0,0,0,-1,-1,0,0,0,0,0,0,0,0,0,0,0,0,-1,29.91,-1,11.08,-1,96.64,14.0,0,0,0,0,0,0,0,1721315224506393100,1721315224491232700,133
1721315224547862600,0,0,0,0,0,0,0,0,0,0,0,0,0,0,0,0,0,0,0,0,0,0,0,0,0,0,0,0,0,0,0,0,0,0,0,0,0,0,1721315224509393200,110,0,0,0,0,0,0,0,0,0,0,0,0,-2,-2,-2,-2,-2,-2,-2,-2,-2,-2,-2,-2,-2,-2,-2,1721315224526837000,134
1721315224581870200,0,0,0,0,0,0,0,0,0,0,0,0,0,0,0,0,0,0,0,0,0,0,0,0,0,0,0,0,0,0,0,0,0,0,0,0,0,0,-1,-1,0,0,0,0,0,0,0,0,0,0,0,0,-1,29.91,-1,12.13,-1,95.05,14.0,0,0,0,0,0,0,0,1721315224554862100,1721315224557084800,135
1721315224615384800,0,0,0,0,0,0,0,0,0,0,0,0,0,0,0,0,0,0,0,0,0,0,0,0,0,0,0,0,0,0,0,0,0,0,0,0,0,0,1721315224575872000,111,0,0,0,0,0,0,0,0,0,0,0,0,-1,29.91,-1,11.78,-1,95.44,14.0,0,0,0,0,0,0,0,1721315224600383800,1721315224606749600,136
1721315224649385400,0,0,0,0,0,0,0,0,0,0,0,0,0,0,0,0,0,0,0,0,0,0,0,0,0,0,0,0,0,0,0,0,0,0,0,0,0,0,-1,-1,0,0,0,0,0,0,0,0,0,0,0,0,-1,29.91,-1,19.32,-1,99.06,14.0,0,0,0,0,0,0,0,1721315224649385400,1721315224624753100,137
1721315224683389900,0,0,0,0,0,0,0,0,0,0,0,0,0,0,0,0,0,0,0,0,0,0,0,0,0,0,0,0,0,0,0,0,0,0,0,0,0,0,1721315224642387400,112,0,0,0,0,0,0,0,0,0,0,0,0,-2,-2,-2,-2,-2,-2,-2,-2,-2,-2,-2,-2,-2,-2,-2,-1,-1
1721315224717474300,0,0,0,0,0,0,0,0,0,0,0,0,0,0,0,0,0,0,0,0,0,0,0,0,0,0,0,0,0,0,0,0,0,0,0,0,0,0,-1,-1,0,0,0,0,0,0,0,0,0,0,0,0,-1,29.91,-1,27.36,-1,100.7,14.0,0,0,0,0,0,0,0,1721315224702476100,1721315224691356100,138
1721315224751475000,0,0,0,0,0,0,0,0,0,0,0,0,0,0,0,0,0,0,0,0,0,0,0,0,0,0,0,0,0,0,0,0,0,0,0,0,0,0,1721315224708474800,113,0,0,0,0,0,0,0,0,0,0,0,0,-2,-2,-2,-2,-2,-2,-2,-2,-2,-2,-2,-2,-2,-2,-2,1721315224726924000,139
1721315224785478300,0,0,0,0,0,0,0,0,0,0,0,0,0,0,0,0,0,0,0,0,0,0,0,0,0,0,0,0,0,0,0,0,0,0,0,0,0,0,-1,-1,0,0,0,0,0,0,0,0,0,0,0,0,-1,29.91,-1,24.66,-1,104.89,14.0,0,0,0,0,0,0,0,1721315224751475000,1721315224758458500,140
1721315224819084400,0,0,0,0,0,0,0,0,0,0,0,0,0,0,0,0,0,0,0,0,0,0,0,0,0,0,0,0,0,0,0,0,0,0,0,0,0,0,1721315224774479300,114,0,0,0,0,0,0,0,0,0,0,0,0,-1,29.7,-1,26.1,-1,106.18,14.0,0,0,0,0,0,0,0,1721315224800996000,1721315224804968500,141
1721315224852996000,0,0,0,0,0,0,0,0,0,0,0,0,0,0,0,0,0,0,0,0,0,0,0,0,0,0,0,0,0,0,0,0,0,0,0,0,0,0,-1,-1,0,0,0,0,0,0,0,0,0,0,0,0,-1,29.91,-1,27.99,-1,104.89,13.0,0,0,0,0,0,0,0,1721315224850001400,1721315224824467700,142
1721315224887518900,0,0,0,0,0,0,0,0,0,0,0,0,0,0,0,0,0,0,0,0,0,0,0,0,0,0,0,0,0,0,0,0,0,0,0,0,0,0,1721315224842001500,115,0,0,0,0,0,0,0,0,0,0,0,0,-2,-2,-2,-2,-2,-2,-2,-2,-2,-2,-2,-2,-2,-2,-2,1721315224860831400,143
1721315224921527700,0,0,0,0,0,0,0,0,0,0,0,0,0,0,0,0,0,0,0,0,0,0,0,0,0,0,0,0,0,0,0,0,0,0,0,0,0,0,-1,-1,0,0,0,0,0,0,0,0,0,0,0,0,-1,29.91,-1,26.31,-1,105.75,14.0,0,0,0,0,0,0,0,1721315224899542500,1721315224906096700,144
1721315224955528500,0,0,0,0,0,0,0,0,0,0,0,0,0,0,0,0,0,0,0,0,0,0,0,0,0,0,0,0,0,0,0,0,0,0,0,0,0,0,1721315224908534400,116,0,0,0,0,0,0,0,0,0,0,0,0,-1,29.91,-1,25.28,-1,105.75,14.0,0,0,0,0,0,0,0,1721315224952606800,1721315224925633000,145
1721315224989028300,0,0,0,0,0,0,0,0,0,0,0,0,0,0,0,0,0,0,0,0,0,0,0,0,0,0,0,0,0,0,0,0,0,0,0,0,0,0,-1,-1,0,0,0,0,0,0,0,0,0,0,0,0,-2,-2,-2,-2,-2,-2,-2,-2,-2,-2,-2,-2,-2,-2,-2,1721315224957384500,146
1721315225023025200,0,0,0,0,0,0,0,0,0,0,0,0,0,0,0,0,0,0,0,0,0,0,0,0,0,0,0,0,0,0,0,0,0,0,0,0,0,0,1721315224974549000,117,0,0,0,0,0,0,0,0,0,0,0,0,-1,29.7,-1,26.1,-1,103.62,13.0,0,0,0,0,0,0,0,1721315225002027400,1721315225005440200,147
1721315225057116100,0,0,0,0,0,0,0,0,0,0,0,0,0,0,0,0,0,0,0,0,0,0,0,0,0,0,0,0,0,0,0,0,0,0,0,0,0,0,-1,-1,0,0,0,0,0,0,0,0,0,0,0,0,-1,29.91,-1,28.63,-1,104.47,13.0,0,0,0,0,0,0,0,1721315225051025800,1721315225023988000,148
1721315225090546300,0,0,0,0,0,0,0,0,0,0,0,0,0,0,0,0,0,0,0,0,0,0,0,0,0,0,0,0,0,0,0,0,0,0,0,0,0,0,1721315225042025800,118,0,0,0,0,0,0,0,0,0,0,0,0,-2,-2,-2,-2,-2,-2,-2,-2,-2,-2,-2,-2,-2,-2,-2,1721315225059252600,149
1721315225124546100,0,0,0,0,0,0,0,0,0,0,0,0,0,0,0,0,0,0,0,0,0,0,0,0,0,0,0,0,0,0,0,0,0,0,0,0,0,0,-1,-1,0,0,0,0,0,0,0,0,0,0,0,0,-1,29.91,-1,32.1,-1,104.89,14.0,0,0,0,0,0,0,0,1721315225099554800,1721315225106190900,150
1721315225158547400,0,0,0,0,0,0,0,0,0,0,0,0,0,0,0,0,0,0,0,0,0,0,0,0,0,0,0,0,0,0,0,0,0,0,0,0,0,0,1721315225108554300,119,0,0,0,0,0,0,0,0,0,0,0,0,-1,29.91,-1,32.99,-1,104.89,14.0,0,0,0,0,0,0,0,1721315225149547100,1721315225127670600,151
1721315225192061600,0,0,0,0,0,0,0,0,0,0,0,0,0,0,0,0,0,0,0,0,0,0,0,0,0,0,0,0,0,0,0,0,0,0,0,0,0,0,-1,-1,0,0,0,0,0,0,0,0,0,0,0,0,-2,-2,-2,-2,-2,-2,-2,-2,-2,-2,-2,-2,-2,-2,-2,1721315225162405500,152
1721315225226061800,0,0,0,0,0,0,0,0,0,0,0,0,0,0,0,0,0,0,0,0,0,0,0,0,0,0,0,0,0,0,0,0,0,0,0,0,0,0,1721315225176551500,120,0,0,0,0,0,0,0,0,0,0,0,0,-1,29.7,-1,29.7,-1,105.75,14.0,0,0,0,0,0,0,0,1721315225198062000,1721315225199960700,153
1721315225260229700,0,0,0,0,0,0,0,0,0,0,0,0,0,0,0,0,0,0,0,0,0,0,0,0,0,0,0,0,0,0,0,0,0,0,0,0,0,0,-1,-1,0,0,0,0,0,0,0,0,0,0,0,0,-1,29.7,-1,21.46,-1,106.18,14.0,0,0,0,0,0,0,0,1721315225251218300,1721315225228174000,154
1721315225293895200,0,0,0,0,0,0,0,0,0,0,0,0,0,0,0,0,0,0,0,0,0,0,0,0,0,0,0,0,0,0,0,0,0,0,0,0,0,0,1721315225242065200,121,0,0,0,0,0,0,0,0,0,0,0,0,-2,-2,-2,-2,-2,-2,-2,-2,-2,-2,-2,-2,-2,-2,-2,1721315225262939500,155
1721315225327308600,0,0,0,0,0,0,0,0,0,0,0,0,0,0,0,0,0,0,0,0,0,0,0,0,0,0,0,0,0,0,0,0,0,0,0,0,0,0,-1,-1,0,0,0,0,0,0,0,0,0,0,0,0,-1,29.91,-1,9.86,-1,104.47,14.0,0,0,0,0,0,0,0,1721315225300886800,1721315225308729600,156
1721315225361140300,0,0,0,0,0,0,0,0,0,0,0,0,0,0,0,0,0,0,0,0,0,0,0,0,0,0,0,0,0,0,0,0,0,0,0,0,0,0,1721315225308303400,122,0,0,0,0,0,0,0,0,0,0,0,0,-1,29.91,-1,11.78,-1,101.94,14.0,0,0,0,0,0,0,0,1721315225350135700,1721315225360490100,158
1721315225394710300,0,0,0,0,0,0,0,0,0,0,0,0,0,0,0,0,0,0,0,0,0,0,0,0,0,0,0,0,0,0,0,0,0,0,0,0,0,0,-1,-1,0,0,0,0,0,0,0,0,0,0,0,0,-2,-2,-2,-2,-2,-2,-2,-2,-2,-2,-2,-2,-2,-2,-2,1721315225327775600,157
1721315225428713500,0,0,0,0,0,0,0,0,0,0,0,0,0,0,0,0,0,0,0,0,0,0,0,0,0,0,0,0,0,0,0,0,0,0,0,0,0,0,1721315225375156600,123,0,0,0,0,0,0,0,0,0,0,0,0,-1,29.91,-1,11.95,-1,101.94,14.0,0,0,0,0,0,0,0,1721315225398704000,1721315225425262800,160
1721315225462705500,0,0,0,0,0,0,0,0,0,0,0,0,0,0,0,0,0,0,0,0,0,0,0,0,0,0,0,0,0,0,0,0,0,0,0,0,0,0,1721315225441705700,124,0,0,0,0,0,0,0,0,0,0,0,0,-1,29.91,-1,11.6,-1,92.7,14.0,0,0,0,0,0,0,0,1721315225447704600,1721315225460692500,161
1721315225496379000,0,0,0,0,0,0,0,0,0,0,0,0,0,0,0,0,0,0,0,0,0,0,0,0,0,0,0,0,0,0,0,0,0,0,0,0,0,0,-1,-1,0,0,0,0,0,0,0,0,0,0,0,0,-2,-2,-2,-2,-2,-2,-2,-2,-2,-2,-2,-2,-2,-2,-2,1721315225406123300,159
1721315225530630700,0,0,0,0,0,0,0,0,0,0,0,0,0,0,0,0,0,0,0,0,0,0,0,0,0,0,0,0,0,0,0,0,0,0,0,0,0,0,-1,-1,0,0,0,0,0,0,0,0,0,0,0,0,-1,29.91,-1,10.73,-1,90.02,14.0,0,0,0,0,0,0,0,1721315225497382400,1721315225507719700,162
1721315225564490800,0,0,0,0,0,0,0,0,0,0,0,0,0,0,0,0,0,0,0,0,0,0,0,0,0,0,0,0,0,0,0,0,0,0,0,0,0,0,1721315225509631100,125,0,0,0,0,0,0,0,0,0,0,0,0,-1,29.91,-1,10.73,-1,94.65,14.0,0,0,0,0,0,0,0,1721315225546083400,1721315225559939100,164
1721315225597969400,0,0,0,0,0,0,0,0,0,0,0,0,0,0,0,0,0,0,0,0,0,0,0,0,0,0,0,0,0,0,0,0,0,0,0,0,0,0,1721315225575497400,126,0,0,0,0,0,0,0,0,0,0,0,0,-1,29.91,-1,10.55,-1,99.47,14.0,0,0,0,0,0,0,0,1721315225594972100,1721315225532061400,163
1721315225632206300,0,0,0,0,0,0,0,0,0,0,0,0,0,0,0,0,0,0,0,0,0,0,0,0,0,0,0,0,0,0,0,0,0,0,0,0,0,0,-1,-1,0,0,0,0,0,0,0,0,0,0,0,0,-2,-2,-2,-2,-2,-2,-2,-2,-2,-2,-2,-2,-2,-2,-2,1721315225628681500,166
1721315225666292700,0,0,0,0,0,0,0,0,0,0,0,0,0,0,0,0,0,0,0,0,0,0,0,0,0,0,0,0,0,0,0,0,0,0,0,0,0,0,1721315225642207300,127,0,0,0,0,0,0,0,0,0,0,0,0,-1,29.7,-1,10.9,-1,99.47,14.0,0,0,0,0,0,0,0,1721315225644205800,1721315225661364800,167
1721315225700401600,0,0,0,0,0,0,0,0,0,0,0,0,0,0,0,0,0,0,0,0,0,0,0,0,0,0,0,0,0,0,0,0,0,0,0,0,0,0,-1,-1,0,0,0,0,0,0,0,0,0,0,0,0,-1,29.91,-1,10.55,-1,97.04,14.0,0,0,0,0,0,0,0,1721315225693398000,1721315225606704200,165
1721315225734508400,0,0,0,0,0,0,0,0,0,0,0,0,0,0,0,0,0,0,0,0,0,0,0,0,0,0,0,0,0,0,0,0,0,0,0,0,0,0,1721315225708506000,128,0,0,0,0,0,0,0,0,0,0,0,0,-2,-2,-2,-2,-2,-2,-2,-2,-2,-2,-2,-2,-2,-2,-2,1721315225730659600,169
1721315225768506500,0,0,0,0,0,0,0,0,0,0,0,0,0,0,0,0,0,0,0,0,0,0,0,0,0,0,0,0,0,0,0,0,0,0,0,0,0,0,-1,-1,0,0,0,0,0,0,0,0,0,0,0,0,-1,29.91,-1,10.73,-1,97.04,14.0,0,0,0,0,0,0,0,1721315225742506800,1721315225758895100,170
1721315225802110900,0,0,0,0,0,0,0,0,0,0,0,0,0,0,0,0,0,0,0,0,0,0,0,0,0,0,0,0,0,0,0,0,0,0,0,0,0,0,1721315225775517000,129,0,0,0,0,0,0,0,0,0,0,0,0,-1,29.91,-1,10.73,-1,99.88,14.0,0,0,0,0,0,0,0,1721315225787511700,1721315225706822500,168
1721315225836029300,0,0,0,0,0,0,0,0,0,0,0,0,0,0,0,0,0,0,0,0,0,0,0,0,0,0,0,0,0,0,0,0,0,0,0,0,0,0,-1,-1,0,0,0,0,0,0,0,0,0,0,0,0,-2,-2,-2,-2,-2,-2,-2,-2,-2,-2,-2,-2,-2,-2,-2,1721315225827038000,172
1721315225869910200,0,0,0,0,0,0,0,0,0,0,0,0,0,0,0,0,0,0,0,0,0,0,0,0,0,0,0,0,0,0,0,0,0,0,0,0,0,0,1721315225841024000,130,0,0,0,0,0,0,0,0,0,0,0,0,-1,29.7,-1,10.21,-1,102.36,14.0,0,0,0,0,0,0,0,1721315225841024000,1721315225861903500,173
1721315225903428200,0,0,0,0,0,0,0,0,0,0,0,0,0,0,0,0,0,0,0,0,0,0,0,0,0,0,0,0,0,0,0,0,0,0,0,0,0,0,-1,-1,0,0,0,0,0,0,0,0,0,0,0,0,-1,29.7,-1,10.38,-1,102.36,14.0,0,0,0,0,0,0,0,1721315225890432100,1721315225807242400,171
1721315225937422000,0,0,0,0,0,0,0,0,0,0,0,0,0,0,0,0,0,0,0,0,0,0,0,0,0,0,0,0,0,0,0,0,0,0,0,0,0,0,1721315225908426200,131,0,0,0,0,0,0,0,0,0,0,0,0,-2,-2,-2,-2,-2,-2,-2,-2,-2,-2,-2,-2,-2,-2,-2,1721315225931506800,175
1721315225971429200,0,0,0,0,0,0,0,0,0,0,0,0,0,0,0,0,0,0,0,0,0,0,0,0,0,0,0,0,0,0,0,0,0,0,0,0,0,0,-1,-1,0,0,0,0,0,0,0,0,0,0,0,0,-1,29.7,-1,10.21,-1,102.36,14.0,0,0,0,0,0,0,0,1721315225939423000,1721315225962304300,176
1721315226004943700,0,0,0,0,0,0,0,0,0,0,0,0,0,0,0,0,0,0,0,0,0,0,0,0,0,0,0,0,0,0,0,0,0,0,0,0,0,0,1721315225974425900,132,0,0,0,0,0,0,0,0,0,0,0,0,-1,29.91,-1,9.86,-1,101.11,14.0,0,0,0,0,0,0,0,1721315225988931200,1721315225907509700,174
1721315226038935100,0,0,0,0,0,0,0,0,0,0,0,0,0,0,0,0,0,0,0,0,0,0,0,0,0,0,0,0,0,0,0,0,0,0,0,0,0,0,-1,-1,0,0,0,0,0,0,0,0,0,0,0,0,-1,29.7,-1,10.04,-1,100.7,13.0,0,0,0,0,0,0,0,1721315226037937600,1721315226028099500,178
1721315226072936700,0,0,0,0,0,0,0,0,0,0,0,0,0,0,0,0,0,0,0,0,0,0,0,0,0,0,0,0,0,0,0,0,0,0,0,0,0,0,1721315226041937200,133,0,0,0,0,0,0,0,0,0,0,0,0,-2,-2,-2,-2,-2,-2,-2,-2,-2,-2,-2,-2,-2,-2,-2,1721315226063274800,179
1721315226107165700,0,0,0,0,0,0,0,0,0,0,0,0,0,0,0,0,0,0,0,0,0,0,0,0,0,0,0,0,0,0,0,0,0,0,0,0,0,0,-1,-1,0,0,0,0,0,0,0,0,0,0,0,0,-1,29.91,-1,10.38,-1,97.44,14.0,0,0,0,0,0,0,0,1721315226086960200,1721315226106563100,180
1721315226141162300,0,0,0,0,0,0,0,0,0,0,0,0,0,0,0,0,0,0,0,0,0,0,0,0,0,0,0,0,0,0,0,0,0,0,0,0,0,0,1721315226108163000,134,0,0,0,0,0,0,0,0,0,0,0,0,-1,29.91,-1,10.55,-1,89.64,14.0,0,0,0,0,0,0,0,1721315226136162700,1721315226129131000,181
1721315226175190100,0,0,0,0,0,0,0,0,0,0,0,0,0,0,0,0,0,0,0,0,0,0,0,0,0,0,0,0,0,0,0,0,0,0,0,0,0,0,-1,-1,0,0,0,0,0,0,0,0,0,0,0,0,-2,-2,-2,-2,-2,-2,-2,-2,-2,-2,-2,-2,-2,-2,-2,1721315226161155000,182
1721315226208805900,0,0,0,0,0,0,0,0,0,0,0,0,0,0,0,0,0,0,0,0,0,0,0,0,0,0,0,0,0,0,0,0,0,0,0,0,0,0,1721315226175190100,135,0,0,0,0,0,0,0,0,0,0,0,0,-1,29.91,-1,10.38,-1,89.26,14.0,0,0,0,0,0,0,0,1721315226185192500,1721315226206712500,183
1721315226242223600,0,0,0,0,0,0,0,0,0,0,0,0,0,0,0,0,0,0,0,0,0,0,0,0,0,0,0,0,0,0,0,0,0,0,0,0,0,0,-1,-1,0,0,0,0,0,0,0,0,0,0,0,0,-1,29.91,-1,10.04,-1,85.19,13.0,0,0,0,0,0,0,0,1721315226234217200,1721315226228570100,184
1721315226276229600,0,0,0,0,0,0,0,0,0,0,0,0,0,0,0,0,0,0,0,0,0,0,0,0,0,0,0,0,0,0,0,0,0,0,0,0,0,0,1721315226242223600,136,0,0,0,0,0,0,0,0,0,0,0,0,-2,-2,-2,-2,-2,-2,-2,-2,-2,-2,-2,-2,-2,-2,-2,1721315226266855900,185
1721315226309738600,0,0,0,0,0,0,0,0,0,0,0,0,0,0,0,0,0,0,0,0,0,0,0,0,0,0,0,0,0,0,0,0,0,0,0,0,0,0,-1,-1,0,0,0,0,0,0,0,0,0,0,0,0,-1,29.91,-1,9.18,-1,85.56,13.0,0,0,0,0,0,0,0,1721315226283228800,1721315226309529900,186
1721315226343747200,0,0,0,0,0,0,0,0,0,0,0,0,0,0,0,0,0,0,0,0,0,0,0,0,0,0,0,0,0,0,0,0,0,0,0,0,0,0,1721315226308738800,137,0,0,0,0,0,0,0,0,0,0,0,0,-1,29.91,-1,9.52,-1,85.56,14.0,0,0,0,0,0,0,0,1721315226328737700,1721315226330079300,187
1721315226377748200,0,0,0,0,0,0,0,0,0,0,0,0,0,0,0,0,0,0,0,0,0,0,0,0,0,0,0,0,0,0,0,0,0,0,0,0,0,0,-1,-1,0,0,0,0,0,0,0,0,0,0,0,0,-1,29.91,-1,10.04,-1,95.84,14.0,0,0,0,0,0,0,0,1721315226377748200,1721315226361522700,188
1721315226411251200,87,0,607.665234,-113.183789,-410.877246,-105.622559,21.027832,136.07666,1721315226.4073,85,1,641.598047,-166.761914,-409.537793,-110.01709,14.831543,2.15332,1721315226.4073,85,2,400.384863,-24.221777,-223.577051,-153.588867,33.354492,44.230957,1721315226.4073,87,3,376.721191,-63.28916,-205.606055,-150.205078,40.583496,-153.830566,1721315226.4073,0,0,1721315226374745800,138,0,0,0,0,0,0,0,0,0,0,0,0,-2,-2,-2,-2,-2,-2,-2,-2,-2,-2,-2,-2,-2,-2,-2,1721315226406897000,189
1721315226445252300,87,0,608.669824,-109.388672,-410.988867,-105.095215,21.159668,136.120605,1721315226.4404,85,1,641.151562,-166.427051,-410.095898,-109.841309,14.72168,2.285156,1721315226.4404,85,2,399.826758,-25.003125,-223.242188,-152.819824,33.640137,43.813477,1721315226.4404,87,3,376.274707,-64.29375,-204.601465,-150.073242,40.297852,-154.445801,1721315226.4404,0,0,-1,-1,0,0,0,0,0,0,0,0,0,0,0,0,-1,29.91,-1,10.21,-1,97.44,14.0,0,0,0,0,0,0,0,1721315226427253500,1721315226429012500,190
1721315226479270300,87,0,610.009277,-106.709766,-411.770215,-105.13916,21.950684,135.98877,1721315226.4772,85,1,642.9375,-164.641113,-414.114258,-109.6875,14.919434,2.219238,1721315226.4772,85,2,398.822168,-27.793652,-223.46543,-152.995605,33.508301,43.681641,1721315226.4772,87,3,375.60498,-66.972656,-204.15498,-151.171875,39.462891,-155.654297,1721315226.4772,0,0,1721315226441262000,139,0,0,0,0,0,0,0,0,0,0,0,0,-1,29.91,-1,10.55,-1,100.7,13.0,0,0,0,0,0,0,0,1721315226476271400,1721315226464434100,191
1721315226513555700,87,0,607.888477,-115.416211,-411.212109,-106.677246,22.016602,134.890137,1721315226.5102,85,1,637.691309,-165.757324,-418.690723,-110.76416,13.952637,1.955566,1721315226.5102,85,2,396.924609,-29.133105,-224.135156,-152.929688,32.915039,43.857422,1721315226.5102,87,3,374.265527,-68.200488,-204.489844,-151.677246,38.188477,-156.269531,1721315226.5102,0,0,-1,-1,0,0,0,0,0,0,0,0,0,0,0,0,-2,-2,-2,-2,-2,-2,-2,-2,-2,-2,-2,-2,-2,-2,-2,1721315226495896500,192
1721315226547552000,87,0,604.763086,-113.29541,-408.421582,-106.083984,22.82959,133.725586,1721315226.5433,85,1,642.044531,-162.408691,-420.253418,-109.02832,11.447754,3.537598,1721315226.5433,85,2,395.696777,-27.682031,-223.911914,-152.006836,32.431641,44.099121,1721315226.5433,87,3,374.153906,-67.30752,-203.373633,-150.996094,37.55127,-156.137695,1721315226.5433,0,0,1721315226508546000,140,0,0,0,0,0,0,0,0,0,0,0,0,-1,29.91,-1,11.25,-1,84.83,14.0,0,0,0,0,0,0,0,1721315226525544800,1721315226538154900,193
1721315226581547100,87,0,603.535254,-108.607324,-411.881836,-106.325684,24.631348,133.505859,1721315226.5801,85,1,643.830469,-165.199219,-415.676953,-108.676758,10.393066,3.867188,1721315226.5801,85,2,394.91543,-25.337988,-223.130566,-150.88623,31.728516,44.428711,1721315226.5801,87,3,373.930664,-65.075098,-202.592285,-150.314941,37.111816,-156.247559,1721315226.5801,0,0,-1,-1,0,0,0,0,0,0,0,0,0,0,0,0,-1,29.91,-1,11.6,-1,79.5,14.0,0,0,0,0,0,0,0,1721315226574553200,1721315226566184700,194
1721315226615059800,87,0,605.321191,-112.067578,-415.007227,-107.578125,25.400391,133.022461,1721315226.6131,85,1,644.723437,-165.980566,-418.802344,-109.335938,10.085449,3.317871,1721315226.6131,85,2,394.134082,-24.779883,-224.135156,-150.512695,30.454102,45.0,1721315226.6131,87,3,372.702832,-64.182129,-202.927148,-150.13916,36.672363,-156.621094,1721315226.6131,0,0,1721315226574553200,141,0,0,0,0,0,0,0,0,0,0,0,0,-2,-2,-2,-2,-2,-2,-2,-2,-2,-2,-2,-2,-2,-2,-2,1721315226597769800,195
1721315226649063600,87,0,603.870117,-115.527832,-414.895605,-108.28125,25.268555,132.231445,1721315226.6462,84,1,644.835059,-168.101367,-419.360449,-109.951172,7.075195,3.054199,1721315226.6462,85,2,392.571387,-22.324219,-224.358398,-149.567871,28.54248,45.966797,1721315226.6462,87,3,372.144727,-63.958887,-201.699316,-149.436035,36.14502,-156.357422,1721315226.6462,0,0,-1,-1,0,0,0,0,0,0,0,0,0,0,0,0,-1,29.91,-1,11.6,-1,91.16,13.0,0,0,0,0,0,0,0,1721315226624068800,1721315226638880900,196
1721315226683072600,87,0,603.200391,-111.062988,-415.118848,-107.819824,26.784668,131.176758,1721315226.6793,84,1,642.267773,-168.212988,-421.034766,-109.313965,5.976562,3.515625,1721315226.6793,85,2,392.459766,-19.42207,-223.688672,-148.601074,28.059082,46.230469,1721315226.6793,87,3,372.702832,-62.731055,-200.694727,-148.623047,36.14502,-156.467285,1721315226.6793,0,0,1721315226642060700,142,0,0,0,0,0,0,0,0,0,0,0,0,-1,29.7,-1,11.25,-1,98.25,13.0,0,0,0,0,0,0,0,1721315226673059800,1721315226664500100,197
1721315226716591000,87,0,605.544434,-111.621094,-410.319141,-108.413086,28.740234,130.03418,1721315226.7123,84,1,643.383984,-167.208398,-420.588281,-109.160156,5.844727,3.55957,1721315226.7123,85,2,392.348145,-19.645312,-223.018945,-148.666992,27.773438,46.186523,1721315226.7123,87,3,372.814453,-63.065918,-199.02041,-148.842773,36.14502,-156.950684,1721315226.7123,0,0,-1,-1,0,0,0,0,0,0,0,0,0,0,0,0,-2,-2,-2,-2,-2,-2,-2,-2,-2,-2,-2,-2,-2,-2,-2,1721315226696544000,198
1721315226750590700,87,0,606.325781,-113.407031,-411.32373,-109.226074,28.652344,128.71582,1721315226.7491,84,1,644.723437,-170.780273,-420.699902,-109.6875,5.20752,3.449707,1721315226.7491,85,2,391.90166,-19.756934,-222.014355,-148.776855,27.553711,46.120605,1721315226.7491,87,3,372.367969,-63.735645,-198.01582,-149.282227,35.727539,-157.324219,1721315226.7491,0,0,1721315226708591700,143,0,0,0,0,0,0,0,0,0,0,0,0,-1,29.91,-1,11.25,-1,97.84,14.0,0,0,0,0,0,0,0,1721315226721593900,1721315226738207200,199
1721315226784599200,87,0,604.986328,-111.955957,-412.998047,-108.896484,28.476562,128.364258,1721315226.7822,84,1,643.495605,-174.352148,-420.811523,-109.643555,3.757324,3.515625,1721315226.7822,85,2,391.678418,-18.975586,-221.009766,-148.688965,27.619629,46.054688,1721315226.7822,87,3,372.367969,-63.28916,-197.234473,-149.282227,35.617676,-157.543945,1721315226.7822,0,0,-1,-1,0,0,0,0,0,0,0,0,0,0,0,0,-1,29.91,-1,10.38,-1,102.36,13.0,0,0,0,0,0,0,0,1721315226770604400,1721315226763470500,200
1721315226818766700,87,0,604.986328,-111.955957,-413.444531,-108.457031,28.608398,128.364258,1721315226.8152,84,1,643.94209,-172.119727,-421.48125,-108.830566,3.427734,3.603516,1721315226.8152,85,2,392.124902,-19.087207,-219.44707,-148.73291,28.037109,46.032715,1721315226.8152,87,3,372.702832,-62.842676,-195.89502,-149.194336,35.793457,-157.631836,1721315226.8152,0,0,1721315226774594500,144,0,0,0,0,0,0,0,0,0,0,0,0,-2,-2,-2,-2,-2,-2,-2,-2,-2,-2,-2,-2,-2,-2,-2,1721315226798163500,201
1721315226852778400,87,0,607.441992,-118.318359,-412.439941,-109.160156,29.047852,128.034668,1721315226.8483,84,1,644.611816,-172.231348,-422.820703,-108.720703,3.449707,3.427734,1721315226.8483,85,2,392.683008,-20.649902,-217.214648,-149.194336,28.410645,46.054688,1721315226.8483,87,3,372.814453,-63.512402,-194.443945,-149.589844,35.947266,-157.873535,1721315226.8483,0,0,-1,-1,0,0,0,0,0,0,0,0,0,0,0,0,-1,29.7,-1,9.86,-1,100.7,14.0,0,0,0,0,0,0,0,1721315226819768700,1721315226838621400,202
1721315226886777800,87,0,606.325781,-119.881055,-415.565332,-109.489746,28.366699,126.914062,1721315226.8851,84,1,646.732617,-178.59375,-421.816113,-108.786621,1.669922,3.581543,1721315226.8851,85,2,392.013281,-20.873145,-215.875195,-149.326172,28.388672,45.98877,1721315226.8851,87,3,372.47959,-64.070508,-192.992871,-149.853516,35.925293,-157.961426,1721315226.8851,0,0,1721315226841781900,145,0,0,0,0,0,0,0,0,0,0,0,0,-1,29.91,-1,9.86,-1,101.94,14.0,0,0,0,0,0,0,0,1721315226869771900,1721315226864270000,203
1721315226920293400,87,0,606.772266,-118.988086,-416.235059,-109.094238,28.146973,126.870117,1721315226.8961,84,1,647.402344,-180.379687,-421.704492,-108.500977,0.878906,3.691406,1721315226.8961,85,2,392.013281,-20.649902,-215.31709,-149.282227,28.45459,45.966797,1721315226.8961,87,3,372.47959,-63.958887,-192.546387,-149.80957,35.991211,-157.961426,1721315226.8961,0,0,-1,-1,0,0,0,0,0,0,0,0,0,0,0,0,-1,29.91,-1,9.86,-1,102.78,14.0,0,0,0,0,0,0,0,1721315226918294000,1721315226897480500,204
1721315226954293200,87,0,608.669824,-116.197559,-415.900195,-107.841797,27.905273,127.22168,1721315226.9218,84,1,648.853418,-178.816992,-423.155566,-107.358398,0.285645,3.933105,1721315226.9218,85,2,392.571387,-20.091797,-213.866016,-149.150391,28.806152,45.922852,1721315226.9218,87,3,372.814453,-63.624023,-191.541797,-149.699707,36.276855,-158.005371,1721315226.9218,0,0,1721315226908284600,146,0,0,0,0,0,0,0,0,0,0,0,0,-2,-2,-2,-2,-2,-2,-2,-2,-2,-2,-2,-2,-2,-2,-2,1721315226938028200,205
1721315226988292300,87,0,610.344141,-116.085938,-414.560742,-107.336426,27.861328,127.55127,1721315226.9549,84,1,649.969629,-181.161035,-423.825293,-107.380371,0.505371,4.152832,1721315226.9549,85,2,393.352734,-20.538281,-211.968457,-149.47998,29.223633,45.834961,1721315226.9549,87,3,373.037695,-63.624023,-190.537207,-149.985352,36.518555,-158.291016,1721315226.9549,0,0,-1,-1,0,0,0,0,0,0,0,0,0,0,0,0,-1,29.91,-1,9.18,-1,106.18,14.0,0,0,0,0,0,0,0,1721315226967284900,1721315226964854100,206
1721315227021823500,87,0,612.35332,-117.425391,-416.34668,-107.512207,27.399902,127.375488,1721315226.988,84,1,652.202051,-184.844531,-425.61123,-107.797852,0.153809,4.042969,1721315226.988,85,2,393.464355,-20.649902,-211.521973,-149.633789,29.223633,45.791016,1721315226.988,87,3,372.926074,-63.958887,-190.313965,-150.249023,36.386719,-158.532715,1721315226.988,0,0,1721315226974284700,147,0,0,0,0,0,0,0,0,0,0,0,0,-1,29.91,-1,10.38,-1,105.75,14.0,0,0,0,0,0,0,0,1721315227016833600,1721315226999047200,207
1721315227055824000,87,0,612.576562,-110.951367,-422.820703,-106.787109,26.411133,126.408691,1721315227.021,85,1,652.871777,-186.295605,-425.276367,-107.819824,-0.791016,3.88916,1721315227.021,85,2,393.241113,-20.649902,-211.29873,-149.655762,29.157715,45.812988,1721315227.021,87,3,372.814453,-63.847266,-189.86748,-150.292969,36.23291,-158.642578,1721315227.021,0,0,-1,-1,0,0,0,0,0,0,0,0,0,0,0,0,-2,-2,-2,-2,-2,-2,-2,-2,-2,-2,-2,-2,-2,-2,-2,1721315227038327700,208
1721315227089827000,87,0,614.808984,-103.249512,-426.727441,-105.46875,26.279297,126.210938,1721315227.0541,85,1,651.532324,-180.937793,-429.294727,-107.072754,-0.505371,3.186035,1721315227.0541,85,2,393.352734,-20.42666,-211.187109,-149.611816,29.20166,45.812988,1721315227.0541,87,3,373.372559,-63.28916,-189.420996,-150.161133,36.298828,-158.664551,1721315227.0541,0,0,1721315227041822900,148,0,0,0,0,0,0,0,0,0,0,0,0,-1,29.91,-1,10.55,-1,107.47,14.0,0,0,0,0,0,0,0,1721315227065823500,1721315227065019800,209
1721315227123982300,87,0,616.483301,-104.812207,-426.950684,-105.952148,26.257324,126.188965,1721315227.0909,85,1,651.978809,-183.72832,-433.201465,-107.797852,-0.021973,2.592773,1721315227.0909,85,2,393.687598,-20.315039,-210.963867,-149.699707,29.223633,45.769043,1721315227.0909,87,3,373.930664,-63.400781,-189.420996,-150.578613,36.254883,-158.972168,1721315227.0909,0,0,-1,-1,0,0,0,0,0,0,0,0,0,0,0,0,-1,29.91,-1,10.9,-1,109.67,14.0,0,0,0,0,0,0,0,1721315227118981400,1721315227098204300,210
1721315227157982800,87,0,615.590332,-109.16543,-428.513379,-107.050781,25.422363,125.837402,1721315227.1239,85,1,651.197461,-186.183984,-434.094434,-108.764648,-0.395508,2.241211,1721315227.1239,85,2,394.245703,-20.315039,-211.075488,-150.029297,28.894043,45.769043,1721315227.1239,87,3,374.042285,-63.624023,-189.86748,-151.062012,35.859375,-159.147949,1721315227.1239,0,0,1721315227108984300,149,0,0,0,0,0,0,0,0,0,0,0,0,-2,-2,-2,-2,-2,-2,-2,-2,-2,-2,-2,-2,-2,-2,-2,1721315227136456100,211
1721315227192263600,87,0,614.585742,-107.491113,-429.852832,-107.072754,25.268555,125.859375,1721315227.157,85,1,650.639355,-183.616699,-433.313086,-108.479004,-0.439453,2.416992,1721315227.157,85,2,394.692187,-19.42207,-211.521973,-149.831543,28.674316,45.834961,1721315227.157,87,3,374.935254,-63.065918,-189.644238,-150.908203,35.837402,-159.082031,1721315227.157,0,0,-1,-1,0,0,0,0,0,0,0,0,0,0,0,0,-1,30.13,-1,10.55,-1,104.89,14.0,0,0,0,0,0,0,0,1721315227167981500,1721315227164484400,212
1721315227226263800,87,0,616.260059,-105.481934,-428.959863,-106.809082,25.598145,126.23291,1721315227.1938,85,1,650.974219,-182.165625,-433.647949,-108.303223,-0.241699,2.48291,1721315227.1938,85,2,395.585156,-19.198828,-211.521973,-149.831543,28.54248,45.922852,1721315227.1938,87,3,375.60498,-62.954297,-189.532617,-150.930176,35.837402,-159.191895,1721315227.1938,0,0,1721315227174982100,150,0,0,0,0,0,0,0,0,0,0,0,0,-1,29.91,-1,10.9,-1,107.04,14.0,0,0,0,0,0,0,0,1721315227217263700,1721315227198871300,213
1721315227260263100,87,0,617.934375,-106.374902,-428.401758,-107.138672,25.817871,126.386719,1721315227.2268,84,1,653.09502,-181.60752,-434.652539,-108.676758,0.395508,2.592773,1721315227.2268,85,2,396.031641,-19.198828,-212.191699,-150.095215,27.949219,45.900879,1721315227.2268,87,3,376.497949,-63.177539,-189.979102,-151.259766,35.354004,-159.367676,1721315227.2268,0,0,-1,-1,0,0,0,0,0,0,0,0,0,0,0,0,-2,-2,-2,-2,-2,-2,-2,-2,-2,-2,-2,-2,-2,-2,-2,1721315227238112400,214
1721315227293814800,87,0,617.599512,-107.267871,-427.843652,-107.446289,25.532227,126.540527,1721315227.2599,84,1,652.202051,-182.72373,-434.540918,-109.226074,0.219727,2.834473,1721315227.2599,85,2,395.92002,-18.752344,-212.638184,-150.095215,27.312012,46.010742,1721315227.2599,87,3,376.944434,-63.512402,-190.202344,-151.303711,34.650879,-159.191895,1721315227.2599,0,0,1721315227241263700,151,0,0,0,0,0,0,0,0,0,0,0,0,-1,29.7,-1,10.9,-1,108.79,14.0,0,0,0,0,0,0,0,1721315227266265900,1721315227264585900,215
1721315227327806100,87,0,617.934375,-102.803027,-427.732031,-106.611328,25.795898,127.111816,1721315227.293,84,1,650.862598,-177.58916,-434.317676,-108.347168,0.373535,3.208008,1721315227.293,85,2,396.366504,-17.859375,-212.749805,-149.919434,27.070312,45.878906,1721315227.293,87,3,377.949023,-62.396191,-190.425586,-150.930176,34.343262,-159.104004,1721315227.293,0,0,-1,-1,0,0,0,0,0,0,0,0,0,0,0,0,-1,29.7,-1,11.08,-1,111.0,14.0,0,0,0,0,0,0,0,1721315227315806700,1721315227298040800,216
1721315227361804900,87,0,617.153027,-102.02168,-428.513379,-106.831055,26.499023,127.463379,1721315227.3297,84,1,651.08584,-175.914844,-437.108203,-108.325195,1.40625,3.449707,1721315227.3297,85,2,396.812988,-18.41748,-212.638184,-150.227051,26.520996,45.461426,1721315227.3297,87,3,378.730371,-62.954297,-190.537207,-151.347656,33.706055,-159.32373,1721315227.3297,0,0,1721315227307809500,152,0,0,0,0,0,0,0,0,0,0,0,0,-2,-2,-2,-2,-2,-2,-2,-2,-2,-2,-2,-2,-2,-2,-2,1721315227337988200,217
1721315227395330700,87,0,615.032227,-102.914648,-430.187695,-107.226562,26.30127,127.419434,1721315227.3628,84,1,653.09502,-177.365918,-437.554688,-108.742676,1.472168,3.757324,1721315227.3628,85,2,396.366504,-18.082617,-213.642773,-150.205078,25.3125,45.175781,1721315227.3628,87,3,378.395508,-62.842676,-191.430176,-151.54541,32.541504,-159.499512,1721315227.3628,0,0,1721315227375810000,153,0,0,0,0,0,0,0,0,0,0,0,0,-1,29.91,-1,11.43,-1,108.35,14.0,0,0,0,0,0,0,0,1721315227364805700,1721315227365500300,218
1721315227429330000,87,0,614.808984,-103.919238,-429.62959,-106.765137,25.773926,128.144531,1721315227.3959,84,1,653.318262,-176.696191,-435.76875,-108.566895,1.186523,4.306641,1721315227.3959,85,2,396.254883,-16.631543,-213.531152,-149.633789,24.741211,45.109863,1721315227.3959,87,3,378.61875,-60.945117,-191.765039,-151.040039,32.080078,-159.631348,1721315227.3959,0,0,-1,-1,0,0,0,0,0,0,0,0,0,0,0,0,-1,29.91,-1,11.43,-1,108.35,14.0,0,0,0,0,0,0,0,1721315227418337800,1721315227400009900,219
1721315227463386000,87,0,614.697363,-112.848926,-425.722852,-107.20459,25.839844,129.660645,1721315227.462,84,1,657.001758,-181.942383,-432.75498,-109.050293,1.757812,5.625,1721315227.462,85,2,396.366504,-15.850195,-213.977637,-149.414062,23.774414,44.692383,1721315227.462,87,3,379.734961,-62.619434,-190.760449,-151.259766,31.838379,-159.763184,1721315227.462,0,0,-1,-1,0,0,0,0,0,0,0,0,0,0,0,0,-2,-2,-2,-2,-2,-2,-2,-2,-2,-2,-2,-2,-2,-2,-2,1721315227438405400,220
1721315227496928800,87,0,614.027637,-105.370312,-429.294727,-106.391602,25.883789,129.04541,1721315227.4289,84,1,654.769336,-176.138086,-434.540918,-108.259277,1.472168,5.075684,1721315227.4289,85,2,396.254883,-15.626953,-213.866016,-149.326172,24.257812,44.824219,1721315227.4289,87,3,378.953613,-60.945117,-191.765039,-150.996094,31.948242,-159.785156,1721315227.4289,0,0,1721315227441330400,154,0,0,0,0,0,0,0,0,0,0,0,0,-1,29.7,-1,11.6,-1,105.75,13.0,0,0,0,0,0,0,0,1721315227467385000,1721315227466182700,221
1721315227530929200,87,0,614.808984,-114.634863,-423.825293,-107.402344,25.554199,129.814453,1721315227.4988,84,1,656.108789,-185.179395,-432.420117,-109.533691,1.384277,5.668945,1721315227.4988,85,2,395.696777,-15.850195,-213.977637,-149.326172,23.312988,44.868164,1721315227.4988,87,3,379.511719,-62.954297,-190.425586,-151.12793,31.530762,-159.65332,1721315227.4988,0,0,-1,-1,0,0,0,0,0,0,0,0,0,0,0,0,-1,29.91,-1,11.43,-1,107.91,14.0,0,0,0,0,0,0,0,1721315227516929800,1721315227498807400,222
1721315227564930900,87,0,614.697363,-114.969727,-423.043945,-107.160645,25.400391,130.100098,1721315227.5318,84,1,655.21582,-185.625879,-431.63877,-109.467773,1.318359,5.756836,1721315227.5318,85,2,395.473535,-15.403711,-213.977637,-149.106445,23.225098,45.0,1721315227.5318,87,3,379.511719,-62.731055,-190.313965,-150.908203,31.530762,-159.56543,1721315227.5318,0,0,1721315227507929900,155,0,0,0,0,0,0,0,0,0,0,0,0,-2,-2,-2,-2,-2,-2,-2,-2,-2,-2,-2,-2,-2,-2,-2,1721315227537980500,223
1721315227598461000,87,0,615.143848,-115.974316,-422.932324,-107.160645,25.466309,130.297852,1721315227.5649,84,1,655.439062,-185.625879,-431.303906,-109.467773,1.560059,5.866699,1721315227.5649,85,2,395.585156,-15.403711,-213.866016,-149.084473,23.24707,45.043945,1721315227.5649,87,3,379.62334,-62.731055,-190.202344,-150.908203,31.552734,-159.543457,1721315227.5649,0,0,1721315227574932300,156,0,0,0,0,0,0,0,0,0,0,0,0,-1,29.7,-1,11.43,-1,107.91,14.0,0,0,0,0,0,0,0,1721315227565930000,1721315227565576000,224
1721315227632447200,87,0,615.813574,-116.30918,-423.043945,-107.29248,25.532227,130.275879,1721315227.598,84,1,656.778516,-186.518848,-431.415527,-109.665527,1.82373,5.866699,1721315227.598,85,2,395.696777,-15.515332,-213.754395,-149.128418,23.225098,45.087891,1721315227.598,87,3,379.62334,-62.842676,-190.202344,-150.952148,31.552734,-159.56543,1721315227.598,0,0,-1,-1,0,0,0,0,0,0,0,0,0,0,0,0,-1,29.91,-1,11.78,-1,108.35,14.0,0,0,0,0,0,0,0,1721315227614447200,1721315227598794100,225
1721315227666449600,87,0,615.590332,-116.867285,-422.709082,-107.380371,25.400391,130.253906,1721315227.6311,84,1,656.778516,-187.74668,-430.187695,-109.819336,1.625977,5.95459,1721315227.6311,85,2,395.585156,-15.403711,-213.754395,-149.106445,23.15918,45.175781,1721315227.6311,87,3,379.511719,-62.842676,-190.313965,-150.952148,31.530762,-159.587402,1721315227.6311,0,0,1721315227641450300,157,0,0,0,0,0,0,0,0,0,0,0,0,-2,-2,-2,-2,-2,-2,-2,-2,-2,-2,-2,-2,-2,-2,-2,1721315227642604000,226
1721315227699829400,87,0,615.590332,-116.085938,-422.262598,-107.160645,25.378418,130.297852,1721315227.6678,84,1,657.225,-186.74209,-428.848242,-109.533691,1.691895,6.174316,1721315227.6678,85,2,395.585156,-15.068848,-213.866016,-148.996582,23.181152,45.219727,1721315227.6678,87,3,379.511719,-62.731055,-190.313965,-150.908203,31.530762,-159.587402,1721315227.6678,0,0,-1,-1,0,0,0,0,0,0,0,0,0,0,0,0,-1,29.91,-1,12.31,-1,104.47,14.0,0,0,0,0,0,0,0,1721315227667449400,1721315227699494800,228
1721315227733832600,87,0,615.925195,-115.527832,-421.816113,-107.138672,25.510254,130.319824,1721315227.7009,84,1,658.006348,-186.518848,-429.294727,-109.599609,2.021484,6.174316,1721315227.7009,85,2,395.696777,-15.29209,-213.977637,-149.040527,23.203125,45.219727,1721315227.7009,87,3,379.511719,-62.842676,-190.202344,-150.952148,31.552734,-159.631348,1721315227.7009,0,0,1721315227707823800,158,0,0,0,0,0,0,0,0,0,0,0,0,-1,29.91,-1,11.78,-1,107.04,14.0,0,0,0,0,0,0,0,1721315227716821700,1721315227667470800,227
1721315227767827100,87,0,615.813574,-114.858105,-422.48584,-107.20459,25.510254,130.144043,1721315227.734,84,1,657.894727,-186.965332,-430.076074,-109.775391,2.043457,6.04248,1721315227.734,85,2,395.585156,-15.403711,-213.977637,-149.084473,23.15918,45.219727,1721315227.734,87,3,379.511719,-62.842676,-190.202344,-150.996094,31.508789,-159.675293,1721315227.734,0,0,-1,-1,0,0,0,0,0,0,0,0,0,0,0,0,-1,29.91,-1,11.6,-1,107.47,14.0,0,0,0,0,0,0,0,1721315227765818700,1721315227767207600,230
1721315227801335500,87,0,615.36709,-112.737305,-423.267187,-107.050781,25.532227,130.03418,1721315227.767,84,1,657.559863,-185.514258,-430.857422,-109.533691,1.779785,5.976562,1721315227.767,85,2,395.585156,-15.180469,-213.866016,-149.040527,23.181152,45.241699,1721315227.767,87,3,379.511719,-62.731055,-190.202344,-150.974121,31.508789,-159.697266,1721315227.767,0,0,1721315227774821900,159,0,0,0,0,0,0,0,0,0,0,0,0,-2,-2,-2,-2,-2,-2,-2,-2,-2,-2,-2,-2,-2,-2,-2,1721315227801326400,231
1721315227835344900,87,0,615.255469,-110.951367,-423.825293,-106.918945,25.773926,130.012207,1721315227.8001,84,1,657.225,-182.612109,-431.973633,-109.116211,1.845703,5.888672,1721315227.8001,85,2,395.696777,-14.957227,-213.754395,-148.996582,23.24707,45.241699,1721315227.8001,87,3,379.62334,-62.731055,-190.090723,-150.908203,31.552734,-159.719238,1721315227.8001,0,0,-1,-1,0,0,0,0,0,0,0,0,0,0,0,0,-1,29.91,-1,11.43,-1,105.75,14.0,0,0,0,0,0,0,0,1721315227815336100,1721315227738145100,229
1721315227869344900,87,0,615.701953,-111.062988,-424.49502,-107.138672,25.949707,129.902344,1721315227.8369,84,1,657.559863,-182.946973,-432.085254,-109.248047,1.977539,5.888672,1721315227.8369,85,2,395.808398,-15.068848,-213.642773,-149.040527,23.291016,45.241699,1721315227.8369,87,3,379.62334,-62.731055,-190.425586,-150.996094,31.508789,-159.89502,1721315227.8369,0,0,1721315227841336800,160,0,0,0,0,0,0,0,0,0,0,0,0,-1,29.91,-1,10.9,-1,104.89,14.0,0,0,0,0,0,0,0,1721315227864336400,1721315227868180700,233
1721315227902870200,87,0,615.255469,-111.062988,-425.722852,-107.314453,25.72998,129.682617,1721315227.8699,84,1,657.894727,-183.72832,-431.750391,-109.445801,1.801758,5.910645,1721315227.8699,85,2,395.808398,-14.957227,-213.754395,-149.0625,23.269043,45.241699,1721315227.8699,87,3,379.400098,-62.731055,-190.648828,-151.018066,31.442871,-159.960938,1721315227.8699,0,0,-1,-1,0,0,0,0,0,0,0,0,0,0,0,0,-2,-2,-2,-2,-2,-2,-2,-2,-2,-2,-2,-2,-2,-2,-2,1721315227901081200,234
1721315227936866200,87,0,614.3625,-109.388672,-426.727441,-107.028809,25.708008,129.616699,1721315227.903,84,1,657.336621,-181.942383,-432.308496,-109.182129,1.801758,5.910645,1721315227.903,85,2,395.808398,-14.845605,-213.754395,-148.996582,23.291016,45.285645,1721315227.903,87,3,379.511719,-62.507812,-190.537207,-150.952148,31.464844,-159.98291,1721315227.903,0,0,1721315227907858600,161,0,0,0,0,0,0,0,0,0,0,0,0,-1,29.91,-1,10.73,-1,104.04,14.0,0,0,0,0,0,0,0,1721315227917858600,1721315227838410000,232
1721315227970859500,87,0,614.139258,-109.611914,-426.950684,-107.050781,25.773926,129.638672,1721315227.9361,84,1,657.559863,-180.937793,-432.978223,-109.116211,1.955566,5.910645,1721315227.9361,85,2,395.92002,-14.957227,-213.754395,-149.018555,23.334961,45.307617,1721315227.9361,87,3,379.511719,-62.396191,-190.537207,-150.974121,31.552734,-160.048828,1721315227.9361,0,0,-1,-1,0,0,0,0,0,0,0,0,0,0,0,0,-1,29.91,-1,10.73,-1,104.04,14.0,0,0,0,0,0,0,0,1721315227966859800,1721315227969014900,236
1721315228004471000,87,0,614.474121,-110.17002,-427.285547,-107.160645,25.751953,129.594727,1721315227.9728,84,1,657.783105,-180.826172,-433.75957,-109.182129,1.977539,5.800781,1721315227.9728,85,2,395.92002,-15.068848,-213.866016,-149.084473,23.334961,45.307617,1721315227.9728,87,3,379.511719,-62.731055,-190.425586,-151.105957,31.574707,-160.114746,1721315227.9728,0,0,1721315227974858200,162,0,0,0,0,0,0,0,0,0,0,0,0,-2,-2,-2,-2,-2,-2,-2,-2,-2,-2,-2,-2,-2,-2,-2,1721315228001619200,237
1721315228038377700,87,0,614.585742,-109.611914,-427.62041,-107.050781,25.620117,129.616699,1721315228.0059,84,1,656.666895,-181.049414,-433.982812,-109.160156,1.73584,5.756836,1721315228.0059,85,2,395.696777,-14.957227,-214.089258,-149.106445,23.312988,45.307617,1721315228.0059,87,3,379.511719,-62.619434,-190.425586,-151.105957,31.552734,-160.114746,1721315228.0059,0,0,-1,-1,0,0,0,0,0,0,0,0,0,0,0,0,-1,29.91,-1,11.25,-1,107.47,14.0,0,0,0,0,0,0,0,1721315228016377600,1721315228038340200,238
1721315228072385700,87,0,614.139258,-107.714355,-427.955273,-106.699219,25.664062,129.638672,1721315228.039,84,1,655.997168,-179.821582,-433.536328,-108.808594,1.669922,5.800781,1721315228.039,85,2,395.696777,-14.957227,-214.089258,-149.0625,23.378906,45.32959,1721315228.039,87,3,379.511719,-62.507812,-190.537207,-151.062012,31.59668,-160.136719,1721315228.039,0,0,1721315228041377600,163,0,0,0,0,0,0,0,0,0,0,0,0,-1,29.91,-1,10.55,-1,107.04,14.0,0,0,0,0,0,0,0,1721315228065385600,1721315228068031400,239
1721315228105729800,87,0,614.3625,-107.825977,-427.62041,-106.765137,25.773926,129.682617,1721315228.0721,84,1,656.666895,-180.268066,-433.424707,-108.94043,1.867676,5.822754,1721315228.0721,85,2,395.696777,-15.180469,-213.977637,-149.128418,23.422852,45.32959,1721315228.0721,87,3,379.511719,-62.842676,-190.537207,-151.21582,31.662598,-160.246582,1721315228.0721,0,0,-1,-1,0,0,0,0,0,0,0,0,0,0,0,0,-2,-2,-2,-2,-2,-2,-2,-2,-2,-2,-2,-2,-2,-2,-2,1721315228101229100,240
1721315228139730400,87,0,614.027637,-108.607324,-427.285547,-106.853027,25.598145,129.70459,1721315228.1382,84,1,656.555273,-179.375098,-432.75498,-108.918457,1.82373,5.822754,1721315228.1382,85,2,395.473535,-15.29209,-213.977637,-149.150391,23.444824,45.41748,1721315228.1382,87,3,379.288477,-63.28916,-190.648828,-151.303711,31.59668,-160.268555,1721315228.1382,0,0,1721315228107729300,164,0,0,0,0,0,0,0,0,0,0,0,0,-1,29.91,-1,11.78,-1,107.47,14.0,0,0,0,0,0,0,0,1721315228114729500,1721315228136661500,241
1721315228173729100,87,0,614.250879,-108.607324,-427.508789,-106.896973,25.686035,129.660645,1721315228.1051,84,1,656.778516,-180.268066,-433.647949,-109.072266,1.889648,5.734863,1721315228.1051,85,2,395.585156,-15.403711,-213.977637,-149.194336,23.400879,45.351562,1721315228.1051,87,3,379.288477,-63.28916,-190.648828,-151.325684,31.59668,-160.268555,1721315228.1051,0,0,-1,-1,0,0,0,0,0,0,0,0,0,0,0,0,-1,29.91,-1,12.48,-1,106.61,14.0,0,0,0,0,0,0,0,1721315228167728700,1721315228170522300,242
1721315228208055300,87,0,613.916016,-108.16084,-426.727441,-106.721191,25.708008,129.814453,1721315228.175,84,1,656.332031,-179.59834,-432.196875,-108.874512,1.889648,5.932617,1721315228.175,85,2,395.696777,-15.515332,-213.866016,-149.150391,23.532715,45.483398,1721315228.175,87,3,379.400098,-63.28916,-190.537207,-151.281738,31.706543,-160.3125,1721315228.175,0,0,1721315228175735600,165,0,0,0,0,0,0,0,0,0,0,0,0,-2,-2,-2,-2,-2,-2,-2,-2,-2,-2,-2,-2,-2,-2,-2,1721315228204039300,243
1721315228241856000,87,0,613.916016,-109.16543,-426.057715,-106.940918,25.751953,129.814453,1721315228.208,84,1,656.22041,-181.830762,-432.420117,-109.160156,1.911621,5.910645,1721315228.208,85,2,395.585156,-15.850195,-213.866016,-149.238281,23.532715,45.505371,1721315228.208,87,3,379.288477,-63.512402,-190.537207,-151.369629,31.68457,-160.400391,1721315228.208,0,0,-1,-1,0,0,0,0,0,0,0,0,0,0,0,0,-1,29.91,-1,13.2,-1,101.94,14.0,0,0,0,0,0,0,0,1721315228217054800,1721315228240460300,244
1721315228275904900,87,0,613.916016,-109.388672,-425.387988,-106.831055,25.598145,129.946289,1721315228.2742,84,1,654.992578,-181.942383,-432.196875,-109.094238,1.889648,5.95459,1721315228.2742,85,2,395.696777,-15.850195,-213.977637,-149.128418,23.532715,45.681152,1721315228.2742,87,3,379.288477,-63.28916,-190.537207,-151.281738,31.618652,-160.334473,1721315228.2742,0,0,1721315228243043500,166,0,0,0,0,0,0,0,0,0,0,0,0,-1,29.7,-1,13.56,-1,98.25,14.0,0,0,0,0,0,0,0,1721315228265900500,1721315228272128100,245
1721315228309851700,87,0,613.916016,-109.611914,-425.61123,-107.006836,25.620117,129.814453,1721315228.2411,84,1,655.773926,-183.058594,-432.420117,-109.335938,1.757812,5.910645,1721315228.2411,85,2,395.585156,-15.850195,-213.977637,-149.238281,23.48877,45.571289,1721315228.2411,87,3,379.176855,-63.512402,-190.537207,-151.369629,31.618652,-160.378418,1721315228.2411,0,0,-1,-1,0,0,0,0,0,0,0,0,0,0,0,0,-2,-2,-2,-2,-2,-2,-2,-2,-2,-2,-2,-2,-2,-2,-2,1721315228302061100,246
1721315228344563700,87,0,614.697363,-110.616504,-425.276367,-106.940918,25.708008,130.144043,1721315228.3109,84,1,655.662305,-184.509668,-431.192285,-109.6875,2.790527,6.196289,1721315228.3109,85,2,395.808398,-15.961816,-213.866016,-149.150391,23.598633,45.703125,1721315228.3109,87,3,379.400098,-63.177539,-190.425586,-151.237793,31.640625,-160.268555,1721315228.3109,0,0,1721315228307857100,167,0,0,0,0,0,0,0,0,0,0,0,0,-1,29.91,-1,13.56,-1,97.84,13.0,0,0,0,0,0,0,0,1721315228314957100,1721315228341643100,247
1721315228378786200,87,0,615.143848,-112.067578,-425.387988,-107.160645,25.598145,130.144043,1721315228.344,84,1,657.225,-186.853711,-428.959863,-110.01709,2.702637,6.394043,1721315228.344,85,2,395.696777,-16.073438,-213.866016,-149.150391,23.554688,45.812988,1721315228.344,87,3,379.176855,-63.177539,-190.648828,-151.105957,31.311035,-159.631348,1721315228.344,0,0,-1,-1,0,0,0,0,0,0,0,0,0,0,0,0,-1,29.91,-1,13.74,-1,98.65,13.0,0,0,0,0,0,0,0,1721315228360481500,1721315228369461400,248
1721315228412901600,87,0,614.474121,-112.29082,-425.834473,-107.138672,25.400391,130.12207,1721315228.3771,84,1,657.113379,-186.630469,-428.290137,-109.973145,2.526855,6.437988,1721315228.3771,85,2,396.143262,-15.626953,-213.866016,-148.776855,23.48877,46.691895,1721315228.3771,87,3,379.958203,-62.172949,-190.090723,-150.402832,31.179199,-158.334961,1721315228.3771,0,0,1721315228375694900,168,0,0,0,0,0,0,0,0,0,0,0,0,-1,29.91,-1,13.74,-1,98.25,14.0,0,0,0,0,0,0,0,1721315228408901800,1721315228404178200,249
1721315228446420400,87,0,613.804395,-110.281641,-426.280957,-106.853027,25.444336,130.144043,1721315228.4138,84,1,657.113379,-183.616699,-428.848242,-109.555664,2.702637,6.37207,1721315228.4138,85,2,397.371094,-15.068848,-213.754395,-148.754883,23.312988,47.48291,1721315228.4138,87,3,380.851172,-62.28457,-189.420996,-150.46875,30.893555,-157.456055,1721315228.4138,0,0,-1,-1,0,0,0,0,0,0,0,0,0,0,0,0,-2,-2,-2,-2,-2,-2,-2,-2,-2,-2,-2,-2,-2,-2,-2,1721315228442657300,250
1721315228480420900,87,0,615.255469,-110.058398,-425.053125,-106.918945,25.510254,130.36377,1721315228.4469,84,1,658.452832,-181.719141,-429.406348,-109.467773,2.922363,6.306152,1721315228.4469,85,2,397.371094,-14.957227,-214.870605,-149.194336,22.016602,47.790527,1721315228.4469,87,3,381.186035,-62.28457,-189.644238,-150.864258,30.058594,-157.368164,1721315228.4469,0,0,1721315228441949100,169,0,0,0,0,0,0,0,0,0,0,0,0,-1,29.91,-1,13.74,-1,101.53,14.0,0,0,0,0,0,0,0,1721315228462420100,1721315228472571100,251
1721315228514246800,87,0,615.255469,-110.393262,-425.276367,-107.116699,25.114746,130.231934,1721315228.48,84,1,658.787695,-179.933203,-429.62959,-109.643555,2.790527,6.152344,1721315228.48,85,2,397.929199,-13.729395,-215.093848,-148.820801,21.247559,47.966309,1721315228.48,87,3,381.744141,-62.172949,-189.532617,-150.930176,29.245605,-157.456055,1721315228.48,0,0,-1,-1,0,0,0,0,0,0,0,0,0,0,0,0,-1,29.91,-1,13.38,-1,90.78,14.0,0,0,0,0,0,0,0,1721315228511247000,1721315228504853900,252
1721315228547732200,87,0,617.487891,-104.812207,-424.941504,-106.45752,25.180664,130.253906,1721315228.5461,84,1,658.006348,-177.031055,-431.750391,-109.665527,2.8125,6.04248,1721315228.5461,85,2,398.487305,-11.943457,-216.210059,-148.469238,20.544434,47.373047,1721315228.5461,87,3,383.864941,-60.610254,-190.313965,-150.710449,28.916016,-158.291016,1721315228.5461,0,0,1721315228509044600,170,0,0,0,0,0,0,0,0,0,0,0,0,-2,-2,-2,-2,-2,-2,-2,-2,-2,-2,-2,-2,-2,-2,-2,1721315228541583600,253
1721315228581896100,87,0,617.599512,-104.812207,-424.941504,-106.523438,25.202637,130.253906,1721315228.5498,84,1,658.006348,-177.142676,-431.973633,-109.731445,2.834473,6.020508,1721315228.5498,85,2,398.375684,-12.055078,-216.32168,-148.513184,20.478516,47.329102,1721315228.5498,87,3,383.976562,-60.721875,-190.313965,-150.732422,28.894043,-158.312988,1721315228.5498,0,0,-1,-1,0,0,0,0,0,0,0,0,0,0,0,0,-1,29.91,-1,13.74,-1,90.02,14.0,0,0,0,0,0,0,0,1721315228556732400,1721315228568910900,254
1721315228616019500,87,0,618.157617,-104.923828,-425.722852,-107.402344,24.873047,129.880371,1721315228.5829,84,1,658.117969,-177.365918,-432.420117,-110.368652,2.592773,5.712891,1721315228.5829,85,2,397.594336,-12.389941,-217.772754,-148.864746,19.775391,47.087402,1721315228.5829,87,3,384.088184,-60.945117,-191.206934,-151.105957,28.410645,-158.422852,1721315228.5829,0,0,1721315228574873800,171,0,0,0,0,0,0,0,0,0,0,0,0,-1,29.91,-1,13.74,-1,85.56,14.0,0,0,0,0,0,0,0,1721315228606020700,1721315228603482600,255
1721315228650020700,87,0,618.604102,-104.477344,-426.839062,-107.86377,23.774414,129.814453,1721315228.6159,84,1,658.341211,-173.570801,-430.410937,-110.632324,1.955566,5.603027,1721315228.6159,85,2,398.264062,-12.166699,-217.549512,-148.798828,19.907227,47.175293,1721315228.6159,87,3,384.423047,-60.945117,-191.765039,-151.171875,28.256836,-158.400879,1721315228.6159,0,0,-1,-1,0,0,0,0,0,0,0,0,0,0,0,0,-2,-2,-2,-2,-2,-2,-2,-2,-2,-2,-2,-2,-2,-2,-2,1721315228642726900,256
1721315228684033100,87,0,619.162207,-102.133301,-425.387988,-107.600098,23.818359,130.078125,1721315228.649,84,1,656.443652,-169.329199,-430.076074,-110.368652,2.592773,5.361328,1721315228.649,85,2,398.710547,-11.943457,-217.437891,-148.776855,20.061035,47.087402,1721315228.649,87,3,384.869531,-61.27998,-191.988281,-151.237793,28.322754,-158.422852,1721315228.649,0,0,1721315228642022500,172,0,0,0,0,0,0,0,0,0,0,0,0,-1,29.91,-1,13.02,-1,86.29,14.0,0,0,0,0,0,0,0,1721315228655019300,1721315228670597500,257
1721315228718046400,87,0,620.613281,-102.803027,-424.829883,-108.083496,23.686523,130.187988,1721315228.6858,84,1,658.341211,-169.217578,-431.415527,-110.895996,3.493652,5.031738,1721315228.6858,85,2,399.380273,-13.617773,-217.32627,-149.39209,20.061035,46.955566,1721315228.6858,87,3,385.427637,-61.614844,-192.099902,-151.54541,28.388672,-158.532715,1721315228.6858,0,0,-1,-1,0,0,0,0,0,0,0,0,0,0,0,0,-1,29.91,-1,13.02,-1,84.83,14.0,0,0,0,0,0,0,0,1721315228704053800,1721315228703967100,258
1721315228752046300,87,0,620.055176,-104.700586,-424.718262,-108.303223,22.060547,130.429688,1721315228.7188,84,1,658.787695,-171.003516,-431.303906,-111.555176,3.383789,4.87793,1721315228.7188,85,2,399.157031,-13.617773,-217.661133,-149.501953,19.841309,47.06543,1721315228.7188,87,3,385.316016,-61.949707,-192.211523,-151.765137,28.190918,-158.48877,1721315228.7188,0,0,1721315228708046000,173,0,0,0,0,0,0,0,0,0,0,0,0,-2,-2,-2,-2,-2,-2,-2,-2,-2,-2,-2,-2,-2,-2,-2,1721315228741811400,259
1721315228786049600,87,0,617.041406,-102.803027,-422.932324,-107.709961,21.467285,131.066895,1721315228.7519,84,1,657.559863,-170.333789,-430.076074,-111.599121,3.449707,5.163574,1721315228.7519,85,2,399.380273,-13.28291,-217.661133,-149.39209,19.951172,47.131348,1721315228.7519,87,3,385.427637,-61.838086,-192.323145,-151.677246,28.190918,-158.378906,1721315228.7519,0,0,-1,-1,0,0,0,0,0,0,0,0,0,0,0,0,-1,29.7,-1,13.02,-1,81.25,14.0,0,0,0,0,0,0,0,1721315228753047200,1721315228770203900,260
1721315228819578100,87,0,619.385449,-101.128711,-420.811523,-107.446289,21.313477,132.736816,1721315228.8181,84,1,662.136328,-166.538672,-426.950684,-111.774902,5.800781,5.888672,1721315228.8181,85,2,399.715137,-14.175879,-217.32627,-149.567871,20.10498,47.175293,1721315228.8181,87,3,385.427637,-61.726465,-192.546387,-151.743164,28.212891,-158.400879,1721315228.8181,0,0,1721315228775046300,174,0,0,0,0,0,0,0,0,0,0,0,0,-1,29.91,-1,12.84,-1,81.25,14.0,0,0,0,0,0,0,0,1721315228802578300,1721315228803758200,261
1721315228853578200,87,0,619.162207,-100.682227,-420.811523,-107.402344,21.225586,132.780762,1721315228.8217,84,1,661.913086,-166.538672,-426.839062,-111.774902,5.822754,5.866699,1721315228.8217,85,2,399.603516,-14.2875,-217.32627,-149.567871,20.10498,47.175293,1721315228.8217,87,3,385.316016,-61.726465,-192.658008,-151.743164,28.212891,-158.400879,1721315228.8217,0,0,-1,-1,0,0,0,0,0,0,0,0,0,0,0,0,-1,29.91,-1,13.56,-1,87.03,13.0,0,0,0,0,0,0,0,1721315228851578900,1721315228842777500,262
1721315228887603200,86,0,616.706543,-95.212793,-421.592871,-106.45752,20.67627,133.066406,1721315228.8548,84,1,659.010937,-165.980566,-426.057715,-111.84082,6.064453,5.822754,1721315228.8548,85,2,399.380273,-14.175879,-217.437891,-149.545898,20.039062,47.197266,1721315228.8548,87,3,384.981152,-61.838086,-192.769629,-151.787109,28.081055,-158.334961,1721315228.8548,0,0,1721315228841583500,175,0,0,0,0,0,0,0,0,0,0,0,0,-2,-2,-2,-2,-2,-2,-2,-2,-2,-2,-2,-2,-2,-2,-2,1721315228870051600,263
1721315228921110600,86,0,614.808984,-95.994141,-418.802344,-105.666504,20.76416,133.659668,1721315228.8879,84,1,653.429883,-160.622754,-420.811523,-110.324707,7.163086,6.306152,1721315228.8879,85,2,399.380273,-13.059668,-217.549512,-149.128418,20.148926,47.241211,1721315228.8879,87,3,384.981152,-61.726465,-192.658008,-151.699219,28.146973,-158.24707,1721315228.8879,0,0,-1,-1,0,0,0,0,0,0,0,0,0,0,0,0,-1,29.7,-1,13.2,-1,89.26,14.0,0,0,0,0,0,0,0,1721315228901106800,1721315228904489300,264
1721315228955115200,87,0,613.246289,-101.463574,-416.011816,-106.281738,21.533203,133.747559,1721315228.921,84,1,653.429883,-160.287891,-422.374219,-110.720215,8.547363,5.625,1721315228.921,85,2,399.491895,-13.059668,-217.437891,-149.150391,20.192871,47.263184,1721315228.921,87,3,385.092773,-61.838086,-192.434766,-151.721191,28.212891,-158.24707,1721315228.921,0,0,1721315228908107000,176,0,0,0,0,0,0,0,0,0,0,0,0,-1,29.91,-1,13.38,-1,91.16,14.0,0,0,0,0,0,0,0,1721315228950107500,1721315228942341800,265
1721315228989112900,87,0,610.120898,-103.361133,-414.225879,-106.831055,21.730957,133.505859,1721315228.954,84,1,650.416113,-162.185449,-421.369629,-110.983887,8.173828,5.339355,1721315228.954,85,2,399.268652,-13.28291,-217.32627,-149.194336,20.10498,47.285156,1721315228.954,87,3,384.869531,-61.949707,-192.434766,-151.787109,28.168945,-158.225098,1721315228.954,0,0,-1,-1,0,0,0,0,0,0,0,0,0,0,0,0,-2,-2,-2,-2,-2,-2,-2,-2,-2,-2,-2,-2,-2,-2,-2,1721315228971114800,266
1721315229022634300,87,0,608.111719,-101.798437,-414.002637,-106.369629,21.75293,133.59375,1721315228.9908,84,1,649.411523,-160.17627,-420.365039,-110.456543,7.932129,5.471191,1721315228.9908,85,2,398.933789,-13.059668,-217.214648,-149.040527,20.039062,47.48291,1721315228.9908,87,3,384.75791,-61.838086,-192.211523,-151.699219,28.146973,-158.093262,1721315228.9908,0,0,1721315228975107200,177,0,0,0,0,0,0,0,0,0,0,0,0,-1,29.91,-1,13.74,-1,92.32,14.0,0,0,0,0,0,0,0,1721315228999628900,1721315229004596900,267
1721315229056627600,86,0,608.893066,-96.663867,-413.444531,-105.402832,22.324219,133.791504,1721315229.0239,84,1,648.965039,-157.1625,-418.46748,-109.6875,8.327637,5.668945,1721315229.0239,85,2,398.933789,-12.948047,-217.103027,-149.018555,20.083008,47.504883,1721315229.0239,87,3,384.869531,-61.726465,-191.87666,-151.611328,28.256836,-157.91748,1721315229.0239,0,0,-1,-1,0,0,0,0,0,0,0,0,0,0,0,0,-1,29.91,-1,13.92,-1,92.7,13.0,0,0,0,0,0,0,0,1721315229048627800,1721315229041625900,268
1721315229091148000,86,0,610.344141,-96.775488,-413.444531,-105.46875,22.434082,133.857422,1721315229.0569,84,1,648.965039,-159.060059,-419.47207,-110.061035,8.503418,5.537109,1721315229.0569,85,2,398.933789,-13.171289,-217.103027,-149.084473,20.083008,47.504883,1721315229.0569,87,3,384.75791,-61.949707,-191.765039,-151.743164,28.256836,-157.851562,1721315229.0569,0,0,1721315229041637800,178,0,0,0,0,0,0,0,0,0,0,0,0,-2,-2,-2,-2,-2,-2,-2,-2,-2,-2,-2,-2,-2,-2,-2,1721315229071801700,269
1721315229125154100,86,0,609.897656,-96.552246,-413.667773,-105.512695,22.17041,133.769531,1721315229.09,84,1,648.295312,-160.17627,-419.583691,-110.258789,8.261719,5.471191,1721315229.09,85,2,398.710547,-13.28291,-217.103027,-149.216309,19.907227,47.724609,1721315229.09,87,3,384.311426,-62.172949,-191.87666,-151.831055,28.059082,-157.719727,1721315229.09,0,0,-1,-1,0,0,0,0,0,0,0,0,0,0,0,0,-1,29.91,-1,13.92,-1,88.51,14.0,0,0,0,0,0,0,0,1721315229097153700,1721315229106441400,270
1721315229159154300,86,0,609.451172,-91.975781,-414.560742,-104.831543,21.950684,133.769531,1721315229.1267,84,1,647.737207,-159.841406,-418.579102,-110.10498,7.998047,5.756836,1721315229.1267,85,2,399.157031,-12.836426,-217.214648,-149.040527,20.01709,47.834473,1721315229.1267,87,3,384.534668,-61.726465,-191.765039,-151.655273,28.081055,-157.631836,1721315229.1267,0,0,1721315229109153600,179,0,0,0,0,0,0,0,0,0,0,0,0,-1,29.91,-1,14.46,-1,88.89,14.0,0,0,0,0,0,0,0,1721315229146152800,1721315229140821500,271
1721315229193204200,86,0,610.23252,-91.417676,-414.449121,-104.831543,22.060547,133.725586,1721315229.1598,84,1,648.630176,-157.943848,-419.248828,-109.885254,8.02002,5.668945,1721315229.1598,85,2,399.491895,-13.059668,-217.103027,-149.106445,20.10498,47.856445,1721315229.1598,87,3,384.646289,-61.726465,-191.765039,-151.655273,28.125,-157.653809,1721315229.1598,0,0,-1,-1,0,0,0,0,0,0,0,0,0,0,0,0,-2,-2,-2,-2,-2,-2,-2,-2,-2,-2,-2,-2,-2,-2,-2,1721315229171950200,272
1721315229227204000,86,0,610.009277,-93.87334,-415.788574,-105.336914,21.75293,133.154297,1721315229.1929,84,1,648.741797,-158.836816,-420.699902,-110.214844,7.470703,5.20752,1721315229.1929,85,2,399.491895,-13.28291,-216.991406,-149.238281,20.10498,47.8125,1721315229.1929,87,3,384.646289,-61.726465,-191.765039,-151.699219,28.103027,-157.697754,1721315229.1929,0,0,1721315229175154200,180,0,0,0,0,0,0,0,0,0,0,0,0,-1,29.91,-1,13.74,-1,73.08,14.0,0,0,0,0,0,0,0,1721315229195203200,1721315229206277600,273
1721315229261206600,86,0,609.116309,-93.426855,-417.35127,-105.556641,21.335449,132.1875,1721315229.226,84,1,648.183691,-154.930078,-421.704492,-109.951172,6.679688,4.658203,1721315229.226,85,2,399.268652,-13.059668,-217.103027,-149.216309,20.061035,47.790527,1721315229.226,87,3,384.646289,-61.614844,-191.87666,-151.677246,28.081055,-157.697754,1721315229.226,0,0,1721315229242195800,181,0,0,0,0,0,0,0,0,0,0,0,0,-1,29.91,-1,13.2,-1,69.85,14.0,0,0,0,0,0,0,0,1721315229245195300,1721315229243096900,274
1721315229295290400,86,0,609.897656,-91.529297,-416.681543,-105.161133,21.489258,132.341309,1721315229.2627,84,1,648.741797,-150.800098,-421.704492,-109.226074,6.877441,4.63623,1721315229.2627,85,2,399.380273,-12.948047,-217.103027,-149.172363,20.10498,47.790527,1721315229.2627,87,3,384.646289,-61.503223,-191.765039,-151.633301,28.125,-157.719727,1721315229.2627,0,0,-1,-1,0,0,0,0,0,0,0,0,0,0,0,0,-1,29.91,-1,13.38,-1,77.44,14.0,0,0,0,0,0,0,0,1721315229294290900,1721315229272410100,275
1721315229329300900,86,0,611.013867,-91.306055,-416.904785,-105.380859,21.687012,132.253418,1721315229.2958,84,1,650.750977,-151.581445,-421.592871,-109.533691,7.250977,4.482422,1721315229.2958,85,2,399.380273,-13.059668,-216.991406,-149.260254,20.148926,47.746582,1721315229.2958,87,3,384.75791,-61.503223,-191.87666,-151.699219,28.146973,-157.763672,1721315229.2958,0,0,-1,-1,0,0,0,0,0,0,0,0,0,0,0,0,-2,-2,-2,-2,-2,-2,-2,-2,-2,-2,-2,-2,-2,-2,-2,1721315229306065600,276
1721315229363301100,86,0,611.237109,-91.640918,-416.569922,-105.79834,21.203613,131.967773,1721315229.3289,84,1,649.746387,-152.809277,-420.923145,-110.280762,6.987305,4.130859,1721315229.3289,85,2,399.157031,-13.171289,-216.879785,-149.304199,20.148926,47.768555,1721315229.3289,87,3,384.646289,-61.614844,-191.87666,-151.743164,28.103027,-157.785645,1721315229.3289,0,0,1721315229308290500,182,0,0,0,0,0,0,0,0,0,0,0,0,-1,29.7,-1,13.2,-1,89.64,14.0,0,0,0,0,0,0,0,1721315229339302000,1721315229341846600,277
1721315229397617600,86,0,612.018457,-87.622559,-417.016406,-105.314941,21.049805,131.901855,1721315229.3619,84,1,648.741797,-150.01875,-422.262598,-109.973145,6.767578,3.999023,1721315229.3619,85,2,399.157031,-12.948047,-216.879785,-149.216309,20.148926,47.8125,1721315229.3619,87,3,384.75791,-61.503223,-191.988281,-151.699219,28.125,-157.785645,1721315229.3619,0,0,1721315229374290800,183,0,0,0,0,0,0,0,0,0,0,0,0,-1,29.91,-1,13.56,-1,92.32,14.0,0,0,0,0,0,0,0,1721315229388294700,1721315229372909800,278
1721315229431616000,86,0,612.241699,-85.055273,-416.569922,-105.270996,21.42334,131.901855,1721315229.3987,84,1,648.965039,-148.456055,-422.932324,-109.819336,6.943359,3.955078,1721315229.3987,85,2,399.268652,-13.171289,-216.879785,-149.216309,20.258789,47.834473,1721315229.3987,87,3,384.75791,-61.503223,-191.87666,-151.699219,28.168945,-157.785645,1721315229.3987,0,0,-1,-1,0,0,0,0,0,0,0,0,0,0,0,0,-2,-2,-2,-2,-2,-2,-2,-2,-2,-2,-2,-2,-2,-2,-2,1721315229405488200,279
1721315229465614900,86,0,612.799805,-85.501758,-417.239648,-106.083984,21.577148,131.506348,1721315229.4318,84,1,649.634766,-148.679297,-422.820703,-110.456543,7.185059,3.691406,1721315229.4318,85,2,399.268652,-13.617773,-216.879785,-149.348145,20.236816,47.856445,1721315229.4318,87,3,384.646289,-61.838086,-192.099902,-151.809082,28.146973,-157.807617,1721315229.4318,0,0,1721315229442614300,184,0,0,0,0,0,0,0,0,0,0,0,0,-1,29.7,-1,13.56,-1,87.77,14.0,0,0,0,0,0,0,0,1721315229437614400,1721315229443265900,280
1721315229499159800,86,0,612.241699,-88.627148,-416.904785,-106.831055,20.852051,131.044922,1721315229.4648,84,1,649.188281,-149.01416,-420.923145,-110.874023,6.921387,3.55957,1721315229.4648,85,2,399.04541,-13.394531,-217.103027,-149.282227,20.126953,47.944336,1721315229.4648,87,3,384.534668,-61.949707,-192.323145,-151.831055,28.103027,-157.807617,1721315229.4648,0,0,-1,-1,0,0,0,0,0,0,0,0,0,0,0,0,-1,29.91,-1,13.56,-1,80.9,13.0,0,0,0,0,0,0,0,1721315229486632000,1721315229473584000,281
1721315229533158500,86,0,613.134668,-88.403906,-415.230469,-106.611328,20.939941,131.19873,1721315229.4979,84,1,649.07666,-146.112012,-420.365039,-110.412598,7.141113,3.515625,1721315229.4979,85,2,398.933789,-12.501562,-217.661133,-149.040527,20.148926,47.966309,1721315229.4979,87,3,384.534668,-61.949707,-192.323145,-151.787109,28.103027,-157.763672,1721315229.4979,0,0,1721315229508156700,185,0,0,0,0,0,0,0,0,0,0,0,0,-2,-2,-2,-2,-2,-2,-2,-2,-2,-2,-2,-2,-2,-2,-2,1721315229508185800,282
1721315229567154200,86,0,615.701953,-89.185254,-411.32373,-106.809082,21.42334,131.462402,1721315229.5347,84,1,652.760156,-145.330664,-419.918555,-110.544434,8.041992,3.251953,1721315229.5347,85,2,399.04541,-12.948047,-217.549512,-149.150391,20.148926,47.966309,1721315229.5347,87,3,384.534668,-62.061328,-192.323145,-151.831055,28.103027,-157.807617,1721315229.5347,0,0,-1,-1,0,0,0,0,0,0,0,0,0,0,0,0,-1,29.7,-1,14.28,-1,88.89,14.0,0,0,0,0,0,0,0,1721315229536154200,1721315229542044400,283
1721315229601216700,86,0,616.260059,-89.966602,-409.649414,-106.984863,21.115723,131.308594,1721315229.5677,84,1,653.318262,-148.00957,-417.016406,-111.137695,7.866211,3.098145,1721315229.5677,85,2,398.933789,-13.28291,-217.549512,-149.260254,20.061035,48.010254,1721315229.5677,87,3,384.423047,-62.172949,-192.323145,-151.875,28.059082,-157.807617,1721315229.5677,0,0,1721315229575157600,186,0,0,0,0,0,0,0,0,0,0,0,0,-1,29.91,-1,14.46,-1,84.1,14.0,0,0,0,0,0,0,0,1721315229585163300,1721315229573238500,284
1721315229635208500,86,0,615.590332,-88.515527,-409.537793,-106.589355,20.808105,131.220703,1721315229.6008,84,1,652.202051,-146.446875,-416.34668,-110.720215,7.514648,2.856445,1721315229.6008,85,2,398.933789,-13.059668,-217.772754,-149.172363,19.951172,48.032227,1721315229.6008,87,3,384.423047,-62.061328,-192.323145,-151.853027,27.993164,-157.807617,1721315229.6008,0,0,-1,-1,0,0,0,0,0,0,0,0,0,0,0,0,-1,29.91,-1,14.46,-1,88.89,14.0,0,0,0,0,0,0,0,1721315229634216300,1721315229607386500,285
1721315229669208000,86,0,615.813574,-87.176074,-409.314551,-106.259766,20.76416,131.352539,1721315229.6339,84,1,652.648535,-142.651758,-414.560742,-110.039062,7.77832,2.922363,1721315229.6339,85,2,398.933789,-12.948047,-217.661133,-149.150391,19.995117,48.032227,1721315229.6339,87,3,384.534668,-61.949707,-192.211523,-151.831055,28.015137,-157.807617,1721315229.6339,0,0,1721315229641209100,187,0,0,0,0,0,0,0,0,0,0,0,0,-2,-2,-2,-2,-2,-2,-2,-2,-2,-2,-2,-2,-2,-2,-2,1721315229641803400,286
1721315229703413700,86,0,620.055176,-87.287695,-406.970508,-106.12793,20.67627,131.967773,1721315229.6706,84,1,653.987988,-146.335254,-413.891016,-110.939941,8.327637,2.944336,1721315229.6706,85,2,399.157031,-13.506152,-217.437891,-149.260254,20.01709,48.032227,1721315229.6706,87,3,384.534668,-62.061328,-192.211523,-151.875,28.015137,-157.82959,1721315229.6706,0,0,-1,-1,0,0,0,0,0,0,0,0,0,0,0,0,-1,29.91,-1,14.46,-1,88.89,14.0,0,0,0,0,0,0,0,1721315229683215000,1721315229672342500,287
1721315229737413800,86,0,620.50166,-88.069043,-406.970508,-106.237793,19.511719,132.209473,1721315229.7037,84,1,652.313672,-149.907129,-412.551562,-111.796875,8.129883,2.944336,1721315229.7037,85,2,399.04541,-13.729395,-217.437891,-149.326172,19.973145,48.054199,1721315229.7037,87,3,384.423047,-62.172949,-192.211523,-151.918945,27.971191,-157.82959,1721315229.7037,0,0,1721315229707407700,188,0,0,0,0,0,0,0,0,0,0,0,0,-1,29.7,-1,14.1,-1,88.14,14.0,0,0,0,0,0,0,0,1721315229732404700,1721315229706838800,288
1721315229771404500,86,0,619.385449,-85.390137,-409.984277,-105.688477,19.006348,132.1875,1721315229.7368,84,1,652.202051,-147.786328,-412.439941,-111.555176,8.151855,2.922363,1721315229.7368,85,2,399.157031,-13.617773,-217.437891,-149.260254,19.995117,48.076172,1721315229.7368,87,3,384.534668,-62.061328,-192.099902,-151.853027,27.971191,-157.785645,1721315229.7368,0,0,-1,-1,0,0,0,0,0,0,0,0,0,0,0,0,-2,-2,-2,-2,-2,-2,-2,-2,-2,-2,-2,-2,-2,-2,-2,1721315229741156200,289
1721315229804951900,86,0,619.49707,-87.510937,-411.435352,-106.281738,18.808594,131.967773,1721315229.7735,84,1,656.108789,-143.767969,-412.32832,-111.269531,9.008789,2.878418,1721315229.7735,85,2,399.380273,-13.506152,-217.437891,-149.238281,20.061035,48.098145,1721315229.7735,87,3,384.646289,-62.172949,-191.988281,-151.831055,28.037109,-157.785645,1721315229.7735,0,0,1721315229774404400,189,0,0,0,0,0,0,0,0,0,0,0,0,-1,29.91,-1,14.1,-1,90.78,14.0,0,0,0,0,0,0,0,1721315229781412000,1721315229773360100,290
1721315229838948500,86,0,617.822754,-90.636328,-412.998047,-106.940918,18.171387,131.901855,1721315229.8066,84,1,657.113379,-143.87959,-413.109668,-111.467285,9.118652,2.790527,1721315229.8066,85,2,399.268652,-13.617773,-217.437891,-149.282227,20.039062,48.098145,1721315229.8066,87,3,384.646289,-62.172949,-191.87666,-151.853027,28.037109,-157.807617,1721315229.8066,0,0,-1,-1,0,0,0,0,0,0,0,0,0,0,0,0,-1,29.91,-1,14.46,-1,90.78,13.0,0,0,0,0,0,0,0,1721315229830950000,1721315229807112900,291
1721315229872940700,86,0,617.37627,-89.185254,-411.658594,-106.171875,16.875,132.890625,1721315229.8397,84,1,656.666895,-144.102832,-412.886426,-111.467285,9.008789,2.768555,1721315229.8397,85,2,399.380273,-13.28291,-217.32627,-149.128418,20.061035,48.251953,1721315229.8397,87,3,384.646289,-62.172949,-191.87666,-151.831055,28.015137,-157.785645,1721315229.8397,0,0,1721315229840943700,190,0,0,0,0,0,0,0,0,0,0,0,0,-2,-2,-2,-2,-2,-2,-2,-2,-2,-2,-2,-2,-2,-2,-2,1721315229842577000,292
1721315229906470000,86,0,623.068945,-86.72959,-409.537793,-105.732422,16.171875,133.549805,1721315229.8727,84,1,655.662305,-146.112012,-411.435352,-111.621094,9.074707,2.966309,1721315229.8727,85,2,399.715137,-12.948047,-217.214648,-148.996582,20.214844,48.361816,1721315229.8727,87,3,384.75791,-61.949707,-191.87666,-151.765137,28.037109,-157.785645,1721315229.8727,0,0,-1,-1,0,0,0,0,0,0,0,0,0,0,0,0,-1,29.91,-1,14.64,-1,92.32,14.0,0,0,0,0,0,0,0,1721315229879963100,1721315229874722600,293
1721315229940469400,86,0,627.198926,-89.185254,-413.109668,-107.094727,15.534668,133.330078,1721315229.9058,84,1,654.546094,-173.235937,-408.421582,-114.960938,9.536133,4.174805,1721315229.9058,85,2,399.938379,-13.506152,-217.103027,-149.194336,20.236816,48.383789,1721315229.9058,87,3,384.869531,-61.838086,-191.87666,-151.787109,28.081055,-157.807617,1721315229.9058,0,0,1721315229907471600,191,0,0,0,0,0,0,0,0,0,0,0,0,-1,29.91,-1,14.64,-1,85.19,14.0,0,0,0,0,0,0,0,1721315229928473500,1721315229908085900,294
1721315229974470300,86,0,617.37627,-87.176074,-409.649414,-106.896973,14.128418,134.604492,1721315229.9426,85,1,658.22959,-163.748145,-407.416992,-114.477539,10.151367,3.88916,1721315229.9426,85,2,399.603516,-14.175879,-216.768164,-149.501953,19.973145,48.691406,1721315229.9426,87,3,384.981152,-61.838086,-192.099902,-151.875,27.927246,-157.763672,1721315229.9426,0,0,-1,-1,0,0,0,0,0,0,0,0,0,0,0,0,-2,-2,-2,-2,-2,-2,-2,-2,-2,-2,-2,-2,-2,-2,-2,1721315229942015100,295
1721315230008512100,86,0,617.153027,-80.59043,-410.877246,-105.600586,14.348145,134.912109,1721315229.9756,85,1,657.559863,-151.134961,-409.314551,-113.203125,10.546875,3.032227,1721315229.9756,85,2,400.161621,-12.724805,-217.437891,-149.150391,19.973145,48.735352,1721315229.9756,87,3,385.874121,-61.056738,-192.434766,-151.699219,27.70752,-157.478027,1721315229.9756,0,0,1721315229974470300,192,0,0,0,0,0,0,0,0,0,0,0,0,-1,29.7,-1,14.28,-1,85.56,14.0,0,0,0,0,0,0,0,1721315229978477600,1721315230007774000,297
1721315230042503600,86,0,617.153027,-82.041504,-410.988867,-105.88623,14.545898,134.978027,1721315230.0087,85,1,657.448242,-144.660937,-410.319141,-112.763672,11.074219,2.351074,1721315230.0087,85,2,401.05459,-13.059668,-217.884375,-149.414062,19.753418,48.669434,1721315230.0087,87,3,386.655469,-61.056738,-192.099902,-151.853027,27.443848,-157.236328,1721315230.0087,0,0,-1,-1,0,0,0,0,0,0,0,0,0,0,0,0,-1,29.91,-1,13.74,-1,85.56,14.0,0,0,0,0,0,0,0,1721315230027503200,1721315230042302100,298
1721315230076503800,86,0,617.822754,-84.273926,-410.877246,-106.45752,14.72168,135.043945,1721315230.0418,85,1,658.22959,-144.995801,-411.32373,-113.115234,11.118164,1.801758,1721315230.0418,85,2,400.608105,-12.836426,-219.558691,-149.677734,18.566895,48.713379,1721315230.0418,87,3,386.76709,-61.391602,-193.216113,-152.138672,26.191406,-156.708984,1721315230.0418,0,0,1721315230041503700,193,0,0,0,0,0,0,0,0,0,0,0,0,-1,29.91,-1,13.56,-1,84.83,13.0,0,0,0,0,0,0,0,1721315230076503800,1721315230075302300,299
1721315230110630700,86,0,617.599512,-84.273926,-410.542383,-106.479492,14.633789,135.065918,1721315230.0785,85,1,655.327441,-145.777148,-410.430762,-113.071289,10.437012,1.669922,1721315230.0785,85,2,400.496484,-11.162109,-221.233008,-148.864746,17.468262,49.438477,1721315230.0785,87,3,387.660059,-60.052148,-194.443945,-151.325684,24.719238,-155.544434,1721315230.0785,0,0,-1,-1,0,0,0,0,0,0,0,0,0,0,0,0,-2,-2,-2,-2,-2,-2,-2,-2,-2,-2,-2,-2,-2,-2,-2,1721315230109792800,300
1721315230144627900,86,0,617.37627,-83.604199,-411.212109,-106.12793,14.655762,135.241699,1721315230.1116,85,1,654.880957,-141.200684,-411.32373,-112.302246,10.634766,1.625977,1721315230.1116,85,2,401.389453,-10.15752,-223.577051,-148.051758,16.413574,50.273438,1721315230.1116,87,3,389.445996,-59.047559,-194.667187,-150.292969,23.532715,-153.874512,1721315230.1116,0,0,1721315230108631100,194,0,0,0,0,0,0,0,0,0,0,0,0,-1,29.91,-1,13.38,-1,86.66,14.0,0,0,0,0,0,0,0,1721315230121619800,1721315230141623400,301
1721315230178625100,86,0,618.045996,-86.72959,-410.430762,-106.435547,14.985352,135.549316,1721315230.1447,85,1,654.992578,-139.86123,-412.105078,-112.214355,11.337891,1.516113,1721315230.1447,84,2,402.282422,-9.487793,-225.58623,-147.370605,14.985352,51.28418,1721315230.1447,87,3,391.343555,-59.270801,-195.225293,-149.743652,22.038574,-152.556152,1721315230.1447,0,0,-1,-1,0,0,0,0,0,0,0,0,0,0,0,0,-1,29.91,-1,13.74,-1,88.51,14.0,0,0,0,0,0,0,0,1721315230170628200,1721315230175119600,302
1721315230212657700,86,0,617.599512,-88.515527,-410.654004,-106.787109,14.897461,135.527344,1721315230.1778,85,1,655.21582,-140.754199,-412.105078,-112.478027,11.447754,1.472168,1721315230.1778,84,2,401.724316,-8.036719,-227.818652,-146.491699,13.293457,52.119141,1721315230.1778,87,3,392.124902,-58.824316,-196.453125,-149.194336,20.236816,-152.028809,1721315230.1778,0,0,1721315230174619800,195,0,0,0,0,0,0,0,0,0,0,0,0,-2,-2,-2,-2,-2,-2,-2,-2,-2,-2,-2,-2,-2,-2,-2,1721315230209542800,303
1721315230246667100,86,0,616.483301,-88.73877,-410.542383,-106.721191,14.80957,135.527344,1721315230.2145,85,1,654.880957,-140.530957,-410.877246,-112.214355,11.359863,1.691895,1721315230.2145,84,2,403.733496,-4.799707,-229.046484,-145.129395,12.854004,52.866211,1721315230.2145,87,3,393.799219,-55.698926,-196.787988,-148.161621,19.379883,-151.787109,1721315230.2145,0,0,-1,-1,0,0,0,0,0,0,0,0,0,0,0,0,-1,29.91,-1,13.92,-1,88.51,14.0,0,0,0,0,0,0,0,1721315230219655500,1721315230242735200,304
1721315230280658700,86,0,614.250879,-88.962012,-410.765625,-106.699219,15.095215,135.527344,1721315230.2476,85,1,653.987988,-139.079883,-410.430762,-111.708984,11.733398,1.713867,1721315230.2476,84,2,406.412402,-5.692676,-229.158105,-145.437012,13.051758,53.811035,1721315230.2476,87,3,397.03623,-55.029199,-196.118262,-147.98584,19.423828,-151.083984,1721315230.2476,0,0,1721315230240658700,196,0,0,0,0,0,0,0,0,0,0,0,0,-1,29.7,-1,13.56,-1,91.16,14.0,0,0,0,0,0,0,0,1721315230268654500,1721315230276835900,305
1721315230314670500,86,0,614.3625,-91.752539,-409.20293,-107.116699,15.336914,135.615234,1721315230.2807,85,1,654.21123,-139.191504,-410.765625,-111.906738,12.282715,1.494141,1721315230.2807,84,2,409.984277,-5.804297,-229.158105,-146.074219,13.557129,55.371094,1721315230.2807,87,3,399.603516,-54.471094,-196.453125,-148.337402,19.533691,-150.007324,1721315230.2807,0,0,-1,-1,0,0,0,0,0,0,0,0,0,0,0,0,-2,-2,-2,-2,-2,-2,-2,-2,-2,-2,-2,-2,-2,-2,-2,1721315230309236000,306
1721315230348667900,86,0,614.3625,-92.310645,-408.979687,-107.138672,15.183105,135.65918,1721315230.3137,85,1,653.653125,-141.089062,-409.091309,-112.148438,12.128906,1.604004,1721315230.3137,84,2,413.891016,-4.688086,-227.930273,-146.645508,14.787598,56.535645,1721315230.3137,87,3,402.952148,-53.689746,-195.560156,-148.930664,20.34668,-148.688965,1721315230.3137,0,0,1721315230308669000,197,0,0,0,0,0,0,0,0,0,0,0,0,-1,29.7,-1,13.38,-1,93.48,14.0,0,0,0,0,0,0,0,1721315230317668700,1721315230341633300,307
1721315230382674300,86,0,613.916016,-90.189844,-409.426172,-106.633301,15.314941,135.74707,1721315230.3505,85,1,653.429883,-141.647168,-406.858887,-111.862793,12.106934,1.955566,1721315230.3505,84,2,419.248828,-3.571875,-226.144336,-147.634277,16.413574,56.689453,1721315230.3505,87,3,407.528613,-52.573535,-195.225293,-149.963379,21.269531,-148.337402,1721315230.3505,0,0,-1,-1,0,0,0,0,0,0,0,0,0,0,0,0,-1,29.91,-1,13.38,-1,93.48,14.0,0,0,0,0,0,0,0,1721315230366669300,1721315230378815300,308
1721315230416190500,86,0,614.697363,-92.645508,-408.533203,-106.853027,15.644531,135.944824,1721315230.3836,85,1,654.434473,-146.781738,-405.18457,-112.324219,12.436523,2.460938,1721315230.3836,84,2,422.820703,-6.13916,-223.800293,-150.007324,17.028809,55.854492,1721315230.3836,87,3,409.872656,-52.461914,-195.336914,-152.094727,21.643066,-149.018555,1721315230.3836,0,0,1721315230374669600,198,0,0,0,0,0,0,0,0,0,0,0,0,-1,29.91,-1,13.2,-1,100.7,14.0,0,0,0,0,0,0,0,1721315230416190500,1721315230409554600,309
1721315230450185700,86,0,615.478711,-93.87334,-408.086719,-107.094727,15.710449,135.944824,1721315230.4166,85,1,655.21582,-150.01875,-405.18457,-112.741699,12.392578,2.39502,1721315230.4166,84,2,424.048535,-5.13457,-223.130566,-151.918945,16.677246,54.51416,1721315230.4166,87,3,412.551562,-51.345703,-196.006641,-154.204102,21.357422,-150.007324,1721315230.4166,0,0,-1,-1,0,0,0,0,0,0,0,0,0,0,0,0,-2,-2,-2,-2,-2,-2,-2,-2,-2,-2,-2,-2,-2,-2,-2,1721315230445673700,310
1721315230484203700,86,0,615.143848,-93.650098,-408.086719,-107.028809,15.710449,135.966797,1721315230.4497,85,1,654.546094,-150.01875,-405.519434,-112.697754,12.282715,2.307129,1721315230.4497,84,2,428.178516,-3.795117,-221.679492,-153.193359,17.006836,53.635254,1721315230.4497,87,3,415.676953,-49.671387,-198.573926,-155.720215,20.895996,-151.655273,1721315230.4497,0,0,1721315230442194000,199,0,0,0,0,0,0,0,0,0,0,0,0,-1,29.91,-1,13.56,-1,96.64,14.0,0,0,0,0,0,0,0,1721315230465187600,1721315229975221500,296
1721315230517711000,86,0,615.255469,-92.86875,-408.421582,-106.918945,15.88623,135.966797,1721315230.4828,85,1,654.21123,-148.456055,-405.965918,-112.368164,12.348633,2.197266,1721315230.4828,84,2,431.527148,-5.022949,-220.45166,-155.170898,17.336426,52.77832,1721315230.4828,87,3,418.802344,-48.890039,-198.797168,-157.675781,21.09375,-152.797852,1721315230.4828,0,0,-1,-1,0,0,0,0,0,0,0,0,0,0,0,0,-1,29.7,-1,13.38,-1,94.65,14.0,0,0,0,0,0,0,0,1721315230514716100,1721315230511365400,311
1721315230551711100,86,0,614.920605,-94.654687,-409.426172,-107.424316,16.171875,135.615234,1721315230.5195,85,1,655.21582,-148.567676,-405.519434,-112.478027,12.568359,2.109375,1721315230.5195,84,2,434.317676,-6.027539,-220.563281,-157.302246,17.270508,52.294922,1721315230.5195,87,3,416.681543,-42.974121,-203.262012,-158.730469,19.885254,-153.808594,1721315230.5195,0,0,1721315230508713400,200,0,0,0,0,0,0,0,0,0,0,0,0,-2,-2,-2,-2,-2,-2,-2,-2,-2,-2,-2,-2,-2,-2,-2,1721315230543022600,312
1721315230585717900,86,0,613.35791,-95.994141,-410.542383,-107.841797,15.842285,135.219727,1721315230.5526,85,1,654.21123,-148.456055,-405.965918,-112.807617,12.304688,1.713867,1721315230.5526,84,2,436.438477,-7.701855,-220.563281,-158.686523,17.446289,52.998047,1721315230.5526,87,3,422.262598,-45.653027,-200.359863,-159.609375,20.478516,-152.050781,1721315230.5526,0,0,-1,-1,0,0,0,0,0,0,0,0,0,0,0,0,-1,29.7,-1,13.38,-1,97.44,14.0,0,0,0,0,0,0,0,1721315230563726900,1721315230578571300,313
1721315230619765400,86,0,613.469531,-93.315234,-410.20752,-107.424316,15.88623,135.263672,1721315230.5857,85,1,653.318262,-145.665527,-405.965918,-112.368164,12.260742,1.604004,1721315230.5857,84,2,439.563867,-5.804297,-220.674902,-158.818359,18.347168,53.283691,1721315230.5857,87,3,426.280957,-46.880859,-200.694727,-160.180664,20.961914,-151.45752,1721315230.5857,0,0,1721315230575711600,201,0,0,0,0,0,0,0,0,0,0,0,0,-1,29.7,-1,13.56,-1,100.29,14.0,0,0,0,0,0,0,0,1721315230612757600,1721315230609608000,314
1721315230653769700,86,0,613.804395,-92.533887,-410.095898,-107.358398,16.040039,135.285645,1721315230.6188,85,1,654.099609,-145.330664,-405.631055,-112.368164,12.414551,1.647949,1721315230.6188,84,2,442.242773,-7.032129,-219.44707,-159.785156,19.02832,53.393555,1721315230.6188,87,3,427.508789,-46.545996,-200.806348,-160.883789,21.225586,-151.699219,1721315230.6188,0,0,-1,-1,0,0,0,0,0,0,0,0,0,0,0,0,-2,-2,-2,-2,-2,-2,-2,-2,-2,-2,-2,-2,-2,-2,-2,1721315230649195300,315
1721315230687763500,86,0,614.250879,-92.310645,-410.765625,-107.490234,16.193848,135.087891,1721315230.6555,85,1,654.769336,-145.665527,-406.300781,-112.609863,12.546387,1.472168,1721315230.6555,84,2,441.796289,-6.362402,-221.009766,-160.202637,18.457031,53.76709,1721315230.6555,87,3,427.508789,-45.541406,-202.03418,-161.037598,20.720215,-151.611328,1721315230.6555,0,0,1721315230641757500,202,0,0,0,0,0,0,0,0,0,0,0,0,-1,29.91,-1,13.38,-1,99.06,14.0,0,0,0,0,0,0,0,1721315230661757500,1721315230676691200,316
1721315230721302800,86,0,613.916016,-91.529297,-411.546973,-107.424316,16.083984,134.934082,1721315230.6886,85,1,654.21123,-147.339844,-406.18916,-112.895508,12.32666,1.472168,1721315230.6886,84,2,442.466016,-4.018359,-220.228418,-159.785156,18.896484,53.920898,1721315230.6886,87,3,428.513379,-43.755469,-201.922559,-160.664062,20.76416,-151.45752,1721315230.6886,0,0,-1,-1,0,0,0,0,0,0,0,0,0,0,0,0,-1,29.91,-1,13.74,-1,97.84,14.0,0,0,0,0,0,0,0,1721315230711304400,1721315230714264200,317
1721315230755312400,86,0,613.804395,-90.189844,-411.881836,-107.182617,16.21582,134.978027,1721315230.7216,85,1,653.987988,-147.00498,-406.412402,-112.719727,12.32666,1.494141,1721315230.7216,84,2,443.358984,-1.785937,-220.005176,-159.56543,19.423828,53.657227,1721315230.7216,87,3,429.294727,-41.746289,-201.699316,-160.510254,21.115723,-151.655273,1721315230.7216,0,0,1721315230708304300,203,0,0,0,0,0,0,0,0,0,0,0,0,-2,-2,-2,-2,-2,-2,-2,-2,-2,-2,-2,-2,-2,-2,-2,1721315230743557900,318
1721315230789307200,86,0,614.3625,-90.301465,-411.546973,-107.248535,16.369629,135.065918,1721315230.7547,85,1,654.657715,-147.451465,-406.858887,-112.719727,12.414551,1.516113,1721315230.7547,84,2,446.930859,-2.232422,-218.219238,-160.378418,20.939941,53.613281,1721315230.7547,87,3,428.959863,-40.85332,-201.476074,-161.213379,21.862793,-151.896973,1721315230.7547,0,0,-1,-1,0,0,0,0,0,0,0,0,0,0,0,0,-1,29.91,-1,13.56,-1,106.61,14.0,0,0,0,0,0,0,0,1721315230760303300,1721315230778838000,319
1721315230822820300,86,0,614.3625,-91.194434,-411.993457,-107.424316,16.259766,134.978027,1721315230.7878,85,1,655.550684,-147.116602,-407.528613,-112.741699,12.348633,1.494141,1721315230.7878,84,2,444.92168,-1.339453,-215.763574,-160.466309,22.08252,54.118652,1721315230.7878,87,3,427.062305,-39.402246,-201.476074,-161.037598,22.346191,-151.259766,1721315230.7878,0,0,1721315230775306900,204,0,0,0,0,0,0,0,0,0,0,0,0,-1,29.91,-1,13.38,-1,107.47,14.0,0,0,0,0,0,0,0,1721315230813820000,1721315230811430900,320
1721315230856822000,86,0,614.250879,-90.971191,-412.663184,-107.358398,16.083984,134.978027,1721315230.8245,85,1,654.992578,-147.228223,-407.305371,-112.587891,12.216797,1.625977,1721315230.8245,83,2,445.479785,1.339453,-214.870605,-159.916992,23.884277,54.206543,1721315230.8245,87,3,428.290137,-38.397656,-198.239062,-160.576172,24.213867,-150.776367,1721315230.8245,0,0,-1,-1,0,0,0,0,0,0,0,0,0,0,0,0,-2,-2,-2,-2,-2,-2,-2,-2,-2,-2,-2,-2,-2,-2,-2,1721315230845502300,321
1721315230890832100,86,0,615.36709,-90.636328,-413.109668,-107.270508,16.149902,135.175781,1721315230.8576,85,1,654.657715,-146.781738,-407.863477,-112.478027,12.32666,1.582031,1721315230.8576,83,2,447.377344,0.558105,-211.745215,-160.466309,25.334473,54.118652,1721315230.8576,87,3,427.732031,-35.495508,-196.787988,-160.554199,25.246582,-151.369629,1721315230.8576,0,0,1721315230841819800,205,0,0,0,0,0,0,0,0,0,0,0,0,-1,29.91,-1,14.82,-1,105.75,14.0,0,0,0,0,0,0,0,1721315230862823300,1721315230877466300,322
1721315230924353700,86,0,616.260059,-91.529297,-412.998047,-107.446289,16.171875,135.197754,1721315230.8907,85,1,655.327441,-147.00498,-407.975098,-112.565918,12.370605,1.560059,1721315230.8907,83,2,447.04248,1.897559,-208.731445,-160.554199,26.081543,53.986816,1721315230.8907,87,3,426.727441,-34.044434,-195.89502,-160.532227,25.664062,-151.633301,1721315230.8907,0,0,-1,-1,0,0,0,0,0,0,0,0,0,0,0,0,-1,29.91,-1,15.19,-1,101.53,14.0,0,0,0,0,0,0,0,1721315230912355000,1721315230912638500,323
1721315230958352700,86,0,615.813574,-94.096582,-413.556152,-107.600098,15.732422,135.41748,1721315230.9568,85,1,656.22041,-148.456055,-407.082129,-112.631836,12.019043,1.779785,1721315230.9568,83,2,447.04248,6.920508,-198.573926,-160.334473,28.059082,52.492676,1721315230.9568,87,3,425.276367,-29.802832,-187.969922,-159.851074,27.37793,-153.500977,1721315230.9568,0,0,1721315230909353600,206,0,0,0,0,0,0,0,0,0,0,0,0,-2,-2,-2,-2,-2,-2,-2,-2,-2,-2,-2,-2,-2,-2,-2,1721315230945548000,324
1721315230991878700,86,0,616.036816,-94.208203,-412.886426,-107.819824,15.820312,135.285645,1721315230.9238,85,1,655.550684,-148.567676,-407.975098,-112.82959,12.106934,1.582031,1721315230.9238,83,2,446.484375,3.237012,-204.713086,-160.554199,26.982422,53.723145,1721315230.9238,87,3,425.499609,-32.928223,-191.988281,-160.3125,26.674805,-152.072754,1721315230.9238,0,0,-1,-1,0,0,0,0,0,0,0,0,0,0,0,0,-1,29.91,-1,15.56,-1,99.88,14.0,0,0,0,0,0,0,0,1721315230961368500,1721315230981944000,325
1721315231025896700,86,0,616.483301,-93.87334,-413.556152,-107.62207,15.952148,135.461426,1721315230.9936,85,1,657.001758,-150.465234,-406.747266,-112.873535,12.194824,1.867676,1721315230.9936,83,2,446.595996,5.692676,-193.104492,-161.872559,28.146973,50.493164,1721315230.9936,87,3,424.829883,-28.686621,-183.393457,-161.125488,27.751465,-156.42334,1721315230.9936,0,0,1721315230975357000,207,0,0,0,0,0,0,0,0,0,0,0,0,-1,29.91,-1,16.11,-1,102.36,14.0,0,0,0,0,0,0,0,1721315231009883000,1721315231011904000,326
1721315231059292400,86,0,616.483301,-94.87793,-413.556152,-107.797852,15.908203,135.373535,1721315231.0267,85,1,657.225,-153.03252,-406.970508,-113.225098,12.084961,1.757812,1721315231.0267,83,2,444.251953,9.376172,-189.644238,-161.784668,27.46582,49.262695,1721315231.0267,87,3,424.048535,-28.016895,-180.379687,-161.367188,27.180176,-157.5,1721315231.0267,0,0,-1,-1,0,0,0,0,0,0,0,0,0,0,0,0,-1,29.91,-1,16.48,-1,103.2,14.0,0,0,0,0,0,0,0,1721315231059292400,1721315231047298100,327
1721315231092808700,86,0,616.148438,-95.101172,-413.667773,-107.797852,15.79834,135.373535,1721315231.0597,85,1,657.113379,-153.702246,-406.412402,-113.181152,11.821289,1.801758,1721315231.0597,84,2,444.251953,13.506152,-185.849121,-161.433105,27.37793,48.273926,1721315231.0597,87,3,424.383398,-27.012305,-176.807812,-161.30127,27.04834,-158.291016,1721315231.0597,0,0,1721315231042291200,208,0,0,0,0,0,0,0,0,0,0,0,0,-2,-2,-2,-2,-2,-2,-2,-2,-2,-2,-2,-2,-2,-2,-2,1721315231078637200,328
1721315231126809200,86,0,616.483301,-94.766309,-413.109668,-107.600098,15.820312,135.505371,1721315231.0928,85,1,657.113379,-152.697656,-406.524023,-112.939453,11.887207,1.801758,1721315231.0928,84,2,443.91709,14.399121,-184.398047,-161.960449,26.499023,47.197266,1721315231.0928,87,3,425.387988,-25.672852,-175.691602,-161.608887,26.103516,-160.070801,1721315231.0928,0,0,-1,-1,0,0,0,0,0,0,0,0,0,0,0,0,-1,29.7,-1,16.67,-1,102.78,14.0,0,0,0,0,0,0,0,1721315231108813600,1721315231116482100,329
1721315231160809000,86,0,617.264648,-97.333594,-411.212109,-107.885742,15.908203,135.637207,1721315231.1259,85,1,657.336621,-153.144141,-406.18916,-113.115234,12.150879,1.779785,1721315231.1259,84,2,441.349805,16.519922,-183.951562,-162.04834,24.960938,46.538086,1721315231.1259,87,3,425.387988,-25.896094,-175.691602,-161.982422,24.807129,-161.520996,1721315231.1259,0,0,1721315231108813600,209,0,0,0,0,0,0,0,0,0,0,0,0,-2,-2,-2,-2,-2,-2,-2,-2,-2,-2,-2,-2,-2,-2,-2,1721315231146372700,330
1721315231194337300,86,0,616.929785,-97.333594,-409.984277,-107.995605,15.688477,135.483398,1721315231.1626,85,1,656.555273,-154.260352,-405.854297,-113.400879,11.99707,1.669922,1721315231.1626,84,2,438.670898,20.761523,-183.393457,-161.30127,23.620605,45.944824,1721315231.1626,87,3,424.829883,-24.333398,-177.477539,-161.542969,23.115234,-162.399902,1721315231.1626,0,0,-1,-1,0,0,0,0,0,0,0,0,0,0,0,0,-1,29.7,-1,16.48,-1,103.62,14.0,0,0,0,0,0,0,0,1721315231161810900,1721315231180641400,331
1721315231228411700,87,0,606.549023,-119.322949,-416.123437,-109.248047,28.212891,126.870117,1721315226.8924,84,1,647.179102,-180.044824,-421.704492,-108.632812,1.120605,3.669434,1721315226.8924,85,2,392.013281,-20.761523,-215.540332,-149.304199,28.432617,45.966797,1721315226.8924,87,3,372.47959,-64.070508,-192.769629,-149.831543,35.947266,-157.961426,1721315226.8924,0,0,1721315231174812900,210,0,0,0,0,0,0,0,0,0,0,0,0,-1,29.7,-1,16.48,-1,106.18,14.0,0,0,0,0,0,0,0,1721315231211332800,1721315231213192500,332
1721315231262332500,86,0,616.929785,-96.440625,-409.761035,-107.819824,15.688477,135.549316,1721315231.1847,85,1,655.885547,-154.14873,-405.519434,-113.291016,11.90918,1.669922,1721315231.1847,84,2,439.005762,22.882324,-182.946973,-160.905762,23.444824,45.461426,1721315231.1847,87,3,425.387988,-22.324219,-177.142676,-161.147461,22.895508,-162.927246,1721315231.1847,0,0,-1,-1,0,0,0,0,0,0,0,0,0,0,0,0,-1,29.91,-1,17.04,-1,107.47,14.0,0,0,0,0,0,0,0,1721315231260336400,1721315231249209300,333
1721315231295878600,86,0,617.264648,-97.891699,-410.430762,-108.039551,15.952148,135.395508,1721315231.2619,85,1,658.117969,-153.590625,-406.077539,-113.269043,12.370605,1.538086,1721315231.2619,84,2,437.889551,26.119336,-184.73291,-161.477051,21.643066,44.099121,1721315231.2619,87,3,425.722852,-18.975586,-179.486719,-161.696777,20.874023,-163.959961,1721315231.2619,0,0,1721315231241335200,211,0,0,0,0,0,0,0,0,0,0,0,0,-2,-2,-2,-2,-2,-2,-2,-2,-2,-2,-2,-2,-2,-2,-2,1721315231279587600,334
1721315231329869400,86,0,616.594922,-97.445215,-410.20752,-107.995605,15.864258,135.285645,1721315231.2949,85,1,656.890137,-155.711426,-406.635645,-113.554688,12.084961,1.450195,1721315231.2949,84,2,437.443066,28.909863,-186.295605,-160.839844,21.181641,44.187012,1721315231.2949,87,3,426.727441,-16.631543,-179.59834,-161.05957,20.610352,-163.674316,1721315231.2949,0,0,1721315231308874900,212,0,0,0,0,0,0,0,0,0,0,0,0,-1,29.7,-1,16.85,-1,107.91,14.0,0,0,0,0,0,0,0,1721315231308874900,1721315231315257400,335
1721315231363880700,86,0,616.483301,-96.217383,-409.537793,-107.753906,16.018066,135.395508,1721315231.3317,85,1,656.555273,-155.599805,-406.635645,-113.356934,12.128906,1.538086,1721315231.3317,84,2,437.889551,31.58877,-185.849121,-160.378418,21.247559,44.121094,1721315231.3317,87,3,427.732031,-14.399121,-179.263477,-160.686035,20.544434,-163.828125,1721315231.3317,0,0,-1,-1,0,0,0,0,0,0,0,0,0,0,0,0,-1,29.91,-1,16.67,-1,107.47,14.0,0,0,0,0,0,0,0,1721315231357885900,1721315227937894900,235
1721315231397398900,86,0,617.934375,-96.887109,-409.537793,-107.86377,16.369629,135.549316,1721315231.3648,85,1,658.899316,-154.483594,-407.082129,-113.181152,12.700195,1.516113,1721315231.3648,84,2,438.559277,33.70957,-185.402637,-160.488281,21.071777,44.187012,1721315231.3648,87,3,428.625,-12.724805,-179.263477,-160.839844,20.192871,-164.157715,1721315231.3648,0,0,1721315231374869400,213,0,0,0,0,0,0,0,0,0,0,0,0,-2,-2,-2,-2,-2,-2,-2,-2,-2,-2,-2,-2,-2,-2,-2,1721315231382712300,336
1721315231431398000,86,0,617.934375,-97.780078,-410.20752,-108.039551,16.281738,135.41748,1721315231.3978,85,1,658.564453,-154.595215,-407.305371,-113.334961,12.722168,1.362305,1721315231.3978,84,2,438.001172,36.500098,-187.076953,-160.048828,20.500488,44.780273,1721315231.3978,87,3,428.513379,-11.385352,-180.491309,-160.664062,19.35791,-163.696289,1721315231.3978,0,0,-1,-1,0,0,0,0,0,0,0,0,0,0,0,0,-1,29.91,-1,17.42,-1,102.78,13.0,0,0,0,0,0,0,0,1721315231411401500,1721315231412624800,337
1721315231465398700,86,0,617.711133,-97.780078,-411.100488,-108.017578,16.21582,135.395508,1721315231.4309,85,1,657.894727,-154.483594,-407.416992,-113.291016,12.612305,1.362305,1721315231.4309,84,2,439.452246,39.402246,-187.188574,-159.32373,20.961914,45.131836,1721315231.4309,86,3,430.187695,-9.15293,-180.044824,-159.98291,19.709473,-163.322754,1721315231.4309,0,0,1721315231441402500,214,0,0,0,0,0,0,0,0,0,0,0,0,-1,29.91,-1,17.79,-1,101.53,14.0,0,0,0,0,0,0,0,1721315231460414100,1721315231449171300,338
1721315231498929400,86,0,617.711133,-97.333594,-411.658594,-107.95166,16.369629,135.373535,1721315231.464,85,1,657.448242,-153.590625,-407.863477,-113.137207,12.678223,1.296387,1721315231.464,84,2,441.238184,38.844141,-187.300195,-159.521484,21.159668,45.439453,1721315231.464,86,3,431.63877,-7.14375,-179.709961,-159.763184,19.907227,-163.344727,1721315231.464,0,0,-1,-1,0,0,0,0,0,0,0,0,0,0,0,0,-2,-2,-2,-2,-2,-2,-2,-2,-2,-2,-2,-2,-2,-2,-2,1721315231480231400,339
1721315231532934900,86,0,617.153027,-98.561426,-411.993457,-108.237305,16.435547,135.307617,1721315231.5007,85,1,657.001758,-154.037109,-408.644824,-113.291016,12.744141,1.252441,1721315231.5007,84,2,441.684668,39.290625,-189.197754,-159.587402,20.720215,45.856934,1721315231.5007,86,3,431.63877,-6.920508,-181.272656,-159.938965,19.313965,-162.905273,1721315231.5007,0,0,1721315231508929500,215,0,0,0,0,0,0,0,0,0,0,0,0,-1,29.7,-1,17.04,-1,101.53,14.0,0,0,0,0,0,0,0,1721315231509932100,1721315231520504000,340
1721315231566938100,86,0,616.260059,-99.454395,-412.439941,-108.435059,16.259766,135.219727,1721315231.5338,85,1,656.108789,-154.930078,-408.756445,-113.422852,12.546387,1.318359,1721315231.5338,84,2,441.90791,43.532227,-190.202344,-158.510742,20.654297,46.274414,1721315231.5338,86,3,432.531738,-5.357812,-181.719141,-159.345703,19.160156,-162.13623,1721315231.5338,0,0,-1,-1,0,0,0,0,0,0,0,0,0,0,0,0,-1,29.91,-1,17.23,-1,103.2,14.0,0,0,0,0,0,0,0,1721315231558938200,1721315231546484200,341
1721315231600322000,86,0,615.590332,-99.789258,-412.32832,-108.28125,16.21582,135.439453,1721315231.5669,85,1,654.992578,-151.358203,-408.868066,-112.631836,12.480469,1.516113,1721315231.5669,84,2,443.135742,46.545996,-190.87207,-157.763672,20.874023,46.494141,1721315231.5669,86,3,434.317676,-2.790527,-181.384277,-158.57666,19.467773,-161.762695,1721315231.5669,0,0,1721315231575930600,216,0,0,0,0,0,0,0,0,0,0,0,0,-2,-2,-2,-2,-2,-2,-2,-2,-2,-2,-2,-2,-2,-2,-2,1721315231586487600,342
1721315231634237700,87,0,616.260059,-100.570605,-411.546973,-108.413086,16.479492,135.637207,1721315231.5999,85,1,655.885547,-150.800098,-408.756445,-112.609863,12.941895,1.516113,1721315231.5999,84,2,444.92168,45.987891,-192.546387,-157.939453,20.720215,47.043457,1721315231.5999,86,3,435.880371,-2.344043,-182.388867,-158.686523,19.423828,-161.520996,1721315231.5999,0,0,-1,-1,0,0,0,0,0,0,0,0,0,0,0,0,-1,29.91,-1,17.04,-1,102.78,14.0,0,0,0,0,0,0,0,1721315231608227400,1721315231615654600,343
1721315231668226200,87,0,616.148438,-102.133301,-411.212109,-108.720703,16.369629,135.637207,1721315231.633,85,1,656.332031,-152.362793,-408.309961,-112.983398,12.963867,1.494141,1721315231.633,84,2,444.028711,45.764648,-194.332324,-157.587891,20.302734,48.295898,1721315231.633,86,3,435.099023,-1.897559,-184.286426,-158.181152,18.830566,-160.400391,1721315231.633,0,0,1721315231642226600,217,0,0,0,0,0,0,0,0,0,0,0,0,-1,29.91,-1,17.23,-1,100.7,14.0,0,0,0,0,0,0,0,1721315231661228600,1721315231657095700,344
1721315231702287500,87,0,615.813574,-101.463574,-411.212109,-108.632812,16.259766,135.65918,1721315231.6698,85,1,656.108789,-152.586035,-407.751855,-113.071289,12.875977,1.494141,1721315231.6698,84,2,445.479785,49.113281,-196.006641,-156.247559,20.808105,49.086914,1721315231.6698,85,3,436.884961,0.558105,-184.956152,-156.994629,19.35791,-159.389648,1721315231.6698,0,0,-1,-1,0,0,0,0,0,0,0,0,0,0,0,0,-2,-2,-2,-2,-2,-2,-2,-2,-2,-2,-2,-2,-2,-2,-2,1721315231680858500,345
1721315231736287800,86,0,616.37168,-99.119531,-410.542383,-108.215332,16.413574,135.834961,1721315231.7028,85,1,656.332031,-151.693066,-407.19375,-112.873535,12.941895,1.582031,1721315231.7028,84,2,446.261133,49.783008,-197.01123,-155.917969,20.983887,49.284668,1721315231.7028,85,3,437.554688,1.674316,-184.73291,-156.687012,19.709473,-158.994141,1721315231.7028,0,0,1721315231708290500,218,0,0,0,0,0,0,0,0,0,0,0,0,-1,29.7,-1,17.23,-1,101.53,14.0,0,0,0,0,0,0,0,1721315231710288000,1721315231721278400,346
1721315231770296400,86,0,616.929785,-99.677637,-410.319141,-108.347168,16.479492,135.834961,1721315231.7359,85,1,657.225,-151.358203,-406.747266,-112.91748,13.161621,1.582031,1721315231.7359,84,2,446.372754,48.890039,-198.573926,-156.071777,20.939941,49.746094,1721315231.7359,85,3,436.326855,2.00918,-186.74209,-156.665039,19.335938,-158.444824,1721315231.7359,0,0,-1,-1,0,0,0,0,0,0,0,0,0,0,0,0,-1,29.7,-1,17.23,-1,99.06,13.0,0,0,0,0,0,0,0,1721315231759299500,1721315231747988400,347
1721315231803806300,87,0,616.37168,-100.793848,-410.319141,-108.566895,16.347656,135.74707,1721315231.769,85,1,657.001758,-152.362793,-405.631055,-113.15918,13.139648,1.560059,1721315231.769,84,2,445.033301,51.122461,-200.583105,-155.280762,20.742188,50.559082,1721315231.769,85,3,435.099023,2.455664,-189.420996,-156.181641,18.874512,-157.521973,1721315231.769,0,0,1721315231775298200,219,0,0,0,0,0,0,0,0,0,0,0,0,-2,-2,-2,-2,-2,-2,-2,-2,-2,-2,-2,-2,-2,-2,-2,1721315231787115200,348
1721315231837815900,87,0,616.036816,-101.351953,-409.761035,-108.522949,16.281738,135.834961,1721315231.8057,85,1,656.555273,-152.02793,-404.514844,-113.027344,13.139648,1.647949,1721315231.8057,84,2,445.92627,53.912988,-201.810937,-154.204102,21.445312,51.240234,1721315231.8057,85,3,435.991992,5.022949,-189.755859,-155.01709,19.621582,-156.84082,1721315231.8057,0,0,-1,-1,0,0,0,0,0,0,0,0,0,0,0,0,-1,29.91,-1,17.23,-1,99.88,14.0,0,0,0,0,0,0,0,1721315231808817700,1721315231813946600,349
1721315231871894500,87,0,616.37168,-102.244922,-408.533203,-108.632812,16.501465,135.900879,1721315231.8388,85,1,657.448242,-152.697656,-403.287012,-113.005371,13.337402,1.82373,1721315231.8388,84,2,445.92627,52.573535,-203.03877,-154.577637,21.51123,51.481934,1721315231.8388,85,3,435.322266,5.246191,-190.983691,-155.192871,19.665527,-156.84082,1721315231.8388,0,0,1721315231841807100,220,0,0,0,0,0,0,0,0,0,0,0,0,-1,29.7,-1,17.23,-1,101.53,14.0,0,0,0,0,0,0,0,1721315231857806300,1721315231853916400,350
1721315231905353400,87,0,616.929785,-104.588965,-407.528613,-109.204102,16.567383,135.725098,1721315231.8719,85,1,657.783105,-155.041699,-402.617285,-113.422852,13.40332,1.867676,1721315231.8719,84,2,444.363574,52.796777,-204.601465,-154.533691,21.225586,52.097168,1721315231.8719,85,3,433.75957,5.246191,-193.439355,-155.258789,19.160156,-156.401367,1721315231.8719,0,0,-1,-1,0,0,0,0,0,0,0,0,0,0,0,0,-2,-2,-2,-2,-2,-2,-2,-2,-2,-2,-2,-2,-2,-2,-2,1721315231881717000,351
1721315231939354400,87,0,616.594922,-104.923828,-406.747266,-109.27002,16.413574,135.74707,1721315231.905,85,1,657.448242,-155.934668,-402.282422,-113.48877,13.183594,1.889648,1721315231.905,84,2,443.582227,56.703516,-205.606055,-153.544922,21.42334,52.69043,1721315231.905,85,3,433.647949,8.483203,-194.555566,-154.27002,19.291992,-155.786133,1721315231.905,0,0,1721315231909346700,221,0,0,0,0,0,0,0,0,0,0,0,0,-1,29.91,-1,16.48,-1,101.11,14.0,0,0,0,0,0,0,0,1721315231907345400,1721315231922500700,352
1721315231973346000,87,0,616.594922,-103.584375,-406.747266,-109.006348,16.501465,135.812988,1721315231.938,85,1,657.113379,-155.599805,-402.394043,-113.334961,13.139648,1.889648,1721315231.938,84,2,443.91709,58.377832,-206.499023,-153.193359,21.708984,52.800293,1721315231.938,86,3,433.75957,10.269141,-194.555566,-153.984375,19.753418,-155.742188,1721315231.938,0,0,-1,-1,0,0,0,0,0,0,0,0,0,0,0,0,-1,29.7,-1,16.48,-1,101.11,14.0,0,0,0,0,0,0,0,1721315231956346900,1721315231948730000,353
1721315232006878100,87,0,617.264648,-102.691406,-407.19375,-108.962402,16.721191,135.703125,1721315231.9748,85,1,658.22959,-155.264941,-402.952148,-113.378906,13.447266,1.713867,1721315231.9748,84,2,443.247363,59.15918,-209.066309,-153.457031,21.203613,52.756348,1721315231.9748,86,3,433.201465,10.380762,-196.341504,-154.27002,19.445801,-155.917969,1721315231.9748,0,0,1721315231975348300,222,0,0,0,0,0,0,0,0,0,0,0,0,-1,29.91,-1,15.56,-1,102.36,14.0,0,0,0,0,0,0,0,1721315232005866600,1721315231988087800,354
1721315232040865400,87,0,617.153027,-102.244922,-407.751855,-108.984375,16.633301,135.527344,1721315232.0079,85,1,658.22959,-155.599805,-404.291602,-113.620605,13.227539,1.450195,1721315232.0079,84,2,441.349805,59.494043,-210.963867,-153.479004,20.588379,53.371582,1721315232.0079,86,3,431.862012,10.15752,-198.350684,-154.335938,18.786621,-155.67627,1721315232.0079,0,0,-1,-1,0,0,0,0,0,0,0,0,0,0,0,0,-2,-2,-2,-2,-2,-2,-2,-2,-2,-2,-2,-2,-2,-2,-2,1721315232027059700,355
1721315232074873600,87,0,616.818164,-100.0125,-408.979687,-108.742676,16.633301,135.307617,1721315232.0409,85,1,657.113379,-154.260352,-405.854297,-113.422852,13.051758,1.296387,1721315232.0409,84,2,442.131152,60.945117,-211.633594,-153.149414,20.76416,53.393555,1721315232.0409,86,3,432.196875,11.27373,-198.685547,-153.896484,18.852539,-155.698242,1721315232.0409,0,0,1721315232041867500,223,0,0,0,0,0,0,0,0,0,0,0,0,-1,29.7,-1,17.23,-1,103.62,14.0,0,0,0,0,0,0,0,1721315232058865400,1721315232056867900,356
1721315232108396500,86,0,616.260059,-98.561426,-409.761035,-108.588867,16.721191,135.153809,1721315232.074,85,1,656.666895,-153.144141,-406.18916,-113.24707,13.117676,1.230469,1721315232.074,84,2,442.019531,60.833496,-211.745215,-153.28125,20.67627,53.261719,1721315232.074,86,3,432.420117,11.050488,-199.578516,-154.27002,18.676758,-156.643066,1721315232.074,0,0,-1,-1,0,0,0,0,0,0,0,0,0,0,0,0,-1,29.91,-1,17.42,-1,104.04,14.0,0,0,0,0,0,0,0,1721315232108396500,1721315232081352200,357
1721315232142395000,86,0,616.594922,-98.00332,-410.542383,-108.654785,16.787109,135.0,1721315232.1071,85,1,657.336621,-152.920898,-406.635645,-113.356934,13.205566,1.142578,1721315232.1071,84,2,440.233594,58.489453,-212.414941,-154.445801,19.6875,52.426758,1721315232.1071,85,3,431.415527,8.259961,-201.141211,-155.566406,17.885742,-158.334961,1721315232.1071,0,0,1721315232108396500,224,0,0,0,0,0,0,0,0,0,0,0,0,-2,-2,-2,-2,-2,-2,-2,-2,-2,-2,-2,-2,-2,-2,-2,1721315232121167800,358
1721315232176394200,86,0,615.925195,-98.561426,-411.212109,-108.786621,16.347656,134.846191,1721315232.1438,85,1,657.336621,-153.144141,-406.858887,-113.620605,12.963867,1.098633,1721315232.1438,84,2,439.340625,56.033789,-213.084668,-155.170898,19.182129,51.61377,1721315232.1438,85,3,431.303906,7.590234,-200.917969,-155.698242,17.797852,-159.016113,1721315232.1438,0,0,-1,-1,0,0,0,0,0,0,0,0,0,0,0,0,-1,29.91,-1,17.42,-1,103.2,14.0,0,0,0,0,0,0,0,1721315232157394600,1721315232149693400,359
1721315232210552000,86,0,616.594922,-97.333594,-411.100488,-108.457031,16.303711,135.087891,1721315232.1769,85,1,656.890137,-150.911719,-407.19375,-113.291016,12.98584,1.120605,1721315232.1769,84,2,441.014941,53.466504,-211.633594,-156.159668,19.885254,50.603027,1721315232.1769,85,3,431.63877,5.357812,-201.810937,-156.621094,18.369141,-160.180664,1721315232.1769,0,0,1721315232174394100,225,0,0,0,0,0,0,0,0,0,0,0,0,-1,29.91,-1,17.98,-1,101.94,14.0,0,0,0,0,0,0,0,1721315232206551300,1721315232189401200,360
1721315232244572700,86,0,617.041406,-97.780078,-410.430762,-108.632812,16.435547,135.197754,1721315232.2431,85,1,657.225,-150.911719,-407.528613,-113.400879,13.161621,1.010742,1721315232.2431,84,2,438.670898,42.081152,-212.749805,-159.411621,19.182129,48.208008,1721315232.2431,86,3,430.63418,-3.795117,-203.262012,-159.741211,18.830566,-162.619629,1721315232.2431,0,0,-1,-1,0,0,0,0,0,0,0,0,0,0,0,0,-2,-2,-2,-2,-2,-2,-2,-2,-2,-2,-2,-2,-2,-2,-2,1721315232215790600,361
1721315232279158700,86,0,617.264648,-97.221973,-410.765625,-108.457031,16.45752,135.197754,1721315232.21,85,1,657.225,-150.576855,-407.19375,-113.24707,13.139648,1.098633,1721315232.21,84,2,440.791699,47.104102,-211.856836,-158.15918,19.555664,49.350586,1721315232.21,86,3,431.63877,-1.00459,-203.150391,-158.664551,18.676758,-161.542969,1721315232.21,0,0,1721315232242551500,226,0,0,0,0,0,0,0,0,0,0,0,0,-1,29.7,-1,17.98,-1,101.53,14.0,0,0,0,0,0,0,0,1721315232254953600,1721315232257587000,362
1721315232313133800,86,0,616.594922,-96.99873,-410.877246,-108.566895,16.303711,135.197754,1721315232.2798,85,1,657.001758,-150.911719,-407.528613,-113.356934,12.98584,1.032715,1721315232.2798,84,2,440.233594,38.062793,-211.856836,-160.136719,20.390625,46.757812,1721315232.2798,86,3,430.410937,-7.478613,-203.485254,-160.334473,19.621582,-163.740234,1721315232.2798,0,0,-1,-1,0,0,0,0,0,0,0,0,0,0,0,0,-1,29.7,-1,17.42,-1,96.24,14.0,0,0,0,0,0,0,0,1721315232304936100,1721315232282555200,363
1721315232347046200,86,0,616.37168,-95.770898,-411.770215,-108.369141,16.435547,135.219727,1721315232.3129,85,1,656.666895,-149.795508,-407.863477,-113.049316,12.963867,1.054688,1721315232.3129,84,2,441.90791,31.923633,-210.405762,-162.004395,21.687012,44.890137,1721315232.3129,87,3,428.401758,-13.729395,-202.703906,-162.158203,20.302734,-164.926758,1721315232.3129,0,0,1721315232307991000,227,0,0,0,0,0,0,0,0,0,0,0,0,-2,-2,-2,-2,-2,-2,-2,-2,-2,-2,-2,-2,-2,-2,-2,1721315232324447900,364
1721315232381081300,86,0,616.37168,-96.552246,-411.658594,-108.566895,16.567383,135.197754,1721315232.3459,85,1,656.778516,-149.349023,-409.20293,-113.115234,13.205566,0.856934,1721315232.3459,84,2,440.568457,26.230957,-210.517383,-163.256836,22.302246,43.92334,1721315232.3459,87,3,428.736621,-20.091797,-202.369043,-163.652344,20.852051,-164.970703,1721315232.3459,0,0,-1,-1,0,0,0,0,0,0,0,0,0,0,0,0,-1,29.48,-1,17.98,-1,92.32,14.0,0,0,0,0,0,0,0,1721315232353993500,1721315232350172700,365
1721315232414602900,86,0,615.701953,-96.552246,-411.658594,-108.654785,16.523438,135.109863,1721315232.3827,85,1,656.555273,-150.688477,-408.979687,-113.291016,13.029785,0.878906,1721315232.3827,84,2,439.452246,20.315039,-208.284961,-164.135742,23.422852,43.527832,1721315232.3827,87,3,426.280957,-23.775293,-202.145801,-164.11377,21.115723,-165.300293,1721315232.3827,0,0,1721315232374082500,228,0,0,0,0,0,0,0,0,0,0,0,0,-1,29.91,-1,17.98,-1,91.93,14.0,0,0,0,0,0,0,0,1721315232402596200,1721315232389636500,366
1721315232448724400,86,0,615.925195,-96.329004,-411.435352,-108.479004,16.479492,135.197754,1721315232.4158,85,1,656.332031,-150.576855,-408.756445,-113.137207,12.98584,0.922852,1721315232.4158,84,2,440.233594,17.970996,-206.833887,-164.11377,24.631348,42.824707,1721315232.4158,87,3,424.829883,-24.110156,-201.364453,-163.78418,21.884766,-165.959473,1721315232.4158,0,0,-1,-1,0,0,0,0,0,0,0,0,0,0,0,0,-2,-2,-2,-2,-2,-2,-2,-2,-2,-2,-2,-2,-2,-2,-2,1721315232444469600,367
1721315232482195000,86,0,616.483301,-98.673047,-410.095898,-108.676758,16.611328,135.461426,1721315232.4488,85,1,656.332031,-151.804688,-407.082129,-113.15918,13.117676,1.120605,1721315232.4488,84,2,439.89873,12.724805,-205.606055,-165.036621,24.916992,42.275391,1721315232.4488,87,3,424.048535,-28.240137,-200.583105,-164.421387,21.972656,-166.750488,1721315232.4488,0,0,1721315232441557100,229,0,0,0,0,0,0,0,0,0,0,0,0,-1,29.7,-1,18.55,-1,87.03,14.0,0,0,0,0,0,0,0,1721315232452352600,1721315232457395200,368
1721315232515697200,87,0,616.929785,-101.910059,-409.314551,-109.094238,16.479492,135.549316,1721315232.4819,85,1,656.666895,-155.264941,-406.635645,-113.598633,13.029785,1.142578,1721315232.4819,84,2,437.77793,10.380762,-204.266602,-165.014648,24.763184,42.077637,1721315232.4819,87,3,422.039355,-31.477148,-199.690137,-164.663086,21.665039,-167.036133,1721315232.4819,0,0,-1,-1,0,0,0,0,0,0,0,0,0,0,0,0,-1,29.91,-1,18.17,-1,90.4,14.0,0,0,0,0,0,0,0,1721315232501143400,1721315232482455500,369
1721315232549635100,87,0,616.594922,-102.468164,-409.314551,-109.116211,16.303711,135.527344,1721315232.515,85,1,656.22041,-156.827637,-406.077539,-113.752441,12.788086,1.208496,1721315232.515,84,2,435.991992,11.050488,-201.587695,-164.377441,25.158691,41.330566,1721315232.515,87,3,421.034766,-32.258496,-196.787988,-164.179688,22.060547,-167.739258,1721315232.515,0,0,1721315232507330900,230,0,0,0,0,0,0,0,0,0,0,0,0,-2,-2,-2,-2,-2,-2,-2,-2,-2,-2,-2,-2,-2,-2,-2,1721315232523739600,370
1721315232583147100,87,0,616.483301,-101.686816,-409.426172,-108.918457,16.325684,135.571289,1721315232.5481,85,1,656.332031,-155.711426,-405.854297,-113.532715,12.854004,1.252441,1721315232.5481,83,2,436.661719,8.818066,-197.457715,-165.036621,25.883789,40.231934,1721315232.5481,87,3,420.811523,-33.486328,-193.88584,-164.641113,22.609863,-168.991699,1721315232.5481,0,0,-1,-1,0,0,0,0,0,0,0,0,0,0,0,0,-1,29.7,-1,17.79,-1,93.48,14.0,0,0,0,0,0,0,0,1721315232550639900,1721315232550969600,371
1721315232616660800,87,0,616.706543,-101.910059,-409.20293,-108.94043,16.413574,135.593262,1721315232.5848,85,1,657.448242,-155.264941,-405.631055,-113.48877,13.117676,1.252441,1721315232.5848,83,2,435.545508,7.255371,-193.550977,-166.135254,25.839844,38.979492,1721315232.5848,87,3,419.137207,-35.383887,-190.537207,-165.673828,22.412109,-169.980469,1721315232.5848,0,0,1721315232574930500,231,0,0,0,0,0,0,0,0,0,0,0,0,-1,29.91,-1,17.79,-1,95.84,13.0,0,0,0,0,0,0,0,1721315232599662400,1721315232589891000,372
1721315232650638700,87,0,616.706543,-102.579785,-408.979687,-109.094238,16.369629,135.571289,1721315232.6179,85,1,657.783105,-155.823047,-405.407812,-113.730469,13.117676,1.164551,1721315232.6179,83,2,433.647949,7.255371,-190.648828,-166.420898,25.686035,38.430176,1721315232.6179,87,3,418.132617,-35.272266,-188.416406,-165.695801,22.17041,-170.178223,1721315232.6179,0,0,-1,-1,0,0,0,0,0,0,0,0,0,0,0,0,-1,29.91,-1,17.42,-1,97.04,14.0,0,0,0,0,0,0,0,1721315232649128500,1721315232643737100,373
1721315232684174100,87,0,616.260059,-102.244922,-408.868066,-109.006348,16.303711,135.593262,1721315232.651,85,1,657.671484,-155.823047,-404.849707,-113.642578,13.029785,1.252441,1721315232.651,83,2,433.982812,9.934277,-187.969922,-165.60791,26.05957,38.320312,1721315232.651,87,3,419.137207,-32.70498,-185.514258,-164.750977,22.675781,-170.332031,1721315232.651,0,0,1721315232641389800,232,0,0,0,0,0,0,0,0,0,0,0,0,-2,-2,-2,-2,-2,-2,-2,-2,-2,-2,-2,-2,-2,-2,-2,1721315232656265500,374
1721315232717902700,87,0,616.036816,-101.910059,-409.091309,-108.94043,16.391602,135.615234,1721315232.684,85,1,657.671484,-155.376562,-404.626465,-113.532715,13.095703,1.274414,1721315232.684,84,2,434.540918,10.827246,-185.067773,-165.585938,26.323242,38.210449,1721315232.684,87,3,419.025586,-32.258496,-183.170215,-164.816895,22.961426,-170.793457,1721315232.684,0,0,-1,-1,0,0,0,0,0,0,0,0,0,0,0,0,-1,29.91,-1,17.98,-1,96.24,13.0,0,0,0,0,0,0,0,1721315232697764200,1721315232687739900,375
1721315232751726100,87,0,616.260059,-102.02168,-409.984277,-109.072266,16.501465,135.483398,1721315232.7171,85,1,658.117969,-154.706836,-405.072949,-113.598633,13.337402,1.142578,1721315232.7171,84,2,433.424707,12.055078,-184.063184,-165.388184,25.883789,38.232422,1721315232.7171,87,3,418.020996,-32.035254,-182.277246,-164.904785,22.697754,-170.881348,1721315232.7171,0,0,1721315232707728600,233,0,0,0,0,0,0,0,0,0,0,0,0,-1,29.7,-1,18.17,-1,95.84,14.0,0,0,0,0,0,0,0,1721315232746543500,1721315232727939300,376
1721315232785140300,86,0,616.260059,-99.454395,-410.988867,-108.632812,16.325684,135.41748,1721315232.7833,85,1,658.006348,-152.586035,-406.300781,-113.269043,13.07373,1.032715,1721315232.7833,84,2,433.201465,18.082617,-181.161035,-163.894043,26.455078,38.583984,1721315232.7833,87,3,418.132617,-27.235547,-178.147266,-163.476562,23.312988,-170.463867,1721315232.7833,0,0,-1,-1,0,0,0,0,0,0,0,0,0,0,0,0,-2,-2,-2,-2,-2,-2,-2,-2,-2,-2,-2,-2,-2,-2,-2,1721315232753360000,377
1721315232818753700,87,0,615.813574,-101.351953,-410.542383,-109.02832,16.303711,135.307617,1721315232.7502,85,1,657.894727,-154.818457,-405.296191,-113.752441,13.139648,1.032715,1721315232.7502,84,2,432.643359,14.622363,-182.72373,-164.772949,25.949707,38.430176,1721315232.7502,87,3,417.35127,-30.360937,-180.156445,-164.377441,22.741699,-170.48584,1721315232.7502,0,0,1721315232774597200,234,0,0,0,0,0,0,0,0,0,0,0,0,-1,29.7,-1,17.79,-1,99.06,14.0,0,0,0,0,0,0,0,1721315232795741200,1721315232788916000,378
1721315232853006200,86,0,617.041406,-99.789258,-410.542383,-108.654785,16.523438,135.703125,1721315232.82,85,1,658.676074,-151.693066,-407.19375,-113.15918,13.40332,1.098633,1721315232.82,84,2,432.978223,18.863965,-179.040234,-164.11377,26.762695,38.562012,1721315232.82,87,3,417.797754,-26.342578,-177.254297,-163.78418,23.57666,-171.101074,1721315232.82,0,0,-1,-1,0,0,0,0,0,0,0,0,0,0,0,0,-1,29.91,-1,17.6,-1,101.11,14.0,0,0,0,0,0,0,0,1721315232845342300,1721315232843910200,379
1721315232887150000,86,0,617.264648,-99.454395,-411.435352,-108.742676,16.567383,135.615234,1721315232.8531,85,1,659.122559,-152.362793,-408.086719,-113.378906,13.425293,1.054688,1721315232.8531,84,2,431.527148,21.319629,-178.035645,-163.696289,26.872559,39.067383,1721315232.8531,87,3,416.458301,-24.891504,-176.807812,-163.674316,23.532715,-171.101074,1721315232.8531,0,0,1721315232840740300,235,0,0,0,0,0,0,0,0,0,0,0,0,-2,-2,-2,-2,-2,-2,-2,-2,-2,-2,-2,-2,-2,-2,-2,1721315232887191000,381
1721315232921476400,86,0,616.594922,-98.338184,-412.32832,-108.61084,16.501465,135.505371,1721315232.8862,85,1,658.564453,-152.809277,-408.19834,-113.378906,13.293457,1.098633,1721315232.8862,84,2,431.862012,23.886914,-175.914844,-163.103027,27.839355,39.396973,1721315232.8862,87,3,416.458301,-21.989355,-174.798633,-162.949219,24.301758,-170.969238,1721315232.8862,0,0,-1,-1,0,0,0,0,0,0,0,0,0,0,0,0,-1,29.91,-1,17.79,-1,101.11,14.0,0,0,0,0,0,0,0,1721315232894385500,1721315232856096700,380
1721315232955326200,86,0,616.148438,-95.770898,-413.667773,-108.171387,16.611328,135.483398,1721315232.9229,85,1,658.006348,-150.576855,-409.314551,-112.895508,13.425293,1.230469,1721315232.9229,84,2,433.201465,23.663672,-173.347559,-163.476562,29.047852,39.287109,1721315232.9229,87,3,416.34668,-20.091797,-172.566211,-162.905273,25.3125,-171.057129,1721315232.9229,0,0,1721315232907969600,236,0,0,0,0,0,0,0,0,0,0,0,0,-1,29.91,-1,17.79,-1,103.2,13.0,0,0,0,0,0,0,0,1721315232943038400,1721315232953494100,383
1721315232988923300,86,0,616.37168,-96.552246,-414.449121,-108.259277,16.677246,135.527344,1721315232.956,85,1,659.010937,-151.02334,-409.314551,-113.005371,13.688965,1.318359,1721315232.956,84,2,432.420117,23.328809,-172.008105,-163.916016,29.421387,39.089355,1721315232.956,87,3,415.230469,-20.42666,-171.784863,-163.300781,25.466309,-170.90332,1721315232.956,0,0,-1,-1,0,0,0,0,0,0,0,0,0,0,0,0,-2,-2,-2,-2,-2,-2,-2,-2,-2,-2,-2,-2,-2,-2,-2,1721315232922728600,382
1721315233022485200,86,0,615.143848,-98.00332,-415.788574,-108.479004,16.435547,135.439453,1721315232.9891,85,1,658.452832,-152.139551,-409.426172,-113.181152,13.469238,1.274414,1721315232.9891,84,2,431.750391,23.886914,-171.226758,-163.696289,29.619141,39.331055,1721315232.9891,87,3,414.895605,-20.203418,-170.891895,-163.146973,25.598145,-170.57373,1721315232.9891,0,0,1721315232974446100,237,0,0,0,0,0,0,0,0,0,0,0,0,-1,29.91,-1,17.79,-1,103.2,14.0,0,0,0,0,0,0,0,1721315232992773400,1721315232993405800,384
1721315233055866200,86,0,613.804395,-97.445215,-416.123437,-108.127441,16.281738,135.637207,1721315233.0221,85,1,657.225,-152.362793,-409.649414,-112.939453,13.183594,1.362305,1721315233.0221,84,2,432.196875,25.003125,-168.882715,-163.059082,30.322266,39.572754,1721315233.0221,87,3,415.230469,-18.863965,-168.659473,-162.421875,26.213379,-170.200195,1721315233.0221,0,0,-1,-1,0,0,0,0,0,0,0,0,0,0,0,0,-1,29.91,-1,17.79,-1,101.94,14.0,0,0,0,0,0,0,0,1721315233045805500,1721315233045964200,385
1721315233089518000,86,0,614.027637,-97.556836,-415.453711,-108.039551,16.435547,135.856934,1721315233.0552,85,1,656.666895,-152.02793,-410.765625,-112.741699,13.227539,1.340332,1721315233.0552,84,2,432.866602,24.556641,-166.427051,-163.388672,30.783691,39.133301,1721315233.0552,87,3,415.230469,-18.640723,-167.096777,-162.487793,26.542969,-170.397949,1721315233.0552,0,0,1721315233040348300,238,0,0,0,0,0,0,0,0,0,0,0,0,-2,-2,-2,-2,-2,-2,-2,-2,-2,-2,-2,-2,-2,-2,-2,1721315233087539700,387
1721315233123865400,86,0,614.585742,-98.673047,-414.895605,-108.193359,16.479492,135.900879,1721315233.0883,85,1,656.443652,-152.920898,-410.988867,-112.939453,13.293457,1.296387,1721315233.0883,84,2,432.196875,24.556641,-165.534082,-163.520508,30.695801,38.95752,1721315233.0883,87,3,414.783984,-18.863965,-166.31543,-162.619629,26.411133,-170.441895,1721315233.0883,0,0,-1,-1,0,0,0,0,0,0,0,0,0,0,0,0,-1,29.91,-1,17.42,-1,100.7,14.0,0,0,0,0,0,0,0,1721315233095028700,1721315233056762500,386
1721315233157248000,86,0,614.697363,-99.342773,-414.672363,-108.237305,16.347656,135.966797,1721315233.125,85,1,655.773926,-154.930078,-410.319141,-113.15918,13.07373,1.40625,1721315233.125,84,2,431.862012,25.56123,-164.30625,-163.081055,30.981445,39.221191,1721315233.125,87,3,414.449121,-18.082617,-164.975977,-162.312012,26.455078,-170.134277,1721315233.125,0,0,1721315233107301100,239,0,0,0,0,0,0,0,0,0,0,0,0,-1,29.91,-1,16.67,-1,101.11,14.0,0,0,0,0,0,0,0,1721315233144211300,1721315233153304300,389
1721315233191567800,86,0,614.474121,-99.231152,-415.007227,-108.017578,16.259766,136.054688,1721315233.1581,85,1,655.439062,-155.488184,-409.091309,-112.961426,13.007812,1.691895,1721315233.1581,84,2,432.866602,27.458789,-162.29707,-162.399902,31.882324,39.550781,1721315233.1581,87,3,415.118848,-16.408301,-162.966797,-161.784668,27.04834,-169.782715,1721315233.1581,0,0,-1,-1,0,0,0,0,0,0,0,0,0,0,0,0,-2,-2,-2,-2,-2,-2,-2,-2,-2,-2,-2,-2,-2,-2,-2,1721315233191293600,390
1721315233225241300,87,0,614.920605,-100.905469,-414.560742,-108.237305,16.479492,136.208496,1721315233.1912,85,1,657.225,-158.836816,-407.082129,-113.203125,13.227539,2.06543,1721315233.1912,84,2,433.982812,27.682031,-160.957617,-162.443848,32.563477,40.297852,1721315233.1912,87,3,415.007227,-15.515332,-161.29248,-161.762695,27.575684,-169.16748,1721315233.1912,0,0,1721315233174948100,240,0,0,0,0,0,0,0,0,0,0,0,0,-1,29.91,-1,21.26,-1,101.11,14.0,0,0,0,0,0,0,0,1721315233193587900,1721315233143051100,388
1721315233259483200,87,0,614.920605,-101.686816,-414.560742,-108.413086,16.435547,136.164551,1721315233.2242,85,1,657.894727,-160.287891,-406.524023,-113.400879,13.205566,2.06543,1721315233.2242,84,2,433.313086,30.58418,-161.850586,-161.411133,32.563477,41.682129,1721315233.2242,87,3,414.002637,-13.617773,-161.738965,-160.664062,27.37793,-167.431641,1721315233.2242,0,0,-1,-1,0,0,0,0,0,0,0,0,0,0,0,0,-1,29.91,-1,29.27,-1,101.94,14.0,0,0,0,0,0,0,0,1721315233242761700,1721315233259151800,392
1721315233293182500,87,0,614.697363,-101.798437,-414.114258,-108.347168,16.325684,136.296387,1721315233.261,85,1,657.225,-159.953027,-406.412402,-113.334961,13.117676,2.087402,1721315233.261,84,2,433.982812,34.267676,-161.738965,-159.873047,32.651367,42.648926,1721315233.261,87,3,414.560742,-10.604004,-160.622754,-159.32373,27.685547,-166.376953,1721315233.261,0,0,1721315233240752100,241,0,0,0,0,0,0,0,0,0,0,0,0,-1,29.7,-1,25.48,-1,102.78,14.0,0,0,0,0,0,0,0,1721315233291860200,1721315233288362300,393
1721315233326614100,87,0,614.250879,-101.798437,-413.779395,-108.237305,16.435547,136.450195,1721315233.2941,85,1,657.225,-159.17168,-406.858887,-113.203125,13.205566,2.06543,1721315233.2941,84,2,434.317676,35.495508,-162.631934,-159.455566,32.255859,42.93457,1721315233.2941,86,3,415.34209,-9.376172,-160.957617,-158.90625,27.509766,-166.113281,1721315233.2941,0,0,-1,-1,0,0,0,0,0,0,0,0,0,0,0,0,-2,-2,-2,-2,-2,-2,-2,-2,-2,-2,-2,-2,-2,-2,-2,1721315233243095800,391
1721315233360907100,87,0,615.032227,-103.584375,-412.886426,-108.457031,16.479492,136.538086,1721315233.3271,85,1,657.671484,-159.283301,-406.970508,-113.24707,13.249512,2.043457,1721315233.3271,84,2,432.531738,37.058203,-164.529492,-159.038086,31.091309,43.088379,1721315233.3271,86,3,415.230469,-8.594824,-161.850586,-158.620605,26.696777,-165.915527,1721315233.3271,0,0,1721315233307863800,242,0,0,0,0,0,0,0,0,0,0,0,0,-1,30.13,-1,12.48,-1,104.04,14.0,0,0,0,0,0,0,0,1721315233344798200,1721315233352977700,395
1721315233394742200,87,0,614.3625,-103.919238,-412.774805,-108.588867,16.303711,136.428223,1721315233.3602,85,1,657.001758,-160.845996,-407.305371,-113.422852,12.919922,1.999512,1721315233.3602,84,2,431.192285,40.630078,-166.203809,-157.895508,30.168457,43.417969,1721315233.3602,86,3,415.788574,-6.474023,-162.855176,-157.565918,25.620117,-165.432129,1721315233.3602,0,0,-1,-1,0,0,0,0,0,0,0,0,0,0,0,0,-1,29.91,-1,13.92,-1,104.47,14.0,0,0,0,0,0,0,0,1721315233394227700,1721315233390516200,396
1721315233428183800,87,0,613.469531,-103.584375,-413.556152,-108.479004,16.237793,136.340332,1721315233.3933,85,1,655.885547,-159.953027,-407.751855,-113.071289,12.65625,1.999512,1721315233.3933,84,2,432.085254,44.201953,-167.32002,-156.643066,29.970703,43.813477,1721315233.3933,86,3,417.016406,-4.018359,-163.748145,-156.51123,25.400391,-165.014648,1721315233.3933,0,0,1721315233374962100,243,0,0,0,0,0,0,0,0,0,0,0,0,-2,-2,-2,-2,-2,-2,-2,-2,-2,-2,-2,-2,-2,-2,-2,1721315233342844900,394
1721315233461984700,87,0,613.692773,-103.695996,-413.779395,-108.522949,16.325684,136.340332,1721315233.43,85,1,656.778516,-160.17627,-407.975098,-113.093262,12.766113,2.043457,1721315233.43,84,2,432.531738,45.429785,-169.105957,-156.335449,29.772949,44.230957,1721315233.43,86,3,417.574512,-2.902148,-164.417871,-156.181641,25.268555,-164.619141,1721315233.43,0,0,1721315233440365200,244,0,0,0,0,0,0,0,0,0,0,0,0,-1,29.91,-1,17.04,-1,103.2,14.0,0,0,0,0,0,0,0,1721315233443384800,1721315233457454600,398
1721315233496313000,87,0,613.581152,-103.919238,-414.225879,-108.69873,16.303711,136.208496,1721315233.4631,85,1,657.448242,-160.734375,-408.19834,-113.334961,12.810059,1.999512,1721315233.4631,84,2,431.973633,46.99248,-171.45,-155.500488,29.267578,45.307617,1721315233.4631,86,3,417.239648,-1.785937,-165.868945,-155.544434,24.697266,-163.54248,1721315233.4631,0,0,-1,-1,0,0,0,0,0,0,0,0,0,0,0,0,-1,29.91,-1,17.42,-1,104.89,14.0,0,0,0,0,0,0,0,1721315233492731200,1721315233489749000,399
1721315233530361100,87,0,613.581152,-102.914648,-414.672363,-108.566895,16.105957,136.164551,1721315233.4962,85,1,657.448242,-157.1625,-408.644824,-113.027344,12.766113,2.043457,1721315233.4962,84,2,433.089844,50.564355,-172.677832,-154.02832,29.641113,46.120605,1721315233.4962,85,3,417.909375,1.00459,-165.980566,-154.27002,24.89502,-162.399902,1721315233.4962,0,0,1721315233507519000,245,0,0,0,0,0,0,0,0,0,0,0,0,-2,-2,-2,-2,-2,-2,-2,-2,-2,-2,-2,-2,-2,-2,-2,1721315233443967000,397
1721315233563891500,87,0,613.916016,-101.01709,-414.225879,-108.237305,16.237793,136.252441,1721315233.5293,85,1,657.448242,-154.483594,-409.649414,-112.543945,12.919922,2.087402,1721315233.5293,84,2,433.313086,52.685156,-174.017285,-153.215332,29.794922,46.691895,1721315233.5293,85,3,418.244238,3.01377,-165.980566,-153.457031,25.114746,-161.784668,1721315233.5293,0,0,-1,-1,0,0,0,0,0,0,0,0,0,0,0,0,-1,29.7,-1,17.98,-1,106.18,14.0,0,0,0,0,0,0,0,1721315233541635100,1721315233554341500,401
1721315233597877800,87,0,614.139258,-101.351953,-413.667773,-108.369141,16.369629,136.296387,1721315233.5623,85,1,657.783105,-155.599805,-410.095898,-112.763672,13.051758,2.06543,1721315233.5623,84,2,432.978223,52.908398,-175.245117,-153.105469,29.575195,47.263184,1721315233.5623,85,3,418.244238,3.460254,-166.650293,-153.391113,25.004883,-161.455078,1721315233.5623,0,0,1721315233574346800,246,0,0,0,0,0,0,0,0,0,0,0,0,-1,29.91,-1,17.79,-1,106.61,14.0,0,0,0,0,0,0,0,1721315233594893100,1721315233591435200,402
1721315233631876900,87,0,614.027637,-101.128711,-413.667773,-108.457031,16.325684,136.252441,1721315233.5991,85,1,657.783105,-156.827637,-410.430762,-112.939453,12.875977,2.021484,1721315233.5991,84,2,432.308496,55.029199,-176.58457,-152.116699,29.179688,48.449707,1721315233.5991,85,3,417.462891,5.13457,-167.878125,-152.600098,24.345703,-160.444336,1721315233.5991,0,0,-1,-1,0,0,0,0,0,0,0,0,0,0,0,0,-2,-2,-2,-2,-2,-2,-2,-2,-2,-2,-2,-2,-2,-2,-2,1721315233542923900,400
1721315233665664100,86,0,614.027637,-99.677637,-414.114258,-108.149414,16.259766,136.274414,1721315233.6322,85,1,657.336621,-155.488184,-411.100488,-112.653809,12.700195,1.999512,1721315233.6322,84,2,433.089844,57.708105,-176.249707,-151.391602,29.53125,48.80127,1721315233.6322,85,3,418.132617,8.259961,-167.32002,-151.567383,24.587402,-159.851074,1721315233.6322,0,0,-1,-1,0,0,0,0,0,0,0,0,0,0,0,0,-1,29.91,-1,17.79,-1,106.18,14.0,0,0,0,0,0,0,0,1721315233643885300,1721315233658351900,404
1721315233699427400,87,0,614.585742,-100.347363,-414.114258,-108.193359,16.391602,136.40625,1721315233.6652,85,1,657.113379,-154.595215,-411.770215,-112.565918,12.832031,1.955566,1721315233.6652,84,2,433.313086,58.15459,-176.472949,-151.567383,29.53125,48.80127,1721315233.6652,85,3,418.579102,9.15293,-167.32002,-151.523438,24.697266,-159.807129,1721315233.6652,0,0,1721315233640273300,247,0,0,0,0,0,0,0,0,0,0,0,0,-1,29.7,-1,17.42,-1,106.61,14.0,0,0,0,0,0,0,0,1721315233693100000,1721315233689477200,405
1721315233733496000,87,0,615.032227,-103.584375,-413.556152,-108.69873,16.303711,136.560059,1721315233.6983,85,1,657.225,-155.488184,-411.770215,-112.763672,12.897949,1.933594,1721315233.6983,84,2,432.308496,58.15459,-176.696191,-151.611328,29.179688,49.262695,1721315233.6983,85,3,418.132617,9.599414,-167.878125,-151.567383,24.455566,-159.697266,1721315233.6983,0,0,1721315233707493700,248,0,0,0,0,0,0,0,0,0,0,0,0,-2,-2,-2,-2,-2,-2,-2,-2,-2,-2,-2,-2,-2,-2,-2,1721315233643609600,403
1721315233767399900,87,0,614.3625,-103.137891,-414.002637,-108.764648,16.21582,136.472168,1721315233.7351,85,1,656.555273,-157.050879,-411.546973,-113.005371,12.744141,1.955566,1721315233.7351,84,2,431.63877,60.498633,-177.142676,-150.79834,29.179688,49.943848,1721315233.7351,86,3,417.128027,11.496973,-168.547852,-150.864258,24.169922,-159.060059,1721315233.7351,0,0,-1,-1,0,0,0,0,0,0,0,0,0,0,0,0,-1,29.91,-1,17.6,-1,107.47,14.0,0,0,0,0,0,0,0,1721315233742010100,1721315233755721900,407
1721315233801159300,87,0,614.027637,-101.463574,-414.002637,-108.435059,16.281738,136.582031,1721315233.7681,85,1,655.773926,-156.827637,-410.654004,-112.895508,12.722168,2.043457,1721315233.7681,84,2,432.420117,61.168359,-178.035645,-150.534668,29.311523,50.273438,1721315233.7681,86,3,417.35127,12.948047,-168.882715,-150.336914,24.345703,-158.708496,1721315233.7681,0,0,1721315233773957800,249,0,0,0,0,0,0,0,0,0,0,0,0,-1,29.91,-1,17.04,-1,105.32,14.0,0,0,0,0,0,0,0,1721315233791803900,1721315233792535700,408
1721315233834679900,87,0,615.255469,-103.249512,-412.663184,-108.588867,16.413574,136.867676,1721315233.8012,85,1,656.443652,-156.716016,-409.984277,-112.939453,12.919922,2.131348,1721315233.8012,84,2,432.085254,60.945117,-178.705371,-150.79834,29.20166,50.361328,1721315233.8012,86,3,417.128027,13.059668,-169.775684,-150.490723,24.345703,-158.664551,1721315233.8012,0,0,-1,-1,0,0,0,0,0,0,0,0,0,0,0,0,-2,-2,-2,-2,-2,-2,-2,-2,-2,-2,-2,-2,-2,-2,-2,1721315233743562600,406
1721315233868495200,87,0,614.808984,-105.258691,-411.770215,-108.896484,16.259766,136.867676,1721315233.8343,85,1,656.22041,-158.16709,-409.426172,-113.203125,12.897949,2.131348,1721315233.8343,84,2,430.745801,61.949707,-181.384277,-150.556641,28.520508,50.800781,1721315233.8343,86,3,416.011816,12.836426,-171.115137,-150.556641,23.90625,-158.378906,1721315233.8343,0,0,1721315233841272200,250,0,0,0,0,0,0,0,0,0,0,0,0,-1,29.91,-1,16.67,-1,103.2,14.0,0,0,0,0,0,0,0,1721315233844799300,1721315233858073100,410
1721315233902031800,87,0,614.3625,-105.258691,-411.658594,-108.852539,16.171875,136.867676,1721315233.8674,85,1,655.773926,-158.501953,-409.20293,-113.225098,12.766113,2.15332,1721315233.8674,84,2,431.63877,63.400781,-182.946973,-150.161133,28.674316,51.218262,1721315233.8674,86,3,416.34668,14.064258,-172.342969,-150.05127,23.884277,-157.983398,1721315233.8674,0,0,-1,-1,0,0,0,0,0,0,0,0,0,0,0,0,-1,29.91,-1,17.04,-1,102.36,14.0,0,0,0,0,0,0,0,1721315233893886600,1721315233888460100,411
1721315233936487700,87,0,614.250879,-104.923828,-411.658594,-108.720703,16.193848,136.889648,1721315233.9004,85,1,655.997168,-158.055469,-408.868066,-113.071289,12.832031,2.15332,1721315233.9004,84,2,431.862012,63.624023,-184.509668,-150.336914,28.410645,51.262207,1721315233.9004,86,3,416.904785,14.957227,-174.128906,-149.985352,23.774414,-158.225098,1721315233.9004,0,0,1721315233907075000,251,0,0,0,0,0,0,0,0,0,0,0,0,-2,-2,-2,-2,-2,-2,-2,-2,-2,-2,-2,-2,-2,-2,-2,1721315233844429500,409
1721315233970334400,87,0,614.250879,-105.370312,-411.658594,-108.852539,16.259766,136.801758,1721315233.9372,85,1,656.555273,-160.511133,-407.751855,-113.444824,12.963867,2.021484,1721315233.9372,84,2,430.522559,62.731055,-189.644238,-150.908203,27.04834,51.152344,1721315233.9372,86,3,416.569922,13.171289,-180.268066,-150.952148,22.5,-159.082031,1721315233.9372,0,0,-1,-1,0,0,0,0,0,0,0,0,0,0,0,0,-1,29.91,-1,16.67,-1,97.04,14.0,0,0,0,0,0,0,0,1721315233942589500,1721315233956131000,413
1721315234003934100,87,0,613.916016,-105.816797,-411.435352,-108.962402,16.083984,136.691895,1721315233.9702,85,1,655.997168,-161.180859,-407.975098,-113.598633,12.65625,1.867676,1721315233.9702,84,2,429.741211,63.847266,-192.88125,-150.534668,26.38916,51.306152,1721315233.9702,86,3,416.793164,12.836426,-182.72373,-150.732422,22.08252,-159.104004,1721315233.9702,0,0,1721315233974354500,252,0,0,0,0,0,0,0,0,0,0,0,0,-1,29.91,-1,16.48,-1,96.24,14.0,0,0,0,0,0,0,0,1721315233992360500,1721315233992769800,414
1721315234037556300,87,0,614.474121,-105.593555,-410.765625,-108.786621,15.996094,136.801758,1721315234.0033,85,1,656.22041,-160.845996,-407.305371,-113.422852,12.634277,2.021484,1721315234.0033,84,2,430.410937,63.847266,-194.667187,-150.446777,26.520996,51.108398,1721315234.0033,86,3,418.132617,13.059668,-184.174805,-150.534668,22.412109,-159.367676,1721315234.0033,0,0,-1,-1,0,0,0,0,0,0,0,0,0,0,0,0,-2,-2,-2,-2,-2,-2,-2,-2,-2,-2,-2,-2,-2,-2,-2,1721315233944174600,412
1721315234071125100,87,0,614.920605,-105.370312,-410.654004,-108.764648,16.149902,136.82373,1721315234.0364,85,1,656.666895,-161.069238,-407.305371,-113.466797,12.854004,2.06543,1721315234.0364,84,2,431.750391,59.717285,-196.899609,-151.611328,26.586914,50.690918,1721315234.0364,86,3,418.579102,10.269141,-187.300195,-151.54541,22.346191,-160.048828,1721315234.0364,0,0,1721315234041150000,253,0,0,0,0,0,0,0,0,0,0,0,0,-1,29.91,-1,15.92,-1,90.4,13.0,0,0,0,0,0,0,0,1721315234041658800,1721315234061054000,416
1721315234105023100,87,0,615.701953,-106.374902,-410.765625,-108.94043,16.105957,136.801758,1721315234.0695,85,1,657.001758,-161.180859,-407.975098,-113.620605,12.919922,1.977539,1721315234.0695,84,2,430.969043,56.591895,-199.355273,-152.314453,26.191406,50.471191,1721315234.0695,85,3,417.462891,8.036719,-189.420996,-152.028809,21.928711,-160.378418,1721315234.0695,0,0,-1,-1,0,0,0,0,0,0,0,0,0,0,0,0,-1,29.7,-1,15.74,-1,93.48,14.0,0,0,0,0,0,0,0,1721315234090504100,1721315234088956800,417
1721315234138436000,87,0,615.813574,-104.365723,-412.439941,-108.69873,15.842285,136.647949,1721315234.1062,85,1,656.778516,-161.069238,-408.756445,-113.642578,12.678223,1.911621,1721315234.1062,84,2,432.308496,55.810547,-201.252832,-152.62207,26.608887,49.746094,1721315234.1062,85,3,418.690723,6.250781,-190.090723,-152.226562,22.5,-160.664062,1721315234.1062,0,0,1721315234107354000,254,0,0,0,0,0,0,0,0,0,0,0,0,-1,29.91,-1,15.56,-1,93.48,14.0,0,0,0,0,0,0,0,1721315234135139900,1721315234044465500,415
1721315234172731500,87,0,615.590332,-102.803027,-412.663184,-108.413086,15.908203,136.713867,1721315234.1393,85,1,656.443652,-160.17627,-408.979687,-113.444824,12.700195,1.933594,1721315234.1393,84,2,434.094434,51.568945,-201.810937,-153.852539,27.092285,48.911133,1721315234.1393,85,3,419.360449,2.678906,-191.206934,-153.303223,22.82959,-161.433105,1721315234.1393,0,0,-1,-1,0,0,0,0,0,0,0,0,0,0,0,0,-2,-2,-2,-2,-2,-2,-2,-2,-2,-2,-2,-2,-2,-2,-2,1721315234156250300,419
1721315234206147400,87,0,615.813574,-102.914648,-412.886426,-108.544922,16.018066,136.647949,1721315234.1724,85,1,657.336621,-160.845996,-409.426172,-113.620605,12.854004,1.955566,1721315234.1724,84,2,434.875781,46.099512,-201.922559,-155.126953,27.114258,48.515625,1721315234.1724,86,3,419.47207,-1.451074,-191.765039,-154.445801,22.939453,-161.982422,1721315234.1724,0,0,1721315234173749800,255,0,0,0,0,0,0,0,0,0,0,0,0,-1,29.7,-1,15.56,-1,88.51,14.0,0,0,0,0,0,0,0,1721315234185222800,1721315234194108600,420
1721315234239578300,87,0,615.701953,-102.468164,-413.667773,-108.69873,15.974121,136.428223,1721315234.2054,85,1,657.671484,-162.073828,-409.984277,-113.90625,12.722168,1.889648,1721315234.2054,84,2,433.313086,43.308984,-202.480664,-155.478516,26.586914,48.120117,1721315234.2054,86,3,418.355859,-4.353223,-192.992871,-154.995117,22.719727,-162.158203,1721315234.2054,0,0,-1,-1,0,0,0,0,0,0,0,0,0,0,0,0,-1,29.91,-1,16.29,-1,88.14,14.0,0,0,0,0,0,0,0,1721315234233437700,1721315234142443200,418
1721315234273406000,86,0,615.478711,-98.896289,-415.34209,-108.61084,16.325684,136.73584,1721315234.2716,85,1,657.559863,-156.492773,-409.20293,-113.444824,13.579102,2.48291,1721315234.2716,84,2,434.875781,35.495508,-202.815527,-157.016602,26.125488,46.582031,1721315234.2716,87,3,419.583691,-11.496973,-192.546387,-156.445312,23.796387,-162.70752,1721315234.2716,0,0,1721315234241008600,256,0,0,0,0,0,0,0,0,0,0,0,0,-2,-2,-2,-2,-2,-2,-2,-2,-2,-2,-2,-2,-2,-2,-2,1721315234259983500,422
1721315234307245800,86,0,615.590332,-99.119531,-415.34209,-108.720703,16.391602,136.757812,1721315234.2753,85,1,657.783105,-156.381152,-409.20293,-113.510742,13.710938,2.48291,1721315234.2753,84,2,434.987402,34.937402,-202.927148,-157.148438,26.081543,46.538086,1721315234.2753,87,3,419.583691,-11.831836,-192.546387,-156.555176,23.818359,-162.79541,1721315234.2753,0,0,-1,-1,0,0,0,0,0,0,0,0,0,0,0,0,-1,29.7,-1,16.29,-1,90.02,14.0,0,0,0,0,0,0,0,1721315234282199300,1721315234292790700,423
1721315234340844200,87,0,614.474121,-103.472754,-415.453711,-109.775391,16.325684,136.977539,1721315234.3083,85,1,659.010937,-157.050879,-410.095898,-114.191895,14.128418,2.48291,1721315234.3083,84,2,434.206055,29.57959,-203.708496,-158.137207,25.444336,46.340332,1721315234.3083,87,3,418.579102,-15.515332,-193.439355,-157.521973,23.57666,-163.256836,1721315234.3083,0,0,1721315234307245800,257,0,0,0,0,0,0,0,0,0,0,0,0,-1,29.7,-1,16.48,-1,91.16,14.0,0,0,0,0,0,0,0,1721315234331752400,1721315234242279700,421
1721315234375105500,87,0,610.902246,-104.365723,-415.900195,-110.236816,15.996094,137.197266,1721315234.3414,85,1,658.22959,-158.278711,-410.319141,-114.367676,13.710938,2.658691,1721315234.3414,84,2,433.982812,27.458789,-204.378223,-158.093262,25.356445,45.98877,1721315234.3414,87,3,418.244238,-18.41748,-194.220703,-157.807617,23.356934,-163.300781,1721315234.3414,0,0,-1,-1,0,0,0,0,0,0,0,0,0,0,0,0,-2,-2,-2,-2,-2,-2,-2,-2,-2,-2,-2,-2,-2,-2,-2,1721315234358512400,425
1721315234408630700,87,0,612.241699,-105.593555,-410.430762,-109.951172,16.721191,139.064941,1721315234.3745,85,1,655.21582,-155.934668,-410.765625,-113.686523,13.864746,3.55957,1721315234.3745,84,2,434.206055,24.556641,-204.043359,-158.291016,25.708008,45.32959,1721315234.3745,87,3,418.579102,-21.208008,-193.662598,-157.895508,23.840332,-163.432617,1721315234.3745,0,0,1721315234374105900,258,0,0,0,0,0,0,0,0,0,0,0,0,-1,29.7,-1,16.67,-1,90.4,14.0,0,0,0,0,0,0,0,1721315234381110300,1721315234395499200,426
1721315234442565400,87,0,614.808984,-119.657812,-403.175391,-113.598633,18.61084,141.547852,1721315234.4406,85,1,660.015527,-159.060059,-409.761035,-115.554199,17.731934,5.932617,1721315234.4406,84,2,432.75498,18.752344,-204.601465,-158.928223,25.224609,45.219727,1721315234.4406,87,3,416.235059,-26.342578,-193.662598,-158.598633,23.554688,-163.520508,1721315234.4406,0,0,-1,-1,0,0,0,0,0,0,0,0,0,0,0,0,-1,29.91,-1,16.48,-1,85.19,14.0,0,0,0,0,0,0,0,1721315234430630200,1721315234343006900,424
1721315234476731300,87,0,614.3625,-120.215918,-403.06377,-113.708496,18.544922,141.569824,1721315234.4443,85,1,659.680664,-159.060059,-409.426172,-115.576172,17.753906,5.95459,1721315234.4443,84,2,432.531738,18.640723,-204.601465,-158.90625,25.180664,45.241699,1721315234.4443,87,3,416.123437,-26.454199,-193.662598,-158.554688,23.532715,-163.520508,1721315234.4443,0,0,1721315234441057100,259,0,0,0,0,0,0,0,0,0,0,0,0,-2,-2,-2,-2,-2,-2,-2,-2,-2,-2,-2,-2,-2,-2,-2,1721315234460728400,428
1721315234510519300,87,0,610.455762,-124.234277,-404.291602,-114.697266,18.500977,141.70166,1721315234.4774,85,1,659.457422,-157.497363,-404.738086,-115.444336,18.69873,6.965332,1721315234.4774,84,2,431.862012,19.42207,-204.266602,-158.334961,25.356445,45.043945,1721315234.4774,87,3,415.788574,-26.007715,-192.992871,-157.961426,23.862305,-163.696289,1721315234.4774,0,0,-1,-1,0,0,0,0,0,0,0,0,0,0,0,0,-1,29.7,-1,16.85,-1,86.29,13.0,0,0,0,0,0,0,0,1721315234479756200,1721315234491416400,429
1721315234543962400,87,0,609.897656,-123.229687,-403.621875,-116.411133,20.34668,142.075195,1721315234.5105,85,1,658.006348,-150.576855,-398.152441,-115.532227,21.489258,7.954102,1721315234.5105,84,2,431.63877,18.752344,-203.373633,-158.48877,25.598145,44.802246,1721315234.5105,87,3,415.676953,-27.123926,-192.211523,-158.334961,24.23584,-164.267578,1721315234.5105,0,0,1721315234506998600,260,0,0,0,0,0,0,0,0,0,0,0,0,-1,29.91,-1,16.67,-1,93.48,13.0,0,0,0,0,0,0,0,1721315234528772000,1721315234542563600,430
1721315234578269900,87,0,611.013867,-121.108887,-400.942969,-118.718262,22.280273,142.250977,1721315234.5435,85,1,660.908496,-151.916309,-397.705957,-117.246094,23.24707,7.646484,1721315234.5435,84,2,431.63877,17.30127,-203.485254,-158.840332,25.576172,44.824219,1721315234.5435,87,3,415.118848,-28.128516,-192.323145,-158.730469,24.213867,-164.509277,1721315234.5435,0,0,-1,-1,0,0,0,0,0,0,0,0,0,0,0,0,-1,29.91,-1,16.48,-1,97.44,14.0,0,0,0,0,0,0,0,1721315234577264800,1721315234558081400,431
1721315234612405900,87,0,606.883887,-127.806152,-397.705957,-120.563965,21.84082,142.338867,1721315234.5766,85,1,658.787695,-155.488184,-393.352734,-118.78418,23.642578,7.69043,1721315234.5766,84,2,430.745801,16.966406,-203.485254,-158.862305,25.510254,45.021973,1721315234.5766,87,3,414.3375,-29.021484,-192.099902,-158.884277,24.125977,-164.399414,1721315234.5766,0,0,1721315234574018200,261,0,0,0,0,0,0,0,0,0,0,0,0,-2,-2,-2,-2,-2,-2,-2,-2,-2,-2,-2,-2,-2,-2,-2,1721315234594293800,432
1721315234645755700,87,0,606.102539,-128.699121,-397.147852,-120.915527,21.994629,142.536621,1721315234.6134,85,1,658.787695,-152.474414,-387.101953,-118.850098,24.98291,8.349609,1721315234.6134,84,2,430.969043,17.30127,-201.922559,-158.400879,26.806641,45.571289,1721315234.6134,87,3,414.449121,-28.798242,-191.87666,-158.642578,24.257812,-164.465332,1721315234.6134,0,0,-1,-1,0,0,0,0,0,0,0,0,0,0,0,0,-1,30.13,-1,16.11,-1,98.65,13.0,0,0,0,0,0,0,0,1721315234626467300,1721315234642934400,433
1721315234679277300,87,0,607.553613,-130.59668,-395.361914,-121.398926,22.434082,142.712402,1721315234.6464,85,1,661.801465,-150.576855,-388.329785,-118.959961,26.037598,8.02002,1721315234.6464,84,2,432.531738,13.729395,-200.136621,-159.411621,28.278809,46.032715,1721315234.6464,87,3,414.783984,-28.463379,-192.099902,-158.510742,24.543457,-165.168457,1721315234.6464,0,0,1721315234640150600,262,0,0,0,0,0,0,0,0,0,0,0,0,-1,29.91,-1,16.11,-1,101.11,14.0,0,0,0,0,0,0,0,1721315234676210300,1721315234661216900,434
1721315234712949600,87,0,606.883887,-134.949902,-394.134082,-122.739258,22.609863,142.624512,1721315234.6795,85,1,663.140918,-152.02793,-389.669238,-119.750977,26.433105,7.580566,1721315234.6795,84,2,432.978223,11.943457,-199.355273,-160.114746,29.772949,46.450195,1721315234.6795,87,3,414.672363,-29.57959,-191.765039,-158.862305,24.851074,-165.322266,1721315234.6795,0,0,-1,-1,0,0,0,0,0,0,0,0,0,0,0,0,-2,-2,-2,-2,-2,-2,-2,-2,-2,-2,-2,-2,-2,-2,-2,1721315234691997900,435
1721315234746511000,87,0,605.544434,-137.852051,-394.245703,-123.222656,22.258301,142.668457,1721315234.7126,85,1,662.806055,-152.920898,-388.999512,-119.904785,26.235352,7.580566,1721315234.7126,84,2,434.317676,13.841016,-198.239062,-159.763184,31.92627,46.560059,1721315234.7126,87,3,413.891016,-30.026074,-189.86748,-159.191895,26.455078,-165.014648,1721315234.7126,0,0,1721315234706891500,263,0,0,0,0,0,0,0,0,0,0,0,0,-1,29.7,-1,15.56,-1,100.29,13.0,0,0,0,0,0,0,0,1721315234724948500,1721315234742089400,436
1721315234780040300,87,0,605.879297,-136.624219,-394.245703,-122.893066,22.280273,142.77832,1721315234.7456,85,1,662.694434,-152.139551,-388.553027,-119.641113,26.213379,7.668457,1721315234.7456,84,2,438.670898,11.162109,-194.555566,-160.708008,34.892578,46.647949,1721315234.7456,87,3,412.886426,-30.472559,-185.7375,-160.026855,29.487305,-165.388184,1721315234.7456,0,0,-1,-1,0,0,0,0,0,0,0,0,0,0,0,0,-1,29.91,-1,16.29,-1,100.7,14.0,0,0,0,0,0,0,0,1721315234774674800,1721315234758717300,437
1721315234813701600,87,0,606.772266,-134.503418,-394.803809,-122.783203,22.521973,142.69043,1721315234.8118,85,1,663.140918,-153.479004,-389.557617,-119.94873,26.323242,7.470703,1721315234.8118,83,2,439.005762,5.692676,-186.518848,-163.432617,39.484863,46.340332,1721315234.8118,87,3,410.988867,-29.467969,-182.165625,-160.993652,33.046875,-164.641113,1721315234.8118,0,0,1721315234774167500,264,0,0,0,0,0,0,0,0,0,0,0,0,-2,-2,-2,-2,-2,-2,-2,-2,-2,-2,-2,-2,-2,-2,-2,1721315234794237800,438
1721315234847150700,87,0,606.660645,-134.503418,-394.803809,-122.783203,22.5,142.69043,1721315234.8155,85,1,663.140918,-153.367383,-389.669238,-119.94873,26.30127,7.44873,1721315234.8155,83,2,439.005762,5.804297,-186.072363,-163.432617,39.726562,46.340332,1721315234.8155,87,3,410.988867,-29.356348,-181.60752,-160.993652,33.288574,-164.575195,1721315234.8155,0,0,-1,-1,0,0,0,0,0,0,0,0,0,0,0,0,-1,29.7,-1,15.92,-1,101.94,14.0,0,0,0,0,0,0,0,1721315234827294300,1721315234826820800,439
1721315234881255800,87,0,606.437402,-132.829102,-395.696777,-122.497559,22.390137,142.624512,1721315234.8485,85,1,663.252539,-152.02793,-390.338965,-119.729004,26.213379,7.36084,1721315234.8485,83,2,440.791699,7.701855,-181.719141,-163.081055,41.835938,46.098633,1721315234.8485,87,3,412.105078,-26.900684,-176.807812,-160.444336,35.617676,-164.091797,1721315234.8485,0,0,1721315234841042200,265,0,0,0,0,0,0,0,0,0,0,0,0,-1,29.91,-1,15.92,-1,103.2,14.0,0,0,0,0,0,0,0,1721315234877199200,1721315234875707800,440
1721315234915566400,87,0,606.325781,-131.936133,-396.589746,-122.34375,22.434082,142.624512,1721315234.8816,85,1,662.917676,-150.130371,-391.120312,-119.399414,26.323242,7.272949,1721315234.8816,83,2,441.349805,5.804297,-177.142676,-164.047852,42.868652,45.615234,1721315234.8816,87,3,411.770215,-26.230957,-172.789453,-160.620117,36.804199,-164.443359,1721315234.8816,0,0,-1,-1,0,0,0,0,0,0,0,0,0,0,0,0,-2,-2,-2,-2,-2,-2,-2,-2,-2,-2,-2,-2,-2,-2,-2,1721315234892931800,441
1721315234949465500,87,0,606.995508,-132.494238,-397.259473,-122.519531,22.478027,142.646484,1721315234.9147,85,1,663.252539,-149.795508,-391.90166,-119.465332,26.477051,7.185059,1721315234.9147,83,2,440.456836,4.911328,-173.794043,-164.597168,43.000488,45.395508,1721315234.9147,87,3,410.654004,-27.458789,-170.333789,-161.081543,37.067871,-164.685059,1721315234.9147,0,0,1721315234907306400,266,0,0,0,0,0,0,0,0,0,0,0,0,-1,29.91,-1,15.37,-1,104.47,14.0,0,0,0,0,0,0,0,1721315234925612200,1721315234928494200,442
1721315234983587400,87,0,607.107129,-133.610449,-396.812988,-122.739258,22.214355,142.976074,1721315234.9478,85,1,662.917676,-149.795508,-392.348145,-119.553223,26.38916,7.141113,1721315234.9478,83,2,439.452246,5.581055,-170.44541,-164.838867,42.890625,45.219727,1721315234.9478,87,3,409.761035,-27.57041,-168.212988,-161.279297,36.936035,-164.772949,1721315234.9478,0,0,-1,-1,0,0,0,0,0,0,0,0,0,0,0,0,-1,29.7,-1,14.82,-1,101.11,14.0,0,0,0,0,0,0,0,1721315234974521600,1721315234976848600,443
1721315235017148300,87,0,607.553613,-126.689941,-399.04541,-122.145996,22.763672,143.723145,1721315234.9845,85,1,662.917676,-146.335254,-393.129492,-119.047852,26.586914,7.602539,1721315234.9845,83,2,441.014941,8.371582,-166.092187,-164.750977,43.308105,44.648438,1721315234.9845,87,3,410.430762,-25.226367,-163.078418,-160.883789,37.287598,-164.882812,1721315234.9845,0,0,1721315234974521600,267,0,0,0,0,0,0,0,0,0,0,0,0,-2,-2,-2,-2,-2,-2,-2,-2,-2,-2,-2,-2,-2,-2,-2,1721315234994169800,444
1721315235051329700,87,0,609.004687,-130.038574,-396.589746,-122.893066,23.291016,144.206543,1721315235.0176,85,1,664.926855,-146.000391,-394.022461,-119.509277,27.509766,7.888184,1721315235.0176,83,2,441.014941,8.036719,-162.631934,-165.541992,43.000488,44.208984,1721315235.0176,87,3,410.430762,-25.226367,-160.287891,-161.520996,36.958008,-165.388184,1721315235.0176,0,0,-1,-1,0,0,0,0,0,0,0,0,0,0,0,0,-1,29.7,-1,14.82,-1,99.47,14.0,0,0,0,0,0,0,0,1721315235024089600,1721315235026687400,445
1721315235085619100,87,0,606.772266,-134.168555,-397.147852,-123.837891,22.719727,144.140625,1721315235.0837,85,1,661.689844,-151.581445,-394.022461,-120.454102,27.04834,8.129883,1721315235.0837,84,2,439.340625,11.162109,-160.17627,-164.794922,41.616211,44.165039,1721315235.0837,87,3,410.430762,-23.886914,-159.060059,-161.345215,35.397949,-165.454102,1721315235.0837,0,0,1721315235040484900,268,0,0,0,0,0,0,0,0,0,0,0,0,-1,29.91,-1,15.01,-1,100.29,14.0,0,0,0,0,0,0,0,1721315235073604000,1721315235075214000,446
1721315235119684500,87,0,606.883887,-134.168555,-397.147852,-123.793945,22.719727,144.162598,1721315235.0874,85,1,661.578223,-151.469824,-394.022461,-120.388184,27.026367,8.151855,1721315235.0874,84,2,439.563867,11.496973,-160.064648,-164.685059,41.616211,44.143066,1721315235.0874,87,3,410.654004,-23.552051,-158.836816,-161.257324,35.375977,-165.454102,1721315235.0874,0,0,-1,-1,0,0,0,0,0,0,0,0,0,0,0,0,-2,-2,-2,-2,-2,-2,-2,-2,-2,-2,-2,-2,-2,-2,-2,1721315235092059300,447
1721315235153698500,87,0,607.330371,-133.833691,-396.366504,-123.574219,22.785645,144.360352,1721315235.1205,85,1,661.35498,-150.800098,-394.134082,-120.124512,27.026367,8.151855,1721315235.1205,84,2,440.233594,13.394531,-159.17168,-164.509277,41.330566,43.791504,1721315235.1205,87,3,411.658594,-22.659082,-157.943848,-161.169434,35.090332,-165.739746,1721315235.1205,0,0,1721315235107169600,269,0,0,0,0,0,0,0,0,0,0,0,0,-1,29.91,-1,15.19,-1,102.78,14.0,0,0,0,0,0,0,0,1721315235122684900,1721315235128816500,448
1721315235187640000,87,0,607.441992,-134.615039,-396.143262,-123.706055,22.873535,144.338379,1721315235.1536,85,1,661.913086,-151.581445,-394.022461,-120.300293,27.224121,7.976074,1721315235.1536,84,2,440.010352,13.28291,-160.399512,-164.597168,40.473633,43.879395,1721315235.1536,87,3,411.881836,-22.993945,-158.613574,-161.345215,34.233398,-165.60791,1721315235.1536,0,0,-1,-1,0,0,0,0,0,0,0,0,0,0,0,0,-1,29.91,-1,15.19,-1,104.89,14.0,0,0,0,0,0,0,0,1721315235176075100,1721315235175853500,449
1721315235221177400,87,0,605.879297,-135.396387,-397.594336,-123.991699,22.609863,144.074707,1721315235.1866,85,1,661.466602,-153.590625,-393.575977,-120.585938,27.04834,7.954102,1721315235.1866,84,2,439.452246,14.064258,-161.627344,-164.047852,39.79248,44.604492,1721315235.1866,87,3,411.770215,-22.659082,-159.17168,-160.839844,33.398438,-164.772949,1721315235.1866,0,0,1721315235174566600,270,0,0,0,0,0,0,0,0,0,0,0,0,-2,-2,-2,-2,-2,-2,-2,-2,-2,-2,-2,-2,-2,-2,-2,1721315235196282500,450
1721315235254949800,87,0,604.651465,-133.72207,-398.375684,-123.75,22.456055,144.074707,1721315235.2197,85,1,661.466602,-152.586035,-393.352734,-120.366211,27.070312,8.02002,1721315235.2197,84,2,440.568457,17.078027,-161.962207,-162.927246,39.924316,45.131836,1721315235.2197,87,3,412.886426,-20.203418,-159.060059,-159.916992,33.442383,-164.311523,1721315235.2197,0,0,-1,-1,0,0,0,0,0,0,0,0,0,0,0,0,-1,29.7,-1,15.37,-1,101.94,14.0,0,0,0,0,0,0,0,1721315235224733100,1721315235226307100,451
1721315235289060400,87,0,605.20957,-137.628809,-393.687598,-124.453125,23.005371,144.887695,1721315235.2565,85,1,662.471191,-150.241992,-391.455176,-120.27832,27.927246,8.217773,1721315235.2565,84,2,441.684668,16.966406,-161.180859,-163.081055,40.209961,45.263672,1721315235.2565,87,3,413.33291,-19.533691,-159.283301,-159.960938,33.442383,-164.311523,1721315235.2565,0,0,1721315235241213900,271,0,0,0,0,0,0,0,0,0,0,0,0,-1,29.91,-1,15.01,-1,109.23,14.0,0,0,0,0,0,0,0,1721315235274154500,1721315235274684300,452
1721315235323383800,87,0,605.321191,-145.442285,-391.120312,-126.342773,23.15918,145.393066,1721315235.2895,85,1,665.37334,-155.599805,-388.218164,-121.486816,28.894043,8.986816,1721315235.2895,84,2,441.573047,17.412891,-161.404102,-162.839355,39.990234,45.791016,1721315235.2895,87,3,413.556152,-19.198828,-159.506543,-159.960938,33.156738,-164.047852,1721315235.2895,0,0,-1,-1,0,0,0,0,0,0,0,0,0,0,0,0,-1,29.7,-1,15.37,-1,113.25,14.0,0,0,0,0,0,0,0,1721315235323383800,1721315235293490400,453
1721315235357385100,87,0,603.870117,-144.995801,-391.120312,-126.804199,23.093262,145.371094,1721315235.3226,85,1,665.819824,-159.394922,-386.655469,-121.92627,28.828125,9.536133,1721315235.3226,84,2,441.238184,19.310449,-161.738965,-161.762695,39.968262,46.538086,1721315235.3226,87,3,414.114258,-18.082617,-158.948437,-159.257812,33.134766,-163.388672,1721315235.3226,0,0,1721315235307389300,272,0,0,0,0,0,0,0,0,0,0,0,0,-2,-2,-2,-2,-2,-2,-2,-2,-2,-2,-2,-2,-2,-2,-2,1721315235327443900,454
1721315235390978800,87,0,602.642285,-140.419336,-392.90625,-126.452637,23.48877,145.151367,1721315235.3557,85,1,665.261719,-156.381152,-387.101953,-121.530762,29.179688,9.42627,1721315235.3557,84,2,442.466016,21.43125,-162.29707,-160.751953,40.253906,47.043457,1721315235.3557,87,3,415.118848,-16.408301,-158.501953,-158.422852,33.398438,-162.971191,1721315235.3557,0,0,-1,-1,0,0,0,0,0,0,0,0,0,0,0,0,-1,29.91,-1,15.37,-1,115.54,14.0,0,0,0,0,0,0,0,1721315235372331700,1721315235376596600,455
1721315235425625800,87,0,602.307422,-141.758789,-393.91084,-127.045898,23.796387,144.821777,1721315235.3924,85,1,666.37793,-155.599805,-384.75791,-121.948242,30.322266,9.228516,1721315235.3924,84,2,443.024121,21.766113,-161.738965,-160.444336,40.429688,47.460938,1721315235.3924,87,3,415.230469,-15.29209,-158.501953,-158.027344,33.42041,-162.597656,1721315235.3924,0,0,1721315235374435400,273,0,0,0,0,0,0,0,0,0,0,0,0,-1,29.7,-1,14.64,-1,112.8,14.0,0,0,0,0,0,0,0,1721315235425625800,1721315235395164700,456
1721315235459363200,87,0,600.521484,-142.875,-394.91543,-127.683105,23.620605,144.492188,1721315235.4255,85,1,665.484961,-155.15332,-384.981152,-122.34375,30.410156,8.964844,1721315235.4255,84,2,442.131152,22.770703,-162.29707,-159.433594,40.144043,48.537598,1721315235.4255,87,3,414.895605,-14.064258,-158.390332,-156.994629,33.024902,-161.191406,1721315235.4255,0,0,-1,-1,0,0,0,0,0,0,0,0,0,0,0,0,-2,-2,-2,-2,-2,-2,-2,-2,-2,-2,-2,-2,-2,-2,-2,1721315235427353900,457
1721315235492763800,87,0,600.521484,-141.87041,-393.91084,-127.55127,23.730469,144.777832,1721315235.4586,85,1,664.815234,-153.255762,-385.204395,-122.102051,30.454102,8.942871,1721315235.4586,84,2,442.689258,25.896094,-162.520312,-157.609863,40.209961,49.724121,1721315235.4586,87,3,415.676953,-11.162109,-157.720605,-155.148926,33.00293,-159.631348,1721315235.4586,0,0,1721315235440621600,274,0,0,0,0,0,0,0,0,0,0,0,0,-1,29.7,-1,14.64,-1,115.54,14.0,0,0,0,0,0,0,0,1721315235474234200,1721315235492484800,459
1721315235526437400,87,0,601.972559,-141.312305,-392.794629,-127.617188,24.279785,144.997559,1721315235.4917,85,1,664.480371,-150.688477,-386.208984,-121.92627,30.849609,8.745117,1721315235.4917,84,2,443.024121,27.905273,-162.408691,-156.818848,40.144043,50.29541,1721315235.4917,87,3,415.788574,-10.380762,-156.827637,-154.401855,33.046875,-158.796387,1721315235.4917,0,0,-1,-1,0,0,0,0,0,0,0,0,0,0,0,0,-1,29.91,-1,15.92,-1,119.29,14.0,0,0,0,0,0,0,0,1721315235523349800,1721315235474581600,458
1721315235560734300,87,0,602.753906,-143.098242,-392.013281,-128.518066,24.631348,144.777832,1721315235.5247,85,1,665.708203,-150.688477,-386.543848,-122.409668,31.376953,8.327637,1721315235.5247,84,2,442.131152,29.57959,-163.748145,-155.961914,39.287109,51.020508,1721315235.5247,86,3,415.34209,-9.822656,-157.274121,-153.896484,32.541504,-158.291016,1721315235.5247,0,0,1721315235507384700,275,0,0,0,0,0,0,0,0,0,0,0,0,-2,-2,-2,-2,-2,-2,-2,-2,-2,-2,-2,-2,-2,-2,-2,1721315235529772700,460
1721315235594300600,87,0,601.860937,-143.321484,-391.678418,-129.04541,24.345703,144.42627,1721315235.5615,85,1,665.038477,-150.576855,-386.208984,-122.805176,31.398926,8.085938,1721315235.5615,84,2,440.90332,33.151465,-164.752734,-154.050293,38.518066,52.03125,1721315235.5615,86,3,414.895605,-7.925098,-158.16709,-152.490234,31.640625,-157.412109,1721315235.5615,0,0,-1,-1,0,0,0,0,0,0,0,0,0,0,0,0,-1,29.91,-1,16.11,-1,120.24,14.0,0,0,0,0,0,0,0,1721315235573438200,1721315235576149500,461
1721315235627707700,87,0,602.307422,-141.423926,-391.678418,-128.781738,24.455566,144.404297,1721315235.5945,85,1,664.145508,-147.451465,-385.539258,-122.541504,31.618652,7.888184,1721315235.5945,84,2,440.90332,37.504687,-165.868945,-152.270508,38.320312,52.646484,1721315235.5945,86,3,415.565332,-5.13457,-157.832227,-150.952148,31.552734,-156.774902,1721315235.5945,0,0,1721315235574446800,276,0,0,0,0,0,0,0,0,0,0,0,0,-1,29.91,-1,17.04,-1,122.16,14.0,0,0,0,0,0,0,0,1721315235622520500,1721315235594501100,462
1721315235661594300,87,0,602.977148,-141.87041,-390.89707,-129.04541,24.763184,144.294434,1721315235.6276,85,1,665.150098,-147.451465,-384.423047,-122.849121,32.189941,7.69043,1721315235.6276,84,2,440.456836,37.281445,-166.873535,-152.314453,38.034668,52.712402,1721315235.6276,86,3,415.453711,-4.688086,-157.832227,-150.710449,31.464844,-156.533203,1721315235.6276,0,0,-1,-1,0,0,0,0,0,0,0,0,0,0,0,0,-2,-2,-2,-2,-2,-2,-2,-2,-2,-2,-2,-2,-2,-2,-2,1721315235632643900,463
1721315235695486100,87,0,602.977148,-138.410156,-391.678418,-129.287109,24.873047,143.789062,1721315235.6607,85,1,665.596582,-147.786328,-385.427637,-123.640137,32.387695,7.03125,1721315235.6607,84,2,438.78252,38.397656,-168.43623,-151.523438,37.507324,53.525391,1721315235.6607,86,3,414.449121,-4.241602,-158.613574,-150.314941,30.915527,-155.808105,1721315235.6607,0,0,1721315235641584800,277,0,0,0,0,0,0,0,0,0,0,0,0,-1,29.7,-1,16.67,-1,129.63,14.0,0,0,0,0,0,0,0,1721315235675868800,1721315235675693600,464
1721315235728835200,87,0,603.535254,-137.963672,-391.120312,-129.462891,24.65332,143.920898,1721315235.6938,85,1,663.810645,-144.214453,-383.864941,-123.684082,32.497559,6.657715,1721315235.6938,84,2,438.559277,41.85791,-168.994336,-149.853516,37.749023,54.470215,1721315235.6938,86,3,414.672363,-1.785937,-158.613574,-148.996582,30.871582,-154.643555,1721315235.6938,0,0,-1,-1,0,0,0,0,0,0,0,0,0,0,0,0,-1,29.91,-1,16.11,-1,134.83,14.0,0,0,0,0,0,0,0,1721315235724739900,1721315235697305700,465
1721315235762417100,87,0,604.763086,-139.303125,-389.557617,-129.990234,25.092773,143.920898,1721315235.7305,85,1,663.922266,-141.423926,-382.637109,-123.706055,33.112793,6.416016,1721315235.7305,84,2,438.670898,42.974121,-169.552441,-149.39209,37.924805,54.953613,1721315235.7305,85,3,414.672363,1.00459,-158.390332,-148.007812,31.135254,-154.072266,1721315235.7305,0,0,1721315235707809800,278,0,0,0,0,0,0,0,0,0,0,0,0,-2,-2,-2,-2,-2,-2,-2,-2,-2,-2,-2,-2,-2,-2,-2,1721315235731790200,466
1721315235795918900,87,0,605.20957,-146.000391,-387.660059,-131.85791,25.444336,143.569336,1721315235.7636,85,1,664.926855,-142.316895,-382.190625,-124.628906,33.640137,5.866699,1721315235.7636,84,2,437.219824,43.86709,-171.115137,-148.974609,37.375488,55.634766,1721315235.7636,85,3,413.667773,2.120801,-158.836816,-147.700195,30.893555,-153.720703,1721315235.7636,0,0,1721315235774410200,279,0,0,0,0,0,0,0,0,0,0,0,0,-1,29.7,-1,16.29,-1,133.25,14.0,0,0,0,0,0,0,0,1721315235773415000,1721315235795707000,468
1721315235829931600,87,0,604.316602,-147.786328,-388.77627,-132.451172,24.873047,143.327637,1721315235.7967,85,1,663.029297,-142.875,-382.190625,-125.244141,33.552246,5.471191,1721315235.7967,84,2,436.103613,46.099512,-172.566211,-147.590332,36.958008,56.953125,1721315235.7967,85,3,412.216699,3.460254,-159.618164,-146.601562,30.410156,-152.666016,1721315235.7967,0,0,-1,-1,0,0,0,0,0,0,0,0,0,0,0,0,-1,29.91,-1,17.04,-1,121.68,14.0,0,0,0,0,0,0,0,1721315235822928900,1721315235829081500,469
1721315235863923400,87,0,603.870117,-146.223633,-388.77627,-132.1875,24.960938,143.305664,1721315235.8297,85,1,660.573633,-140.419336,-381.409277,-124.82666,33.771973,5.405273,1721315235.8297,84,2,436.661719,49.113281,-172.231348,-146.206055,37.265625,57.897949,1721315235.8297,85,3,412.551562,6.13916,-159.283301,-145.151367,30.60791,-151.853027,1721315235.8297,0,0,1721315235839928600,280,0,0,0,0,0,0,0,0,0,0,0,0,-2,-2,-2,-2,-2,-2,-2,-2,-2,-2,-2,-2,-2,-2,-2,1721315235777122300,467
1721315235897439400,87,0,603.981738,-146.112012,-388.329785,-132.275391,25.3125,143.239746,1721315235.8628,85,1,661.243359,-142.093652,-380.516309,-124.848633,34.475098,5.405273,1721315235.8628,84,2,436.77334,49.336523,-172.45459,-145.964355,37.375488,58.40332,1721315235.8628,85,3,411.993457,6.808887,-159.729785,-144.711914,30.651855,-151.54541,1721315235.8628,0,0,-1,-1,0,0,0,0,0,0,0,0,0,0,0,0,-1,29.91,-1,17.6,-1,108.35,13.0,0,0,0,0,0,0,0,1721315235871924200,1721315235895149200,471
1721315235931443200,87,0,602.642285,-147.451465,-388.553027,-132.780762,25.664062,143.041992,1721315235.8959,85,1,662.694434,-144.437695,-381.074414,-125.112305,34.584961,5.317383,1721315235.8959,84,2,434.875781,50.117871,-174.798633,-145.195312,36.606445,59.106445,1721315235.8959,85,3,410.654004,6.808887,-160.845996,-144.316406,30.168457,-151.062012,1721315235.8959,0,0,1721315235907439400,281,0,0,0,0,0,0,0,0,0,0,0,0,-1,30.13,-1,17.6,-1,103.62,14.0,0,0,0,0,0,0,0,1721315235921441500,1721315235875179300,470
1721315235965440300,87,0,601.972559,-149.237402,-388.106543,-132.780762,25.64209,143.503418,1721315235.9326,85,1,662.471191,-145.219043,-380.62793,-125.112305,34.584961,5.537109,1721315235.9326,84,2,434.317676,51.568945,-175.356738,-144.09668,36.474609,60.117188,1721315235.9326,85,3,410.095898,8.371582,-160.511133,-143.10791,30.080566,-150.227051,1721315235.9326,0,0,-1,-1,0,0,0,0,0,0,0,0,0,0,0,0,-2,-2,-2,-2,-2,-2,-2,-2,-2,-2,-2,-2,-2,-2,-2,1721315235931847400,472
1721315235998979100,87,0,603.870117,-152.02793,-384.311426,-132.077637,26.674805,145.217285,1721315235.9657,85,1,662.35957,-144.214453,-375.046875,-123.706055,35.595703,7.382812,1721315235.9657,84,2,434.317676,52.573535,-175.691602,-143.613281,36.364746,60.534668,1721315235.9657,85,3,410.095898,9.711035,-160.845996,-142.404785,30.168457,-150.095215,1721315235.9657,0,0,1721315235973455800,282,0,0,0,0,0,0,0,0,0,0,0,0,-1,29.91,-1,17.6,-1,99.06,14.0,0,0,0,0,0,0,0,1721315235970440200,1721315235996853500,474
1721315236032976700,87,0,602.419043,-153.144141,-383.641699,-132.93457,28.190918,145.546875,1721315235.9988,85,1,664.926855,-148.232812,-373.930664,-124.013672,36.826172,7.910156,1721315235.9988,84,2,434.206055,52.238672,-176.696191,-144.030762,36.013184,60.205078,1721315235.9988,85,3,410.095898,9.376172,-161.29248,-142.580566,30.102539,-150.336914,1721315235.9988,0,0,-1,-1,0,0,0,0,0,0,0,0,0,0,0,0,-1,29.91,-1,17.79,-1,93.87,13.0,0,0,0,0,0,0,0,1721315236018975900,1721315236029872600,475
1721315236066977200,87,0,601.972559,-152.474414,-383.976562,-133.110352,28.103027,145.524902,1721315236.0319,85,1,664.703613,-148.790918,-374.712012,-124.189453,36.694336,7.756348,1721315236.0319,84,2,432.420117,52.573535,-179.933203,-144.624023,34.584961,59.0625,1721315236.0319,85,3,409.649414,7.255371,-163.859766,-143.283691,29.223633,-151.237793,1721315236.0319,0,0,1721315236039979900,283,0,0,0,0,0,0,0,0,0,0,0,0,-2,-2,-2,-2,-2,-2,-2,-2,-2,-2,-2,-2,-2,-2,-2,1721315235977039200,473
1721315236100515200,87,0,602.753906,-151.693066,-383.864941,-132.692871,28.146973,145.876465,1721315236.0649,85,1,664.36875,-148.567676,-374.935254,-124.035645,36.584473,7.800293,1721315236.0649,84,2,431.973633,52.01543,-182.165625,-144.953613,33.903809,57.875977,1721315236.0649,85,3,411.212109,5.804297,-166.873535,-143.789062,28.78418,-152.578125,1721315236.0649,0,0,-1,-1,0,0,0,0,0,0,0,0,0,0,0,0,-1,29.91,-1,17.6,-1,82.31,14.0,0,0,0,0,0,0,0,1721315236068976100,1721315236095580200,477
1721315236134514400,87,0,603.312012,-151.916309,-383.530078,-132.451172,28.476562,146.162109,1721315236.1017,85,1,664.703613,-147.674707,-374.935254,-123.728027,36.782227,7.822266,1721315236.1017,84,2,432.978223,47.885449,-184.844531,-146.711426,33.310547,56.293945,1721315236.1017,85,3,411.993457,3.237012,-169.998926,-145.107422,28.410645,-154.401855,1721315236.1017,0,0,1721315236107518800,284,0,0,0,0,0,0,0,0,0,0,0,0,-1,29.91,-1,17.79,-1,75.41,14.0,0,0,0,0,0,0,0,1721315236117517200,1721315236131018600,478
1721315236168514400,87,0,603.423633,-155.376562,-383.195215,-132.93457,28.54248,146.293945,1721315236.1348,85,1,666.266309,-148.679297,-373.707422,-123.75,37.045898,8.129883,1721315236.1348,84,2,432.866602,45.094922,-187.74668,-147.919922,32.409668,55.17334,1721315236.1348,86,3,411.435352,-0.892969,-173.905664,-146.66748,27.421875,-155.588379,1721315236.1348,0,0,-1,-1,0,0,0,0,0,0,0,0,0,0,0,0,-1,29.7,-1,17.79,-1,75.41,14.0,0,0,0,0,0,0,0,1721315236166516100,1721315236075941200,476
1721315236202702000,87,0,603.08877,-155.934668,-383.418457,-133.088379,28.410645,146.315918,1721315236.1678,85,1,666.712793,-149.349023,-374.600391,-123.837891,36.914062,8.129883,1721315236.1678,84,2,433.313086,42.081152,-191.430176,-148.820801,31.948242,54.42627,1721315236.1678,86,3,412.32832,-4.353223,-176.919434,-147.700195,27.13623,-156.159668,1721315236.1678,0,0,1721315236174515300,285,0,0,0,0,0,0,0,0,0,0,0,0,-2,-2,-2,-2,-2,-2,-2,-2,-2,-2,-2,-2,-2,-2,-2,1721315236197731000,480
1721315236236702700,87,0,602.977148,-155.488184,-383.306836,-132.93457,28.432617,146.469727,1721315236.2009,85,1,666.37793,-148.456055,-375.939844,-123.618164,36.89209,8.02002,1721315236.2009,84,2,434.76416,37.72793,-194.778809,-150.161133,31.838379,53.4375,1721315236.2009,86,3,414.114258,-7.255371,-180.044824,-148.64502,27.421875,-156.972656,1721315236.2009,0,0,-1,-1,0,0,0,0,0,0,0,0,0,0,0,0,-1,29.7,-1,18.17,-1,69.53,13.0,0,0,0,0,0,0,0,1721315236215703300,1721315236230115500,481
1721315236270711800,87,0,604.093359,-156.827637,-383.306836,-133.286133,28.674316,146.535645,1721315236.2377,85,1,666.712793,-148.902539,-376.60957,-123.947754,37.243652,7.69043,1721315236.2377,84,2,435.210645,30.807422,-198.908789,-152.29248,31.157227,52.250977,1721315236.2377,87,3,414.783984,-12.055078,-184.844531,-150.622559,27.333984,-158.24707,1721315236.2377,0,0,1721315236240705700,286,0,0,0,0,0,0,0,0,0,0,0,0,-1,29.7,-1,18.17,-1,58.91,14.0,0,0,0,0,0,0,0,1721315236264699300,1721315236176186000,479
1721315236304788900,87,0,603.646875,-158.278711,-384.534668,-133.92334,28.45459,146.228027,1721315236.2707,85,1,666.601172,-149.460645,-377.056055,-124.475098,37.177734,7.207031,1721315236.2707,84,2,433.982812,26.900684,-204.043359,-153.061523,29.86084,51.591797,1721315236.2707,87,3,414.449121,-17.078027,-189.532617,-151.962891,26.784668,-158.554688,1721315236.2707,0,0,-1,-1,0,0,0,0,0,0,0,0,0,0,0,0,-2,-2,-2,-2,-2,-2,-2,-2,-2,-2,-2,-2,-2,-2,-2,1721315236297977100,483
1721315236338780400,87,0,602.977148,-157.385742,-385.7625,-133.967285,28.234863,146.052246,1721315236.3038,85,1,665.819824,-148.567676,-376.497949,-124.387207,37.023926,7.141113,1721315236.3038,84,2,434.76416,22.882324,-208.619824,-153.786621,29.157715,50.29541,1721315236.3038,87,3,415.453711,-20.984766,-191.988281,-152.687988,26.894531,-158.90625,1721315236.3038,0,0,1721315236307782200,287,0,0,0,0,0,0,0,0,0,0,0,0,-1,29.91,-1,17.98,-1,54.11,14.0,0,0,0,0,0,0,0,1721315236314780100,1721315236330823800,484
1721315236372782900,87,0,603.312012,-156.15791,-385.539258,-133.747559,28.344727,146.074219,1721315236.3369,85,1,665.931445,-146.893359,-376.386328,-124.123535,37.133789,7.119141,1721315236.3369,84,2,434.76416,17.636133,-212.638184,-155.148926,28.256836,48.691406,1721315236.3369,87,3,416.569922,-25.114746,-195.225293,-153.984375,26.740723,-160.114746,1721315236.3369,0,0,-1,-1,0,0,0,0,0,0,0,0,0,0,0,0,-1,29.91,-1,18.17,-1,51.11,14.0,0,0,0,0,0,0,0,1721315236363781800,1721315236275400700,482
1721315236406967200,87,0,603.535254,-155.488184,-385.874121,-133.791504,28.476562,145.986328,1721315236.3736,85,1,666.824414,-145.777148,-376.60957,-124.255371,37.441406,6.789551,1721315236.3736,84,2,433.75957,11.27373,-216.433301,-156.599121,27.290039,47.702637,1721315236.3736,87,3,416.458301,-31.812012,-200.694727,-155.742188,25.620117,-161.323242,1721315236.3736,0,0,1721315236373782500,288,0,0,0,0,0,0,0,0,0,0,0,0,-2,-2,-2,-2,-2,-2,-2,-2,-2,-2,-2,-2,-2,-2,-2,1721315236397650900,486
1721315236440959700,87,0,602.865527,-155.15332,-386.76709,-133.857422,28.278809,145.898438,1721315236.4067,85,1,666.601172,-144.995801,-376.721191,-124.321289,37.30957,6.635742,1721315236.4067,83,2,433.201465,8.706445,-218.554102,-156.818848,27.092285,47.48291,1721315236.4067,87,3,415.565332,-35.830371,-205.271191,-156.357422,24.65332,-161.828613,1721315236.4067,0,0,-1,-1,0,0,0,0,0,0,0,0,0,0,0,0,-1,29.7,-1,17.79,-1,60.66,14.0,0,0,0,0,0,0,0,1721315236412959700,1721315236430119200,487
1721315236474959100,87,0,602.865527,-154.371973,-386.990332,-133.637695,28.300781,146.030273,1721315236.4728,85,1,666.824414,-144.214453,-376.832812,-124.145508,37.419434,6.635742,1721315236.4728,83,2,434.76416,1.897559,-220.898145,-158.071289,27.817383,46.582031,1721315236.4728,87,3,415.900195,-42.081152,-207.726855,-157.807617,24.807129,-163.234863,1721315236.4728,0,0,1721315236439961800,289,0,0,0,0,0,0,0,0,0,0,0,0,-1,29.91,-1,16.48,-1,55.22,14.0,0,0,0,0,0,0,0,1721315236461959300,1721315236375598600,485
1721315236509024600,87,0,602.642285,-154.595215,-386.990332,-133.637695,28.190918,146.008301,1721315236.4398,85,1,666.712793,-144.102832,-376.721191,-124.145508,37.287598,6.679688,1721315236.4398,83,2,433.647949,7.14375,-220.116797,-156.862793,27.641602,46.933594,1721315236.4398,87,3,415.900195,-37.839551,-206.387402,-156.489258,24.829102,-162.355957,1721315236.4398,0,0,-1,-1,0,0,0,0,0,0,0,0,0,0,0,0,-2,-2,-2,-2,-2,-2,-2,-2,-2,-2,-2,-2,-2,-2,-2,1721315236498543300,489
1721315236543011900,87,0,603.08877,-154.706836,-387.213574,-133.747559,28.278809,145.964355,1721315236.5096,85,1,666.712793,-145.442285,-377.167676,-124.343262,37.375488,6.503906,1721315236.5096,84,2,433.647949,-1.116211,-221.679492,-158.774414,27.421875,46.340332,1721315236.5096,87,3,414.783984,-44.536816,-208.843066,-158.57666,24.521484,-163.762207,1721315236.5096,0,0,1721315236507013300,290,0,0,0,0,0,0,0,0,0,0,0,0,-1,29.91,-1,16.29,-1,54.66,14.0,0,0,0,0,0,0,0,1721315236511012200,1721315236531203000,490
1721315236577016300,87,0,602.642285,-154.818457,-387.883301,-133.791504,28.081055,145.92041,1721315236.5427,85,1,666.37793,-145.777148,-377.61416,-124.321289,37.177734,6.481934,1721315236.5427,84,2,433.313086,-1.674316,-219.781934,-158.950195,27.641602,45.769043,1721315236.5427,87,3,415.007227,-45.206543,-205.047949,-158.57666,25.620117,-164.069824,1721315236.5427,0,0,-1,-1,0,0,0,0,0,0,0,0,0,0,0,0,-1,29.91,-1,16.48,-1,54.38,13.0,0,0,0,0,0,0,0,1721315236560013200,1721315236576605200,491
1721315236610531000,87,0,602.419043,-154.371973,-388.218164,-133.659668,28.081055,145.942383,1721315236.5757,85,1,665.708203,-145.107422,-377.949023,-124.013672,37.133789,6.525879,1721315236.5757,84,2,433.089844,-2.678906,-214.982227,-159.389648,27.927246,44.406738,1721315236.5757,87,3,414.449121,-46.657617,-201.699316,-159.301758,26.608887,-165.366211,1721315236.5757,0,0,1721315236574013000,291,0,0,0,0,0,0,0,0,0,0,0,0,-1,29.91,-1,17.23,-1,60.07,14.0,0,0,0,0,0,0,0,1721315236609531000,1721315236597927700,492
1721315236644533000,87,0,603.08877,-155.041699,-387.77168,-133.681641,28.212891,146.052246,1721315236.6088,85,1,666.489551,-146.893359,-379.065234,-124.16748,37.287598,6.481934,1721315236.6088,84,2,432.978223,-5.246191,-210.405762,-160.3125,28.234863,43.198242,1721315236.6088,87,3,414.114258,-47.662207,-199.466895,-159.89502,27.070312,-166.179199,1721315236.6088,0,0,-1,-1,0,0,0,0,0,0,0,0,0,0,0,0,-2,-2,-2,-2,-2,-2,-2,-2,-2,-2,-2,-2,-2,-2,-2,1721315236633490200,493
1721315236678531300,87,0,603.535254,-155.041699,-387.883301,-133.659668,28.168945,146.052246,1721315236.6456,85,1,666.154687,-148.121191,-380.069824,-124.387207,37.001953,6.328125,1721315236.6456,84,2,430.63418,-5.022949,-205.940918,-160.158691,28.586426,42.670898,1721315236.6456,87,3,411.881836,-48.443555,-196.006641,-160.114746,27.246094,-166.794434,1721315236.6456,0,0,1721315236641532400,292,0,0,0,0,0,0,0,0,0,0,0,0,-1,29.91,-1,16.85,-1,65.46,14.0,0,0,0,0,0,0,0,1721315236658533900,1721315236675512000,494
1721315236712057800,87,0,603.981738,-154.706836,-387.325195,-133.461914,28.168945,146.228027,1721315236.6786,85,1,666.043066,-147.897949,-379.288477,-124.145508,36.89209,6.503906,1721315236.6786,84,2,431.192285,-3.795117,-199.578516,-159.521484,30.476074,42.868652,1721315236.6786,87,3,411.435352,-47.215723,-190.313965,-159.257812,28.630371,-166.838379,1721315236.6786,0,0,-1,-1,0,0,0,0,0,0,0,0,0,0,0,0,-1,29.7,-1,16.85,-1,73.74,14.0,0,0,0,0,0,0,0,1721315236703048700,1721315236698973400,495
1721315236746046500,87,0,604.428223,-154.818457,-385.539258,-133.154297,28.322754,146.66748,1721315236.7117,85,1,666.154687,-146.781738,-378.395508,-123.574219,37.045898,6.679688,1721315236.7117,84,2,430.969043,-4.799707,-194.89043,-159.89502,32.145996,43.220215,1721315236.7117,87,3,409.761035,-45.87627,-186.295605,-158.90625,29.838867,-167.058105,1721315236.7117,0,0,1721315236708044000,293,0,0,0,0,0,0,0,0,0,0,0,0,-2,-2,-2,-2,-2,-2,-2,-2,-2,-2,-2,-2,-2,-2,-2,1721315236735599800,496
1721315236780045100,87,0,603.535254,-157.1625,-384.75791,-133.395996,28.212891,146.799316,1721315236.7779,85,1,666.601172,-150.353613,-376.944434,-123.925781,37.045898,6.767578,1721315236.7779,84,2,428.401758,-2.678906,-186.74209,-158.774414,35.771484,44.780273,1721315236.7779,87,3,404.961328,-43.308984,-178.928613,-157.302246,31.420898,-165.827637,1721315236.7779,0,0,-1,-1,0,0,0,0,0,0,0,0,0,0,0,0,-1,29.91,-1,16.29,-1,87.03,14.0,0,0,0,0,0,0,0,1721315236753046100,1721315236776275100,497
1721315236813535600,87,0,603.981738,-156.381152,-384.981152,-133.330078,28.366699,146.733398,1721315236.7448,85,1,666.824414,-149.349023,-377.279297,-123.793945,37.133789,6.767578,1721315236.7448,84,2,429.294727,-5.692676,-191.095312,-160.026855,33.728027,43.945312,1721315236.7448,87,3,407.305371,-45.541406,-182.277246,-158.598633,30.563965,-166.750488,1721315236.7448,0,0,1721315236774050400,294,0,0,0,0,0,0,0,0,0,0,0,0,-1,29.91,-1,16.11,-1,91.16,14.0,0,0,0,0,0,0,0,1721315236801534200,1721315236800268000,498
1721315236847534700,87,0,603.646875,-157.050879,-384.534668,-133.110352,28.168945,146.99707,1721315236.8146,85,1,666.824414,-149.237402,-376.60957,-123.618164,37.045898,6.877441,1721315236.8146,83,2,426.727441,0.223242,-183.281836,-157.587891,37.155762,45.109863,1721315236.8146,87,3,402.394043,-38.73252,-175.356738,-155.478516,32.783203,-165.146484,1721315236.8146,0,0,-1,-1,0,0,0,0,0,0,0,0,0,0,0,0,-2,-2,-2,-2,-2,-2,-2,-2,-2,-2,-2,-2,-2,-2,-2,1721315236831236700,499
1721315236881559800,87,0,604.093359,-157.274121,-384.088184,-133.088379,28.344727,147.019043,1721315236.8477,85,1,667.38252,-149.01416,-377.502539,-123.596191,37.177734,6.679688,1721315236.8477,83,2,424.271777,0.223242,-180.826172,-157.126465,37.661133,45.593262,1721315236.8477,87,3,399.826758,-38.397656,-172.342969,-154.775391,33.442383,-164.553223,1721315236.8477,0,0,1721315236840536800,295,0,0,0,0,0,0,0,0,0,0,0,0,-1,29.7,-1,15.92,-1,92.32,14.0,0,0,0,0,0,0,0,1721315236850536100,1721315236875886200,500
1721315236915061300,87,0,604.20498,-157.832227,-383.75332,-133.17627,28.278809,147.041016,1721315236.8808,85,1,667.270898,-150.01875,-377.502539,-123.771973,37.001953,6.547852,1721315236.8808,83,2,420.365039,2.790527,-179.59834,-155.874023,37.441406,46.208496,1721315236.8808,87,3,397.03623,-37.169824,-170.668652,-153.94043,33.222656,-164.223633,1721315236.8808,0,0,-1,-1,0,0,0,0,0,0,0,0,0,0,0,0,-1,29.7,-1,15.74,-1,91.93,13.0,0,0,0,0,0,0,0,1721315236900064800,1721315236898659000,501
1721315236949061900,87,0,604.093359,-158.278711,-384.199805,-133.154297,28.125,147.041016,1721315236.9138,85,1,667.159277,-150.800098,-377.056055,-123.728027,36.782227,6.679688,1721315236.9138,83,2,419.025586,5.246191,-177.924023,-154.621582,37.880859,46.582031,1721315236.9138,87,3,395.361914,-35.495508,-167.878125,-152.600098,33.75,-163.78418,1721315236.9138,0,0,1721315236907067000,296,0,0,0,0,0,0,0,0,0,0,0,0,-1,29.91,-1,15.74,-1,90.78,14.0,0,0,0,0,0,0,0,1721315236949061900,1721315236932065200,502
1721315236983071200,87,0,603.870117,-157.720605,-384.311426,-133.044434,28.190918,147.041016,1721315236.9506,85,1,666.712793,-151.358203,-376.832812,-123.618164,36.760254,6.767578,1721315236.9506,83,2,417.239648,6.585645,-175.133496,-154.116211,38.583984,46.362305,1721315236.9506,87,3,393.464355,-34.937402,-164.30625,-152.116699,34.453125,-163.762207,1721315236.9506,0,0,-1,-1,0,0,0,0,0,0,0,0,0,0,0,0,-2,-2,-2,-2,-2,-2,-2,-2,-2,-2,-2,-2,-2,-2,-2,1721315236977088000,503
1721315237017140600,87,0,603.646875,-157.274121,-384.646289,-133.088379,28.234863,146.953125,1721315236.9837,85,1,667.605762,-152.139551,-377.056055,-123.728027,36.89209,6.723633,1721315236.9837,83,2,415.230469,7.255371,-173.012695,-154.160156,38.913574,46.142578,1721315236.9837,87,3,391.678418,-34.602539,-162.631934,-152.182617,34.650879,-163.916016,1721315236.9837,0,0,1721315236974062200,297,0,0,0,0,0,0,0,0,0,0,0,0,-1,29.7,-1,15.74,-1,91.55,14.0,0,0,0,0,0,0,0,1721315236998126400,1721315237000414400,504
1721315237051127100,87,0,603.312012,-157.385742,-385.316016,-133.154297,28.081055,146.887207,1721315237.0167,85,1,667.829004,-151.246582,-377.502539,-123.684082,36.738281,6.591797,1721315237.0167,83,2,413.109668,8.259961,-170.780273,-153.852539,39.199219,46.142578,1721315237.0167,87,3,389.780859,-33.821191,-161.404102,-151.940918,34.562988,-163.850098,1721315237.0167,0,0,-1,-1,0,0,0,0,0,0,0,0,0,0,0,0,-1,29.91,-1,15.92,-1,94.65,14.0,0,0,0,0,0,0,0,1721315237047128800,1721315237032584300,505
1721315237085136000,87,0,601.749316,-153.590625,-390.004102,-132.341309,27.927246,146.755371,1721315237.0829,85,1,668.49873,-145.553906,-378.172266,-122.519531,36.804199,6.70166,1721315237.0829,84,2,412.998047,10.269141,-165.534082,-154.006348,40.341797,45.373535,1721315237.0829,87,3,389.334375,-31.142285,-156.381152,-151.853027,35.837402,-164.619141,1721315237.0829,0,0,1721315237040131200,298,0,0,0,0,0,0,0,0,0,0,0,0,-2,-2,-2,-2,-2,-2,-2,-2,-2,-2,-2,-2,-2,-2,-2,1721315237074310000,506
1721315237118647200,87,0,601.860937,-153.255762,-390.227344,-132.341309,27.949219,146.711426,1721315237.0866,85,1,668.610352,-145.442285,-378.283887,-122.519531,36.848145,6.679688,1721315237.0866,84,2,412.998047,10.380762,-165.422461,-154.072266,40.36377,45.307617,1721315237.0866,87,3,389.334375,-31.142285,-156.046289,-151.896973,35.881348,-164.685059,1721315237.0866,0,0,-1,-1,0,0,0,0,0,0,0,0,0,0,0,0,-1,29.91,-1,13.92,-1,97.04,14.0,0,0,0,0,0,0,0,1721315237096641300,1721315237099914900,507
1721315237152654300,87,0,602.419043,-153.144141,-391.120312,-132.451172,27.927246,146.57959,1721315237.1196,85,1,669.056836,-145.107422,-379.846582,-122.67334,36.848145,6.437988,1721315237.1196,84,2,411.993457,10.604004,-163.636523,-154.511719,40.319824,44.846191,1721315237.1196,87,3,388.553027,-31.365527,-154.595215,-152.380371,35.859375,-165.168457,1721315237.1196,0,0,1721315237107647200,299,0,0,0,0,0,0,0,0,0,0,0,0,-1,29.91,-1,17.98,-1,100.29,14.0,0,0,0,0,0,0,0,1721315237145656600,1721315237132621800,508
1721315237186651300,87,0,602.753906,-153.813867,-391.008691,-132.451172,27.773438,146.689453,1721315237.1527,85,1,667.940625,-145.88877,-380.404687,-122.783203,36.5625,6.459961,1721315237.1527,84,2,411.770215,11.608594,-161.850586,-154.423828,40.45166,44.560547,1721315237.1527,87,3,388.441406,-30.360937,-153.255762,-152.29248,35.969238,-165.410156,1721315237.1527,0,0,-1,-1,0,0,0,0,0,0,0,0,0,0,0,0,-2,-2,-2,-2,-2,-2,-2,-2,-2,-2,-2,-2,-2,-2,-2,1721315237176058900,509
1721315237220191400,87,0,602.865527,-153.03252,-390.673828,-132.1875,27.839355,146.865234,1721315237.1858,85,1,667.38252,-144.549316,-380.962793,-122.321777,36.474609,6.61377,1721315237.1858,84,2,412.663184,12.836426,-158.836816,-154.379883,41.132812,44.208984,1721315237.1858,87,3,388.887891,-29.021484,-151.246582,-152.182617,36.496582,-165.541992,1721315237.1858,0,0,1721315237173645500,300,0,0,0,0,0,0,0,0,0,0,0,0,-1,29.7,-1,15.19,-1,99.06,14.0,0,0,0,0,0,0,0,1721315237194652700,1721315237200631300,510
1721315237254184400,87,0,603.312012,-153.03252,-390.338965,-132.1875,27.993164,146.953125,1721315237.2188,85,1,667.494141,-144.437695,-382.079004,-122.431641,36.672363,6.459961,1721315237.2188,84,2,413.221289,13.506152,-156.716016,-154.819336,41.594238,43.769531,1721315237.2188,87,3,389.111133,-28.686621,-149.237402,-152.578125,36.97998,-165.695801,1721315237.2188,0,0,-1,-1,0,0,0,0,0,0,0,0,0,0,0,0,-1,29.7,-1,13.92,-1,98.65,13.0,0,0,0,0,0,0,0,1721315237244184200,1721315237233790200,511
1721315237288187000,87,0,603.312012,-153.702246,-390.562207,-132.231445,27.817383,147.041016,1721315237.2556,85,1,667.047656,-146.223633,-382.079004,-122.67334,36.518555,6.503906,1721315237.2556,84,2,412.774805,13.617773,-155.15332,-154.863281,41.901855,44.121094,1721315237.2556,87,3,388.218164,-27.793652,-147.00498,-152.446289,37.375488,-165.256348,1721315237.2556,0,0,1721315237241184100,301,0,0,0,0,0,0,0,0,0,0,0,0,-2,-2,-2,-2,-2,-2,-2,-2,-2,-2,-2,-2,-2,-2,-2,1721315237275059100,512
1721315237322321100,87,0,603.200391,-154.037109,-390.227344,-131.85791,27.553711,147.480469,1721315237.2887,85,1,666.601172,-146.893359,-382.190625,-122.475586,36.298828,6.70166,1721315237.2887,84,2,412.886426,15.29209,-152.809277,-154.116211,42.824707,44.846191,1721315237.2887,87,3,388.329785,-25.449609,-144.88418,-151.391602,38.254395,-164.289551,1721315237.2887,0,0,-1,-1,0,0,0,0,0,0,0,0,0,0,0,0,-1,29.7,-1,18.36,-1,101.94,14.0,0,0,0,0,0,0,0,1721315237293188900,1721315237301853200,513
1721315237356329600,87,0,603.758496,-153.925488,-389.669238,-131.44043,27.663574,147.788086,1721315237.3217,85,1,665.819824,-146.670117,-381.967383,-122.080078,36.254883,6.899414,1721315237.3217,84,2,413.109668,16.519922,-150.911719,-153.896484,43.681641,45.263672,1721315237.3217,87,3,387.883301,-24.333398,-143.656348,-151.149902,38.803711,-163.54248,1721315237.3217,0,0,1721315237307321900,302,0,0,0,0,0,0,0,0,0,0,0,0,-1,29.7,-1,18.36,-1,104.47,14.0,0,0,0,0,0,0,0,1721315237342322200,1721315237333949600,514
1721315237390332800,87,0,603.981738,-153.925488,-390.115723,-131.550293,27.729492,147.678223,1721315237.3548,85,1,666.489551,-147.897949,-381.520898,-122.189941,36.320801,6.965332,1721315237.3548,84,2,412.774805,17.412891,-149.795508,-153.720703,44.01123,45.834961,1721315237.3548,87,3,386.990332,-23.775293,-142.763379,-150.952148,38.891602,-162.597656,1721315237.3548,0,0,-1,-1,0,0,0,0,0,0,0,0,0,0,0,0,-2,-2,-2,-2,-2,-2,-2,-2,-2,-2,-2,-2,-2,-2,-2,1721315237375812300,515
1721315237424652600,87,0,603.312012,-153.702246,-391.008691,-131.616211,27.531738,147.546387,1721315237.3916,85,1,666.601172,-149.237402,-380.851172,-122.277832,36.166992,7.119141,1721315237.3916,84,2,411.770215,19.645312,-149.460645,-152.797852,43.967285,46.757812,1721315237.3916,87,3,385.985742,-21.319629,-141.535547,-149.875488,38.803711,-161.38916,1721315237.3916,0,0,1721315237374321200,303,0,0,0,0,0,0,0,0,0,0,0,0,-1,29.91,-1,17.42,-1,116.47,14.0,0,0,0,0,0,0,0,1721315237395341000,1721315237401713300,516
1721315237458646700,87,0,602.753906,-153.925488,-391.008691,-131.550293,27.487793,147.634277,1721315237.4246,85,1,666.37793,-149.683887,-380.181445,-122.124023,36.14502,7.36084,1721315237.4246,84,2,411.658594,22.100977,-149.01416,-151.787109,44.121094,47.548828,1721315237.4246,87,3,385.985742,-18.194238,-140.419336,-148.688965,39.111328,-160.576172,1721315237.4246,0,0,-1,-1,0,0,0,0,0,0,0,0,0,0,0,0,-1,29.91,-1,16.85,-1,125.6,14.0,0,0,0,0,0,0,0,1721315237444659000,1721315237434307300,517
1721315237492110700,87,0,602.865527,-155.15332,-390.227344,-131.682129,27.531738,147.766113,1721315237.4577,85,1,667.159277,-150.353613,-379.846582,-122.102051,36.23291,7.44873,1721315237.4577,84,2,410.654004,23.552051,-149.460645,-151.501465,43.835449,48.208008,1721315237.4577,87,3,384.75791,-16.29668,-140.196094,-148.249512,38.979492,-160.246582,1721315237.4577,0,0,1721315237440649100,304,0,0,0,0,0,0,0,0,0,0,0,0,-2,-2,-2,-2,-2,-2,-2,-2,-2,-2,-2,-2,-2,-2,-2,1721315237476272800,518
1721315237525622200,87,0,603.423633,-157.050879,-389.222754,-131.923828,27.312012,147.941895,1721315237.5239,85,1,668.163867,-155.376562,-377.949023,-122.519531,36.057129,7.69043,1721315237.5239,84,2,408.421582,28.016895,-150.353613,-150.227051,43.17627,49.350586,1721315237.5239,87,3,382.637109,-12.389941,-141.647168,-146.99707,38.276367,-159.213867,1721315237.5239,0,0,-1,-1,0,0,0,0,0,0,0,0,0,0,0,0,-1,29.7,-1,15.74,-1,118.81,14.0,0,0,0,0,0,0,0,1721315237494111200,1721315237500670900,519
1721315237559627200,87,0,603.535254,-156.827637,-389.111133,-131.901855,27.312012,147.963867,1721315237.5275,85,1,668.163867,-155.15332,-377.837402,-122.475586,36.057129,7.712402,1721315237.5275,84,2,408.421582,28.351758,-150.353613,-150.117188,43.198242,49.394531,1721315237.5275,87,3,382.74873,-12.055078,-141.647168,-146.887207,38.29834,-159.147949,1721315237.5275,0,0,1721315237506622900,305,0,0,0,0,0,0,0,0,0,0,0,0,-1,29.7,-1,15.56,-1,108.79,13.0,0,0,0,0,0,0,0,1721315237542640600,1721315237535479800,520
1721315237593636600,87,0,603.758496,-156.269531,-388.999512,-131.791992,27.421875,147.963867,1721315237.5606,85,1,668.275488,-154.037109,-377.279297,-122.167969,36.14502,7.734375,1721315237.5606,84,2,407.975098,30.249316,-150.911719,-149.677734,43.198242,49.614258,1721315237.5606,87,3,382.525488,-10.492383,-142.205273,-146.469727,38.29834,-158.862305,1721315237.5606,0,0,1721315237573620800,306,0,0,0,0,0,0,0,0,0,0,0,0,-1,29.91,-1,15.56,-1,104.47,14.0,0,0,0,0,0,0,0,1721315237592635600,1721315237575689900,521
1721315237627140200,87,0,603.646875,-156.604395,-388.999512,-131.967773,27.531738,147.854004,1721315237.5937,85,1,669.949805,-153.813867,-377.167676,-122.453613,36.716309,7.338867,1721315237.5937,84,2,407.305371,31.700391,-153.144141,-149.436035,42.780762,49.833984,1721315237.5937,86,3,381.744141,-9.487793,-143.991211,-146.271973,37.858887,-158.422852,1721315237.5937,0,0,-1,-1,0,0,0,0,0,0,0,0,0,0,0,0,-2,-2,-2,-2,-2,-2,-2,-2,-2,-2,-2,-2,-2,-2,-2,1721315237602169100,522
1721315237661138400,87,0,603.08877,-157.385742,-388.887891,-132.1875,27.37793,147.832031,1721315237.6268,85,1,669.280078,-155.15332,-376.386328,-122.76123,36.5625,7.316895,1721315237.6268,84,2,405.965918,34.044434,-155.823047,-148.469238,42.385254,50.690918,1721315237.6268,86,3,380.962793,-8.14834,-145.442285,-145.59082,37.353516,-157.390137,1721315237.6268,0,0,1721315237640141900,307,0,0,0,0,0,0,0,0,0,0,0,0,-1,29.7,-1,15.74,-1,106.18,13.0,0,0,0,0,0,0,0,1721315237645141000,1721315237637584700,523
1721315237695143500,87,0,603.08877,-156.827637,-388.77627,-132.033691,27.333984,147.897949,1721315237.6598,85,1,669.056836,-153.925488,-376.60957,-122.519531,36.430664,7.36084,1721315237.6598,84,2,406.077539,37.169824,-156.939258,-147.062988,42.648926,51.61377,1721315237.6598,86,3,381.186035,-5.13457,-145.88877,-144.294434,37.617188,-156.401367,1721315237.6598,0,0,-1,-1,0,0,0,0,0,0,0,0,0,0,0,0,-1,29.91,-1,15.56,-1,117.87,14.0,0,0,0,0,0,0,0,1721315237694143600,1721315237675196100,524
1721315237728676100,87,0,603.200391,-156.604395,-388.218164,-132.011719,27.46582,147.919922,1721315237.6966,85,1,668.945215,-153.144141,-376.497949,-122.365723,36.496582,7.338867,1721315237.6966,84,2,406.300781,37.839551,-157.832227,-147.084961,42.758789,51.833496,1721315237.6966,86,3,380.851172,-3.683496,-146.893359,-144.294434,37.595215,-156.313477,1721315237.6966,0,0,1721315237706690800,308,0,0,0,0,0,0,0,0,0,0,0,0,-2,-2,-2,-2,-2,-2,-2,-2,-2,-2,-2,-2,-2,-2,-2,1721315237702067700,525
1721315237762671300,87,0,602.977148,-156.716016,-388.441406,-132.231445,27.46582,147.766113,1721315237.7297,85,1,669.280078,-153.479004,-376.60957,-122.541504,36.518555,7.272949,1721315237.7297,84,2,405.742676,38.844141,-158.725195,-147.019043,42.51709,52.207031,1721315237.7297,86,3,380.181445,-2.790527,-147.674707,-144.360352,37.22168,-156.115723,1721315237.7297,0,0,-1,-1,0,0,0,0,0,0,0,0,0,0,0,0,-1,29.7,-1,15.37,-1,118.81,14.0,0,0,0,0,0,0,0,1721315237743673700,1721315237746184500,526
1721315237796673700,87,0,602.865527,-156.046289,-388.887891,-132.253418,27.268066,147.590332,1721315237.7627,85,1,668.721973,-153.479004,-377.390918,-122.607422,36.364746,7.163086,1721315237.7627,84,2,405.519434,40.964941,-159.394922,-146.557617,42.473145,52.624512,1721315237.7627,86,3,379.846582,-0.781348,-148.00957,-143.942871,37.067871,-155.830078,1721315237.7627,0,0,1721315237774670100,309,0,0,0,0,0,0,0,0,0,0,0,0,-1,29.7,-1,15.37,-1,117.87,14.0,0,0,0,0,0,0,0,1721315237792671800,1721315237776650000,527
1721315237830199000,87,0,603.312012,-154.371973,-389.557617,-131.967773,27.268066,147.546387,1721315237.7958,85,1,668.275488,-152.02793,-378.61875,-122.365723,36.298828,7.053223,1721315237.7958,84,2,405.854297,43.197363,-159.506543,-146.162109,42.648926,52.822266,1721315237.7958,85,3,380.181445,1.451074,-147.897949,-143.393555,37.265625,-155.610352,1721315237.7958,0,0,-1,-1,0,0,0,0,0,0,0,0,0,0,0,0,-2,-2,-2,-2,-2,-2,-2,-2,-2,-2,-2,-2,-2,-2,-2,1721315236475327200,488
1721315237864200800,87,0,603.423633,-154.037109,-390.450586,-131.989746,27.333984,147.436523,1721315237.8289,85,1,668.387109,-151.916309,-379.176855,-122.387695,36.408691,6.987305,1721315237.8289,84,2,405.631055,44.648438,-159.841406,-146.425781,42.539062,52.77832,1721315237.8289,85,3,379.958203,2.455664,-148.344434,-143.613281,37.177734,-155.720215,1721315237.8289,0,0,1721315237840194100,310,0,0,0,0,0,0,0,0,0,0,0,0,-1,29.91,-1,14.64,-1,114.16,14.0,0,0,0,0,0,0,0,1721315237842189900,1721315237834933000,528
1721315237897738300,87,0,603.423633,-153.702246,-391.343555,-132.099609,27.268066,147.23877,1721315237.862,85,1,668.721973,-151.916309,-379.62334,-122.475586,36.342773,6.899414,1721315237.862,84,2,404.738086,46.657617,-160.622754,-146.162109,42.143555,53.217773,1721315237.862,85,3,379.176855,3.571875,-149.125781,-143.569336,36.716309,-155.566406,1721315237.862,0,0,-1,-1,0,0,0,0,0,0,0,0,0,0,0,0,-1,29.91,-1,14.28,-1,107.47,13.0,0,0,0,0,0,0,0,1721315237891202900,1721315237874457700,529
1721315237931727600,87,0,603.423633,-152.697656,-391.566797,-131.923828,27.202148,147.216797,1721315237.8987,85,1,668.49873,-150.800098,-380.293066,-122.277832,36.210938,6.921387,1721315237.8987,84,2,404.961328,48.443555,-161.180859,-145.59082,42.077637,53.723145,1721315237.8987,85,3,379.958203,5.692676,-149.460645,-142.888184,36.716309,-155.148926,1721315237.8987,0,0,1721315237906730000,311,0,0,0,0,0,0,0,0,0,0,0,0,-2,-2,-2,-2,-2,-2,-2,-2,-2,-2,-2,-2,-2,-2,-2,1721315237900826200,530
1721315237966024000,87,0,603.646875,-152.139551,-391.678418,-131.726074,27.268066,147.304688,1721315237.9318,85,1,667.605762,-149.460645,-381.074414,-121.992188,36.276855,6.855469,1721315237.9318,84,2,405.296191,49.224902,-161.962207,-145.612793,41.989746,53.723145,1721315237.9318,85,3,380.293066,6.808887,-150.241992,-142.77832,36.716309,-155.214844,1721315237.9318,0,0,-1,-1,0,0,0,0,0,0,0,0,0,0,0,0,-1,29.91,-1,14.28,-1,107.47,14.0,0,0,0,0,0,0,0,1721315237944728300,1721315237935929900,531
1721315237999561100,87,0,603.646875,-152.362793,-392.124902,-131.835938,27.290039,147.260742,1721315237.9649,85,1,667.940625,-149.460645,-381.409277,-122.124023,36.386719,6.723633,1721315237.9649,84,2,405.18457,49.894629,-164.083008,-145.766602,41.44043,53.613281,1721315237.9649,85,3,380.293066,7.255371,-152.02793,-142.998047,36.254883,-155.43457,1721315237.9649,0,0,1721315237974022600,312,0,0,0,0,0,0,0,0,0,0,0,0,-1,29.91,-1,14.1,-1,109.67,14.0,0,0,0,0,0,0,0,1721315237994029900,1721315237975412500,532
1721315238033067200,87,0,603.200391,-153.144141,-392.013281,-131.945801,27.158203,147.282715,1721315237.9979,85,1,667.494141,-150.241992,-381.63252,-122.321777,36.298828,6.657715,1721315237.9979,84,2,405.18457,50.341113,-166.31543,-145.546875,40.78125,53.898926,1721315237.9979,85,3,380.404687,7.255371,-153.925488,-142.932129,35.595703,-155.43457,1721315237.9979,0,0,-1,-1,0,0,0,0,0,0,0,0,0,0,0,0,-2,-2,-2,-2,-2,-2,-2,-2,-2,-2,-2,-2,-2,-2,-2,1721315238001516100,533
1721315238067066300,87,0,603.423633,-152.920898,-391.455176,-131.748047,27.13623,147.436523,1721315238.031,85,1,666.712793,-149.683887,-382.74873,-122.036133,36.166992,6.679688,1721315238.031,84,2,405.854297,51.568945,-167.32002,-145.129395,40.627441,54.228516,1721315238.031,85,3,381.186035,8.036719,-155.15332,-142.44873,35.48584,-155.368652,1721315238.031,0,0,1721315238041066400,313,0,0,0,0,0,0,0,0,0,0,0,0,-1,29.91,-1,13.92,-1,107.47,14.0,0,0,0,0,0,0,0,1721315238043066000,1721315238037236100,534
1721315238100580700,87,0,604.093359,-154.14873,-390.562207,-131.748047,27.268066,147.634277,1721315238.0677,85,1,666.489551,-149.572266,-382.413867,-121.992188,36.386719,6.679688,1721315238.0677,84,2,405.965918,50.341113,-169.329199,-145.700684,40.144043,54.030762,1721315238.0677,85,3,381.520898,7.366992,-157.385742,-142.998047,35.090332,-156.049805,1721315238.0677,0,0,-1,-1,0,0,0,0,0,0,0,0,0,0,0,0,-1,29.91,-1,13.92,-1,102.36,14.0,0,0,0,0,0,0,0,1721315238092074300,1721315238074576000,535
1721315238134581600,87,0,604.20498,-156.15791,-390.338965,-131.989746,27.202148,147.744141,1721315238.1008,85,1,666.266309,-151.02334,-382.079004,-122.34375,36.408691,6.547852,1721315238.1008,84,2,405.519434,49.336523,-172.45459,-146.140137,39.221191,53.613281,1721315238.1008,85,3,381.409277,5.581055,-160.17627,-143.635254,34.189453,-156.687012,1721315238.1008,0,0,1721315238106582300,314,0,0,0,0,0,0,0,0,0,0,0,0,-2,-2,-2,-2,-2,-2,-2,-2,-2,-2,-2,-2,-2,-2,-2,1721315238102692900,536
1721315238168582500,87,0,603.758496,-156.716016,-390.115723,-131.945801,27.04834,147.897949,1721315238.1339,85,1,665.819824,-151.804688,-381.409277,-122.365723,36.276855,6.635742,1721315238.1339,84,2,405.407812,49.113281,-174.575391,-146.118164,38.62793,53.041992,1721315238.1339,85,3,382.525488,4.799707,-162.29707,-143.701172,33.728027,-157.126465,1721315238.1339,0,0,-1,-1,0,0,0,0,0,0,0,0,0,0,0,0,-1,29.91,-1,13.92,-1,97.84,13.0,0,0,0,0,0,0,0,1721315238141590400,1721315238138093700,537
1721315238202096200,87,0,603.312012,-156.716016,-388.887891,-131.77002,27.13623,148.095703,1721315238.167,85,1,665.931445,-150.800098,-381.520898,-122.189941,36.320801,6.635742,1721315238.167,84,2,406.300781,47.885449,-177.254297,-146.601562,38.166504,52.075195,1721315238.167,85,3,383.864941,3.01377,-164.417871,-144.338379,33.552246,-157.873535,1721315238.167,0,0,1721315238173584500,315,0,0,0,0,0,0,0,0,0,0,0,0,-1,29.7,-1,13.92,-1,97.04,14.0,0,0,0,0,0,0,0,1721315238190587600,1721315238176840100,538
1721315238236096800,87,0,603.535254,-157.274121,-388.329785,-131.967773,27.37793,148.051758,1721315238.2,85,1,666.37793,-151.358203,-381.855762,-122.387695,36.5625,6.416016,1721315238.2,84,2,406.747266,45.318164,-180.156445,-147.480469,37.419434,51.328125,1721315238.2,85,3,383.976562,0.669727,-167.878125,-145.327148,32.980957,-158.840332,1721315238.2,0,0,-1,-1,0,0,0,0,0,0,0,0,0,0,0,0,-2,-2,-2,-2,-2,-2,-2,-2,-2,-2,-2,-2,-2,-2,-2,1721315238204631400,539
1721315238270096600,87,0,603.423633,-157.720605,-388.329785,-132.077637,27.246094,148.029785,1721315238.2368,85,1,666.489551,-152.362793,-381.63252,-122.563477,36.452637,6.350098,1721315238.2368,84,2,406.858887,41.746289,-183.839941,-148.227539,36.650391,50.976562,1721315238.2368,86,3,384.311426,-1.897559,-171.115137,-146.052246,32.475586,-159.477539,1721315238.2368,0,0,1721315238241104100,316,0,0,0,0,0,0,0,0,0,0,0,0,-1,29.91,-1,13.74,-1,94.26,14.0,0,0,0,0,0,0,0,1721315238239099800,1721315238237587200,540
1721315238303621000,87,0,603.312012,-157.608984,-388.553027,-131.967773,27.180176,148.051758,1721315238.2699,85,1,666.043066,-151.804688,-380.516309,-122.365723,36.408691,6.481934,1721315238.2699,84,2,408.19834,39.960352,-185.7375,-149.040527,36.848145,50.097656,1721315238.2699,86,3,386.097363,-4.353223,-172.566211,-146.777344,32.783203,-160.158691,1721315238.2699,0,0,-1,-1,0,0,0,0,0,0,0,0,0,0,0,0,-1,29.91,-1,13.92,-1,95.84,14.0,0,0,0,0,0,0,0,1721315238288103200,1721315238272762200,541
1721315238337621200,87,0,603.870117,-156.939258,-388.441406,-131.945801,27.312012,148.007812,1721315238.3029,85,1,666.154687,-151.916309,-379.400098,-122.365723,36.606445,6.525879,1721315238.3029,84,2,409.761035,34.71416,-186.853711,-151.21582,37.001953,48.603516,1721315238.3029,86,3,387.660059,-8.706445,-174.910254,-148.688965,32.739258,-161.411133,1721315238.3029,0,0,1721315238307622300,317,0,0,0,0,0,0,0,0,0,0,0,0,-1,29.91,-1,13.74,-1,95.44,14.0,0,0,0,0,0,0,0,1721315238337621200,1721315238304578900,542
1721315238371623500,87,0,604.428223,-157.1625,-388.106543,-132.077637,27.37793,147.919922,1721315238.336,85,1,666.824414,-153.255762,-379.065234,-122.827148,36.804199,6.28418,1721315238.336,84,2,409.984277,30.919043,-188.639648,-152.53418,36.694336,47.504883,1721315238.336,87,3,387.883301,-12.389941,-177.477539,-150.183105,32.145996,-162.509766,1721315238.336,0,0,-1,-1,0,0,0,0,0,0,0,0,0,0,0,0,-2,-2,-2,-2,-2,-2,-2,-2,-2,-2,-2,-2,-2,-2,-2,1721315238339217500,543
1721315238405158100,87,0,603.758496,-157.050879,-388.329785,-132.275391,27.13623,147.766113,1721315238.3728,85,1,667.047656,-154.14873,-377.502539,-122.937012,36.584473,6.394043,1721315238.3728,84,2,411.100488,27.347168,-189.197754,-153.742676,36.826172,46.120605,1721315238.3728,87,3,388.999512,-15.068848,-178.705371,-151.237793,32.058105,-163.740234,1721315238.3728,0,0,1721315238373622900,318,0,0,0,0,0,0,0,0,0,0,0,0,-1,29.91,-1,13.74,-1,97.84,14.0,0,0,0,0,0,0,0,1721315238386636700,1721315238403237200,545
1721315238439157200,87,0,603.535254,-155.711426,-388.77627,-132.033691,27.092285,147.722168,1721315238.4058,85,1,667.717383,-152.474414,-377.167676,-122.453613,36.540527,6.525879,1721315238.4058,84,2,412.551562,24.221777,-188.639648,-154.973145,37.111816,44.802246,1721315238.4058,87,3,390.450586,-18.752344,-178.705371,-152.512207,32.34375,-164.772949,1721315238.4058,0,0,-1,-1,0,0,0,0,0,0,0,0,0,0,0,0,-1,29.91,-1,13.74,-1,96.64,14.0,0,0,0,0,0,0,0,1721315238436157600,1721315238437701900,546
1721315238473157900,87,0,603.758496,-155.488184,-388.77627,-132.077637,27.180176,147.65625,1721315238.4389,85,1,668.275488,-152.697656,-377.167676,-122.475586,36.650391,6.481934,1721315238.4389,84,2,413.221289,19.756934,-188.304785,-156.621094,37.067871,43.703613,1721315238.4389,87,3,390.89707,-23.328809,-179.151855,-154.248047,32.321777,-166.179199,1721315238.4389,0,0,1721315238440157700,319,0,0,0,0,0,0,0,0,0,0,0,0,-2,-2,-2,-2,-2,-2,-2,-2,-2,-2,-2,-2,-2,-2,-2,1721315238376383200,544
1721315238506705000,87,0,603.535254,-156.604395,-389.445996,-132.363281,27.004395,147.524414,1721315238.472,85,1,668.833594,-153.590625,-377.949023,-122.739258,36.5625,6.37207,1721315238.472,84,2,412.774805,16.743164,-188.416406,-157.390137,36.89209,43.154297,1721315238.472,87,3,390.89707,-25.896094,-179.263477,-154.973145,32.233887,-166.772461,1721315238.472,0,0,-1,-1,0,0,0,0,0,0,0,0,0,0,0,0,-1,29.7,-1,13.74,-1,95.05,13.0,0,0,0,0,0,0,0,1721315238485168100,1721315238503924500,548
1721315238540714200,87,0,602.865527,-156.046289,-390.227344,-132.275391,26.828613,147.480469,1721315238.5051,85,1,668.721973,-153.03252,-378.172266,-122.563477,36.430664,6.416016,1721315238.5051,84,2,413.779395,14.845605,-187.076953,-157.609863,37.507324,42.868652,1721315238.5051,87,3,391.231934,-27.347168,-178.705371,-155.214844,32.607422,-167.277832,1721315238.5051,0,0,1721315238506705000,320,0,0,0,0,0,0,0,0,0,0,0,0,-1,29.91,-1,13.74,-1,90.4,14.0,0,0,0,0,0,0,0,1721315238534712400,1721315238538518000,549
1721315238574703000,87,0,602.865527,-155.376562,-390.338965,-132.165527,26.894531,147.480469,1721315238.5418,85,1,668.610352,-151.02334,-378.060645,-122.299805,36.518555,6.37207,1721315238.5418,84,2,414.895605,12.724805,-185.514258,-158.027344,38.078613,42.60498,1721315238.5418,87,3,392.124902,-30.58418,-177.031055,-156.005859,33.398438,-167.893066,1721315238.5418,0,0,-1,-1,0,0,0,0,0,0,0,0,0,0,0,0,-2,-2,-2,-2,-2,-2,-2,-2,-2,-2,-2,-2,-2,-2,-2,1721315238474450200,547
1721315238608262800,87,0,603.423633,-155.041699,-390.115723,-132.231445,27.026367,147.414551,1721315238.5749,85,1,668.610352,-150.353613,-378.507129,-122.34375,36.628418,6.196289,1721315238.5749,83,2,415.34209,8.259961,-183.616699,-159.082031,38.540039,42.253418,1721315238.5749,87,3,391.790039,-33.263086,-175.803223,-156.774902,33.706055,-168.354492,1721315238.5749,0,0,1721315238573703900,321,0,0,0,0,0,0,0,0,0,0,0,0,-1,29.91,-1,14.64,-1,92.7,14.0,0,0,0,0,0,0,0,1721315238583732300,1721315238603659700,551
1721315238642262800,87,0,603.646875,-154.706836,-390.562207,-132.231445,26.916504,147.370605,1721315238.608,85,1,668.163867,-150.130371,-379.62334,-122.431641,36.496582,6.064453,1721315238.608,83,2,415.676953,5.581055,-181.719141,-159.609375,39.001465,42.055664,1721315238.608,87,3,391.343555,-34.937402,-174.798633,-157.192383,33.991699,-168.618164,1721315238.608,0,0,-1,-1,0,0,0,0,0,0,0,0,0,0,0,0,-1,29.91,-1,14.82,-1,95.05,13.0,0,0,0,0,0,0,0,1721315238632255200,1721315238639168700,552
1721315238676262800,87,0,603.423633,-153.925488,-391.120312,-132.055664,26.872559,147.392578,1721315238.641,85,1,667.270898,-147.897949,-380.851172,-121.970215,36.430664,6.020508,1721315238.641,83,2,416.458301,3.795117,-178.928613,-160.3125,39.880371,40.935059,1721315238.641,87,3,392.013281,-35.941992,-172.901074,-157.521973,34.716797,-169.057617,1721315238.641,0,0,1721315238640255600,322,0,0,0,0,0,0,0,0,0,0,0,0,-2,-2,-2,-2,-2,-2,-2,-2,-2,-2,-2,-2,-2,-2,-2,1721315238674826000,553
1721315238709813000,87,0,603.535254,-154.483594,-391.678418,-132.077637,27.026367,147.436523,1721315238.6778,85,1,667.494141,-147.786328,-380.739551,-121.860352,36.628418,6.086426,1721315238.6778,83,2,417.128027,0.0,-174.910254,-162.13623,40.627441,39.484863,1721315238.6778,87,3,392.571387,-38.286035,-169.552441,-158.884277,35.48584,-169.936523,1721315238.6778,0,0,-1,-1,0,0,0,0,0,0,0,0,0,0,0,0,-1,29.7,-1,14.82,-1,98.25,13.0,0,0,0,0,0,0,0,1721315238677256300,1721315238705000400,554
1721315238743810300,87,0,603.981738,-155.376562,-391.678418,-132.231445,27.070312,147.502441,1721315238.7109,85,1,667.717383,-148.00957,-380.62793,-121.92627,36.606445,6.064453,1721315238.7109,84,2,416.793164,-0.892969,-172.45459,-162.443848,40.693359,39.265137,1721315238.7109,87,3,391.678418,-39.290625,-167.766504,-159.345703,35.441895,-170.178223,1721315238.7109,0,0,1721315238706819200,323,0,0,0,0,0,0,0,0,0,0,0,0,-1,30.13,-1,14.82,-1,104.04,14.0,0,0,0,0,0,0,0,1721315238730810200,1721315238738700500,555
1721315238777811200,87,0,604.093359,-155.711426,-390.89707,-132.209473,27.026367,147.65625,1721315238.7439,85,1,667.270898,-148.00957,-381.074414,-121.948242,36.474609,5.998535,1721315238.7439,84,2,416.904785,-0.558105,-169.552441,-162.268066,40.979004,39.04541,1721315238.7439,87,3,391.790039,-39.737109,-165.31084,-159.23584,35.683594,-170.15625,1721315238.7439,0,0,-1,-1,0,0,0,0,0,0,0,0,0,0,0,0,-2,-2,-2,-2,-2,-2,-2,-2,-2,-2,-2,-2,-2,-2,-2,1721315238775267900,556
1721315238811356500,87,0,603.870117,-156.046289,-389.111133,-132.077637,27.246094,147.963867,1721315238.777,85,1,666.601172,-147.563086,-381.744141,-121.706543,36.408691,5.998535,1721315238.777,83,2,417.239648,0.223242,-165.868945,-162.158203,41.374512,38.693848,1721315238.777,87,3,392.348145,-38.844141,-162.073828,-159.060059,36.101074,-170.375977,1721315238.777,0,0,1721315238773805700,324,0,0,0,0,0,0,0,0,0,0,0,0,-1,29.91,-1,14.82,-1,106.61,14.0,0,0,0,0,0,0,0,1721315238779806800,1721315238805212700,557
1721315238845363600,87,0,603.758496,-158.278711,-387.548437,-132.451172,27.553711,148.007812,1721315238.8101,85,1,667.494141,-150.130371,-381.074414,-121.882324,36.540527,6.086426,1721315238.8101,84,2,417.239648,-0.223242,-163.748145,-162.399902,41.418457,38.649902,1721315238.8101,87,3,392.348145,-38.509277,-159.506543,-159.169922,36.254883,-170.529785,1721315238.8101,0,0,-1,-1,0,0,0,0,0,0,0,0,0,0,0,0,-1,29.91,-1,14.82,-1,106.61,14.0,0,0,0,0,0,0,0,1721315238829356700,1721315238839370800,558
1721315238879357100,87,0,603.312012,-159.283301,-387.77168,-132.648926,27.37793,147.963867,1721315238.8468,85,1,667.494141,-152.697656,-380.181445,-122.145996,36.23291,6.152344,1721315238.8468,83,2,416.458301,0.558105,-162.073828,-161.850586,41.19873,39.265137,1721315238.8468,87,3,391.678418,-38.174414,-157.832227,-158.730469,36.079102,-170.15625,1721315238.8468,0,0,1721315238840364100,325,0,0,0,0,0,0,0,0,0,0,0,0,-1,29.91,-1,14.64,-1,104.89,14.0,0,0,0,0,0,0,0,1721315238878356400,1721315238874308900,559
1721315238912887000,87,0,603.535254,-159.283301,-387.436816,-132.473145,27.268066,148.117676,1721315238.8799,85,1,667.047656,-152.809277,-379.734961,-122.036133,36.123047,6.28418,1721315238.8799,83,2,416.458301,3.125391,-160.17627,-160.773926,41.44043,39.770508,1721315238.8799,87,3,391.566797,-36.611719,-156.046289,-158.005371,36.320801,-169.936523,1721315238.8799,0,0,-1,-1,0,0,0,0,0,0,0,0,0,0,0,0,-2,-2,-2,-2,-2,-2,-2,-2,-2,-2,-2,-2,-2,-2,-2,1721315238906788900,560
1721315238946963000,87,0,604.093359,-158.278711,-387.660059,-132.253418,27.333984,148.117676,1721315238.913,85,1,667.159277,-152.920898,-379.62334,-122.036133,36.23291,6.28418,1721315238.913,83,2,416.458301,4.464844,-158.836816,-160.554199,41.704102,39.79248,1721315238.913,87,3,391.455176,-35.607129,-154.483594,-157.873535,36.628418,-170.046387,1721315238.913,0,0,1721315238906896800,326,0,0,0,0,0,0,0,0,0,0,0,0,-1,29.91,-1,17.6,-1,104.04,13.0,0,0,0,0,0,0,0,1721315238927972000,1721315238938202600,561
1721315238980892600,87,0,604.428223,-158.501953,-387.548437,-132.363281,27.399902,148.095703,1721315238.946,85,1,667.829004,-154.037109,-378.395508,-122.211914,36.364746,6.306152,1721315238.946,83,2,415.900195,5.022949,-157.274121,-160.532227,41.989746,39.990234,1721315238.946,87,3,390.673828,-34.937402,-153.479004,-157.939453,36.672363,-170.002441,1721315238.946,0,0,-1,-1,0,0,0,0,0,0,0,0,0,0,0,0,-1,29.91,-1,23.65,-1,104.04,14.0,0,0,0,0,0,0,0,1721315238980892600,1721315238975812600,562
1721315239014397200,87,0,604.20498,-158.948437,-386.990332,-132.451172,27.312012,148.117676,1721315238.9791,85,1,667.829004,-154.706836,-377.056055,-122.34375,36.276855,6.350098,1721315238.9791,83,2,415.453711,6.474023,-155.264941,-160.048828,42.670898,40.737305,1721315238.9791,87,3,390.004102,-33.263086,-151.02334,-157.521973,37.155762,-169.49707,1721315238.9791,0,0,1721315238973887400,327,0,0,0,0,0,0,0,0,0,0,0,0,-2,-2,-2,-2,-2,-2,-2,-2,-2,-2,-2,-2,-2,-2,-2,1721315239005339700,563
1721315239048407500,87,0,603.981738,-157.943848,-386.655469,-132.253418,27.37793,148.117676,1721315239.0159,85,1,667.829004,-153.702246,-376.60957,-121.992188,36.276855,6.459961,1721315239.0159,83,2,416.123437,8.594824,-152.139551,-159.65332,43.989258,41.088867,1721315239.0159,87,3,390.227344,-30.472559,-147.897949,-156.950684,38.430176,-169.145508,1721315239.0159,0,0,-1,-1,0,0,0,0,0,0,0,0,0,0,0,0,-1,29.91,-1,32.77,-1,121.68,14.0,0,0,0,0,0,0,0,1721315239030401600,1721315239039928600,564
1721315239082400700,87,0,603.981738,-157.274121,-387.213574,-132.275391,27.46582,148.007812,1721315239.0489,85,1,668.945215,-154.483594,-376.497949,-122.01416,36.452637,6.503906,1721315239.0489,83,2,416.458301,8.818066,-149.125781,-160.202637,44.978027,41.066895,1721315239.0489,87,3,389.89248,-29.57959,-144.88418,-157.280273,39.418945,-169.145508,1721315239.0489,0,0,1721315239040403400,328,0,0,0,0,0,0,0,0,0,0,0,0,-1,29.91,-1,35.71,-1,123.14,14.0,0,0,0,0,0,0,0,1721315239079407100,1721315239075357800,565
1721315239115930200,87,0,603.870117,-156.046289,-388.329785,-132.253418,27.355957,147.766113,1721315239.082,85,1,669.391699,-155.488184,-377.167676,-122.211914,36.276855,6.37207,1721315239.082,83,2,415.788574,9.487793,-145.777148,-160.224609,45.549316,41.462402,1721315239.082,87,3,388.329785,-29.467969,-141.982031,-157.148438,39.770508,-168.508301,1721315239.082,0,0,-1,-1,0,0,0,0,0,0,0,0,0,0,0,0,-2,-2,-2,-2,-2,-2,-2,-2,-2,-2,-2,-2,-2,-2,-2,1721315239108856800,566
1721315239149929000,87,0,602.977148,-156.046289,-389.669238,-132.121582,27.026367,147.788086,1721315239.1151,85,1,668.49873,-155.934668,-377.949023,-122.167969,36.013184,6.416016,1721315239.1151,84,2,416.235059,11.27373,-142.205273,-159.873047,46.516113,41.52832,1721315239.1151,87,3,388.77627,-27.458789,-138.186914,-156.401367,40.759277,-168.00293,1721315239.1151,0,0,1721315239106931600,329,0,0,0,0,0,0,0,0,0,0,0,0,-1,29.7,-1,27.99,-1,115.08,13.0,0,0,0,0,0,0,0,1721315239127930800,1721315238575985500,550
1721315239183959100,87,0,602.753906,-155.934668,-390.338965,-131.85791,27.04834,147.875977,1721315239.1482,85,1,668.49873,-155.376562,-378.61875,-121.882324,35.991211,6.481934,1721315239.1482,84,2,416.569922,12.27832,-138.74502,-159.829102,47.285156,41.550293,1721315239.1482,87,3,388.441406,-26.007715,-134.838281,-156.247559,41.594238,-168.024902,1721315239.1482,0,0,-1,-1,0,0,0,0,0,0,0,0,0,0,0,0,-1,29.91,-1,13.38,-1,114.62,13.0,0,0,0,0,0,0,0,1721315239176932300,1721315239175290800,567
1721315239217498500,87,0,602.419043,-155.934668,-391.343555,-132.011719,27.13623,147.678223,1721315239.1849,85,1,669.391699,-155.711426,-378.841992,-121.92627,36.123047,6.481934,1721315239.1849,84,2,415.565332,12.948047,-135.619629,-160.114746,47.746582,41.396484,1721315239.1849,87,3,386.990332,-25.226367,-132.940723,-156.445312,41.835938,-168.024902,1721315239.1849,0,0,1721315239173930000,330,0,0,0,0,0,0,0,0,0,0,0,0,-2,-2,-2,-2,-2,-2,-2,-2,-2,-2,-2,-2,-2,-2,-2,1721315239207852300,568
1721315239251028200,87,0,602.08418,-155.488184,-392.124902,-132.055664,26.960449,147.568359,1721315239.218,85,1,669.50332,-155.15332,-379.734961,-121.92627,35.991211,6.416016,1721315239.218,84,2,414.449121,13.952637,-133.498828,-159.609375,48.208008,41.923828,1721315239.218,87,3,386.097363,-24.221777,-131.043164,-155.917969,42.121582,-167.058105,1721315239.218,0,0,-1,-1,0,0,0,0,0,0,0,0,0,0,0,0,-1,29.91,-1,13.74,-1,111.0,14.0,0,0,0,0,0,0,0,1721315239230036100,1721315239241033900,569
1721315239285033900,87,0,602.977148,-154.706836,-391.790039,-131.748047,26.982422,147.875977,1721315239.2511,85,1,668.721973,-153.590625,-380.851172,-121.618652,35.947266,6.416016,1721315239.2511,84,2,414.560742,15.626953,-131.266406,-158.818359,49.152832,42.60498,1721315239.2511,87,3,385.874121,-21.877734,-128.475879,-154.885254,43.044434,-166.003418,1721315239.2511,0,0,1721315239240025400,331,0,0,0,0,0,0,0,0,0,0,0,0,-1,29.91,-1,13.74,-1,109.23,14.0,0,0,0,0,0,0,0,1721315239280027900,1721315239274924700,570
1721315239318555800,87,0,603.758496,-154.930078,-391.120312,-131.682129,27.180176,148.07373,1721315239.2841,85,1,668.833594,-152.251172,-381.409277,-121.552734,36.14502,6.328125,1721315239.2841,84,2,414.560742,16.854785,-130.819922,-158.730469,49.702148,42.824707,1721315239.2841,87,3,385.092773,-21.096387,-127.694531,-154.797363,43.483887,-165.256348,1721315239.2841,0,0,-1,-1,0,0,0,0,0,0,0,0,0,0,0,0,-2,-2,-2,-2,-2,-2,-2,-2,-2,-2,-2,-2,-2,-2,-2,1721315239308164900,571
1721315239352554700,87,0,603.646875,-155.041699,-391.455176,-131.748047,27.092285,148.029785,1721315239.3172,85,1,668.610352,-152.586035,-381.520898,-121.750488,36.210938,6.240234,1721315239.3172,84,2,413.444531,17.859375,-131.824512,-158.203125,49.482422,43.725586,1721315239.3172,87,3,383.530078,-19.868555,-128.252637,-154.182129,43.198242,-164.003906,1721315239.3172,0,0,1721315239307546400,332,0,0,0,0,0,0,0,0,0,0,0,0,-1,29.91,-1,12.48,-1,107.04,13.0,0,0,0,0,0,0,0,1721315239328555100,1721315239340829500,572
1721315239386558700,87,0,603.423633,-153.590625,-392.794629,-131.462402,26.71875,148.051758,1721315239.354,85,1,668.387109,-153.367383,-381.63252,-121.794434,36.057129,6.328125,1721315239.354,84,2,412.998047,21.654492,-131.936133,-156.203613,49.680176,45.593262,1721315239.354,87,3,383.418457,-16.631543,-127.359668,-152.336426,43.549805,-162.37793,1721315239.354,0,0,-1,-1,0,0,0,0,0,0,0,0,0,0,0,0,-1,29.91,-1,11.25,-1,107.47,13.0,0,0,0,0,0,0,0,1721315239377551000,1721315239375127700,573
1721315239420646100,87,0,603.08877,-150.800098,-393.91084,-131.022949,26.762695,148.007812,1721315239.387,85,1,668.275488,-152.139551,-381.520898,-121.508789,36.079102,6.37207,1721315239.387,84,2,412.774805,24.110156,-132.494238,-155.368652,49.724121,46.362305,1721315239.387,87,3,383.083594,-14.2875,-128.029395,-151.501465,43.615723,-161.71875,1721315239.387,0,0,1721315239373549600,333,0,0,0,0,0,0,0,0,0,0,0,0,-2,-2,-2,-2,-2,-2,-2,-2,-2,-2,-2,-2,-2,-2,-2,1721315239408890800,574
1721315239454646700,87,0,603.08877,-152.139551,-393.799219,-131.264648,26.850586,148.007812,1721315239.4201,85,1,668.721973,-152.920898,-381.186035,-121.59668,36.188965,6.437988,1721315239.4201,84,2,412.216699,25.784473,-133.833691,-155.10498,49.482422,46.845703,1721315239.4201,87,3,382.525488,-12.724805,-129.145605,-151.193848,43.439941,-161.345215,1721315239.4201,0,0,-1,-1,0,0,0,0,0,0,0,0,0,0,0,0,-1,29.91,-1,12.84,-1,95.05,13.0,0,0,0,0,0,0,0,1721315239427656600,1721315239442552100,575
1721315239488645000,87,0,602.977148,-153.367383,-393.575977,-131.44043,26.762695,148.029785,1721315239.4532,85,1,668.275488,-154.595215,-381.074414,-121.816406,36.035156,6.416016,1721315239.4532,84,2,411.32373,27.793652,-135.508008,-154.116211,48.911133,47.900391,1721315239.4532,87,3,381.520898,-11.385352,-130.373437,-150.512695,42.802734,-160.554199,1721315239.4532,0,0,1721315239440638800,334,0,0,0,0,0,0,0,0,0,0,0,0,-1,29.7,-1,12.48,-1,93.87,13.0,0,0,0,0,0,0,0,1721315239476646100,1721315239475456300,576
1721315239522194400,87,0,602.753906,-153.702246,-393.129492,-131.396484,26.674805,148.139648,1721315239.4899,85,1,667.270898,-155.041699,-381.186035,-121.816406,35.925293,6.437988,1721315239.4899,84,2,411.881836,30.249316,-136.289355,-152.885742,49.064941,48.80127,1721315239.4899,86,3,382.302246,-8.483203,-131.266406,-149.260254,42.868652,-159.675293,1721315239.4899,0,0,-1,-1,0,0,0,0,0,0,0,0,0,0,0,0,-2,-2,-2,-2,-2,-2,-2,-2,-2,-2,-2,-2,-2,-2,-2,1721315239509270500,577
1721315239556199900,87,0,602.977148,-154.818457,-392.013281,-131.462402,26.806641,148.337402,1721315239.523,85,1,666.824414,-153.479004,-381.63252,-121.68457,36.123047,6.28418,1721315239.523,84,2,412.105078,31.812012,-137.517188,-152.556152,48.977051,49.020996,1721315239.523,86,3,382.302246,-6.585645,-131.936133,-148.908691,42.84668,-159.455566,1721315239.523,0,0,1721315239507187000,335,0,0,0,0,0,0,0,0,0,0,0,0,-1,29.7,-1,12.48,-1,97.44,14.0,0,0,0,0,0,0,0,1721315239525185600,1721315239542619400,578
1721315239590199200,87,0,603.535254,-157.832227,-390.450586,-131.967773,27.004395,148.491211,1721315239.5561,85,1,666.824414,-154.260352,-381.744141,-121.882324,36.23291,6.196289,1721315239.5561,84,2,411.32373,33.486328,-139.303125,-152.20459,48.515625,49.394531,1721315239.5561,86,3,381.520898,-5.915918,-132.829102,-148.688965,42.385254,-158.90625,1721315239.5561,0,0,-1,-1,0,0,0,0,0,0,0,0,0,0,0,0,-1,29.91,-1,12.84,-1,100.7,13.0,0,0,0,0,0,0,0,1721315239574192000,1721315239575009400,579
1721315239623737700,87,0,603.200391,-158.836816,-390.338965,-132.099609,26.850586,148.535156,1721315239.5892,85,1,666.489551,-154.818457,-381.63252,-122.036133,36.166992,6.108398,1721315239.5892,84,2,410.877246,35.495508,-141.089062,-151.149902,48.14209,50.317383,1721315239.5892,86,3,381.409277,-3.795117,-133.72207,-147.744141,42.011719,-158.005371,1721315239.5892,0,0,1721315239575194500,336,0,0,0,0,0,0,0,0,0,0,0,0,-2,-2,-2,-2,-2,-2,-2,-2,-2,-2,-2,-2,-2,-2,-2,1721315234443587300,427
1721315239657731500,87,0,603.08877,-158.501953,-389.780859,-131.923828,26.828613,148.64502,1721315239.6222,85,1,666.489551,-154.483594,-381.074414,-121.838379,36.14502,6.262207,1721315239.6222,84,2,411.32373,37.169824,-141.423926,-150.46875,48.251953,50.778809,1721315239.6222,86,3,381.744141,-1.897559,-133.945312,-147.019043,42.143555,-157.565918,1721315239.6222,0,0,-1,-1,0,0,0,0,0,0,0,0,0,0,0,0,-1,29.7,-1,12.84,-1,101.94,14.0,0,0,0,0,0,0,0,1721315239623737700,1721315239643772400,580
1721315239691744900,87,0,603.646875,-158.055469,-389.111133,-131.879883,27.004395,148.666992,1721315239.659,85,1,667.270898,-154.595215,-380.516309,-121.794434,36.320801,6.306152,1721315239.659,84,2,411.100488,38.174414,-142.093652,-150.556641,48.14209,50.668945,1721315239.659,86,3,381.409277,-1.00459,-134.838281,-147.128906,41.989746,-157.631836,1721315239.659,0,0,1721315239640728000,337,0,0,0,0,0,0,0,0,0,0,0,0,-1,29.7,-1,13.2,-1,103.62,13.0,0,0,0,0,0,0,0,1721315239676744300,1721315239676418400,581
1721315239725273700,87,0,603.646875,-159.283301,-388.664648,-132.033691,26.938477,148.710938,1721315239.692,85,1,667.270898,-154.595215,-380.293066,-121.904297,36.342773,6.218262,1721315239.692,84,2,410.20752,38.844141,-143.321484,-150.358887,47.658691,50.844727,1721315239.692,86,3,380.62793,-0.669727,-136.624219,-147.194824,41.286621,-157.456055,1721315239.692,0,0,-1,-1,0,0,0,0,0,0,0,0,0,0,0,0,-2,-2,-2,-2,-2,-2,-2,-2,-2,-2,-2,-2,-2,-2,-2,1721315239710448200,582
1721315239759272000,87,0,603.646875,-158.948437,-388.887891,-131.923828,26.828613,148.688965,1721315239.7251,85,1,667.159277,-154.706836,-379.846582,-121.860352,36.276855,6.262207,1721315239.7251,84,2,410.095898,40.630078,-144.326074,-149.743652,47.526855,51.130371,1721315239.7251,85,3,381.074414,1.00459,-136.73584,-146.447754,41.242676,-156.972656,1721315239.7251,0,0,1721315239707268400,338,0,0,0,0,0,0,0,0,0,0,0,0,-1,29.7,-1,13.38,-1,104.89,13.0,0,0,0,0,0,0,0,1721315239726263500,1721315239742232500,583
1721315239793278900,87,0,603.981738,-158.836816,-388.664648,-131.989746,27.070312,148.535156,1721315239.7913,85,1,668.052246,-153.702246,-379.400098,-121.772461,36.606445,6.152344,1721315239.7913,84,2,410.095898,42.416016,-146.446875,-149.655762,47.285156,50.976562,1721315239.7913,85,3,381.409277,2.455664,-138.410156,-146.337891,41.066895,-156.884766,1721315239.7913,0,0,-1,-1,0,0,0,0,0,0,0,0,0,0,0,0,-1,29.7,-1,13.92,-1,106.18,13.0,0,0,0,0,0,0,0,1721315239775266500,1721315239776047800,584
1721315239826819700,87,0,603.981738,-158.948437,-388.664648,-132.011719,27.04834,148.513184,1721315239.7949,85,1,668.052246,-153.925488,-379.288477,-121.794434,36.584473,6.152344,1721315239.7949,84,2,409.984277,42.527637,-146.670117,-149.633789,47.241211,50.998535,1721315239.7949,85,3,381.297656,2.455664,-138.633398,-146.337891,41.000977,-156.862793,1721315239.7949,0,0,1721315239774268700,339,0,0,0,0,0,0,0,0,0,0,0,0,-1,29.91,-1,13.92,-1,104.04,13.0,0,0,0,0,0,0,0,1721315239824829100,1721315226006968500,177
1721315239860819500,87,0,603.870117,-158.390332,-389.111133,-132.077637,26.916504,148.359375,1721315239.828,85,1,668.163867,-154.483594,-379.176855,-121.860352,36.386719,6.174316,1721315239.828,84,2,409.426172,43.532227,-148.121191,-149.150391,46.933594,51.481934,1721315239.828,85,3,380.962793,3.01377,-139.972852,-145.986328,40.649414,-156.357422,1721315239.828,0,0,1721315239840815100,340,0,0,0,0,0,0,0,0,0,0,0,0,-2,-2,-2,-2,-2,-2,-2,-2,-2,-2,-2,-2,-2,-2,-2,1721315239843919800,585
1721315239894826800,87,0,603.981738,-156.716016,-389.89248,-131.835938,26.960449,148.31543,1721315239.8611,85,1,668.052246,-153.813867,-379.511719,-121.662598,36.276855,6.196289,1721315239.8611,84,2,409.872656,45.318164,-149.125781,-148.447266,47.087402,51.899414,1721315239.8611,85,3,381.63252,4.688086,-140.419336,-145.26123,40.891113,-155.830078,1721315239.8611,0,0,-1,-1,0,0,0,0,0,0,0,0,0,0,0,0,-1,29.91,-1,13.74,-1,103.2,14.0,0,0,0,0,0,0,0,1721315239873811800,1721315239876591700,586
1721315239928366700,87,0,604.20498,-156.604395,-390.227344,-131.813965,27.04834,148.293457,1721315239.8942,85,1,668.49873,-153.367383,-380.069824,-121.59668,36.364746,6.130371,1721315239.8942,84,2,409.761035,46.769238,-150.800098,-148.337402,46.977539,51.855469,1721315239.8942,85,3,381.297656,6.027539,-141.982031,-145.283203,40.803223,-155.917969,1721315239.8942,0,0,1721315239907362100,341,0,0,0,0,0,0,0,0,0,0,0,0,-1,29.91,-1,13.56,-1,90.02,14.0,0,0,0,0,0,0,0,1721315239922358800,1721315239911376000,587
1721315239962016300,87,0,604.428223,-156.492773,-390.785449,-131.879883,27.04834,148.183594,1721315239.9272,85,1,668.833594,-154.371973,-381.186035,-121.882324,36.298828,5.95459,1721315239.9272,84,2,408.756445,47.662207,-152.697656,-148.07373,46.604004,52.163086,1721315239.9272,85,3,380.516309,7.032129,-143.656348,-145.107422,40.341797,-155.654297,1721315239.9272,0,0,-1,-1,0,0,0,0,0,0,0,0,0,0,0,0,-2,-2,-2,-2,-2,-2,-2,-2,-2,-2,-2,-2,-2,-2,-2,-1,-1
1721315239996016900,87,0,604.093359,-155.488184,-391.90166,-131.813965,26.872559,148.029785,1721315239.9603,85,1,668.387109,-154.483594,-381.297656,-121.860352,36.035156,5.910645,1721315239.9603,84,2,408.644824,49.113281,-154.818457,-147.480469,46.318359,52.69043,1721315239.9603,85,3,380.516309,8.259961,-145.219043,-144.448242,40.100098,-155.10498,1721315239.9603,0,0,1721315239974010100,342,0,0,0,0,0,0,0,0,0,0,0,0,-1,29.91,-1,13.02,-1,70.81,14.0,0,0,0,0,0,0,0,1721315239972009900,-1,-1
1721315240029573400,87,0,603.981738,-153.367383,-392.459766,-131.44043,26.894531,147.98584,1721315239.9971,85,1,668.163867,-152.474414,-381.967383,-121.398926,35.947266,5.976562,1721315239.9971,84,2,408.979687,50.341113,-156.269531,-147.260742,46.384277,52.800293,1721315239.9971,85,3,380.851172,9.934277,-146.893359,-144.140625,40.12207,-154.995117,1721315239.9971,0,0,-1,-1,0,0,0,0,0,0,0,0,0,0,0,0,-1,29.91,-1,13.56,-1,47.94,14.0,0,0,0,0,0,0,0,1721315240021565000,1721315240009730400,588
1721315240063623200,87,0,604.20498,-153.925488,-392.236523,-131.550293,26.982422,148.007812,1721315240.0301,85,1,668.49873,-152.139551,-381.967383,-121.420898,36.123047,5.95459,1721315240.0301,84,2,408.644824,50.899219,-158.613574,-147.458496,46.054688,52.77832,1721315240.0301,86,3,380.404687,10.827246,-148.679297,-144.294434,39.836426,-155.083008,1721315240.0301,0,0,1721315240040580500,343,0,0,0,0,0,0,0,0,0,0,0,0,-2,-2,-2,-2,-2,-2,-2,-2,-2,-2,-2,-2,-2,-2,-2,1721315240045194700,589
1721315240098080400,87,0,604.20498,-154.930078,-391.90166,-131.726074,26.894531,148.051758,1721315240.0632,85,1,668.49873,-152.586035,-381.297656,-121.552734,36.123047,5.95459,1721315240.0632,84,2,407.528613,52.127051,-161.29248,-147.106934,45.439453,53.195801,1721315240.0632,86,3,379.511719,11.608594,-150.800098,-144.074707,39.287109,-154.819336,1721315240.0632,0,0,-1,-1,0,0,0,0,0,0,0,0,0,0,0,0,-1,29.7,-1,13.38,-1,31.44,13.0,0,0,0,0,0,0,0,1721315240070571300,1721315240077166400,590
1721315240132172800,87,0,604.316602,-154.037109,-392.013281,-131.52832,26.806641,148.117676,1721315240.0963,85,1,668.052246,-152.474414,-381.074414,-121.464844,36.035156,5.998535,1721315240.0963,84,2,408.086719,54.024609,-162.408691,-146.403809,45.593262,53.657227,1721315240.0963,86,3,380.293066,13.059668,-151.581445,-143.327637,39.462891,-154.226074,1721315240.0963,0,0,1721315240107091500,344,0,0,0,0,0,0,0,0,0,0,0,0,-1,29.7,-1,13.38,-1,32.55,13.0,0,0,0,0,0,0,0,1721315240119093700,1721315240112432200,591
1721315240166099200,87,0,604.539844,-152.586035,-392.013281,-131.308594,26.916504,148.07373,1721315240.133,85,1,667.717383,-151.804688,-380.962793,-121.35498,36.123047,5.998535,1721315240.133,84,2,408.086719,54.694336,-163.971387,-146.623535,45.505371,53.613281,1721315240.133,86,3,380.181445,14.2875,-152.920898,-143.371582,39.484863,-154.401855,1721315240.133,0,0,-1,-1,0,0,0,0,0,0,0,0,0,0,0,0,-2,-2,-2,-2,-2,-2,-2,-2,-2,-2,-2,-2,-2,-2,-2,1721315240143587400,592
1721315240200218400,87,0,604.428223,-152.809277,-392.013281,-131.506348,26.982422,148.007812,1721315240.1661,85,1,667.940625,-152.251172,-380.851172,-121.530762,36.254883,5.932617,1721315240.1661,84,2,407.751855,54.694336,-165.868945,-146.711426,45.021973,53.76709,1721315240.1661,86,3,379.734961,14.064258,-155.041699,-143.525391,39.001465,-154.445801,1721315240.1661,0,0,1721315240174088800,345,0,0,0,0,0,0,0,0,0,0,0,0,-1,29.7,-1,12.48,-1,22.05,13.0,0,0,0,0,0,0,0,1721315240168092700,1721315240179464900,593
1721315240234218400,87,0,603.646875,-153.03252,-392.348145,-131.616211,26.806641,147.941895,1721315240.1992,85,1,667.494141,-152.809277,-380.962793,-121.662598,36.123047,5.910645,1721315240.1992,84,2,407.416992,55.14082,-167.654883,-146.359863,44.516602,54.206543,1721315240.1992,86,3,379.62334,13.952637,-156.716016,-143.305664,38.518066,-154.27002,1721315240.1992,0,0,-1,-1,0,0,0,0,0,0,0,0,0,0,0,0,-1,29.7,-1,12.48,-1,17.04,13.0,0,0,0,0,0,0,0,1721315240217226200,1721315240209675800,594
1721315240268218100,87,0,603.200391,-152.139551,-392.683008,-131.396484,26.696777,147.98584,1721315240.2323,85,1,667.159277,-152.362793,-381.074414,-121.59668,36.166992,5.910645,1721315240.2323,84,2,407.863477,55.810547,-169.105957,-146.096191,44.296875,54.470215,1721315240.2323,86,3,380.181445,14.957227,-157.943848,-142.844238,38.518066,-154.27002,1721315240.2323,0,0,1721315240240216400,346,0,0,0,0,0,0,0,0,0,0,0,0,-1,29.91,-1,12.84,-1,15.37,14.0,0,0,0,0,0,0,0,1721315240267220900,1721315240246363800,595
1721315240301768700,87,0,603.535254,-153.367383,-391.790039,-131.52832,26.784668,148.07373,1721315240.269,85,1,667.717383,-153.03252,-379.846582,-121.59668,36.364746,6.020508,1721315240.269,84,2,407.528613,55.364062,-172.677832,-146.623535,43.286133,54.228516,1721315240.269,86,3,380.181445,14.399121,-160.399512,-143.217773,38.078613,-154.753418,1721315240.269,0,0,-1,-1,0,0,0,0,0,0,0,0,0,0,0,0,-2,-2,-2,-2,-2,-2,-2,-2,-2,-2,-2,-2,-2,-2,-2,1721315240277275500,596
1721315240335765400,87,0,603.758496,-154.930078,-390.562207,-131.726074,26.696777,148.161621,1721315240.3021,85,1,668.275488,-153.702246,-379.288477,-121.750488,36.23291,5.998535,1721315240.3021,84,2,406.524023,54.805957,-174.910254,-146.623535,42.51709,54.228516,1721315240.3021,86,3,379.958203,12.501562,-163.30166,-143.569336,37.243652,-154.929199,1721315240.3021,0,0,1721315240307759400,347,0,0,0,0,0,0,0,0,0,0,0,0,-1,29.91,-1,12.84,-1,15.56,14.0,0,0,0,0,0,0,0,1721315240315762300,1721315240313608200,597
1721315240369765600,87,0,604.093359,-154.595215,-389.557617,-131.616211,26.674805,148.227539,1721315240.3352,85,1,668.275488,-153.144141,-379.176855,-121.59668,36.14502,6.020508,1721315240.3352,84,2,407.305371,54.917578,-177.477539,-146.447754,42.319336,54.030762,1721315240.3352,86,3,381.186035,12.501562,-165.422461,-143.327637,37.067871,-155.148926,1721315240.3352,0,0,-1,-1,0,0,0,0,0,0,0,0,0,0,0,0,-1,29.7,-1,12.66,-1,19.89,14.0,0,0,0,0,0,0,0,1721315240364768800,1721315240343727700,598
1721315240403293900,87,0,604.539844,-154.371973,-389.334375,-131.506348,26.762695,148.249512,1721315240.3682,85,1,668.49873,-152.697656,-378.841992,-121.376953,36.188965,6.130371,1721315240.3682,84,2,408.533203,52.350293,-179.821582,-147.480469,42.1875,53.481445,1721315240.3682,86,3,382.190625,10.827246,-168.324609,-144.074707,36.914062,-155.917969,1721315240.3682,0,0,1721315240373758200,348,0,0,0,0,0,0,0,0,0,0,0,0,-2,-2,-2,-2,-2,-2,-2,-2,-2,-2,-2,-2,-2,-2,-2,1721315240380442900,599
1721315240437293500,87,0,605.097949,-155.15332,-388.553027,-131.682129,26.850586,148.183594,1721315240.4013,85,1,668.945215,-153.03252,-378.61875,-121.464844,36.276855,6.064453,1721315240.4013,84,2,408.756445,49.224902,-184.621289,-148.293457,41.374512,53.10791,1721315240.4013,85,3,382.413867,8.483203,-172.119727,-144.84375,36.210938,-156.533203,1721315240.4013,0,0,-1,-1,0,0,0,0,0,0,0,0,0,0,0,0,-1,29.7,-1,12.66,-1,20.28,14.0,0,0,0,0,0,0,0,1721315240414285400,1721315240411533600,600
1721315240471294800,87,0,604.20498,-156.939258,-388.106543,-132.033691,26.564941,148.095703,1721315240.438,85,1,668.610352,-154.595215,-377.949023,-121.728516,36.123047,6.04248,1721315240.438,84,2,409.20293,47.215723,-189.086133,-148.491211,40.737305,52.822266,1721315240.438,85,3,383.306836,5.692676,-176.138086,-145.305176,35.57373,-156.796875,1721315240.438,0,0,1721315240440286500,349,0,0,0,0,0,0,0,0,0,0,0,0,-1,29.7,-1,12.48,-1,21.26,13.0,0,0,0,0,0,0,0,1721315240459296800,1721315240447747800,601
1721315240504832400,87,0,604.20498,-156.15791,-388.664648,-131.835938,26.542969,148.095703,1721315240.4711,85,1,668.945215,-154.818457,-377.61416,-121.552734,36.057129,6.174316,1721315240.4711,84,2,410.542383,45.764648,-192.434766,-148.798828,40.715332,52.207031,1721315240.4711,85,3,385.316016,4.018359,-178.59375,-145.415039,35.617676,-157.060547,1721315240.4711,0,0,-1,-1,0,0,0,0,0,0,0,0,0,0,0,0,-2,-2,-2,-2,-2,-2,-2,-2,-2,-2,-2,-2,-2,-2,-2,1721315240477825400,602
1721315240538840400,87,0,604.539844,-156.381152,-388.553027,-131.835938,26.652832,148.139648,1721315240.5042,85,1,669.50332,-155.041699,-377.167676,-121.486816,36.166992,6.262207,1721315240.5042,84,2,411.435352,41.969531,-195.783398,-150.380859,40.341797,51.196289,1721315240.5042,85,3,385.874121,0.892969,-182.72373,-146.733398,35.068359,-158.071289,1721315240.5042,0,0,1721315240506836700,350,0,0,0,0,0,0,0,0,0,0,0,0,-1,29.7,-1,12.48,-1,27.78,13.0,0,0,0,0,0,0,0,1721315240508833200,1721315240515424100,603
1721315240572836200,87,0,605.321191,-157.720605,-388.664648,-132.055664,26.674805,148.161621,1721315240.5373,85,1,670.173047,-157.274121,-376.944434,-121.860352,36.14502,6.196289,1721315240.5373,84,2,410.988867,37.72793,-199.243652,-151.45752,39.462891,50.756836,1721315240.5373,86,3,386.097363,-3.125391,-186.518848,-147.963867,34.277344,-158.840332,1721315240.5373,0,0,-1,-1,0,0,0,0,0,0,0,0,0,0,0,0,-1,29.91,-1,12.66,-1,24.66,14.0,0,0,0,0,0,0,0,1721315240557835000,1721315240545304600,604
1721315240606457400,87,0,605.544434,-157.608984,-389.222754,-131.967773,26.542969,148.183594,1721315240.574,85,1,670.061426,-157.1625,-377.949023,-121.904297,35.991211,6.086426,1721315240.574,84,2,411.993457,34.937402,-201.364453,-151.962891,39.177246,49.790039,1721315240.574,86,3,387.213574,-6.13916,-189.086133,-148.798828,34.035645,-159.851074,1721315240.574,0,0,1721315240574832800,351,0,0,0,0,0,0,0,0,0,0,0,0,-2,-2,-2,-2,-2,-2,-2,-2,-2,-2,-2,-2,-2,-2,-2,1721315240579958100,605
1721315240640435700,87,0,605.544434,-156.381152,-389.780859,-131.726074,26.586914,148.183594,1721315240.6071,85,1,669.949805,-155.264941,-378.507129,-121.706543,36.079102,5.976562,1721315240.6071,84,2,412.774805,30.137695,-202.480664,-153.566895,39.023438,48.22998,1721315240.6071,86,3,387.883301,-9.711035,-191.541797,-150.227051,33.947754,-161.235352,1721315240.6071,0,0,-1,-1,0,0,0,0,0,0,0,0,0,0,0,0,-1,29.7,-1,12.48,-1,26.94,13.0,0,0,0,0,0,0,0,1721315240606457400,-1,-1
1721315240674439400,87,0,605.656055,-155.488184,-390.338965,-131.77002,26.740723,147.98584,1721315240.6402,85,1,670.284668,-154.595215,-379.176855,-121.750488,36.23291,5.844727,1721315240.6402,84,2,412.998047,25.337988,-203.708496,-155.083008,38.62793,47.197266,1721315240.6402,87,3,387.77168,-15.068848,-193.104492,-151.962891,33.706055,-162.268066,1721315240.6402,0,0,1721315240640435700,352,0,0,0,0,0,0,0,0,0,0,0,0,-1,29.7,-1,12.31,-1,25.48,13.0,0,0,0,0,0,0,0,1721315240656446300,1721315240649190200,606
1721315240708571300,87,0,605.544434,-154.930078,-390.673828,-131.835938,26.674805,147.875977,1721315240.6732,85,1,670.619531,-153.925488,-380.181445,-121.794434,36.057129,5.734863,1721315240.6732,84,2,412.551562,21.43125,-203.931738,-155.786133,38.562012,46.73584,1721315240.6732,87,3,387.660059,-19.198828,-193.216113,-152.797852,33.684082,-162.487793,1721315240.6732,0,0,-1,-1,0,0,0,0,0,0,0,0,0,0,0,0,-1,29.91,-1,12.48,-1,29.91,13.0,0,0,0,0,0,0,0,1721315240705574200,1721315240679965400,607
1721315240742580000,87,0,605.432812,-154.483594,-391.008691,-131.726074,26.608887,147.897949,1721315240.7063,85,1,669.726562,-152.139551,-381.855762,-121.552734,35.947266,5.581055,1721315240.7063,84,2,413.221289,18.305859,-203.708496,-156.115723,38.869629,46.318359,1721315240.7063,87,3,388.441406,-21.877734,-192.323145,-153.061523,34.255371,-162.79541,1721315240.7063,0,0,1721315240707582100,353,0,0,0,0,0,0,0,0,0,0,0,0,-2,-2,-2,-2,-2,-2,-2,-2,-2,-2,-2,-2,-2,-2,-2,1721315240713954600,608
1721315240776572300,87,0,605.321191,-153.925488,-390.89707,-131.704102,26.762695,147.897949,1721315240.7431,85,1,668.945215,-151.693066,-382.413867,-121.552734,36.057129,5.493164,1721315240.7431,84,2,413.891016,12.613184,-202.257422,-157.456055,39.089355,45.725098,1721315240.7431,87,3,388.553027,-26.230957,-191.318555,-154.182129,34.73877,-163.498535,1721315240.7431,0,0,-1,-1,0,0,0,0,0,0,0,0,0,0,0,0,-1,29.91,-1,12.84,-1,32.55,13.0,0,0,0,0,0,0,0,1721315240754573800,1721315240745618900,609
1721315240810090700,87,0,605.20957,-153.479004,-391.455176,-131.791992,26.872559,147.744141,1721315240.7761,85,1,669.50332,-151.916309,-382.302246,-121.640625,36.14502,5.471191,1721315240.7761,83,2,412.663184,9.041309,-202.145801,-157.653809,38.693848,45.637207,1721315240.7761,87,3,387.213574,-29.133105,-190.648828,-154.467773,34.650879,-163.54248,1721315240.7761,0,0,1721315240773584200,354,0,0,0,0,0,0,0,0,0,0,0,0,-1,29.7,-1,12.66,-1,32.99,13.0,0,0,0,0,0,0,0,1721315240803152900,1721315240781676000,610
1721315240844090100,87,0,604.316602,-153.479004,-391.790039,-131.879883,26.740723,147.722168,1721315240.8092,85,1,669.280078,-151.581445,-381.967383,-121.640625,36.123047,5.449219,1721315240.8092,83,2,410.542383,6.808887,-200.917969,-157.324219,38.38623,45.483398,1721315240.8092,87,3,385.427637,-32.928223,-188.75127,-154.445801,34.870605,-163.344727,1721315240.8092,0,0,-1,-1,0,0,0,0,0,0,0,0,0,0,0,0,-2,-2,-2,-2,-2,-2,-2,-2,-2,-2,-2,-2,-2,-2,-2,1721315240812533700,611
1721315240878092500,87,0,603.981738,-153.03252,-392.236523,-131.638184,26.71875,147.875977,1721315240.8423,85,1,668.610352,-150.576855,-382.190625,-121.398926,36.101074,5.427246,1721315240.8423,83,2,409.984277,5.581055,-199.355273,-156.994629,38.540039,45.439453,1721315240.8423,87,3,385.427637,-33.821191,-186.853711,-154.138184,35.507812,-163.718262,1721315240.8423,0,0,1721315240841090400,355,0,0,0,0,0,0,0,0,0,0,0,0,-1,29.7,-1,12.48,-1,31.44,14.0,0,0,0,0,0,0,0,1721315240852090100,1721315240849931600,612
1721315240911635600,87,0,604.539844,-155.711426,-392.013281,-131.835938,26.828613,148.117676,1721315240.879,85,1,669.391699,-150.911719,-380.851172,-121.398926,36.452637,5.405273,1721315240.879,83,2,409.649414,3.237012,-198.685547,-157.192383,38.496094,45.593262,1721315240.879,87,3,384.199805,-35.607129,-185.849121,-154.401855,35.441895,-164.091797,1721315240.879,0,0,-1,-1,0,0,0,0,0,0,0,0,0,0,0,0,-1,29.7,-1,12.48,-1,32.99,13.0,0,0,0,0,0,0,0,1721315240901635600,1721315240879107800,613
1721315240945643400,87,0,604.428223,-156.269531,-392.124902,-131.967773,26.71875,148.051758,1721315240.9121,85,1,669.168457,-151.916309,-381.186035,-121.640625,36.386719,5.251465,1721315240.9121,83,2,409.091309,1.785937,-198.350684,-156.818848,38.320312,46.362305,1721315240.9121,87,3,382.860352,-37.839551,-185.625879,-153.896484,35.200195,-163.190918,1721315240.9121,0,0,1721315240907637100,356,0,0,0,0,0,0,0,0,0,0,0,0,-2,-2,-2,-2,-2,-2,-2,-2,-2,-2,-2,-2,-2,-2,-2,1721315240945350200,615
1721315240979642800,87,0,604.093359,-155.264941,-392.013281,-131.835938,26.696777,148.051758,1721315240.9452,85,1,668.275488,-152.474414,-381.074414,-121.574707,36.210938,5.317383,1721315240.9452,83,2,407.975098,1.116211,-198.01582,-154.577637,37.661133,48.933105,1721315240.9452,87,3,382.302246,-40.071973,-183.170215,-151.984863,35.81543,-160.158691,1721315240.9452,0,0,-1,-1,0,0,0,0,0,0,0,0,0,0,0,0,-1,29.91,-1,12.31,-1,33.89,13.0,0,0,0,0,0,0,0,1721315240950635000,1721315240915539700,614
1721315241013165800,87,0,603.981738,-154.595215,-391.455176,-131.660156,26.762695,148.07373,1721315240.9783,85,1,667.159277,-152.251172,-380.62793,-121.376953,36.298828,5.427246,1721315240.9783,84,2,407.528613,-3.237012,-199.466895,-153.127441,35.925293,52.294922,1721315240.9783,87,3,379.734961,-40.518457,-181.60752,-150.073242,35.947266,-157.236328,1721315240.9783,0,0,1721315240973637000,357,0,0,0,0,0,0,0,0,0,0,0,0,-1,29.91,-1,12.31,-1,32.99,13.0,0,0,0,0,0,0,0,1721315241000155000,1721315241012906700,617
1721315241047167400,87,0,604.20498,-155.488184,-390.562207,-131.77002,26.850586,148.07373,1721315241.0113,85,1,667.605762,-152.586035,-380.293066,-121.574707,36.606445,5.251465,1721315241.0113,84,2,409.091309,-3.683496,-202.257422,-151.303711,34.057617,54.997559,1721315241.0113,87,3,380.739551,-40.964941,-181.161035,-148.491211,35.397949,-155.324707,1721315241.0113,0,0,-1,-1,0,0,0,0,0,0,0,0,0,0,0,0,-2,-2,-2,-2,-2,-2,-2,-2,-2,-2,-2,-2,-2,-2,-2,1721315240982249600,616
1721315241081154300,87,0,603.981738,-155.599805,-390.004102,-131.835938,26.762695,148.095703,1721315241.0481,85,1,667.494141,-153.03252,-380.069824,-121.618652,36.474609,5.251465,1721315241.0481,84,2,408.644824,-3.348633,-203.373633,-149.216309,31.706543,56.57959,1721315241.0481,87,3,381.186035,-42.527637,-178.59375,-146.711426,35.134277,-153.500977,1721315241.0481,0,0,1721315241041154800,358,0,0,0,0,0,0,0,0,0,0,0,0,-1,29.91,-1,12.13,-1,35.94,14.0,0,0,0,0,0,0,0,1721315241049156500,1721315241079736800,619
1721315241114699500,87,0,603.870117,-155.15332,-390.004102,-131.660156,26.762695,148.161621,1721315241.0812,85,1,667.047656,-152.697656,-379.734961,-121.398926,36.386719,5.339355,1721315241.0812,84,2,408.19834,-2.00918,-205.382812,-147.678223,28.366699,55.898438,1721315241.0812,87,3,381.409277,-45.094922,-179.040234,-144.975586,34.760742,-152.138672,1721315241.0812,0,0,-1,-1,0,0,0,0,0,0,0,0,0,0,0,0,-1,29.91,-1,12.31,-1,33.44,13.0,0,0,0,0,0,0,0,1721315241098690200,1721315241053024100,618
1721315241148699600,87,0,604.093359,-155.264941,-390.004102,-131.660156,26.894531,148.183594,1721315241.1142,85,1,667.047656,-153.702246,-378.841992,-121.376953,36.474609,5.493164,1721315241.1142,84,2,406.300781,-1.897559,-208.284961,-146.66748,23.642578,54.536133,1721315241.1142,87,3,382.860352,-45.653027,-177.924023,-144.140625,35.288086,-151.743164,1721315241.1142,0,0,1721315241107704100,359,0,0,0,0,0,0,0,0,0,0,0,0,-1,29.91,-1,12.66,-1,35.25,14.0,0,0,0,0,0,0,0,1721315241147699300,1721315241147477900,621
1721315241182700400,87,0,604.20498,-155.599805,-389.89248,-131.791992,26.938477,148.161621,1721315241.1804,85,1,667.605762,-156.15791,-378.507129,-121.640625,36.276855,5.515137,1721315241.1804,83,2,399.268652,4.353223,-219.112207,-141.416016,13.381348,51.503906,1721315241.1804,87,3,382.637109,-49.113281,-176.249707,-141.152344,34.606934,-153.742676,1721315241.1804,0,0,-1,-1,0,0,0,0,0,0,0,0,0,0,0,0,-2,-2,-2,-2,-2,-2,-2,-2,-2,-2,-2,-2,-2,-2,-2,1721315241120315700,620
1721315241216820700,87,0,604.20498,-155.599805,-389.89248,-131.77002,26.960449,148.183594,1721315241.1841,85,1,667.494141,-156.046289,-378.507129,-121.640625,36.276855,5.515137,1721315241.1841,83,2,398.933789,4.688086,-219.335449,-141.130371,13.051758,51.350098,1721315241.1841,87,3,383.195215,-49.00166,-176.249707,-140.976562,34.584961,-153.984375,1721315241.1841,0,0,1721315241173703500,360,0,0,0,0,0,0,0,0,0,0,0,0,-1,29.7,-1,11.95,-1,36.63,13.0,0,0,0,0,0,0,0,1721315241196720500,1721315241213629400,623
1721315241250819300,87,0,604.20498,-155.488184,-389.780859,-131.660156,27.04834,148.227539,1721315241.2171,85,1,667.270898,-155.599805,-378.61875,-121.464844,36.320801,5.559082,1721315241.2171,83,2,396.478125,4.12998,-220.786523,-139.921875,10.766602,49.855957,1721315241.2171,87,3,386.097363,-50.787598,-178.258887,-140.976562,33.903809,-156.906738,1721315241.2171,0,0,-1,-1,0,0,0,0,0,0,0,0,0,0,0,0,-1,29.7,-1,12.13,-1,36.4,14.0,0,0,0,0,0,0,0,1721315241241822200,1721315241249262300,624
1721315241284833400,87,0,604.874707,-156.15791,-389.89248,-131.748047,27.202148,148.205566,1721315241.2502,85,1,668.163867,-155.488184,-377.837402,-121.398926,36.496582,5.625,1721315241.2502,82,2,394.91543,3.348633,-222.125977,-139.658203,9.689941,48.735352,1721315241.2502,87,3,385.985742,-54.024609,-178.928613,-141.767578,33.640137,-158.181152,1721315241.2502,0,0,1721315241240827100,361,0,0,0,0,0,0,0,0,0,0,0,0,-2,-2,-2,-2,-2,-2,-2,-2,-2,-2,-2,-2,-2,-2,-2,1721315241281009300,625
1721315241318351300,87,0,604.763086,-157.608984,-390.227344,-131.901855,27.070312,148.205566,1721315241.2833,85,1,668.721973,-155.599805,-376.944434,-121.464844,36.496582,5.603027,1721315241.2833,83,2,395.027051,1.785937,-222.125977,-139.943848,10.195312,48.845215,1721315241.2833,87,3,385.874121,-55.14082,-179.375098,-142.009277,33.618164,-157.895508,1721315241.2833,0,0,-1,-1,0,0,0,0,0,0,0,0,0,0,0,0,-1,29.91,-1,12.31,-1,34.11,14.0,0,0,0,0,0,0,0,1721315241290826000,1721315241315798500,626
1721315241352360000,87,0,604.20498,-157.943848,-390.227344,-131.813965,27.004395,148.31543,1721315241.3163,85,1,668.275488,-154.930078,-376.944434,-121.376953,36.452637,5.603027,1721315241.3163,83,2,396.924609,0.669727,-221.009766,-140.317383,11.777344,49.328613,1721315241.3163,87,3,385.7625,-55.475684,-179.821582,-142.229004,33.859863,-157.587891,1721315241.3163,0,0,1721315241307353900,362,0,0,0,0,0,0,0,0,0,0,0,0,-1,29.7,-1,11.95,-1,34.34,13.0,0,0,0,0,0,0,0,1721315241340361300,1721315241348087300,627
1721315241386366400,87,0,604.539844,-157.497363,-390.562207,-131.748047,27.202148,148.337402,1721315241.3531,85,1,668.052246,-154.037109,-377.502539,-121.26709,36.5625,5.537109,1721315241.3531,84,2,399.938379,-3.683496,-218.554102,-142.163086,15.007324,49.96582,1721315241.3531,87,3,385.874121,-57.038379,-180.044824,-143.327637,35.310059,-156.379395,1721315241.3531,0,0,-1,-1,0,0,0,0,0,0,0,0,0,0,0,0,-2,-2,-2,-2,-2,-2,-2,-2,-2,-2,-2,-2,-2,-2,-2,1721315241386319500,628
1721315241419904300,87,0,604.428223,-158.055469,-390.673828,-131.989746,27.312012,148.205566,1721315241.3862,85,1,668.49873,-153.479004,-377.837402,-121.289062,36.672363,5.449219,1721315241.3862,84,2,400.719727,-5.692676,-217.32627,-142.932129,16.699219,51.130371,1721315241.3862,87,3,385.204395,-57.373242,-180.268066,-143.173828,35.068359,-154.885254,1721315241.3862,0,0,1721315241373355600,363,0,0,0,0,0,0,0,0,0,0,0,0,-1,29.7,-1,11.78,-1,53.28,13.0,0,0,0,0,0,0,0,1721315241389358400,1721315241414337900,629
1721315241453897200,87,0,604.093359,-157.720605,-390.89707,-132.033691,27.246094,148.139648,1721315241.4192,85,1,668.49873,-153.813867,-378.395508,-121.333008,36.540527,5.405273,1721315241.4192,84,2,401.501074,-5.357812,-216.32168,-142.734375,18.303223,52.470703,1721315241.4192,87,3,384.534668,-56.368652,-179.709961,-142.272949,34.892578,-153.171387,1721315241.4192,0,0,-1,-1,0,0,0,0,0,0,0,0,0,0,0,0,-1,29.91,-1,12.13,-1,53.28,14.0,0,0,0,0,0,0,0,1721315241437893700,1721315241452938500,630
1721315241487908100,87,0,603.870117,-156.604395,-391.008691,-131.77002,27.268066,148.139648,1721315241.4523,85,1,668.163867,-153.144141,-378.730371,-121.113281,36.496582,5.427246,1721315241.4523,84,2,402.282422,-4.688086,-216.210059,-142.470703,19.094238,53.305664,1721315241.4523,87,3,383.864941,-54.694336,-178.59375,-141.547852,35.200195,-152.380371,1721315241.4523,0,0,1721315241439894300,364,0,0,0,0,0,0,0,0,0,0,0,0,-1,29.7,-1,12.48,-1,58.91,13.0,0,0,0,0,0,0,0,1721315241487908100,1721315241481943100,631
1721315241521432200,87,0,603.870117,-156.604395,-391.455176,-131.77002,27.399902,148.051758,1721315241.4891,85,1,668.275488,-154.037109,-378.953613,-121.201172,36.760254,5.449219,1721315241.4891,84,2,402.617285,-4.911328,-214.982227,-142.580566,19.182129,53.876953,1721315241.4891,87,3,383.195215,-54.13623,-177.477539,-141.569824,35.507812,-152.29248,1721315241.4891,0,0,-1,-1,0,0,0,0,0,0,0,0,0,0,0,0,-2,-2,-2,-2,-2,-2,-2,-2,-2,-2,-2,-2,-2,-2,-2,1721315241185161700,622
1721315241555442100,87,0,603.758496,-156.939258,-391.678418,-131.85791,27.312012,148.007812,1721315241.5221,85,1,668.275488,-154.818457,-379.288477,-121.311035,36.650391,5.383301,1721315241.5221,84,2,402.170801,-3.348633,-213.754395,-142.119141,19.050293,54.711914,1721315241.5221,87,3,382.971973,-53.131641,-176.249707,-141.086426,35.397949,-151.721191,1721315241.5221,0,0,1721315241507434100,365,0,0,0,0,0,0,0,0,0,0,0,0,-1,29.91,-1,13.02,-1,56.62,14.0,0,0,0,0,0,0,0,1721315241536440700,1721315241548243800,633
1721315241589444700,87,0,603.423633,-156.939258,-391.455176,-131.726074,27.202148,148.117676,1721315241.5552,85,1,668.052246,-154.930078,-378.953613,-121.069336,36.452637,5.537109,1721315241.5552,84,2,402.840527,-1.451074,-212.30332,-141.328125,19.467773,55.83252,1721315241.5552,87,3,382.971973,-51.01084,-173.570801,-139.680176,35.969238,-150.13916,1721315241.5552,0,0,-1,-1,0,0,0,0,0,0,0,0,0,0,0,0,-1,29.7,-1,14.28,-1,59.2,14.0,0,0,0,0,0,0,0,1721315241585449000,1721315241586879100,634
1721315241622956300,87,0,603.200391,-155.823047,-391.343555,-131.462402,27.312012,148.161621,1721315241.5883,85,1,667.717383,-153.702246,-378.507129,-120.432129,36.386719,5.778809,1721315241.5883,84,2,404.17998,-1.562695,-209.624414,-141.306152,20.126953,57.106934,1721315241.5883,87,3,382.971973,-49.448145,-171.338379,-138.88916,36.760254,-148.908691,1721315241.5883,0,0,1721315241573437300,366,0,0,0,0,0,0,0,0,0,0,0,0,-2,-2,-2,-2,-2,-2,-2,-2,-2,-2,-2,-2,-2,-2,-2,1721315241617765600,635
1721315241656964000,87,0,603.535254,-156.716016,-390.785449,-131.572266,27.421875,148.249512,1721315241.6214,85,1,667.829004,-154.14873,-378.283887,-120.541992,36.518555,5.800781,1721315241.6214,84,2,404.291602,-0.223242,-207.280371,-141.108398,20.522461,58.095703,1721315241.6214,87,3,382.190625,-48.443555,-169.329199,-138.361816,37.089844,-147.810059,1721315241.6214,0,0,-1,-1,0,0,0,0,0,0,0,0,0,0,0,0,-1,29.7,-1,14.46,-1,75.41,14.0,0,0,0,0,0,0,0,1721315241634960700,1721315241652438800,636
1721315241690970900,87,0,603.312012,-157.1625,-390.785449,-131.594238,27.333984,148.31543,1721315241.6581,85,1,667.717383,-154.371973,-378.730371,-120.629883,36.474609,5.756836,1721315241.6581,83,2,404.514844,0.446484,-205.271191,-140.712891,21.09375,59.304199,1721315241.6581,87,3,381.409277,-46.211133,-167.208398,-136.999512,37.397461,-146.030273,1721315241.6581,0,0,1721315241639959800,367,0,0,0,0,0,0,0,0,0,0,0,0,-1,29.91,-1,14.46,-1,73.74,13.0,0,0,0,0,0,0,0,1721315241683958200,1721315241681920200,637
1721315241724485700,87,0,603.312012,-156.269531,-390.227344,-131.286621,27.37793,148.447266,1721315241.6912,85,1,667.159277,-153.479004,-378.61875,-120.27832,36.540527,5.932617,1721315241.6912,83,2,405.296191,1.785937,-203.485254,-139.987793,21.884766,60.512695,1721315241.6912,87,3,381.409277,-44.536816,-164.864355,-135.637207,38.122559,-144.51416,1721315241.6912,0,0,-1,-1,0,0,0,0,0,0,0,0,0,0,0,0,-2,-2,-2,-2,-2,-2,-2,-2,-2,-2,-2,-2,-2,-2,-2,1721315241721002300,638
1721315241758484000,87,0,603.981738,-157.832227,-387.883301,-131.286621,27.751465,148.776855,1721315241.7243,85,1,666.712793,-152.474414,-378.953613,-120.102539,36.958008,5.95459,1721315241.7243,83,2,406.635645,0.892969,-200.583105,-140.119629,22.807617,61.699219,1721315241.7243,87,3,380.516309,-43.643848,-163.078418,-135.043945,38.71582,-143.415527,1721315241.7243,0,0,1721315241706485900,368,0,0,0,0,0,0,0,0,0,0,0,0,-1,29.7,-1,14.1,-1,66.7,13.0,0,0,0,0,0,0,0,1721315241733492500,1721315241758443500,639
1721315241792481600,87,0,603.758496,-161.180859,-386.097363,-131.594238,27.685547,149.084473,1721315241.7904,85,1,665.819824,-154.260352,-379.065234,-120.366211,36.848145,5.888672,1721315241.7904,83,2,406.970508,3.460254,-198.127441,-138.581543,24.477539,65.083008,1721315241.7904,87,3,378.61875,-40.071973,-159.953027,-132.077637,39.133301,-139.042969,1721315241.7904,0,0,-1,-1,0,0,0,0,0,0,0,0,0,0,0,0,-1,29.7,-1,14.28,-1,56.34,13.0,0,0,0,0,0,0,0,1721315241782477200,1721315241789029000,640
1721315241826567200,87,0,604.093359,-160.622754,-386.208984,-131.594238,27.817383,148.974609,1721315241.7573,85,1,666.37793,-153.925488,-378.953613,-120.344238,36.958008,5.888672,1721315241.7573,83,2,405.742676,1.785937,-199.690137,-139.702148,23.225098,62.973633,1721315241.7573,87,3,378.395508,-42.192773,-161.962207,-134.143066,38.671875,-141.855469,1721315241.7573,0,0,1721315241773480400,369,0,0,0,0,0,0,0,0,0,0,0,0,-2,-2,-2,-2,-2,-2,-2,-2,-2,-2,-2,-2,-2,-2,-2,1721315241819854200,641
1721315241860574800,87,0,603.758496,-159.953027,-385.204395,-131.220703,27.817383,149.238281,1721315241.8272,85,1,665.708203,-152.920898,-379.065234,-119.992676,36.826172,5.910645,1721315241.8272,83,2,408.421582,2.567285,-196.676367,-138.22998,25.708008,67.214355,1721315241.8272,87,3,377.279297,-38.620898,-158.948437,-130.429688,39.682617,-136.669922,1721315241.8272,0,0,1721315241839554000,370,0,0,0,0,0,0,0,0,0,0,0,0,-1,29.91,-1,14.64,-1,34.8,13.0,0,0,0,0,0,0,0,1721315241831565700,1721315241521871700,632
1721315241894568200,87,0,603.758496,-159.394922,-385.539258,-131.242676,28.037109,149.128418,1721315241.8602,85,1,666.489551,-152.809277,-378.953613,-120.036621,37.023926,5.888672,1721315241.8602,83,2,408.644824,2.344043,-196.453125,-137.8125,26.455078,68.950195,1721315241.8602,87,3,376.051465,-38.062793,-158.836816,-129.155273,39.946289,-134.274902,1721315241.8602,0,0,-1,-1,0,0,0,0,0,0,0,0,0,0,0,0,-1,29.91,-1,14.82,-1,34.57,13.0,0,0,0,0,0,0,0,1721315241880562700,1721315241882480700,642
1721315241928167400,87,0,603.200391,-159.618164,-385.650879,-131.374512,27.971191,149.040527,1721315241.8933,85,1,667.047656,-154.037109,-378.283887,-120.234375,36.936035,5.888672,1721315241.8933,83,2,409.20293,3.01377,-196.676367,-136.647949,27.268066,71.520996,1721315241.8933,87,3,375.046875,-37.169824,-159.283301,-127.067871,39.682617,-131.044922,1721315241.8933,0,0,1721315241906086700,371,0,0,0,0,0,0,0,0,0,0,0,0,-2,-2,-2,-2,-2,-2,-2,-2,-2,-2,-2,-2,-2,-2,-2,1721315241921433600,643
1721315241962081900,87,0,602.977148,-160.064648,-385.316016,-131.352539,27.927246,149.172363,1721315241.9264,85,1,667.047656,-154.930078,-377.502539,-120.124512,36.804199,6.130371,1721315241.9264,83,2,410.988867,3.571875,-195.225293,-135.637207,28.432617,73.850098,1721315241.9264,87,3,374.265527,-34.602539,-158.613574,-124.936523,39.836426,-128.276367,1721315241.9264,0,0,-1,-1,0,0,0,0,0,0,0,0,0,0,0,0,-1,29.7,-1,14.1,-1,34.57,13.0,0,0,0,0,0,0,0,1721315241930166900,1721315241959723800,644
1721315241996179300,87,0,602.642285,-159.17168,-385.7625,-131.264648,28.015137,149.106445,1721315241.9631,85,1,667.047656,-155.264941,-377.167676,-120.102539,36.958008,6.174316,1721315241.9631,83,2,412.216699,2.902148,-195.336914,-135.791016,28.87207,74.729004,1721315241.9631,87,3,373.930664,-33.039844,-158.278711,-124.145508,40.056152,-126.694336,1721315241.9631,0,0,1721315241973083400,372,0,0,0,0,0,0,0,0,0,0,0,0,-1,29.7,-1,14.46,-1,35.48,13.0,0,0,0,0,0,0,0,1721315241979087100,1721315241988112600,645
1721315242029717100,87,0,602.865527,-159.394922,-386.208984,-131.396484,28.059082,148.996582,1721315241.9962,85,1,667.047656,-157.050879,-376.944434,-120.432129,37.023926,6.108398,1721315241.9962,83,2,411.32373,3.795117,-196.118262,-135.834961,28.146973,74.575195,1721315241.9962,87,3,373.707422,-32.481738,-158.501953,-124.321289,39.836426,-126.870117,1721315241.9962,0,0,-1,-1,0,0,0,0,0,0,0,0,0,0,0,0,-1,29.7,-1,14.28,-1,33.44,13.0,0,0,0,0,0,0,0,1721315242023718000,1721315242017486500,646
1721315242063720400,87,0,602.642285,-159.618164,-387.436816,-131.484375,27.861328,148.886719,1721315242.0293,85,1,667.047656,-157.050879,-377.502539,-120.476074,36.870117,6.020508,1721315242.0293,83,2,410.877246,6.250781,-196.229883,-135.527344,27.290039,73.762207,1721315242.0293,87,3,374.042285,-32.258496,-158.278711,-124.584961,39.748535,-127.595215,1721315242.0293,0,0,1721315242039711000,373,0,0,0,0,0,0,0,0,0,0,0,0,-2,-2,-2,-2,-2,-2,-2,-2,-2,-2,-2,-2,-2,-2,-2,1721315242055202200,647
1721315242097722800,87,0,602.307422,-156.939258,-389.222754,-131.088867,27.817383,148.688965,1721315242.0623,85,1,666.936035,-156.15791,-377.390918,-120.234375,36.848145,6.086426,1721315242.0623,83,2,410.430762,7.701855,-196.787988,-135.461426,26.235352,72.37793,1721315242.0623,87,3,375.939844,-30.919043,-158.278711,-125.112305,39.594727,-130.693359,1721315242.0623,0,0,-1,-1,0,0,0,0,0,0,0,0,0,0,0,0,-1,29.7,-1,14.82,-1,37.8,13.0,0,0,0,0,0,0,0,1721315242072717700,1721315242085307800,648
1721315242131261800,87,0,602.530664,-154.930078,-390.562207,-131.044922,28.059082,148.425293,1721315242.0991,85,1,667.38252,-155.488184,-377.949023,-120.19043,37.001953,5.998535,1721315242.0991,83,2,410.542383,7.366992,-197.346094,-136.032715,25.708008,71.586914,1721315242.0991,87,3,376.163086,-32.481738,-158.055469,-126.408691,39.353027,-132.363281,1721315242.0991,0,0,1721315242106254200,374,0,0,0,0,0,0,0,0,0,0,0,0,-1,29.91,-1,14.64,-1,52.46,14.0,0,0,0,0,0,0,0,1721315242122253800,1721315242120168400,649
1721315242165260700,87,0,602.419043,-155.15332,-391.008691,-131.19873,27.993164,148.31543,1721315242.1322,85,1,667.494141,-154.930078,-378.507129,-120.256348,37.001953,5.866699,1721315242.1322,83,2,409.872656,8.14834,-197.346094,-135.98877,25.532227,71.477051,1721315242.1322,87,3,376.386328,-32.593359,-158.055469,-126.782227,38.847656,-132.824707,1721315242.1322,0,0,-1,-1,0,0,0,0,0,0,0,0,0,0,0,0,-2,-2,-2,-2,-2,-2,-2,-2,-2,-2,-2,-2,-2,-2,-2,1721315242158583300,650
1721315242199267100,87,0,602.307422,-154.930078,-391.90166,-131.11084,27.839355,148.293457,1721315242.1652,85,1,666.936035,-154.260352,-378.841992,-120.168457,36.89209,5.844727,1721315242.1652,83,2,410.542383,8.259961,-196.787988,-135.856934,25.883789,71.762695,1721315242.1652,87,3,377.390918,-31.812012,-157.943848,-126.430664,38.869629,-132.539062,1721315242.1652,0,0,1721315242173258200,375,0,0,0,0,0,0,0,0,0,0,0,0,-1,29.91,-1,14.64,-1,54.94,14.0,0,0,0,0,0,0,0,1721315242171256100,1721315242186939900,651
1721315242232785500,87,0,602.642285,-152.697656,-393.017871,-130.693359,27.905273,148.271484,1721315242.1983,85,1,666.489551,-152.474414,-380.293066,-119.926758,36.848145,5.690918,1721315242.1983,83,2,414.3375,6.13916,-194.667187,-136.054688,27.619629,73.256836,1721315242.1983,87,3,378.060645,-32.035254,-157.943848,-126.364746,39.001465,-132.165527,1721315242.1983,0,0,-1,-1,0,0,0,0,0,0,0,0,0,0,0,0,-1,29.7,-1,14.1,-1,58.05,14.0,0,0,0,0,0,0,0,1721315242220793800,1721315242218322800,652
1721315242266796500,87,0,602.977148,-152.02793,-393.017871,-130.737305,28.015137,148.161621,1721315242.2314,85,1,666.824414,-151.134961,-381.520898,-120.058594,37.067871,5.383301,1721315242.2314,83,2,415.230469,4.464844,-193.662598,-136.472168,28.168945,73.674316,1721315242.2314,87,3,378.730371,-33.151465,-157.497363,-126.628418,39.484863,-131.484375,1721315242.2314,0,0,1721315242239806800,376,0,0,0,0,0,0,0,0,0,0,0,0,-2,-2,-2,-2,-2,-2,-2,-2,-2,-2,-2,-2,-2,-2,-2,1721315242255641300,653
1721315242300348100,87,0,602.307422,-152.474414,-393.017871,-130.869141,27.905273,148.139648,1721315242.2681,85,1,666.266309,-150.800098,-381.855762,-120.146484,37.023926,5.273438,1721315242.2681,83,2,415.676953,4.353223,-193.327734,-136.384277,28.366699,73.806152,1721315242.2681,87,3,379.065234,-33.821191,-156.827637,-126.672363,39.79248,-131.044922,1721315242.2681,0,0,-1,-1,0,0,0,0,0,0,0,0,0,0,0,0,-1,29.91,-1,13.74,-1,60.95,14.0,0,0,0,0,0,0,0,1721315242269793000,1721315242285831500,654
1721315242334424000,87,0,602.08418,-152.697656,-392.459766,-130.737305,27.883301,148.31543,1721315242.3012,85,1,665.819824,-150.130371,-381.63252,-119.882812,36.936035,5.361328,1721315242.3012,83,2,416.904785,4.353223,-191.765039,-136.120605,28.959961,74.091797,1721315242.3012,87,3,379.958203,-33.70957,-155.599805,-126.276855,40.385742,-130.605469,1721315242.3012,0,0,1721315242306356800,377,0,0,0,0,0,0,0,0,0,0,0,0,-1,29.91,-1,14.46,-1,60.36,13.0,0,0,0,0,0,0,0,1721315242319341900,1721315242321581800,655
1721315242368347000,87,0,602.08418,-154.037109,-392.348145,-130.803223,28.037109,148.447266,1721315242.3343,85,1,666.043066,-151.693066,-381.186035,-119.882812,37.111816,5.537109,1721315242.3343,83,2,418.244238,2.790527,-190.090723,-136.625977,29.487305,74.223633,1721315242.3343,87,3,380.851172,-34.156055,-153.925488,-126.320801,41.11084,-130.253906,1721315242.3343,0,0,-1,-1,0,0,0,0,0,0,0,0,0,0,0,0,-1,29.7,-1,13.92,-1,60.66,13.0,0,0,0,0,0,0,0,1721315242368347000,1721315242358504200,656
1721315242401889400,87,0,601.749316,-155.15332,-392.683008,-130.913086,27.971191,148.491211,1721315242.3674,85,1,666.266309,-153.590625,-380.516309,-120.036621,37.089844,5.690918,1721315242.3674,83,2,419.025586,1.674316,-187.969922,-136.999512,29.772949,74.553223,1721315242.3674,87,3,380.962793,-35.049023,-153.03252,-126.628418,41.220703,-130.012207,1721315242.3674,0,0,1721315242373342000,378,0,0,0,0,0,0,0,0,0,0,0,0,-2,-2,-2,-2,-2,-2,-2,-2,-2,-2,-2,-2,-2,-2,-2,1721315242388642000,657
1721315242435888800,87,0,601.637695,-155.488184,-392.348145,-130.803223,27.839355,148.64502,1721315242.4004,85,1,666.043066,-154.930078,-380.293066,-120.014648,36.89209,5.888672,1721315242.4004,83,2,420.588281,1.785937,-185.960742,-136.867676,30.234375,74.926758,1721315242.4004,87,3,381.855762,-35.495508,-151.358203,-126.584473,41.330566,-129.331055,1721315242.4004,0,0,-1,-1,0,0,0,0,0,0,0,0,0,0,0,0,-1,29.7,-1,14.1,-1,61.25,14.0,0,0,0,0,0,0,0,1721315242416895300,1721315242420910200,658
1721315242469969800,87,0,601.860937,-156.269531,-390.004102,-130.385742,27.949219,149.150391,1721315242.4372,85,1,665.484961,-154.818457,-379.846582,-119.53125,36.89209,6.196289,1721315242.4372,83,2,423.378809,0.892969,-181.942383,-137.438965,31.047363,74.729004,1721315242.4372,87,3,383.641699,-36.165234,-149.125781,-126.97998,41.594238,-128.847656,1721315242.4372,0,0,1721315242439886500,379,0,0,0,0,0,0,0,0,0,0,0,0,-1,29.91,-1,13.92,-1,54.38,13.0,0,0,0,0,0,0,0,1721315242465964200,1721315242455161500,659
1721315242503447300,87,0,602.419043,-158.278711,-388.77627,-130.517578,28.081055,149.370117,1721315242.4703,85,1,665.596582,-155.711426,-379.846582,-119.707031,37.133789,6.130371,1721315242.4703,83,2,424.383398,0.446484,-180.379687,-138.186035,30.783691,74.135742,1721315242.4703,87,3,384.534668,-36.388477,-147.674707,-127.792969,41.374512,-129.133301,1721315242.4703,0,0,-1,-1,0,0,0,0,0,0,0,0,0,0,0,0,-2,-2,-2,-2,-2,-2,-2,-2,-2,-2,-2,-2,-2,-2,-2,1721315242486296100,660
1721315242537440100,87,0,602.195801,-159.17168,-388.77627,-130.649414,27.905273,149.370117,1721315242.5033,85,1,664.926855,-157.720605,-379.734961,-119.94873,36.914062,6.130371,1721315242.5033,83,2,424.048535,1.00459,-180.714551,-138.273926,29.816895,73.87207,1721315242.5033,87,3,385.316016,-36.72334,-147.228223,-128.254395,40.495605,-129.418945,1721315242.5033,0,0,1721315242506439000,380,0,0,0,0,0,0,0,0,0,0,0,0,-1,29.7,-1,14.28,-1,54.38,14.0,0,0,0,0,0,0,0,1721315242515441300,1721315242522267800,661
1721315242571439300,87,0,602.195801,-159.394922,-388.106543,-130.517578,27.861328,149.589844,1721315242.5364,85,1,664.591992,-157.943848,-379.511719,-119.816895,36.804199,6.262207,1721315242.5364,83,2,425.499609,2.678906,-180.826172,-137.922363,29.245605,73.344727,1721315242.5364,87,3,387.548437,-36.165234,-145.88877,-128.034668,40.187988,-129.726562,1721315242.5364,0,0,-1,-1,0,0,0,0,0,0,0,0,0,0,0,0,-1,29.7,-1,14.1,-1,38.27,14.0,0,0,0,0,0,0,0,1721315242564449400,1721315242558958900,662
1721315242605056700,87,0,602.977148,-159.394922,-386.097363,-130.341797,28.103027,149.875488,1721315242.5695,85,1,664.815234,-157.385742,-378.841992,-119.641113,36.936035,6.37207,1721315242.5695,83,2,426.169336,1.897559,-180.714551,-138.603516,28.564453,72.092285,1721315242.5695,87,3,388.77627,-36.500098,-145.777148,-128.781738,39.638672,-130.891113,1721315242.5695,0,0,1721315242573439100,381,0,0,0,0,0,0,0,0,0,0,0,0,-2,-2,-2,-2,-2,-2,-2,-2,-2,-2,-2,-2,-2,-2,-2,1721315242587894700,663
1721315242638960600,87,0,603.423633,-160.957617,-385.204395,-130.649414,28.190918,149.963379,1721315242.6062,85,1,665.261719,-157.943848,-378.395508,-119.750977,37.001953,6.328125,1721315242.6062,83,2,424.941504,2.120801,-182.165625,-138.845215,27.619629,71.542969,1721315242.6062,87,3,388.999512,-36.946582,-146.893359,-129.462891,38.540039,-131.572266,1721315242.6062,0,0,-1,-1,0,0,0,0,0,0,0,0,0,0,0,0,-1,29.7,-1,14.28,-1,35.25,14.0,0,0,0,0,0,0,0,1721315242613971900,1721315242620721600,664
1721315242672960000,87,0,602.753906,-161.069238,-385.316016,-130.803223,28.037109,149.897461,1721315242.6393,85,1,665.150098,-159.060059,-378.060645,-119.904785,36.804199,6.28418,1721315242.6393,83,2,424.941504,3.571875,-183.505078,-138.361816,27.092285,71.652832,1721315242.6393,87,3,389.557617,-36.500098,-147.451465,-129.199219,37.573242,-131.418457,1721315242.6393,0,0,1721315242639961100,382,0,0,0,0,0,0,0,0,0,0,0,0,-1,29.91,-1,14.1,-1,35.94,14.0,0,0,0,0,0,0,0,1721315242662959600,1721315242655669100,665
1721315242706498100,87,0,602.642285,-158.725195,-385.7625,-130.495605,28.081055,149.787598,1721315242.6724,85,1,665.261719,-159.394922,-377.725781,-119.685059,36.738281,6.416016,1721315242.6724,83,2,425.387988,5.022949,-184.174805,-137.834473,26.762695,71.71875,1721315242.6724,87,3,390.338965,-35.049023,-147.451465,-128.869629,37.177734,-131.462402,1721315242.6724,0,0,-1,-1,0,0,0,0,0,0,0,0,0,0,0,0,-2,-2,-2,-2,-2,-2,-2,-2,-2,-2,-2,-2,-2,-2,-2,1721315242686645800,666
1721315242740485000,87,0,602.865527,-158.16709,-386.320605,-130.517578,28.168945,149.655762,1721315242.7055,85,1,666.824414,-159.283301,-376.944434,-119.619141,37.001953,6.547852,1721315242.7055,83,2,424.941504,4.799707,-185.402637,-137.900391,25.839844,71.477051,1721315242.7055,87,3,390.450586,-34.71416,-148.344434,-129.133301,36.342773,-131.923828,1721315242.7055,0,0,1721315242706498100,383,0,0,0,0,0,0,0,0,0,0,0,0,-1,29.91,-1,14.28,-1,36.87,13.0,0,0,0,0,0,0,0,1721315242712487200,1721315242722494100,667
1721315242774485800,87,0,602.642285,-158.836816,-386.990332,-130.737305,28.059082,149.523926,1721315242.7385,85,1,667.159277,-159.618164,-376.163086,-119.838867,37.045898,6.503906,1721315242.7385,83,2,423.043945,5.357812,-187.411816,-137.724609,24.147949,71.125488,1721315242.7385,87,3,390.338965,-34.937402,-149.237402,-129.440918,34.782715,-132.385254,1721315242.7385,0,0,-1,-1,0,0,0,0,0,0,0,0,0,0,0,0,-1,29.7,-1,14.1,-1,35.94,13.0,0,0,0,0,0,0,0,1721315242757494800,1721315242758747700,668
1721315242808235900,87,0,602.530664,-158.278711,-388.106543,-130.627441,27.861328,149.436035,1721315242.7753,85,1,667.047656,-158.055469,-376.497949,-119.663086,36.870117,6.416016,1721315242.7753,83,2,422.48584,8.259961,-188.75127,-136.779785,22.851562,70.136719,1721315242.7753,87,3,391.90166,-33.597949,-149.01416,-129.221191,33.881836,-133.374023,1721315242.7753,0,0,1721315242773485500,384,0,0,0,0,0,0,0,0,0,0,0,0,-1,29.7,-1,14.28,-1,35.71,13.0,0,0,0,0,0,0,0,1721315242806243900,1721315242788178400,669
1721315242841605800,87,0,602.642285,-157.608984,-388.106543,-130.495605,27.905273,149.458008,1721315242.8084,85,1,666.936035,-156.827637,-376.832812,-119.443359,36.89209,6.394043,1721315242.8084,83,2,421.48125,9.15293,-189.197754,-136.955566,21.643066,68.466797,1721315242.8084,87,3,392.571387,-33.263086,-147.897949,-129.748535,33.222656,-135.32959,1721315242.8084,0,0,-1,-1,0,0,0,0,0,0,0,0,0,0,0,0,-2,-2,-2,-2,-2,-2,-2,-2,-2,-2,-2,-2,-2,-2,-2,1721315242821593300,670
1721315242875604200,87,0,603.08877,-157.720605,-388.441406,-130.583496,27.993164,149.370117,1721315242.8414,85,1,667.270898,-156.15791,-377.056055,-119.465332,37.001953,6.306152,1721315242.8414,83,2,419.360449,9.822656,-190.090723,-137.263184,20.10498,66.994629,1721315242.8414,87,3,392.90625,-34.267676,-148.00957,-130.869141,32.255859,-137.416992,1721315242.8414,0,0,1721315242839615000,385,0,0,0,0,0,0,0,0,0,0,0,0,-1,29.91,-1,13.56,-1,34.8,13.0,0,0,0,0,0,0,0,1721315242855596600,1721315242857860500,671
1721315242909154500,87,0,602.530664,-157.608984,-389.334375,-130.737305,27.839355,149.172363,1721315242.8745,85,1,667.047656,-154.706836,-377.949023,-119.465332,36.914062,6.108398,1721315242.8745,84,2,417.574512,11.831836,-191.095312,-137.219238,18.786621,65.236816,1721315242.8745,87,3,393.241113,-34.490918,-148.456055,-131.945801,31.311035,-139.702148,1721315242.8745,0,0,-1,-1,0,0,0,0,0,0,0,0,0,0,0,0,-1,29.7,-1,14.82,-1,33.66,14.0,0,0,0,0,0,0,0,1721315242905142400,1721315242887246000,672
1721315242943154300,87,0,601.972559,-156.15791,-390.115723,-130.539551,27.751465,149.0625,1721315242.9076,85,1,666.489551,-151.581445,-379.846582,-119.047852,36.870117,5.95459,1721315242.9076,84,2,417.462891,12.836426,-190.983691,-137.416992,18.171387,63.720703,1721315242.9076,87,3,395.473535,-33.821191,-148.00957,-132.780762,30.893555,-141.723633,1721315242.9076,0,0,1721315242906143400,386,0,0,0,0,0,0,0,0,0,0,0,0,-2,-2,-2,-2,-2,-2,-2,-2,-2,-2,-2,-2,-2,-2,-2,1721315242921777100,673
1721315242977142500,87,0,601.749316,-155.934668,-390.227344,-130.517578,27.817383,149.0625,1721315242.9406,85,1,666.601172,-152.251172,-379.511719,-118.959961,36.914062,6.064453,1721315242.9406,84,2,416.34668,12.166699,-190.983691,-138.427734,17.490234,62.160645,1721315242.9406,87,3,396.143262,-35.71875,-149.460645,-134.736328,29.992676,-144.162598,1721315242.9406,0,0,-1,-1,0,0,0,0,0,0,0,0,0,0,0,0,-1,29.91,-1,15.56,-1,27.36,13.0,0,0,0,0,0,0,0,1721315242954143800,1721315242959941200,674
1721315243010690700,87,0,601.860937,-155.934668,-390.673828,-130.605469,27.79541,148.996582,1721315242.9774,85,1,667.38252,-153.925488,-378.841992,-119.157715,36.914062,6.152344,1721315242.9774,84,2,414.895605,11.943457,-192.658008,-138.867188,16.523438,61.018066,1721315242.9774,87,3,396.924609,-37.393066,-150.465234,-135.966797,28.652344,-145.810547,1721315242.9774,0,0,1721315242973143800,387,0,0,0,0,0,0,0,0,0,0,0,0,-1,29.91,-1,15.56,-1,26.73,13.0,0,0,0,0,0,0,0,1721315243002691100,1721315242989071900,675
1721315243044690900,87,0,602.307422,-155.488184,-391.120312,-130.473633,27.70752,149.018555,1721315243.0105,85,1,666.601172,-153.702246,-379.065234,-119.245605,36.870117,6.064453,1721315243.0105,84,2,415.34209,12.613184,-193.327734,-138.845215,16.391602,60.512695,1721315243.0105,87,3,398.04082,-36.72334,-151.469824,-136.318359,27.70752,-146.799316,1721315243.0105,0,0,-1,-1,0,0,0,0,0,0,0,0,0,0,0,0,-2,-2,-2,-2,-2,-2,-2,-2,-2,-2,-2,-2,-2,-2,-2,1721315243027851900,676
1721315243078350000,87,0,602.753906,-154.930078,-390.338965,-130.100098,27.817383,149.348145,1721315243.0435,85,1,666.043066,-152.474414,-379.400098,-119.003906,36.89209,6.064453,1721315243.0435,84,2,415.34209,12.948047,-193.216113,-139.240723,16.413574,59.699707,1721315243.0435,87,3,398.822168,-37.169824,-152.02793,-137.526855,27.004395,-148.007812,1721315243.0435,0,0,1721315243039698100,388,0,0,0,0,0,0,0,0,0,0,0,0,-1,29.7,-1,15.37,-1,23.25,13.0,0,0,0,0,0,0,0,1721315243051688100,1721315243074674600,677
1721315243111908200,87,0,602.865527,-155.264941,-389.445996,-130.166016,28.015137,149.370117,1721315243.0766,85,1,666.601172,-153.03252,-379.176855,-119.069824,37.089844,6.064453,1721315243.0766,84,2,413.891016,11.608594,-194.667187,-140.339355,15.380859,58.007812,1721315243.0766,87,3,398.822168,-37.951172,-154.260352,-139.284668,25.72998,-149.787598,1721315243.0766,0,0,-1,-1,0,0,0,0,0,0,0,0,0,0,0,0,-1,29.7,-1,15.37,-1,25.07,14.0,0,0,0,0,0,0,0,1721315243100909400,1721315243087431400,678
1721315243145907500,87,0,602.753906,-155.376562,-389.445996,-130.253906,27.993164,149.260254,1721315243.1097,85,1,666.712793,-154.706836,-378.953613,-119.289551,37.001953,6.086426,1721315243.1097,84,2,412.439941,11.496973,-194.89043,-140.625,13.864746,56.887207,1721315243.1097,87,3,399.491895,-38.620898,-154.930078,-140.229492,24.147949,-150.556641,1721315243.1097,0,0,1721315243106899700,389,0,0,0,0,0,0,0,0,0,0,0,0,-2,-2,-2,-2,-2,-2,-2,-2,-2,-2,-2,-2,-2,-2,-2,1721315243124110100,679
1721315243179909200,87,0,602.195801,-155.041699,-389.557617,-130.144043,27.927246,149.238281,1721315243.1464,85,1,666.37793,-154.930078,-378.507129,-119.179688,36.870117,6.174316,1721315243.1464,84,2,412.439941,14.175879,-196.341504,-139.833984,12.23877,55.678711,1721315243.1464,87,3,402.05918,-38.955762,-153.479004,-140.053711,23.598633,-150.666504,1721315243.1464,0,0,-1,-1,0,0,0,0,0,0,0,0,0,0,0,0,-1,29.91,-1,15.19,-1,26.52,14.0,0,0,0,0,0,0,0,1721315243149899800,1721315243155245700,680
1721315243214022500,87,0,601.414453,-156.716016,-388.329785,-130.166016,28.037109,149.436035,1721315243.1795,85,1,665.708203,-154.930078,-378.61875,-119.157715,37.001953,6.064453,1721315243.1795,84,2,411.435352,13.059668,-197.904199,-139.812012,10.283203,54.777832,1721315243.1795,87,3,401.724316,-39.290625,-153.590625,-140.185547,23.400879,-151.369629,1721315243.1795,0,0,1721315243172900900,390,0,0,0,0,0,0,0,0,0,0,0,0,-1,29.7,-1,14.82,-1,35.48,13.0,0,0,0,0,0,0,0,1721315243199911100,1721315243192153600,681
1721315243248013500,87,0,602.307422,-158.278711,-387.325195,-130.473633,28.234863,149.458008,1721315243.2126,85,1,666.266309,-155.934668,-379.734961,-119.575195,37.199707,5.581055,1721315243.2126,83,2,409.314551,14.2875,-199.690137,-138.955078,8.635254,54.777832,1721315243.2126,87,3,400.719727,-38.620898,-154.037109,-139.460449,22.456055,-151.325684,1721315243.2126,0,0,-1,-1,0,0,0,0,0,0,0,0,0,0,0,0,-2,-2,-2,-2,-2,-2,-2,-2,-2,-2,-2,-2,-2,-2,-2,1721315243221232700,682
1721315243282013500,87,0,602.08418,-158.613574,-387.213574,-130.561523,28.125,149.414062,1721315243.2457,85,1,666.154687,-156.827637,-378.172266,-119.663086,37.001953,5.690918,1721315243.2457,83,2,408.868066,15.403711,-200.025,-138.208008,8.349609,55.283203,1721315243.2457,87,3,400.608105,-38.286035,-153.813867,-138.691406,21.994629,-150.754395,1721315243.2457,0,0,1721315243239025100,391,0,0,0,0,0,0,0,0,0,0,0,0,-1,29.7,-1,15.19,-1,40.18,14.0,0,0,0,0,0,0,0,1721315243249016000,1721315243257773300,683
1721315243315560100,87,0,601.972559,-157.608984,-387.213574,-130.36377,28.168945,149.414062,1721315243.2824,85,1,665.931445,-156.381152,-377.725781,-119.421387,37.001953,5.844727,1721315243.2824,83,2,409.984277,15.961816,-199.913379,-137.548828,9.074707,56.074219,1721315243.2824,87,3,401.166211,-37.058203,-153.702246,-137.724609,22.236328,-149.787598,1721315243.2824,0,0,-1,-1,0,0,0,0,0,0,0,0,0,0,0,0,-1,29.91,-1,13.56,-1,41.39,14.0,0,0,0,0,0,0,0,1721315243298029000,1721315243305035500,684
1721315243349571400,87,0,602.195801,-158.055469,-386.878711,-130.385742,28.256836,149.458008,1721315243.3155,85,1,666.37793,-156.492773,-377.279297,-119.399414,37.177734,5.932617,1721315243.3155,83,2,410.430762,14.733984,-198.685547,-137.856445,9.953613,56.57959,1721315243.3155,87,3,400.719727,-36.834961,-152.809277,-137.724609,22.763672,-148.776855,1721315243.3155,0,0,1721315243306562600,392,0,0,0,0,0,0,0,0,0,0,0,0,-1,29.7,-1,13.74,-1,45.12,13.0,0,0,0,0,0,0,0,1721315243346573900,-1,-1
1721315243383564300,87,0,601.972559,-158.836816,-386.655469,-130.561523,28.212891,149.414062,1721315243.3486,85,1,666.601172,-156.15791,-377.390918,-119.53125,37.243652,5.822754,1721315243.3486,84,2,409.872656,15.515332,-198.350684,-137.8125,10.283203,57.019043,1721315243.3486,87,3,399.491895,-36.611719,-152.697656,-137.834473,22.631836,-148.07373,1721315243.3486,0,0,-1,-1,0,0,0,0,0,0,0,0,0,0,0,0,-2,-2,-2,-2,-2,-2,-2,-2,-2,-2,-2,-2,-2,-2,-2,1721315243354170400,685
1721315243417240800,87,0,601.526074,-158.501953,-386.878711,-130.45166,28.103027,149.370117,1721315243.3816,85,1,666.266309,-155.934668,-377.279297,-119.443359,37.177734,5.822754,1721315243.3816,84,2,410.319141,17.636133,-198.573926,-137.329102,10.568848,57.524414,1721315243.3816,87,3,399.380273,-34.490918,-152.586035,-137.351074,22.807617,-147.700195,1721315243.3816,0,0,1721315243372562000,393,0,0,0,0,0,0,0,0,0,0,0,0,-1,29.7,-1,13.38,-1,40.66,14.0,0,0,0,0,0,0,0,1721315243395573000,1721315243404399100,686
1721315243451239700,87,0,601.749316,-156.716016,-387.548437,-130.209961,28.212891,149.260254,1721315243.4184,85,1,666.489551,-155.488184,-377.056055,-119.179688,37.199707,5.888672,1721315243.4184,84,2,410.430762,17.524512,-197.680957,-137.460938,10.788574,57.788086,1721315243.4184,87,3,399.157031,-33.70957,-152.251172,-137.263184,23.027344,-147.524414,1721315243.4184,0,0,-1,-1,0,0,0,0,0,0,0,0,0,0,0,0,-1,29.7,-1,13.38,-1,53.28,14.0,0,0,0,0,0,0,0,1721315243445248500,1721315243422336400,687
1721315243485248600,87,0,602.08418,-156.381152,-387.883301,-130.319824,28.344727,149.106445,1721315243.4515,85,1,667.494141,-154.706836,-376.721191,-119.223633,37.507324,5.778809,1721315243.4515,84,2,410.319141,17.30127,-197.346094,-137.636719,10.744629,57.875977,1721315243.4515,87,3,398.933789,-33.597949,-151.916309,-137.351074,23.005371,-147.32666,1721315243.4515,0,0,1721315243439244500,394,0,0,0,0,0,0,0,0,0,0,0,0,-2,-2,-2,-2,-2,-2,-2,-2,-2,-2,-2,-2,-2,-2,-2,1721315243456798600,688
1721315243518803100,87,0,601.749316,-155.934668,-387.883301,-130.36377,28.234863,149.040527,1721315243.4845,85,1,667.605762,-154.818457,-376.60957,-119.355469,37.30957,5.712891,1721315243.4845,84,2,409.537793,18.640723,-197.680957,-137.329102,10.524902,58.337402,1721315243.4845,87,3,398.375684,-33.263086,-151.804688,-137.263184,22.653809,-146.843262,1721315243.4845,0,0,-1,-1,0,0,0,0,0,0,0,0,0,0,0,0,-1,29.7,-1,13.2,-1,43.86,13.0,0,0,0,0,0,0,0,1721315243494256100,1721315243503208500,689
1721315243552795600,87,0,601.526074,-154.483594,-388.77627,-130.12207,28.146973,148.952637,1721315243.5176,85,1,667.494141,-153.255762,-377.279297,-119.047852,37.177734,5.734863,1721315243.5176,84,2,410.095898,20.984766,-197.680957,-136.604004,10.788574,58.952637,1721315243.5176,87,3,398.710547,-31.142285,-151.246582,-136.450195,22.609863,-146.25,1721315243.5176,0,0,1721315243505797600,395,0,0,0,0,0,0,0,0,0,0,0,0,-1,29.7,-1,13.38,-1,38.75,14.0,0,0,0,0,0,0,0,1721315243539809400,1721315243524224100,690
1721315243586800200,87,0,601.414453,-154.930078,-389.222754,-130.12207,28.190918,149.040527,1721315243.5507,85,1,667.159277,-152.362793,-377.837402,-118.87207,37.265625,5.734863,1721315243.5507,84,2,410.319141,20.538281,-197.122852,-136.867676,10.942383,59.0625,1721315243.5507,87,3,399.04541,-30.137695,-150.241992,-136.186523,22.82959,-145.964355,1721315243.5507,0,0,-1,-1,0,0,0,0,0,0,0,0,0,0,0,0,-2,-2,-2,-2,-2,-2,-2,-2,-2,-2,-2,-2,-2,-2,-2,1721315243556102700,691
1721315243620455400,87,0,601.526074,-155.599805,-389.111133,-130.275879,28.234863,149.040527,1721315243.5874,85,1,667.047656,-152.251172,-378.507129,-118.959961,37.331543,5.625,1721315243.5874,84,2,409.761035,20.984766,-197.234473,-136.82373,10.612793,59.348145,1721315243.5874,87,3,398.264062,-29.57959,-150.353613,-136.186523,22.631836,-145.744629,1721315243.5874,0,0,1721315243573799000,396,0,0,0,0,0,0,0,0,0,0,0,0,-1,29.7,-1,13.2,-1,38.75,13.0,0,0,0,0,0,0,0,1721315243588800400,1721315243603943300,692
1721315243654455300,87,0,601.637695,-155.599805,-388.887891,-130.275879,28.146973,149.0625,1721315243.6205,85,1,666.712793,-151.916309,-378.953613,-118.916016,37.199707,5.603027,1721315243.6205,84,2,409.649414,23.105566,-197.346094,-136.054688,10.634766,60.314941,1721315243.6205,87,3,397.482715,-28.128516,-150.241992,-135.351562,22.368164,-144.624023,1721315243.6205,0,0,-1,-1,0,0,0,0,0,0,0,0,0,0,0,0,-1,29.7,-1,12.84,-1,38.51,14.0,0,0,0,0,0,0,0,1721315243637448700,1721315243622060100,693
1721315243688458400,87,0,601.749316,-154.706836,-389.222754,-130.03418,28.168945,149.106445,1721315243.6536,85,1,665.931445,-151.246582,-379.846582,-118.630371,37.155762,5.690918,1721315243.6536,84,2,410.319141,24.891504,-197.680957,-135.395508,10.854492,60.930176,1721315243.6536,87,3,397.594336,-25.784473,-149.683887,-134.230957,22.609863,-143.85498,1721315243.6536,0,0,1721315243639457100,397,0,0,0,0,0,0,0,0,0,0,0,0,-1,29.7,-1,12.84,-1,38.98,13.0,0,0,0,0,0,0,0,1721315243686449900,1721315243657527500,694
1721315243721982600,87,0,602.530664,-155.15332,-388.77627,-130.12207,28.278809,149.150391,1721315243.7197,85,1,666.043066,-153.367383,-379.846582,-118.937988,37.287598,5.690918,1721315243.7197,83,2,408.533203,23.552051,-197.792578,-135.41748,9.975586,61.567383,1721315243.7197,87,3,395.808398,-26.119336,-150.241992,-134.25293,22.324219,-144.558105,1721315243.7197,0,0,-1,-1,0,0,0,0,0,0,0,0,0,0,0,0,-2,-2,-2,-2,-2,-2,-2,-2,-2,-2,-2,-2,-2,-2,-2,1721315243704131200,695
1721315243755989200,87,0,602.08418,-154.706836,-389.111133,-130.056152,28.278809,149.106445,1721315243.6866,85,1,666.154687,-153.03252,-379.400098,-118.78418,37.353516,5.822754,1721315243.6866,84,2,410.095898,23.663672,-197.346094,-135.549316,10.678711,61.45752,1721315243.6866,87,3,396.812988,-25.449609,-149.683887,-134.121094,22.631836,-143.964844,1721315243.6866,0,0,1721315243706981100,398,0,0,0,0,0,0,0,0,0,0,0,0,-1,29.7,-1,12.84,-1,38.98,13.0,0,0,0,0,0,0,0,1721315243736080600,1721315243725469400,696
1721315243789999600,87,0,602.530664,-155.15332,-388.218164,-129.990234,28.234863,149.282227,1721315243.7565,85,1,665.261719,-152.809277,-380.181445,-118.762207,37.111816,5.646973,1721315243.7565,83,2,407.751855,25.337988,-197.569336,-135.065918,9.799805,60.820312,1721315243.7565,87,3,396.254883,-25.672852,-149.460645,-134.296875,22.521973,-146.711426,1721315243.7565,0,0,-1,-1,0,0,0,0,0,0,0,0,0,0,0,0,-1,29.91,-1,12.84,-1,38.75,14.0,0,0,0,0,0,0,0,1721315243784983600,1721315243756408100,697
1721315243823528600,87,0,602.642285,-154.930078,-387.101953,-129.770508,28.366699,149.501953,1721315243.7895,85,1,664.926855,-153.367383,-379.065234,-118.608398,37.111816,5.822754,1721315243.7895,84,2,407.640234,23.775293,-195.671777,-135.812988,10.019531,59.655762,1721315243.7895,87,3,396.924609,-26.900684,-148.790918,-135.109863,22.983398,-147.700195,1721315243.7895,0,0,1721315243773997500,399,0,0,0,0,0,0,0,0,0,0,0,0,-2,-2,-2,-2,-2,-2,-2,-2,-2,-2,-2,-2,-2,-2,-2,1721315243823195900,699
1721315243857209300,87,0,602.530664,-155.488184,-386.76709,-129.902344,28.410645,149.458008,1721315243.8226,85,1,664.815234,-155.599805,-378.61875,-118.981934,37.243652,5.844727,1721315243.8226,83,2,407.305371,22.882324,-196.006641,-136.230469,9.689941,59.304199,1721315243.8226,87,3,396.589746,-28.463379,-150.01875,-135.834961,22.807617,-148.491211,1721315243.8226,0,0,-1,-1,0,0,0,0,0,0,0,0,0,0,0,0,-1,29.91,-1,12.66,-1,39.22,13.0,0,0,0,0,0,0,0,1721315243834214300,1721315243803311900,698
1721315243891231100,87,0,602.307422,-156.046289,-387.101953,-129.946289,28.234863,149.436035,1721315243.8557,85,1,664.926855,-156.492773,-377.949023,-119.069824,37.111816,5.932617,1721315243.8557,83,2,407.19375,22.100977,-196.564746,-136.384277,9.404297,59.128418,1721315243.8557,87,3,396.812988,-29.356348,-149.795508,-136.098633,22.807617,-148.754883,1721315243.8557,0,0,1721315243839209000,400,0,0,0,0,0,0,0,0,0,0,0,0,-1,29.91,-1,12.66,-1,27.15,13.0,0,0,0,0,0,0,0,1721315243883206800,1721315243891057200,700
1721315243924768400,87,0,602.08418,-156.492773,-387.213574,-129.836426,28.168945,149.567871,1721315243.8924,85,1,664.480371,-156.381152,-375.493359,-118.564453,36.97998,6.328125,1721315243.8924,83,2,407.975098,21.989355,-196.229883,-136.274414,9.711914,58.535156,1721315243.8924,87,3,397.817578,-29.57959,-149.460645,-136.098633,23.115234,-149.128418,1721315243.8924,0,0,-1,-1,0,0,0,0,0,0,0,0,0,0,0,0,-2,-2,-2,-2,-2,-2,-2,-2,-2,-2,-2,-2,-2,-2,-2,-1,-1
1721315243958774400,87,0,601.860937,-158.613574,-386.432227,-130.056152,28.344727,149.743652,1721315243.9255,85,1,664.926855,-157.608984,-374.935254,-118.718262,37.265625,6.328125,1721315243.9255,83,2,408.756445,19.087207,-196.006641,-137.087402,9.909668,58.029785,1721315243.9255,87,3,398.152441,-32.035254,-150.01875,-137.087402,23.334961,-149.743652,1721315243.9255,0,0,1721315243905769600,401,0,0,0,0,0,0,0,0,0,0,0,0,-1,29.91,-1,13.02,-1,20.87,14.0,0,0,0,0,0,0,0,1721315243932767600,1721315243956481600,702
1721315243992788200,87,0,601.860937,-159.729785,-386.76709,-130.319824,28.344727,149.655762,1721315243.9586,85,1,665.261719,-158.278711,-375.60498,-118.937988,37.22168,6.152344,1721315243.9586,83,2,408.086719,18.41748,-196.899609,-137.351074,9.51416,57.810059,1721315243.9586,87,3,398.375684,-33.597949,-150.241992,-137.592773,23.203125,-149.80957,1721315243.9586,0,0,-1,-1,0,0,0,0,0,0,0,0,0,0,0,0,-1,29.7,-1,12.84,-1,-1,13.0,0,0,0,0,0,0,0,1721315243969775800,1721315243926312000,701
1721315244026320300,87,0,601.860937,-159.283301,-387.101953,-130.275879,28.300781,149.611816,1721315243.9917,85,1,665.038477,-158.390332,-375.493359,-118.894043,37.089844,6.174316,1721315243.9917,83,2,408.533203,17.970996,-197.122852,-137.416992,9.624023,57.788086,1721315243.9917,87,3,399.04541,-34.044434,-150.241992,-137.636719,23.400879,-149.589844,1721315243.9917,0,0,1721315243972768400,402,0,0,0,0,0,0,0,0,0,0,0,0,-1,29.7,-1,13.2,-1,-1,13.0,0,0,0,0,0,0,0,1721315244006320100,1721315244023796000,704
1721315244060312700,87,0,601.860937,-158.501953,-387.213574,-130.144043,28.344727,149.567871,1721315244.0247,85,1,664.926855,-157.274121,-375.158496,-118.630371,37.133789,6.174316,1721315244.0247,84,2,410.20752,16.966406,-196.787988,-137.702637,10.041504,57.788086,1721315244.0247,87,3,400.05,-35.160645,-150.353613,-137.900391,23.708496,-149.370117,1721315244.0247,0,0,-1,-1,0,0,0,0,0,0,0,0,0,0,0,0,-1,29.7,-1,13.2,-1,-1,14.0,0,0,0,0,0,0,0,1721315244043313000,1721315244060271300,705
1721315244094018100,87,0,601.972559,-158.055469,-387.548437,-130.253906,28.476562,149.39209,1721315244.0615,85,1,665.596582,-157.832227,-374.935254,-118.828125,37.30957,6.064453,1721315244.0615,83,2,410.988867,14.2875,-196.899609,-138.691406,9.997559,57.612305,1721315244.0615,87,3,400.273242,-37.951172,-150.465234,-138.955078,23.774414,-149.458008,1721315244.0615,0,0,1721315244039322300,403,0,0,0,0,0,0,0,0,0,0,0,0,-1,29.7,-1,13.02,-1,-1,13.0,0,0,0,0,0,0,0,1721315244075986800,1721315244002870800,703
1721315244127535600,87,0,601.414453,-158.613574,-387.994922,-130.473633,28.256836,149.238281,1721315244.0946,85,1,665.596582,-157.943848,-375.381738,-119.135742,37.22168,5.888672,1721315244.0946,83,2,410.765625,13.506152,-197.457715,-139.108887,9.689941,57.436523,1721315244.0946,87,3,400.608105,-39.067383,-151.02334,-139.482422,23.620605,-149.567871,1721315244.0946,0,0,-1,-1,0,0,0,0,0,0,0,0,0,0,0,0,-1,29.7,-1,12.84,-1,-1,13.0,0,0,0,0,0,0,0,1721315244112539100,1721315244124784700,707
1721315244161531700,87,0,601.07959,-158.16709,-388.106543,-130.253906,28.125,149.238281,1721315244.1276,85,1,665.261719,-156.269531,-375.60498,-118.916016,37.243652,5.822754,1721315244.1276,83,2,411.881836,14.064258,-197.457715,-138.999023,9.909668,57.32666,1721315244.1276,87,3,401.724316,-38.620898,-150.911719,-139.372559,23.862305,-149.567871,1721315244.1276,0,0,1721315244106527800,404,0,0,0,0,0,0,0,0,0,0,0,0,-1,29.7,-1,12.84,-1,-1,13.0,0,0,0,0,0,0,0,1721315244149528400,1721315244159214600,708
1721315244195539900,87,0,601.526074,-157.274121,-388.106543,-130.144043,28.256836,149.282227,1721315244.1607,85,1,665.708203,-155.711426,-375.60498,-118.828125,37.375488,5.800781,1721315244.1607,84,2,413.33291,12.948047,-197.234473,-139.504395,10.217285,57.106934,1721315244.1607,87,3,402.394043,-39.067383,-151.246582,-139.702148,24.016113,-149.72168,1721315244.1607,0,0,1721315244172527200,405,0,0,0,0,0,0,0,0,0,0,0,0,-1,29.7,-1,13.2,-1,-1,13.0,0,0,0,0,0,0,0,1721315244186534100,1721315244103603400,706
1721315244229069800,87,0,601.302832,-157.274121,-387.77168,-130.275879,28.300781,149.238281,1721315244.1938,85,1,666.266309,-156.046289,-375.716602,-118.959961,37.375488,5.690918,1721315244.1938,83,2,413.109668,12.166699,-198.685547,-139.943848,9.799805,56.843262,1721315244.1938,87,3,402.282422,-40.071973,-152.474414,-140.317383,23.730469,-149.853516,1721315244.1938,0,0,-1,-1,0,0,0,0,0,0,0,0,0,0,0,0,-1,29.7,-1,12.66,-1,-1,14.0,0,0,0,0,0,0,0,1721315244223062000,1721315244224685800,710
1721315244263060900,87,0,600.967969,-157.274121,-388.106543,-130.319824,28.125,149.172363,1721315244.2269,85,1,665.708203,-156.492773,-376.386328,-119.157715,37.177734,5.603027,1721315244.2269,83,2,412.998047,12.613184,-199.466895,-139.899902,9.624023,56.865234,1721315244.2269,87,3,402.952148,-39.960352,-153.144141,-140.361328,23.48877,-149.633789,1721315244.2269,0,0,1721315244239063100,406,0,0,0,0,0,0,0,0,0,0,0,0,-1,29.7,-1,12.66,-1,-1,13.0,0,0,0,0,0,0,0,1721315244260061000,1721315244261140800,711
1721315244297074400,87,0,601.07959,-155.599805,-388.664648,-130.03418,28.146973,149.128418,1721315244.2636,85,1,665.261719,-154.595215,-377.61416,-118.850098,37.067871,5.537109,1721315244.2636,83,2,413.556152,13.171289,-198.797168,-139.768066,9.865723,56.953125,1721315244.2636,87,3,403.733496,-39.067383,-152.809277,-140.053711,23.620605,-149.523926,1721315244.2636,0,0,-1,-1,0,0,0,0,0,0,0,0,0,0,0,0,-1,29.7,-1,12.48,-1,-1,13.0,0,0,0,0,0,0,0,1721315244297074400,1721315244202919500,709
1721315244330601000,87,0,601.637695,-154.595215,-389.222754,-130.012207,28.300781,149.018555,1721315244.2967,85,1,665.819824,-154.595215,-378.283887,-118.916016,37.177734,5.515137,1721315244.2967,84,2,414.114258,12.501562,-198.573926,-140.119629,10.041504,56.90918,1721315244.2967,87,3,403.956738,-39.067383,-152.809277,-140.20752,23.664551,-149.567871,1721315244.2967,0,0,-1,-1,0,0,0,0,0,0,0,0,0,0,0,0,-2,-2,-2,-2,-2,-2,-2,-2,-2,-2,-2,-2,-2,-2,-2,1721315244327170400,713
1721315244364602700,87,0,601.526074,-154.14873,-390.004102,-130.100098,28.234863,148.864746,1721315244.3298,85,1,665.819824,-155.264941,-378.841992,-119.091797,37.067871,5.427246,1721315244.3298,83,2,413.779395,13.059668,-199.355273,-140.119629,9.799805,56.887207,1721315244.3298,87,3,403.845117,-39.179004,-153.479004,-140.471191,23.24707,-149.501953,1721315244.3298,0,0,1721315244306596800,407,0,0,0,0,0,0,0,0,0,0,0,0,-1,29.7,-1,12.13,-1,-1,13.0,0,0,0,0,0,0,0,1721315244333602200,1721315244357931900,714
1721315244398606000,87,0,601.302832,-154.260352,-390.227344,-130.03418,28.125,148.952637,1721315244.3628,85,1,665.37334,-154.818457,-379.511719,-118.981934,36.89209,5.471191,1721315244.3628,83,2,413.779395,13.841016,-199.243652,-139.943848,9.865723,56.99707,1721315244.3628,87,3,403.956738,-38.620898,-153.590625,-140.29541,23.093262,-149.282227,1721315244.3628,0,0,1721315244372597800,408,0,0,0,0,0,0,0,0,0,0,0,0,-1,29.7,-1,12.13,-1,-1,13.0,0,0,0,0,0,0,0,1721315244370593900,1721315244303160600,712
1721315244432128900,87,0,601.414453,-154.706836,-390.115723,-129.990234,28.212891,149.106445,1721315244.3996,85,1,665.931445,-153.367383,-379.734961,-118.674316,37.001953,5.581055,1721315244.3996,84,2,414.225879,13.841016,-198.573926,-140.009766,10.019531,57.172852,1721315244.3996,87,3,404.068359,-38.286035,-153.367383,-140.251465,23.137207,-149.216309,1721315244.3996,0,0,-1,-1,0,0,0,0,0,0,0,0,0,0,0,0,-1,29.91,-1,11.6,-1,-1,13.0,0,0,0,0,0,0,0,1721315244404121000,1721315244425085000,716
1721315244466130200,87,0,601.637695,-155.488184,-389.780859,-130.144043,28.300781,149.128418,1721315244.4327,85,1,666.489551,-153.590625,-379.958203,-118.78418,37.045898,5.537109,1721315244.4327,83,2,414.114258,13.394531,-198.127441,-140.361328,9.799805,57.458496,1721315244.4327,87,3,404.17998,-38.286035,-153.367383,-140.383301,23.027344,-149.128418,1721315244.4327,0,0,1721315244440123400,409,0,0,0,0,0,0,0,0,0,0,0,0,-1,29.7,-1,11.43,-1,-1,13.0,0,0,0,0,0,0,0,1721315244440123400,1721315244460675200,717
1721315244500133900,87,0,601.526074,-156.604395,-389.557617,-130.275879,28.168945,149.216309,1721315244.4657,85,1,665.931445,-153.813867,-379.846582,-118.894043,36.936035,5.471191,1721315244.4657,83,2,413.33291,14.2875,-199.132031,-140.185547,9.228516,57.766113,1721315244.4657,87,3,404.291602,-38.062793,-153.144141,-140.251465,22.5,-148.754883,1721315244.4657,0,0,-1,-1,0,0,0,0,0,0,0,0,0,0,0,0,-1,29.7,-1,11.43,-1,-1,13.0,0,0,0,0,0,0,0,1721315244477138700,1721315244402783700,715
1721315244533647900,87,0,601.526074,-157.608984,-388.329785,-130.078125,28.103027,149.545898,1721315244.4988,85,1,665.261719,-153.702246,-379.400098,-118.762207,36.936035,5.559082,1721315244.4988,83,2,413.779395,15.180469,-199.243652,-139.987793,9.206543,57.875977,1721315244.4988,87,3,404.514844,-37.169824,-152.809277,-140.075684,22.280273,-148.798828,1721315244.4988,0,0,1721315244506640400,410,0,0,0,0,0,0,0,0,0,0,0,0,-1,29.7,-1,11.78,-1,-1,13.0,0,0,0,0,0,0,0,1721315244514646100,1721315244527761300,719
1721315244567646400,87,0,601.749316,-158.278711,-388.106543,-130.100098,28.234863,149.611816,1721315244.5319,85,1,665.484961,-154.371973,-378.841992,-118.806152,37.133789,5.646973,1721315244.5319,83,2,413.891016,14.622363,-198.908789,-140.427246,9.18457,57.700195,1721315244.5319,87,3,404.626465,-36.72334,-152.474414,-140.581055,21.994629,-149.523926,1721315244.5319,0,0,-1,-1,0,0,0,0,0,0,0,0,0,0,0,0,-1,29.7,-1,29.91,-1,-1,13.0,0,0,0,0,0,0,0,1721315244550648200,1721315244558857600,720
1721315244601160200,87,0,601.749316,-159.17168,-387.548437,-130.275879,28.278809,149.633789,1721315244.5686,85,1,665.150098,-156.716016,-377.837402,-119.179688,37.199707,5.690918,1721315244.5686,83,2,412.663184,14.2875,-198.908789,-140.95459,8.261719,57.282715,1721315244.5686,87,3,403.845117,-37.504687,-153.255762,-141.306152,20.895996,-150.029297,1721315244.5686,0,0,1721315244572640000,411,0,0,0,0,0,0,0,0,0,0,0,0,-1,29.91,-1,26.73,-1,-1,13.0,0,0,0,0,0,0,0,1721315244588657600,1721315244502963500,718
1721315244635172700,87,0,601.749316,-159.283301,-386.990332,-130.253906,28.234863,149.699707,1721315244.6017,85,1,664.257129,-156.939258,-377.725781,-119.223633,37.067871,5.668945,1721315244.6017,83,2,412.439941,15.403711,-199.132031,-140.449219,7.800293,57.194824,1721315244.6017,87,3,404.291602,-37.058203,-153.144141,-140.998535,20.720215,-149.853516,1721315244.6017,0,0,-1,-1,0,0,0,0,0,0,0,0,0,0,0,0,-1,29.7,-1,33.66,-1,-1,13.0,0,0,0,0,0,0,0,1721315244625172900,1721315244626467800,722
1721315244669172700,87,0,601.749316,-158.390332,-386.76709,-130.078125,28.322754,149.743652,1721315244.6348,85,1,663.810645,-157.608984,-377.167676,-119.003906,37.023926,5.822754,1721315244.6348,83,2,412.105078,15.515332,-199.466895,-140.29541,7.426758,57.062988,1721315244.6348,87,3,404.626465,-37.058203,-152.920898,-140.866699,20.742188,-149.743652,1721315244.6348,0,0,1721315244639174000,412,0,0,0,0,0,0,0,0,0,0,0,0,-1,29.7,-1,35.25,-1,-1,13.0,0,0,0,0,0,0,0,1721315244661172400,1721315244659654100,723
1721315244702789400,87,0,601.860937,-159.060059,-386.320605,-130.187988,28.45459,149.743652,1721315244.6678,85,1,665.038477,-160.734375,-375.828223,-119.245605,37.243652,5.998535,1721315244.6678,83,2,411.546973,14.510742,-199.913379,-140.668945,6.943359,56.953125,1721315244.6678,87,3,404.738086,-37.169824,-152.920898,-140.888672,20.698242,-149.765625,1721315244.6678,0,0,-1,-1,0,0,0,0,0,0,0,0,0,0,0,0,-1,29.91,-1,34.11,-1,-1,13.0,0,0,0,0,0,0,0,1721315244698258300,1721315244601643400,721
1721315244736797300,87,0,600.967969,-159.506543,-386.543848,-130.45166,28.344727,149.567871,1721315244.7009,85,1,664.815234,-161.738965,-374.823633,-119.421387,37.155762,5.998535,1721315244.7009,83,2,410.654004,15.180469,-201.02959,-140.515137,6.28418,56.931152,1721315244.7009,87,3,404.626465,-37.616309,-153.590625,-141.020508,20.236816,-149.831543,1721315244.7009,0,0,1721315244705802200,413,0,0,0,0,0,0,0,0,0,0,0,0,-1,29.7,-1,36.4,-1,-1,13.0,0,0,0,0,0,0,0,1721315244731792200,1721315244727965800,724
1721315244770789700,87,0,600.298242,-159.283301,-386.543848,-130.385742,28.256836,149.567871,1721315244.7377,85,1,664.703613,-161.180859,-374.48877,-119.20166,37.023926,6.086426,1721315244.7377,83,2,410.988867,15.850195,-200.806348,-140.273438,6.416016,57.019043,1721315244.7377,87,3,404.961328,-37.393066,-153.925488,-140.800781,20.126953,-149.743652,1721315244.7377,0,0,-1,-1,0,0,0,0,0,0,0,0,0,0,0,0,-1,29.7,-1,37.1,-1,-1,13.0,0,0,0,0,0,0,0,1721315244767797900,1721315244759622500,725
1721315244804335700,87,0,600.744727,-159.060059,-385.985742,-130.341797,28.410645,149.655762,1721315244.7707,85,1,665.261719,-160.399512,-374.265527,-119.025879,37.155762,6.130371,1721315244.7707,83,2,411.212109,15.626953,-200.583105,-140.317383,6.525879,57.041016,1721315244.7707,87,3,405.072949,-37.393066,-153.925488,-140.800781,20.148926,-149.80957,1721315244.7707,0,0,1721315244772792300,414,0,0,0,0,0,0,0,0,0,0,0,0,-2,-2,-2,-2,-2,-2,-2,-2,-2,-2,-2,-2,-2,-2,-2,1721315244802797800,726
1721315244838327700,87,0,601.191211,-160.17627,-385.427637,-130.517578,28.432617,149.699707,1721315244.8038,85,1,665.596582,-159.953027,-374.265527,-119.091797,37.22168,5.976562,1721315244.8038,83,2,411.546973,14.622363,-200.136621,-140.668945,6.767578,57.019043,1721315244.8038,87,3,405.18457,-37.72793,-153.925488,-141.064453,20.039062,-150.007324,1721315244.8038,0,0,-1,-1,0,0,0,0,0,0,0,0,0,0,0,0,-1,29.91,-1,35.94,-1,-1,13.0,0,0,0,0,0,0,0,1721315244805341700,1721315244827079900,727
1721315244872334800,87,0,600.967969,-159.841406,-385.7625,-130.517578,28.256836,149.611816,1721315244.8369,85,1,665.596582,-158.613574,-374.712012,-119.135742,37.177734,5.756836,1721315244.8369,83,2,411.546973,14.845605,-200.359863,-140.668945,6.789551,57.019043,1721315244.8369,87,3,405.519434,-37.72793,-154.037109,-141.130371,19.775391,-150.073242,1721315244.8369,0,0,1721315244839329800,415,0,0,0,0,0,0,0,0,0,0,0,0,-1,29.7,-1,29.7,-1,-1,13.0,0,0,0,0,0,0,0,1721315244842338600,1721315244866473700,728
1721315244905891100,87,0,600.967969,-158.613574,-386.097363,-130.297852,28.256836,149.545898,1721315244.87,85,1,665.484961,-157.050879,-375.270117,-118.916016,37.22168,5.712891,1721315244.87,83,2,412.105078,15.515332,-200.694727,-140.515137,6.943359,56.975098,1721315244.87,87,3,405.742676,-37.393066,-154.037109,-140.998535,19.841309,-150.05127,1721315244.87,0,0,-1,-1,0,0,0,0,0,0,0,0,0,0,0,0,-1,29.7,-1,25.07,-1,-1,13.0,0,0,0,0,0,0,0,1721315244878334900,1721315244903049400,729
1721315244939893800,87,0,601.191211,-158.16709,-386.097363,-130.297852,28.388672,149.501953,1721315244.9067,85,1,665.931445,-156.716016,-376.051465,-118.916016,37.331543,5.603027,1721315244.9067,83,2,412.439941,15.515332,-200.694727,-140.625,7.053223,56.799316,1721315244.9067,87,3,405.854297,-37.504687,-154.260352,-141.108398,19.951172,-150.183105,1721315244.9067,0,0,1721315244905891100,416,0,0,0,0,0,0,0,0,0,0,0,0,-1,29.7,-1,55.5,-1,-1,13.0,0,0,0,0,0,0,0,1721315244915886500,1721315244929555300,730
1721315244973896300,87,0,601.302832,-158.055469,-386.320605,-130.385742,28.366699,149.414062,1721315244.9398,85,1,666.043066,-156.604395,-376.497949,-119.003906,37.243652,5.537109,1721315244.9398,83,2,412.105078,15.515332,-200.917969,-140.668945,6.943359,56.733398,1721315244.9398,87,3,405.519434,-37.839551,-154.595215,-141.328125,19.929199,-150.358887,1721315244.9398,0,0,-1,-1,0,0,0,0,0,0,0,0,0,0,0,0,-1,29.7,-1,288.95,-1,-1,13.0,0,0,0,0,0,0,0,1721315244952886700,1721315244960346200,731
1721315245007428400,87,0,601.414453,-157.385742,-386.878711,-130.297852,28.300781,149.370117,1721315244.9729,85,1,666.043066,-155.376562,-376.60957,-118.828125,37.177734,5.581055,1721315244.9729,83,2,411.993457,15.738574,-201.252832,-140.646973,6.921387,56.711426,1721315244.9729,87,3,405.407812,-37.72793,-154.706836,-141.350098,19.929199,-150.402832,1721315244.9729,0,0,1721315244972887900,417,0,0,0,0,0,0,0,0,0,0,0,0,-1,29.91,-1,656.35,-1,-1,13.0,0,0,0,0,0,0,0,1721315244989903500,1721315245002829100,732
1721315245041420400,87,0,601.526074,-156.827637,-387.325195,-130.166016,28.322754,149.348145,1721315245.0059,85,1,666.043066,-153.925488,-376.944434,-118.54248,37.133789,5.625,1721315245.0059,83,2,411.993457,15.738574,-201.252832,-140.668945,6.987305,56.623535,1721315245.0059,87,3,405.631055,-37.616309,-154.818457,-141.350098,20.01709,-150.490723,1721315245.0059,0,0,-1,-1,0,0,0,0,0,0,0,0,0,0,0,0,-1,29.7,-1,1632.46,-1,-1,13.0,0,0,0,0,0,0,0,1721315245030431800,1721315245028306300,733
1721315245075248700,87,0,601.526074,-157.720605,-387.77168,-130.36377,28.322754,149.304199,1721315245.0427,85,1,666.043066,-154.371973,-377.279297,-118.718262,37.199707,5.559082,1721315245.0427,83,2,411.770215,15.515332,-201.476074,-140.932617,7.075195,56.381836,1721315245.0427,87,3,405.631055,-37.72793,-155.041699,-141.591797,20.039062,-150.820312,1721315245.0427,0,0,1721315245039429900,418,0,0,0,0,0,0,0,0,0,0,0,0,-1,29.7,-1,2411.11,-1,-1,13.0,0,0,0,0,0,0,0,1721315245067240100,1721315245062437300,734
1721315245108803700,87,0,601.191211,-157.943848,-388.329785,-130.473633,28.212891,149.238281,1721315245.0758,85,1,665.37334,-154.706836,-377.949023,-118.850098,37.045898,5.427246,1721315245.0758,83,2,411.32373,15.515332,-201.922559,-141.04248,7.009277,56.293945,1721315245.0758,87,3,405.296191,-37.951172,-155.376562,-141.789551,19.885254,-150.952148,1721315245.0758,0,0,-1,-1,0,0,0,0,0,0,0,0,0,0,0,0,-1,29.7,-1,3094.46,-1,-1,13.0,0,0,0,1,0,0,0,1721315245103797900,1721315245108068800,735
1721315245142796200,87,0,601.526074,-157.832227,-388.441406,-130.297852,28.190918,149.370117,1721315245.1088,85,1,664.591992,-154.037109,-378.61875,-118.608398,36.914062,5.449219,1721315245.1088,83,2,411.546973,15.850195,-201.699316,-140.95459,7.185059,56.359863,1721315245.1088,87,3,405.407812,-37.951172,-155.599805,-141.767578,19.907227,-150.974121,1721315245.1088,0,0,1721315245105791000,419,0,0,0,0,0,0,0,0,0,0,0,0,-2,-2,-2,-2,-2,-2,-2,-2,-2,-2,-2,-2,-2,-2,-2,1721315245128188000,736
1721315245176798300,87,0,601.972559,-157.608984,-388.329785,-130.253906,28.366699,149.414062,1721315245.1419,85,1,664.815234,-154.260352,-378.841992,-118.564453,37.067871,5.493164,1721315245.1419,83,2,411.881836,15.29209,-201.699316,-141.130371,7.316895,56.228027,1721315245.1419,87,3,405.742676,-38.286035,-155.934668,-141.987305,20.01709,-151.369629,1721315245.1419,0,0,-1,-1,0,0,0,0,0,0,0,0,0,0,0,0,-1,29.7,-1,3541.41,-1,-1,13.0,0,0,0,1,0,0,0,1721315245144792100,1721315245161214700,737
1721315245210331500,87,0,601.860937,-158.16709,-388.329785,-130.429688,28.366699,149.39209,1721315245.175,85,1,664.815234,-156.046289,-378.61875,-118.806152,37.023926,5.515137,1721315245.175,83,2,411.770215,13.952637,-201.810937,-141.61377,7.756348,56.184082,1721315245.175,87,3,405.519434,-38.844141,-157.497363,-142.558594,19.291992,-152.270508,1721315245.175,0,0,1721315245172790800,420,0,0,0,0,0,0,0,0,0,0,0,0,-1,29.7,-1,3925.51,-1,-1,13.0,0,0,0,1,0,0,0,1721315245181792500,1721315245207172400,738
1721315245244332400,87,0,601.526074,-158.948437,-388.106543,-130.473633,28.256836,149.501953,1721315245.2081,85,1,664.926855,-156.939258,-378.060645,-118.828125,36.848145,5.581055,1721315245.2081,83,2,412.216699,14.175879,-200.359863,-141.547852,8.898926,56.57959,1721315245.2081,87,3,405.965918,-38.844141,-158.16709,-142.624512,18.654785,-152.468262,1721315245.2081,0,0,-1,-1,0,0,0,0,0,0,0,0,0,0,0,0,-1,29.7,-1,4064.44,-1,-1,13.0,0,0,0,1,0,0,0,1721315245222332800,1721315245227861100,739
1721315245278324800,87,0,601.526074,-158.836816,-387.436816,-130.231934,28.300781,149.699707,1721315245.2448,85,1,665.150098,-155.823047,-377.056055,-118.520508,36.958008,5.668945,1721315245.2448,83,2,412.886426,13.841016,-199.466895,-141.745605,9.667969,56.469727,1721315245.2448,87,3,406.524023,-38.955762,-157.943848,-142.712402,18.654785,-152.578125,1721315245.2448,0,0,1721315245239337400,421,0,0,0,0,0,0,0,0,0,0,0,0,-1,29.7,-1,4209.41,-1,-1,13.0,0,0,0,1,0,0,0,1721315245259326000,1721315245263551500,740
1721315245311887400,87,0,601.749316,-159.060059,-387.213574,-130.319824,28.432617,149.699707,1721315245.2779,85,1,666.154687,-155.823047,-376.944434,-118.740234,37.353516,5.427246,1721315245.2779,83,2,413.221289,12.501562,-199.355273,-142.250977,9.777832,56.315918,1721315245.2779,87,3,406.524023,-39.84873,-158.278711,-143.239746,18.566895,-152.841797,1721315245.2779,0,0,-1,-1,0,0,0,0,0,0,0,0,0,0,0,0,-1,29.7,-1,4519.12,-1,0.3,13.0,0,0,0,1,0,0,0,1721315245308892500,1721315245295376900,741
1721315245345887500,87,0,601.302832,-159.729785,-387.101953,-130.429688,28.322754,149.677734,1721315245.3109,85,1,665.931445,-156.492773,-376.497949,-118.937988,37.155762,5.339355,1721315245.3109,83,2,412.663184,12.389941,-199.355273,-142.36084,9.755859,56.359863,1721315245.3109,87,3,405.965918,-40.518457,-158.836816,-143.613281,18.039551,-153.017578,1721315245.3109,0,0,1721315245305894700,422,0,0,0,0,0,0,0,0,0,0,0,0,-2,-2,-2,-2,-2,-2,-2,-2,-2,-2,-2,-2,-2,-2,-2,1721315245329085500,742
1721315245379887800,87,0,600.856348,-159.841406,-386.990332,-130.36377,28.256836,149.743652,1721315245.344,85,1,665.484961,-155.934668,-376.60957,-118.78418,37.045898,5.383301,1721315245.344,84,2,413.444531,13.394531,-199.466895,-142.185059,10.327148,56.447754,1721315245.344,87,3,406.524023,-39.737109,-159.060059,-143.415527,17.86377,-153.149414,1721315245.344,0,0,-1,-1,0,0,0,0,0,0,0,0,0,0,0,0,-1,30.35,-1,4360.83,-1,-1,13.0,0,0,0,1,0,0,0,1721315245349881400,1721315245362224800,743
1721315245413439600,87,0,601.07959,-159.394922,-386.655469,-130.209961,28.344727,149.787598,1721315245.3808,85,1,665.150098,-155.264941,-377.167676,-118.608398,37.111816,5.273438,1721315245.3808,84,2,414.114258,11.943457,-198.908789,-142.756348,10.986328,56.206055,1721315245.3808,87,3,407.082129,-39.737109,-159.618164,-143.833008,17.687988,-153.720703,1721315245.3808,0,0,1721315245372884800,423,0,0,0,0,0,0,0,0,0,0,0,0,-1,29.7,-1,4209.41,-1,-1,13.0,0,0,0,1,0,0,0,1721315245386898300,1721315245407340500,744
1721315245447438000,87,0,601.302832,-160.511133,-385.985742,-130.36377,28.366699,149.831543,1721315245.4138,85,1,665.596582,-156.492773,-377.390918,-118.806152,37.177734,5.20752,1721315245.4138,84,2,414.002637,11.385352,-198.573926,-143.041992,11.140137,56.140137,1721315245.4138,87,3,407.082129,-40.406836,-159.841406,-144.470215,17.270508,-154.160156,1721315245.4138,0,0,-1,-1,0,0,0,0,0,0,0,0,0,0,0,0,-1,29.91,-1,4209.41,-1,-1,14.0,0,0,0,1,0,0,0,1721315245423434200,1721315245428582800,745
1721315245481439500,87,0,601.07959,-161.404102,-385.427637,-130.495605,28.256836,149.875488,1721315245.4469,85,1,665.150098,-157.943848,-376.944434,-118.959961,36.958008,5.273438,1721315245.4469,84,2,413.891016,11.943457,-198.350684,-142.998047,11.425781,56.206055,1721315245.4469,87,3,407.416992,-40.183594,-159.841406,-144.492188,16.962891,-154.182129,1721315245.4469,0,0,1721315245439434900,424,0,0,0,0,0,0,0,0,0,0,0,0,-1,29.7,-1,3925.51,0.3,-1,13.0,0,0,0,1,0,0,0,1721315245476438800,1721315245463189800,746
1721315245514986300,87,0,601.191211,-160.957617,-385.316016,-130.341797,28.300781,149.941406,1721315245.48,85,1,664.926855,-157.943848,-376.497949,-118.806152,36.870117,5.383301,1721315245.48,84,2,415.118848,12.501562,-197.01123,-142.954102,12.414551,56.315918,1721315245.48,87,3,407.640234,-39.625488,-159.841406,-144.316406,17.028809,-154.072266,1721315245.48,0,0,-1,-1,0,0,0,0,0,0,0,0,0,0,0,0,-1,29.7,-1,4064.44,-1,-1,13.0,0,0,0,1,0,0,0,1721315245513994700,1721315245507604900,747
1721315245548985800,87,0,601.414453,-160.17627,-385.874121,-130.297852,28.410645,149.80957,1721315245.5131,85,1,665.038477,-158.16709,-376.163086,-118.806152,36.97998,5.405273,1721315245.5131,84,2,415.565332,11.720215,-196.676367,-143.349609,12.678223,56.118164,1721315245.5131,87,3,407.640234,-39.625488,-159.841406,-144.360352,17.072754,-154.116211,1721315245.5131,0,0,1721315245505987500,425,0,0,0,0,0,0,0,0,0,0,0,0,-2,-2,-2,-2,-2,-2,-2,-2,-2,-2,-2,-2,-2,-2,-2,1721315245530734400,748
1721315245582987200,87,0,601.302832,-158.725195,-387.325195,-130.45166,28.366699,149.436035,1721315245.5498,85,1,664.926855,-158.501953,-375.60498,-119.025879,37.001953,5.361328,1721315245.5498,84,2,415.118848,11.496973,-197.122852,-143.569336,12.502441,56.008301,1721315245.5498,87,3,407.528613,-40.183594,-160.287891,-144.645996,16.940918,-154.226074,1721315245.5498,0,0,-1,-1,0,0,0,0,0,0,0,0,0,0,0,0,-1,29.91,-1,3925.51,-1,-1,13.0,0,0,0,1,0,0,0,1721315245549986400,1721315245562764300,749
1721315245616531600,87,0,601.302832,-157.832227,-388.106543,-130.297852,28.234863,149.39209,1721315245.5829,85,1,665.37334,-156.604395,-376.163086,-118.87207,36.958008,5.273438,1721315245.5829,84,2,415.007227,12.055078,-197.234473,-143.415527,12.590332,56.030273,1721315245.5829,87,3,407.863477,-39.960352,-160.622754,-144.645996,16.787109,-154.291992,1721315245.5829,0,0,1721315245572985900,426,0,0,0,0,0,0,0,0,0,0,0,0,-1,29.7,-1,3792.26,-1,-1,14.0,0,0,0,1,0,0,0,1721315245591027700,1721315245596885000,750
1721315245650535300,87,0,601.526074,-157.608984,-387.994922,-130.187988,28.300781,149.458008,1721315245.616,85,1,665.819824,-155.264941,-376.163086,-118.674316,37.045898,5.273438,1721315245.616,84,2,415.453711,12.166699,-196.676367,-143.503418,13.117676,56.008301,1721315245.616,87,3,408.19834,-40.183594,-160.622754,-144.711914,16.809082,-154.379883,1721315245.616,0,0,-1,-1,0,0,0,0,0,0,0,0,0,0,0,0,-1,29.91,-1,3792.26,-1,-1,13.0,0,0,0,1,0,0,0,1721315245628533400,1721315245631623600,751
1721315245684539200,87,0,602.419043,-158.278711,-387.77168,-130.319824,28.256836,149.501953,1721315245.6821,85,1,666.043066,-156.492773,-376.944434,-119.047852,36.914062,5.141602,1721315245.6821,84,2,415.676953,11.720215,-196.676367,-143.876953,13.359375,55.810547,1721315245.6821,87,3,407.640234,-39.84873,-161.515723,-145.151367,16.347656,-155.236816,1721315245.6821,0,0,1721315245639532600,427,0,0,0,0,0,0,0,0,0,0,0,0,-1,29.91,-1,3541.41,-1,-1,14.0,0,0,0,1,0,0,0,1721315245669539000,1721315245664810500,752
1721315245718096800,87,0,602.419043,-158.278711,-387.77168,-130.319824,28.234863,149.501953,1721315245.6858,85,1,666.043066,-156.604395,-376.944434,-119.047852,36.89209,5.141602,1721315245.6858,84,2,415.676953,11.720215,-196.676367,-143.85498,13.359375,55.788574,1721315245.6858,87,3,407.640234,-39.737109,-161.515723,-145.129395,16.325684,-155.258789,1721315245.6858,0,0,-1,-1,0,0,0,0,0,0,0,0,0,0,0,0,-1,29.91,-1,3423.23,-1,-1,13.0,0,0,0,1,0,0,0,1721315245706093300,1721315245708431500,753
1721315245752096000,87,0,602.530664,-156.939258,-388.553027,-130.078125,28.256836,149.501953,1721315245.7189,85,1,665.819824,-155.823047,-377.390918,-118.87207,36.848145,5.163574,1721315245.7189,84,2,416.793164,12.27832,-197.122852,-143.723145,13.754883,55.678711,1721315245.7189,87,3,407.975098,-39.290625,-161.29248,-144.975586,16.413574,-155.43457,1721315245.7189,0,0,1721315245706093300,428,0,0,0,0,0,0,0,0,0,0,0,0,-1,29.91,-1,3094.46,-1,-1,13.0,0,0,0,1,0,0,0,1721315245743090600,1721315245729742800,754
1721315245786099000,87,0,603.200391,-156.604395,-388.77627,-130.078125,28.388672,149.501953,1721315245.7519,85,1,665.819824,-155.264941,-377.837402,-118.78418,36.958008,5.141602,1721315245.7519,84,2,417.239648,11.162109,-196.787988,-144.250488,14.172363,55.437012,1721315245.7519,87,3,408.309961,-39.84873,-161.515723,-145.480957,16.347656,-156.555176,1721315245.7519,0,0,-1,-1,0,0,0,0,0,0,0,0,0,0,0,0,-1,29.7,-1,2588.13,-1,-1,13.0,0,0,0,0,0,0,0,1721315245784092400,1721315245763556000,755
1721315245819655300,87,0,603.535254,-157.608984,-389.445996,-130.297852,28.322754,149.47998,1721315245.785,85,1,666.043066,-155.15332,-378.283887,-118.828125,36.958008,5.075684,1721315245.785,84,2,416.34668,10.827246,-196.341504,-144.51416,14.436035,55.305176,1721315245.785,87,3,408.868066,-40.406836,-163.078418,-145.986328,15.512695,-157.587891,1721315245.785,0,0,1721315245773092200,429,0,0,0,0,0,0,0,0,0,0,0,0,-2,-2,-2,-2,-2,-2,-2,-2,-2,-2,-2,-2,-2,-2,-2,1721315245807441900,756
1721315245853656200,87,0,603.423633,-156.604395,-390.338965,-130.253906,28.212891,149.348145,1721315245.8181,85,1,665.708203,-154.818457,-378.395508,-118.828125,36.848145,5.053711,1721315245.8181,84,2,416.569922,11.496973,-194.443945,-144.558105,15.710449,55.349121,1721315245.8181,87,3,408.309961,-41.634668,-162.855176,-146.381836,15.007324,-157.91748,1721315245.8181,0,0,-1,-1,0,0,0,0,0,0,0,0,0,0,0,0,-1,29.7,-1,2292.65,-1,-1,13.0,0,0,0,0,0,0,0,1721315245820661400,1721315245830283600,757
1721315245887660200,87,0,603.535254,-154.818457,-390.562207,-129.924316,28.300781,149.304199,1721315245.8548,85,1,664.815234,-154.483594,-378.283887,-118.652344,36.848145,5.119629,1721315245.8548,84,2,418.355859,10.827246,-191.541797,-144.755859,17.29248,55.50293,1721315245.8548,87,3,410.877246,-41.076562,-161.180859,-146.99707,15.05127,-159.56543,1721315245.8548,0,0,1721315245839651100,430,0,0,0,0,0,0,0,0,0,0,0,0,-1,29.91,-1,1994.9,-1,-1,13.0,0,0,0,0,0,0,0,1721315245861647200,1721315245864871100,758
1721315245921734100,87,0,603.312012,-154.483594,-390.673828,-130.012207,28.432617,149.216309,1721315245.8879,85,1,665.150098,-154.706836,-378.060645,-118.696289,37.023926,5.163574,1721315245.8879,83,2,419.248828,8.483203,-192.099902,-145.876465,17.929688,55.107422,1721315245.8879,87,3,410.654004,-41.076562,-163.190039,-147.392578,14.018555,-160.224609,1721315245.8879,0,0,-1,-1,0,0,0,0,0,0,0,0,0,0,0,0,-1,29.91,-1,1652.78,-1,-1,13.0,0,0,0,0,0,0,0,1721315245898666100,1721315245908420200,759
1721315245955437000,87,0,603.08877,-154.706836,-390.562207,-130.12207,28.366699,149.216309,1721315245.921,85,1,664.815234,-154.930078,-378.395508,-118.828125,36.958008,5.075684,1721315245.921,83,2,417.797754,7.813477,-191.765039,-146.447754,18.457031,55.217285,1721315245.921,87,3,407.975098,-41.076562,-164.417871,-147.568359,13.447266,-160.114746,1721315245.921,0,0,1721315245906726600,431,0,0,0,0,0,0,0,0,0,0,0,0,-1,29.7,-1,1159.6,-1,-1,13.0,0,0,0,0,0,0,0,1721315245935734200,1721315245931434700,760
1721315245989440400,87,0,603.08877,-155.599805,-388.441406,-129.880371,28.366699,149.611816,1721315245.9871,85,1,664.033887,-153.925488,-379.065234,-118.630371,37.045898,5.075684,1721315245.9871,83,2,418.355859,8.14834,-190.87207,-146.425781,19.379883,55.217285,1721315245.9871,87,3,408.533203,-41.188184,-163.859766,-147.568359,13.842773,-160.136719,1721315245.9871,0,0,-1,-1,0,0,0,0,0,0,0,0,0,0,0,0,-1,29.91,-1,681.99,-1,-1,13.0,0,0,0,0,0,0,0,1721315245972432200,1721315245964453600,761
1721315246022960700,87,0,603.200391,-155.711426,-388.329785,-129.880371,28.388672,149.611816,1721315245.9908,85,1,663.922266,-154.037109,-379.176855,-118.674316,37.067871,5.075684,1721315245.9908,83,2,418.355859,8.036719,-190.87207,-146.491699,19.35791,55.17334,1721315245.9908,87,3,408.533203,-41.299805,-163.859766,-147.612305,13.820801,-160.224609,1721315245.9908,0,0,1721315245972432200,432,0,0,0,0,0,0,0,0,0,0,0,0,-1,29.7,-1,248.34,-1,-1,13.0,0,0,0,0,0,0,0,1721315246012961200,1721315246007408000,762
1721315246056966300,87,0,603.08877,-156.827637,-387.77168,-130.100098,28.432617,149.633789,1721315246.0239,85,1,664.36875,-155.041699,-379.511719,-119.003906,37.287598,4.921875,1721315246.0239,83,2,416.34668,7.032129,-191.206934,-147.062988,18.435059,54.008789,1721315246.0239,87,3,407.975098,-42.974121,-165.087598,-148.205566,12.810059,-161.433105,1721315246.0239,0,0,-1,-1,0,0,0,0,0,0,0,0,0,0,0,0,-1,29.7,-1,60.95,-1,-1,13.0,0,0,0,0,0,0,0,1721315246045961400,1721315246031126600,763
1721315246090980500,87,0,602.865527,-157.608984,-387.548437,-130.144043,28.278809,149.699707,1721315246.057,85,1,664.591992,-155.823047,-378.61875,-119.069824,37.22168,5.009766,1721315246.057,83,2,414.225879,8.818066,-191.541797,-146.535645,17.380371,52.338867,1721315246.057,87,3,407.863477,-43.532227,-165.199219,-147.854004,12.084961,-162.13623,1721315246.057,0,0,1721315246038962400,433,0,0,0,0,0,0,0,0,0,0,0,0,-1,29.91,-1,35.25,-1,-1,13.0,0,0,0,0,0,0,0,1721315246082962600,1721315246066040800,764
1721315246124517200,87,0,603.08877,-157.832227,-387.101953,-129.990234,28.256836,149.875488,1721315246.09,85,1,664.36875,-154.930078,-378.395508,-118.828125,37.177734,5.075684,1721315246.09,83,2,413.33291,9.15293,-192.658008,-146.315918,16.765137,51.306152,1721315246.09,87,3,407.863477,-43.085742,-165.980566,-147.392578,11.711426,-162.817383,1721315246.09,0,0,-1,-1,0,0,0,0,0,0,0,0,0,0,0,0,-1,29.91,-1,24.87,-1,-1,13.0,0,0,0,0,0,0,0,1721315246119523800,1721315246108649200,765
1721315246158525600,87,0,603.423633,-159.394922,-387.101953,-130.231934,28.344727,149.897461,1721315246.1562,85,1,665.708203,-155.711426,-377.61416,-118.850098,37.133789,5.119629,1721315246.1562,83,2,411.435352,7.925098,-195.336914,-146.733398,15.952148,51.108398,1721315246.1562,87,3,404.403223,-45.318164,-169.105957,-148.271484,10.656738,-161.828613,1721315246.1562,0,0,1721315246105515500,434,0,0,0,0,0,0,0,0,0,0,0,0,-1,29.7,-1,24.05,-1,-1,13.0,0,0,0,0,0,0,0,1721315246156516500,1721315246133065700,766
1721315246192531000,87,0,603.312012,-158.948437,-386.76709,-130.100098,28.366699,149.963379,1721315246.1231,85,1,664.703613,-154.930078,-378.172266,-118.762207,37.22168,5.119629,1721315246.1231,83,2,412.216699,7.813477,-193.997461,-146.733398,16.171875,50.932617,1721315246.1231,87,3,406.635645,-44.536816,-166.873535,-147.919922,11.359863,-162.905273,1721315246.1231,0,0,-1,-1,0,0,0,0,0,0,0,0,0,0,0,0,-2,-2,-2,-2,-2,-2,-2,-2,-2,-2,-2,-2,-2,-2,-2,1721315246165183500,767
1721315246226062900,87,0,603.08877,-159.283301,-387.325195,-130.187988,28.234863,149.853516,1721315246.1929,85,1,665.708203,-156.604395,-377.167676,-118.828125,36.936035,5.229492,1721315246.1929,83,2,410.765625,9.487793,-201.810937,-145.415039,16.589355,54.030762,1721315246.1929,87,3,404.068359,-44.425195,-172.789453,-147.458496,10.942383,-159.609375,1721315246.1929,0,0,1721315246172526900,435,0,0,0,0,0,0,0,0,0,0,0,0,-1,29.7,-1,21.26,-1,-1,14.0,0,0,0,0,0,0,0,1721315246193528800,1721315246207452900,768
1721315246260064100,87,0,603.08877,-158.390332,-387.436816,-130.03418,28.300781,149.875488,1721315246.226,85,1,665.37334,-155.934668,-377.056055,-118.652344,36.936035,5.229492,1721315246.226,83,2,411.32373,6.920508,-207.503613,-144.294434,17.600098,58.051758,1721315246.226,87,3,402.394043,-41.188184,-175.133496,-145.744629,12.019043,-156.774902,1721315246.226,0,0,1721315246239063700,436,0,0,0,0,0,0,0,0,0,0,0,0,-1,29.91,-1,18.17,-1,-1,13.0,0,0,0,0,0,0,0,1721315246230063900,1721315246231321400,769
1721315246294071700,87,0,603.312012,-158.278711,-387.325195,-130.12207,28.432617,149.787598,1721315246.2591,85,1,665.596582,-155.376562,-377.61416,-118.740234,37.133789,5.031738,1721315246.2591,83,2,413.221289,4.241602,-212.638184,-142.536621,19.226074,64.006348,1721315246.2591,87,3,399.826758,-39.737109,-178.258887,-144.030762,13.513184,-151.567383,1721315246.2591,0,0,-1,-1,0,0,0,0,0,0,0,0,0,0,0,0,-1,29.91,-1,17.79,-1,-1,13.0,0,0,0,0,0,0,0,1721315246267062800,1721315246265806700,770
1721315246327612600,87,0,602.307422,-157.050879,-387.548437,-130.12207,28.256836,149.545898,1721315246.3252,85,1,665.261719,-155.264941,-377.725781,-118.87207,37.089844,4.987793,1721315246.3252,83,2,419.137207,5.692676,-214.982227,-137.658691,25.773926,73.850098,1721315246.3252,87,3,395.027051,-32.481738,-179.151855,-139.262695,20.698242,-140.668945,1721315246.3252,0,0,-1,-1,0,0,0,0,0,0,0,0,0,0,0,0,-1,29.7,-1,18.74,-1,-1,13.0,0,0,0,0,0,0,0,1721315246304608400,1721315246307425600,771
1721315246361615100,87,0,602.307422,-156.827637,-387.548437,-130.100098,28.256836,149.545898,1721315246.3289,85,1,665.261719,-155.15332,-377.61416,-118.850098,37.089844,5.009766,1721315246.3289,83,2,419.360449,5.692676,-215.093848,-137.724609,26.05957,73.894043,1721315246.3289,87,3,394.692187,-32.258496,-178.59375,-139.042969,21.357422,-140.031738,1721315246.3289,0,0,1721315246305609400,437,0,0,0,0,0,0,0,0,0,0,0,0,-1,29.7,-1,15.37,-1,-1,13.0,0,0,0,0,0,0,0,1721315246340606400,1721315246331507700,772
1721315246395616000,87,0,602.307422,-156.604395,-387.994922,-130.100098,28.366699,149.47998,1721315246.362,85,1,665.596582,-154.818457,-377.390918,-118.762207,37.22168,5.053711,1721315246.362,83,2,419.47207,2.455664,-214.424121,-140.273438,27.79541,73.45459,1721315246.362,87,3,391.120312,-31.142285,-176.361328,-137.856445,26.828613,-136.208496,1721315246.362,0,0,1721315246372609000,438,0,0,0,0,0,0,0,0,0,0,0,0,-1,29.91,-1,13.02,-1,-1,13.0,0,0,0,0,0,0,0,1721315246373608900,1721315246365018100,773
1721315246429151700,87,0,602.08418,-156.716016,-389.222754,-130.297852,28.344727,149.260254,1721315246.395,85,1,665.484961,-154.595215,-378.172266,-118.937988,37.331543,4.899902,1721315246.395,83,2,421.146387,3.125391,-213.754395,-141.240234,28.146973,73.828125,1721315246.395,87,3,389.445996,-30.137695,-177.142676,-137.702637,29.53125,-134.758301,1721315246.395,0,0,-1,-1,0,0,0,0,0,0,0,0,0,0,0,0,-1,29.91,-1,15.56,-1,2.31,13.0,0,0,0,0,0,0,0,1721315246423155900,1721315246407516900,774
1721315246463152600,87,0,601.302832,-155.264941,-390.673828,-130.253906,28.125,148.996582,1721315246.4281,85,1,665.150098,-154.706836,-378.730371,-118.959961,37.155762,4.833984,1721315246.4281,83,2,421.146387,6.474023,-211.075488,-140.603027,28.828125,74.20166,1721315246.4281,87,3,387.660059,-27.905273,-178.035645,-138.076172,30.19043,-135.791016,1721315246.4281,0,0,1721315246439155500,439,0,0,0,0,0,0,0,0,0,0,0,0,-2,-2,-2,-2,-2,-2,-2,-2,-2,-2,-2,-2,-2,-2,-2,1721315246432686500,775
1721315246497159200,87,0,601.526074,-153.925488,-391.231934,-130.012207,28.146973,148.974609,1721315246.4612,85,1,664.480371,-153.367383,-379.511719,-118.740234,37.089844,4.790039,1721315246.4612,83,2,423.043945,8.036719,-208.954687,-140.031738,29.443359,75.212402,1721315246.4612,87,3,389.89248,-28.016895,-176.472949,-137.790527,30.014648,-136.07666,1721315246.4612,0,0,-1,-1,0,0,0,0,0,0,0,0,0,0,0,0,-1,29.91,-1,19.12,-1,8.67,13.0,0,0,0,0,0,0,0,1721315246472152000,1721315246466430900,776
1721315246530570100,87,0,601.972559,-154.483594,-391.343555,-130.12207,28.256836,148.952637,1721315246.5053,85,1,664.36875,-153.144141,-379.958203,-118.894043,37.265625,4.63623,1721315246.5053,83,2,423.49043,5.692676,-205.494434,-140.844727,29.94873,75.563965,1721315246.5053,87,3,390.785449,-29.133105,-174.240527,-139.196777,28.608398,-137.526855,1721315246.5053,0,0,1721315246505563500,440,0,0,0,0,0,0,0,0,0,0,0,0,-1,29.7,-1,22.25,-1,16.85,13.0,0,0,0,0,0,0,0,1721315246521559200,1721315246507952900,777
1721315246564558900,87,0,601.860937,-154.371973,-391.790039,-130.209961,28.168945,148.864746,1721315246.531,85,1,664.257129,-153.813867,-380.069824,-119.025879,37.177734,4.614258,1721315246.531,83,2,421.704492,7.255371,-200.806348,-140.427246,30.563965,75.058594,1721315246.531,87,3,394.803809,-32.928223,-174.46377,-142.075195,27.333984,-139.482422,1721315246.531,0,0,-1,-1,0,0,0,0,0,0,0,0,0,0,0,0,-2,-2,-2,-2,-2,-2,-2,-2,-2,-2,-2,-2,-2,-2,-2,1721315246534563100,778
1721315246598584000,87,0,601.526074,-154.371973,-392.013281,-130.12207,28.015137,148.908691,1721315246.5641,85,1,663.810645,-154.037109,-379.958203,-118.916016,37.023926,4.702148,1721315246.5641,83,2,421.592871,8.818066,-194.555566,-141.218262,31.970215,71.608887,1721315246.5641,87,3,399.157031,-32.481738,-170.333789,-143.459473,26.696777,-142.492676,1721315246.5641,0,0,-1,-1,0,0,0,0,0,0,0,0,0,0,0,0,-1,29.91,-1,19.7,-1,16.67,13.0,0,0,0,0,0,0,0,1721315246570562500,1721315246566505900,779
1721315246632116900,87,0,601.526074,-154.930078,-391.455176,-130.056152,28.015137,149.0625,1721315246.5972,85,1,663.922266,-153.590625,-379.734961,-118.762207,37.067871,4.768066,1721315246.5972,83,2,423.825293,6.13916,-193.104492,-145.722656,32.365723,66.555176,1721315246.5972,87,3,397.371094,-30.58418,-168.547852,-145.437012,26.279297,-147.019043,1721315246.5972,0,0,1721315246572563100,441,0,0,0,0,0,0,0,0,0,0,0,0,-1,29.7,-1,15.56,-1,18.74,13.0,0,0,0,0,0,0,0,1721315246619120000,1721315246607523000,780
1721315246666108500,87,0,601.749316,-156.046289,-391.008691,-130.231934,28.081055,149.106445,1721315246.6302,85,1,664.257129,-154.260352,-379.62334,-118.850098,37.177734,4.790039,1721315246.6302,83,2,422.820703,8.818066,-189.979102,-147.766113,31.772461,63.237305,1721315246.6302,87,3,397.482715,-29.57959,-167.208398,-146.931152,25.576172,-149.919434,1721315246.6302,0,0,1721315246639120600,442,0,0,0,0,0,0,0,0,0,0,0,0,-2,-2,-2,-2,-2,-2,-2,-2,-2,-2,-2,-2,-2,-2,-2,1721315246635696700,781
1721315246700134200,87,0,601.637695,-156.492773,-391.343555,-130.385742,27.993164,149.0625,1721315246.667,85,1,664.257129,-154.483594,-379.288477,-118.916016,37.089844,4.812012,1721315246.667,83,2,423.378809,9.599414,-186.407227,-149.172363,31.442871,61.149902,1721315246.667,87,3,399.491895,-29.57959,-165.645703,-148.095703,25.268555,-151.940918,1721315246.667,0,0,-1,-1,0,0,0,0,0,0,0,0,0,0,0,0,-1,29.7,-1,17.98,-1,20.09,13.0,0,0,0,0,0,0,0,1721315246669116100,1721315246667793100,782
1721315246733674100,87,0,601.860937,-156.15791,-390.89707,-130.166016,28.015137,149.216309,1721315246.7001,85,1,664.145508,-154.037109,-379.065234,-118.674316,37.023926,4.899902,1721315246.7001,83,2,424.829883,9.822656,-182.946973,-150.029297,31.68457,59.919434,1721315246.7001,87,3,401.389453,-29.467969,-163.078418,-148.40332,25.422363,-152.86377,1721315246.7001,0,0,1721315246705679900,443,0,0,0,0,0,0,0,0,0,0,0,0,-1,29.7,-1,18.36,-1,26.1,13.0,0,0,0,0,0,0,0,1721315246717668300,1721315246708348500,783
1721315246767672700,87,0,601.860937,-156.939258,-390.227344,-130.231934,28.168945,149.348145,1721315246.7331,85,1,664.480371,-155.15332,-378.841992,-118.630371,37.067871,5.009766,1721315246.7331,83,2,425.387988,8.818066,-180.714551,-151.413574,31.574707,58.557129,1721315246.7331,87,3,401.947559,-29.914453,-161.850586,-149.458008,25.554199,-154.445801,1721315246.7331,0,0,-1,-1,0,0,0,0,0,0,0,0,0,0,0,0,-1,29.91,-1,20.67,-1,29.48,13.0,0,0,0,0,0,0,0,1721315246762681600,1721315246767401000,785
1721315246802201100,87,0,601.637695,-157.832227,-390.673828,-130.385742,28.103027,149.282227,1721315246.7662,85,1,664.36875,-155.934668,-379.288477,-118.850098,37.111816,4.87793,1721315246.7662,84,2,424.829883,11.050488,-179.821582,-151.633301,31.069336,57.502441,1721315246.7662,87,3,402.505664,-30.360937,-161.29248,-149.985352,25.246582,-155.390625,1721315246.7662,0,0,1721315246772668500,444,0,0,0,0,0,0,0,0,0,0,0,0,-2,-2,-2,-2,-2,-2,-2,-2,-2,-2,-2,-2,-2,-2,-2,1721315246734094800,784
1721315246836210000,87,0,601.414453,-158.278711,-390.338965,-130.341797,27.993164,149.370117,1721315246.803,85,1,664.033887,-156.269531,-379.176855,-118.806152,37.023926,4.921875,1721315246.803,84,2,426.504199,14.2875,-175.245117,-151.743164,31.618652,55.876465,1721315246.803,87,3,404.738086,-28.909863,-159.17168,-150.05127,25.708008,-157.038574,1721315246.803,0,0,-1,-1,0,0,0,0,0,0,0,0,0,0,0,0,-1,29.91,-1,13.56,-1,28.41,13.0,0,0,0,0,0,0,0,1721315246812211000,1721315246833094000,787
1721315246869836200,87,0,601.414453,-157.832227,-389.780859,-130.12207,28.059082,149.436035,1721315246.836,85,1,664.480371,-155.599805,-379.065234,-118.520508,37.001953,5.009766,1721315246.836,84,2,427.732031,13.617773,-171.673242,-153.654785,31.750488,53.217773,1721315246.836,87,3,406.747266,-27.905273,-157.497363,-151.171875,26.279297,-159.719238,1721315246.836,0,0,1721315246839217000,445,0,0,0,0,0,0,0,0,0,0,0,0,-1,29.91,-1,13.92,-1,30.35,13.0,0,0,0,0,0,0,0,1721315246860833400,1721315246868470200,788
1721315246903379800,87,0,601.526074,-158.836816,-387.883301,-130.297852,28.300781,149.523926,1721315246.8691,85,1,665.37334,-156.381152,-378.507129,-118.608398,37.133789,5.053711,1721315246.8691,84,2,427.62041,12.724805,-168.659473,-155.544434,31.420898,51.196289,1721315246.8691,87,3,407.082129,-29.244727,-156.269531,-152.929688,26.279297,-162.224121,1721315246.8691,0,0,-1,-1,0,0,0,0,0,0,0,0,0,0,0,0,-2,-2,-2,-2,-2,-2,-2,-2,-2,-2,-2,-2,-2,-2,-2,1721315246809003200,786
1721315246937377500,87,0,601.414453,-159.506543,-386.878711,-130.429688,28.168945,149.567871,1721315246.9022,85,1,665.708203,-157.497363,-377.949023,-118.828125,37.023926,5.075684,1721315246.9022,84,2,427.62041,13.394531,-165.980566,-156.291504,31.398926,50.251465,1721315246.9022,87,3,407.751855,-29.244727,-154.595215,-153.588867,26.323242,-163.322754,1721315246.9022,0,0,1721315246906378100,446,0,0,0,0,0,0,0,0,0,0,0,0,-1,29.7,-1,13.74,-1,28.41,13.0,0,0,0,0,0,0,0,1721315246910379900,1721315246933960200,790
1721315246971371500,87,0,601.637695,-160.064648,-386.878711,-130.36377,28.125,149.72168,1721315246.9352,85,1,665.261719,-157.1625,-377.056055,-118.630371,36.89209,5.185547,1721315246.9352,84,2,428.401758,15.515332,-163.413281,-156.09375,31.882324,49.833984,1721315246.9352,87,3,408.868066,-27.905273,-153.03252,-153.391113,26.630859,-163.696289,1721315246.9352,0,0,-1,-1,0,0,0,0,0,0,0,0,0,0,0,0,-1,29.91,-1,13.74,-1,29.7,13.0,0,0,0,0,0,0,0,1721315246959379000,1721315246968231600,791
1721315247004922900,87,0,602.08418,-160.17627,-387.101953,-130.319824,28.212891,149.787598,1721315246.972,85,1,665.931445,-155.934668,-376.721191,-118.45459,37.067871,5.163574,1721315246.972,84,2,430.076074,15.515332,-160.622754,-156.643066,32.519531,49.570312,1721315246.972,87,3,409.537793,-27.57041,-151.469824,-153.566895,26.982422,-163.78418,1721315246.972,0,0,1721315246972372900,447,0,0,0,0,0,0,0,0,0,0,0,0,-2,-2,-2,-2,-2,-2,-2,-2,-2,-2,-2,-2,-2,-2,-2,1721315246907951600,789
1721315247038914900,87,0,602.307422,-159.953027,-386.990332,-130.385742,28.278809,149.72168,1721315247.0051,85,1,666.712793,-156.269531,-376.163086,-118.630371,37.177734,5.031738,1721315247.0051,84,2,429.852832,15.738574,-158.836816,-156.84082,32.717285,49.833984,1721315247.0051,87,3,409.20293,-27.235547,-149.460645,-153.676758,27.13623,-163.344727,1721315247.0051,0,0,-1,-1,0,0,0,0,0,0,0,0,0,0,0,0,-1,29.7,-1,14.28,-1,29.91,13.0,0,0,0,0,0,0,0,1721315247008914400,1721315247033825600,793
1721315247072916000,87,0,602.08418,-160.17627,-387.101953,-130.45166,28.146973,149.699707,1721315247.0381,85,1,665.931445,-157.943848,-375.493359,-118.894043,36.936035,5.075684,1721315247.0381,84,2,430.076074,16.631543,-157.832227,-156.379395,33.068848,50.559082,1721315247.0381,87,3,409.20293,-25.56123,-147.563086,-153.039551,27.443848,-162.070312,1721315247.0381,0,0,1721315247038914900,448,0,0,0,0,0,0,0,0,0,0,0,0,-1,29.7,-1,15.37,-1,45.62,13.0,0,0,0,0,0,0,0,1721315247057914200,1721315247069532700,794
1721315247106449900,87,0,601.860937,-159.618164,-387.548437,-130.297852,28.146973,149.699707,1721315247.0712,85,1,665.261719,-157.720605,-375.270117,-118.718262,36.89209,5.163574,1721315247.0712,84,2,431.080664,19.198828,-156.492773,-155.412598,33.837891,51.37207,1721315247.0712,87,3,409.426172,-24.556641,-145.777148,-152.556152,28.125,-160.905762,1721315247.0712,0,0,-1,-1,0,0,0,0,0,0,0,0,0,0,0,0,-2,-2,-2,-2,-2,-2,-2,-2,-2,-2,-2,-2,-2,-2,-2,1721315247008578100,792
1721315247140536600,87,0,602.307422,-159.506543,-387.436816,-130.341797,28.278809,149.677734,1721315247.1043,85,1,665.708203,-157.608984,-375.60498,-118.762207,37.045898,5.141602,1721315247.1043,84,2,431.303906,19.868555,-155.711426,-155.324707,34.211426,51.789551,1721315247.1043,87,3,408.868066,-22.882324,-145.107422,-152.446289,28.366699,-160.576172,1721315247.1043,0,0,1721315247105457300,449,0,0,0,0,0,0,0,0,0,0,0,0,-1,29.7,-1,15.92,-1,46.39,13.0,0,0,0,0,0,0,0,1721315247107448100,1721315247134672500,796
1721315247174449000,87,0,602.307422,-159.394922,-388.329785,-130.45166,28.234863,149.523926,1721315247.141,85,1,665.708203,-157.050879,-376.051465,-118.894043,37.067871,5.009766,1721315247.141,84,2,429.852832,21.989355,-156.716016,-154.577637,33.640137,53.041992,1721315247.141,87,3,407.975098,-19.310449,-145.553906,-151.677246,27.531738,-159.741211,1721315247.141,0,0,-1,-1,0,0,0,0,0,0,0,0,0,0,0,0,-1,29.91,-1,17.23,-1,48.99,13.0,0,0,0,0,0,0,0,1721315247156450600,1721315247168687800,797
1721315247208220300,87,0,601.637695,-158.16709,-389.780859,-130.297852,28.059082,149.414062,1721315247.1741,85,1,665.038477,-156.492773,-376.721191,-118.806152,36.870117,4.96582,1721315247.1741,84,2,429.852832,25.337988,-156.269531,-153.500977,33.925781,53.789062,1721315247.1741,87,3,408.309961,-16.854785,-144.995801,-150.820312,27.509766,-158.598633,1721315247.1741,0,0,1721315247172460300,450,0,0,0,0,0,0,0,0,0,0,0,0,-1,29.91,-1,17.23,-1,47.16,13.0,0,0,0,0,0,0,0,1721315247205213300,1721315247208188800,798
1721315247242136200,87,0,601.749316,-157.050879,-390.562207,-130.12207,28.125,149.370117,1721315247.2072,85,1,665.038477,-154.818457,-377.502539,-118.586426,36.914062,4.87793,1721315247.2072,84,2,430.410937,26.230957,-156.046289,-153.347168,34.145508,54.052734,1721315247.2072,87,3,408.533203,-16.073438,-144.88418,-150.710449,27.509766,-158.15918,1721315247.2072,0,0,-1,-1,0,0,0,0,0,0,0,0,0,0,0,0,-2,-2,-2,-2,-2,-2,-2,-2,-2,-2,-2,-2,-2,-2,-2,1721315247235446600,799
1721315247275702200,87,0,602.08418,-157.720605,-390.673828,-130.253906,28.146973,149.348145,1721315247.2403,85,1,665.596582,-154.930078,-377.837402,-118.674316,37.023926,4.833984,1721315247.2403,84,2,429.852832,27.347168,-157.1625,-153.127441,33.815918,54.624023,1721315247.2403,87,3,408.086719,-14.845605,-145.107422,-150.578613,27.114258,-157.719727,1721315247.2403,0,0,1721315247239135200,451,0,0,0,0,0,0,0,0,0,0,0,0,-1,29.91,-1,16.29,-1,48.72,13.0,0,0,0,0,0,0,0,1721315247254709500,1721315247269205900,800
1721315247309237700,87,0,602.08418,-158.725195,-390.450586,-130.385742,27.971191,149.436035,1721315247.2733,85,1,665.708203,-154.930078,-378.172266,-118.806152,37.001953,4.746094,1721315247.2733,84,2,429.071484,31.58877,-157.943848,-151.831055,33.596191,55.612793,1721315247.2733,87,3,407.19375,-12.27832,-145.107422,-149.72168,26.674805,-156.84082,1721315247.2733,0,0,-1,-1,0,0,0,0,0,0,0,0,0,0,0,0,-1,29.91,-1,15.92,-1,52.46,13.0,0,0,0,0,0,0,0,1721315247303231300,1721315247109162400,795
1721315247343245000,87,0,601.526074,-157.832227,-390.338965,-130.12207,27.905273,149.567871,1721315247.3101,85,1,665.261719,-154.706836,-378.172266,-118.652344,36.936035,4.833984,1721315247.3101,84,2,429.964453,35.495508,-157.943848,-150.710449,33.837891,56.337891,1721315247.3101,86,3,407.416992,-8.929688,-144.772559,-148.798828,26.828613,-156.533203,1721315247.3101,0,0,1721315247306248400,452,0,0,0,0,0,0,0,0,0,0,0,0,-2,-2,-2,-2,-2,-2,-2,-2,-2,-2,-2,-2,-2,-2,-2,1721315247337254400,802
1721315247377244800,87,0,601.749316,-157.1625,-390.450586,-130.056152,28.037109,149.545898,1721315247.3432,85,1,665.261719,-155.15332,-378.395508,-118.696289,37.067871,4.899902,1721315247.3432,84,2,430.299316,37.058203,-157.720605,-150.622559,33.991699,56.843262,1721315247.3432,86,3,407.863477,-6.585645,-144.88418,-148.469238,26.872559,-156.401367,1721315247.3432,0,0,-1,-1,0,0,0,0,0,0,0,0,0,0,0,0,-1,30.13,-1,20.48,-1,50.58,13.0,0,0,0,0,0,0,0,1721315247352244800,1721315247368817100,803
1721315247410763700,87,0,601.637695,-157.943848,-390.115723,-130.209961,28.037109,149.523926,1721315247.3762,85,1,665.038477,-156.046289,-378.953613,-118.87207,37.023926,4.833984,1721315247.3762,84,2,428.625,39.84873,-159.506543,-149.853516,33.222656,57.766113,1721315247.3762,86,3,406.970508,-3.795117,-145.330664,-147.875977,26.345215,-155.654297,1721315247.3762,0,0,1721315247372238300,453,0,0,0,0,0,0,0,0,0,0,0,0,-1,29.91,-1,17.98,-1,51.11,13.0,0,0,0,0,0,0,0,1721315247401243200,1721315247408897900,804
1721315247444767300,87,0,600.856348,-158.501953,-390.115723,-130.253906,27.927246,149.545898,1721315247.4093,85,1,665.038477,-156.15791,-378.730371,-118.806152,36.870117,4.921875,1721315247.4093,84,2,429.294727,44.648438,-158.948437,-148.557129,33.574219,58.535156,1721315247.4093,86,3,407.751855,-0.223242,-145.107422,-146.887207,26.38916,-154.951172,1721315247.4093,0,0,-1,-1,0,0,0,0,0,0,0,0,0,0,0,0,-2,-2,-2,-2,-2,-2,-2,-2,-2,-2,-2,-2,-2,-2,-2,1721315247437456000,805
1721315247478763700,87,0,600.409863,-159.17168,-389.780859,-130.187988,27.905273,149.655762,1721315247.4424,85,1,665.038477,-155.599805,-377.61416,-118.45459,36.89209,5.097656,1721315247.4424,84,2,430.522559,47.104102,-158.501953,-148.117676,33.881836,59.128418,1721315247.4424,85,3,408.309961,2.455664,-145.219043,-146.381836,26.520996,-154.709473,1721315247.4424,0,0,1721315247438759700,454,0,0,0,0,0,0,0,0,0,0,0,0,-1,29.91,-1,16.85,-1,32.55,13.0,0,0,0,0,0,0,0,1721315247450759700,1721315247469733800,806
1721315247512323500,87,0,600.744727,-160.399512,-388.664648,-130.319824,28.037109,149.787598,1721315247.4791,85,1,665.484961,-157.608984,-376.274707,-118.608398,37.089844,5.20752,1721315247.4791,84,2,429.741211,48.666797,-159.060059,-147.919922,33.574219,59.831543,1721315247.4791,85,3,408.086719,4.911328,-146.000391,-146.162109,26.38916,-154.467773,1721315247.4791,0,0,-1,-1,0,0,0,0,0,0,0,0,0,0,0,0,-1,29.91,-1,13.56,-1,33.89,14.0,0,0,0,0,0,0,0,1721315247495772300,1721315247509770700,807
1721315247546321900,87,0,600.075,-160.957617,-388.329785,-130.45166,27.883301,149.72168,1721315247.5122,85,1,664.815234,-158.16709,-376.386328,-118.78418,37.001953,5.119629,1721315247.5122,84,2,429.183105,52.127051,-160.17627,-146.99707,33.222656,60.622559,1721315247.5122,85,3,407.975098,7.366992,-146.335254,-145.546875,26.037598,-153.764648,1721315247.5122,0,0,1721315247505316100,455,0,0,0,0,0,0,0,0,0,0,0,0,-1,29.91,-1,13.2,-1,33.66,13.0,0,0,0,0,0,0,0,1721315247545322800,1721315247536682700,808
1721315247580321900,87,0,600.186621,-160.287891,-388.441406,-130.297852,27.861328,149.743652,1721315247.5453,85,1,664.591992,-158.390332,-375.828223,-118.630371,36.89209,5.273438,1721315247.5453,84,2,430.299316,55.364062,-160.064648,-146.228027,33.662109,60.930176,1721315247.5453,86,3,408.644824,10.827246,-145.777148,-144.624023,26.38916,-153.325195,1721315247.5453,0,0,-1,-1,0,0,0,0,0,0,0,0,0,0,0,0,-2,-2,-2,-2,-2,-2,-2,-2,-2,-2,-2,-2,-2,-2,-2,1721315247569077700,809
1721315247613830900,87,0,600.521484,-160.064648,-388.106543,-130.231934,27.993164,149.80957,1721315247.5784,85,1,665.37334,-158.725195,-375.158496,-118.520508,37.045898,5.405273,1721315247.5784,84,2,430.745801,56.703516,-159.841406,-146.337891,33.815918,60.908203,1721315247.5784,86,3,408.868066,12.27832,-146.000391,-144.51416,26.520996,-153.303223,1721315247.5784,0,0,1721315247572327000,456,0,0,0,0,0,0,0,0,0,0,0,0,-1,29.91,-1,15.37,-1,32.32,13.0,0,0,0,0,0,0,0,1721315247594320300,1721315247608693600,810
1721315247647828900,87,0,600.521484,-161.180859,-388.218164,-130.429688,27.993164,149.831543,1721315247.6151,85,1,665.819824,-159.060059,-374.935254,-118.674316,37.155762,5.339355,1721315247.6151,84,2,428.736621,58.601074,-161.850586,-146.162109,33.134766,61.171875,1721315247.6151,86,3,408.086719,13.059668,-147.228223,-144.536133,26.147461,-153.28125,1721315247.6151,0,0,-1,-1,0,0,0,0,0,0,0,0,0,0,0,0,-1,29.91,-1,14.64,-1,28.63,13.0,0,0,0,0,0,0,0,1721315247643829400,1721315247638557000,811
1721315247681879600,87,0,600.521484,-161.29248,-388.329785,-130.45166,27.905273,149.787598,1721315247.6482,85,1,665.596582,-159.283301,-375.046875,-118.762207,37.045898,5.273438,1721315247.6482,84,2,428.736621,60.275391,-162.631934,-145.656738,33.068848,61.633301,1721315247.6482,86,3,407.528613,14.064258,-148.00957,-144.162598,25.949707,-153.061523,1721315247.6482,0,0,1721315247638829500,457,0,0,0,0,0,0,0,0,0,0,0,0,-2,-2,-2,-2,-2,-2,-2,-2,-2,-2,-2,-2,-2,-2,-2,1721315247671415900,812
1721315247715378500,87,0,600.967969,-160.622754,-388.106543,-130.275879,27.971191,149.853516,1721315247.6813,85,1,665.261719,-158.613574,-375.158496,-118.608398,37.045898,5.251465,1721315247.6813,84,2,429.071484,60.275391,-162.855176,-145.83252,33.178711,61.567383,1721315247.6813,86,3,407.640234,14.957227,-148.232812,-143.964844,26.081543,-153.127441,1721315247.6813,0,0,-1,-1,0,0,0,0,0,0,0,0,0,0,0,0,-1,29.91,-1,13.92,-1,30.13,13.0,0,0,0,0,0,0,0,1721315247692845700,1721315247709012800,813
1721315247749376400,87,0,601.526074,-161.29248,-387.883301,-130.429688,28.125,149.787598,1721315247.7143,85,1,665.931445,-158.055469,-375.60498,-118.674316,37.22168,5.141602,1721315247.7143,84,2,428.625,59.15918,-163.524902,-146.491699,32.893066,61.149902,1721315247.7143,86,3,407.751855,14.957227,-148.679297,-144.118652,26.05957,-153.391113,1721315247.7143,0,0,1721315247705374900,458,0,0,0,0,0,0,0,0,0,0,0,0,-1,29.91,-1,11.6,-1,23.25,13.0,0,0,0,0,0,0,0,1721315247741385700,1721315247737933200,814
1721315247783374600,87,0,601.526074,-161.627344,-388.77627,-130.78125,27.949219,149.414062,1721315247.7474,85,1,665.931445,-158.501953,-376.386328,-119.025879,37.133789,4.921875,1721315247.7474,84,2,426.392578,57.373242,-165.199219,-147.23877,31.882324,60.358887,1721315247.7474,86,3,406.524023,12.501562,-151.916309,-145.019531,25.136719,-154.797363,1721315247.7474,0,0,-1,-1,0,0,0,0,0,0,0,0,0,0,0,0,-2,-2,-2,-2,-2,-2,-2,-2,-2,-2,-2,-2,-2,-2,-2,1721315247770654300,815
1721315247817569800,87,0,601.526074,-159.841406,-389.557617,-130.605469,27.79541,149.260254,1721315247.7841,85,1,666.154687,-157.720605,-377.056055,-119.025879,36.97998,4.943848,1721315247.7841,84,2,426.392578,56.480273,-167.096777,-147.524414,31.728516,58.996582,1721315247.7841,86,3,406.858887,10.604004,-152.920898,-145.305176,25.224609,-155.456543,1721315247.7841,0,0,1721315247772375000,459,0,0,0,0,0,0,0,0,0,0,0,0,-1,29.7,-1,9.69,-1,24.66,13.0,0,0,0,0,0,0,0,1721315247790380700,1721315247808692500,816
1721315247851564100,87,0,601.749316,-159.506543,-389.334375,-130.473633,27.883301,149.370117,1721315247.8172,85,1,666.266309,-156.15791,-377.056055,-118.78418,37.111816,4.943848,1721315247.8172,84,2,426.280957,52.238672,-168.882715,-148.776855,31.706543,57.766113,1721315247.8172,85,3,406.970508,8.036719,-155.041699,-146.074219,25.290527,-156.225586,1721315247.8172,0,0,-1,-1,0,0,0,0,0,0,0,0,0,0,0,0,-1,29.91,-1,11.25,-1,21.26,13.0,0,0,0,0,0,0,0,1721315247840561500,1721315247837610100,817
1721315247885571100,87,0,602.08418,-159.618164,-389.334375,-130.583496,27.949219,149.370117,1721315247.8503,85,1,666.489551,-155.934668,-377.502539,-118.894043,37.22168,4.812012,1721315247.8503,84,2,425.61123,47.438965,-171.561621,-149.655762,31.464844,57.458496,1721315247.8503,85,3,405.965918,3.906738,-157.943848,-147.106934,24.98291,-156.533203,1721315247.8503,0,0,1721315247838570500,460,0,0,0,0,0,0,0,0,0,0,0,0,-2,-2,-2,-2,-2,-2,-2,-2,-2,-2,-2,-2,-2,-2,-2,1721315247871307300,818
1721315247919124600,87,0,602.195801,-157.832227,-390.450586,-130.275879,27.663574,149.348145,1721315247.9164,85,1,664.703613,-155.599805,-379.62334,-119.025879,36.97998,4.482422,1721315247.9164,84,2,427.955273,39.625488,-178.816992,-149.348145,31.486816,57.875977,1721315247.9164,86,3,406.747266,-3.683496,-162.855176,-147.414551,25.356445,-154.643555,1721315247.9164,0,0,-1,-1,0,0,0,0,0,0,0,0,0,0,0,0,-1,29.7,-1,10.21,-1,14.64,13.0,0,0,0,0,0,0,0,1721315247889571800,1721315247912710700,819
1721315247953125300,87,0,602.195801,-157.608984,-390.450586,-130.231934,27.663574,149.370117,1721315247.9201,85,1,664.703613,-155.488184,-379.62334,-118.981934,36.97998,4.482422,1721315247.9201,84,2,427.955273,39.067383,-179.263477,-149.414062,31.420898,57.810059,1721315247.9201,86,3,406.635645,-4.464844,-163.078418,-147.524414,25.400391,-154.489746,1721315247.9201,0,0,1721315247906117200,461,0,0,0,0,0,0,0,0,0,0,0,0,-1,29.7,-1,12.13,-1,3.1,13.0,0,0,0,0,0,0,0,1721315247934120700,1721315247937498000,820
1721315247987125300,87,0,602.753906,-157.497363,-390.450586,-130.209961,27.79541,149.39209,1721315247.9532,85,1,665.038477,-155.376562,-379.846582,-118.959961,37.111816,4.438477,1721315247.9532,84,2,427.508789,33.932812,-185.291016,-150.79834,30.058594,56.403809,1721315247.9532,87,3,404.17998,-11.831836,-165.534082,-148.469238,25.861816,-153.017578,1721315247.9532,0,0,-1,-1,0,0,0,0,0,0,0,0,0,0,0,0,-1,29.7,-1,12.66,-1,-1,13.0,0,0,0,0,0,0,0,1721315247971118800,1721315247973339200,821
1721315248020654600,87,0,602.530664,-158.278711,-390.562207,-130.36377,27.751465,149.39209,1721315247.9863,85,1,665.37334,-156.604395,-379.400098,-119.091797,37.067871,4.482422,1721315247.9863,84,2,427.732031,29.356348,-189.197754,-151.12793,28.432617,56.337891,1721315247.9863,87,3,401.835938,-13.506152,-166.985156,-148.40332,26.257324,-152.644043,1721315247.9863,0,0,1721315247973117000,462,0,0,0,0,0,0,0,0,0,0,0,0,-1,29.7,-1,12.48,-1,-1,13.0,0,0,0,0,0,0,0,1721315248007648100,1721315248008408500,822
1721315248054657900,87,0,602.419043,-158.390332,-390.227344,-130.297852,27.641602,149.458008,1721315248.0193,85,1,665.150098,-156.716016,-379.288477,-119.047852,36.914062,4.526367,1721315248.0193,84,2,428.066895,28.463379,-189.644238,-149.72168,27.839355,56.887207,1721315248.0193,87,3,403.845117,-12.724805,-166.538672,-147.65625,27.597656,-151.831055,1721315248.0193,0,0,-1,-1,0,0,0,0,0,0,0,0,0,0,0,0,-1,29.91,-1,13.74,-1,-1,13.0,0,0,0,0,0,0,0,1721315248044657200,1721315248037820700,823
1721315248088671400,87,0,602.307422,-157.385742,-390.115723,-129.968262,27.70752,149.611816,1721315248.0524,85,1,665.150098,-155.264941,-379.846582,-118.718262,36.870117,4.526367,1721315248.0524,84,2,427.732031,25.784473,-192.434766,-149.523926,26.279297,56.689453,1721315248.0524,87,3,405.407812,-16.743164,-167.208398,-147.832031,29.443359,-150.732422,1721315248.0524,0,0,1721315248039648500,463,0,0,0,0,0,0,0,0,0,0,0,0,-1,29.7,-1,12.84,-1,-1,13.0,0,0,0,0,0,0,0,1721315248081659300,1721315248070809900,824
1721315248122190500,87,0,602.753906,-157.832227,-390.450586,-130.144043,27.883301,149.567871,1721315248.0892,85,1,665.37334,-154.930078,-380.62793,-118.828125,37.001953,4.328613,1721315248.0892,84,2,426.839062,23.328809,-194.667187,-149.260254,23.57666,56.777344,1721315248.0892,87,3,404.17998,-22.770703,-167.208398,-148.227539,31.223145,-150.029297,1721315248.0892,0,0,-1,-1,0,0,0,0,0,0,0,0,0,0,0,0,-1,29.7,-1,13.02,-1,-1,13.0,0,0,0,0,0,0,0,1721315248118189300,1721315248109629600,825
1721315248156189500,87,0,602.753906,-158.390332,-389.89248,-130.231934,27.79541,149.611816,1721315248.1222,85,1,664.815234,-155.599805,-380.404687,-118.959961,36.826172,4.328613,1721315248.1222,84,2,426.280957,20.761523,-196.229883,-148.908691,21.401367,57.436523,1721315248.1222,87,3,403.510254,-24.668262,-166.427051,-147.700195,32.739258,-149.589844,1721315248.1222,0,0,1721315248106190300,464,0,0,0,0,0,0,0,0,0,0,0,0,-2,-2,-2,-2,-2,-2,-2,-2,-2,-2,-2,-2,-2,-2,-2,1721315248144664100,826
1721315248190233100,87,0,602.865527,-157.943848,-389.222754,-130.03418,27.79541,149.787598,1721315248.1553,85,1,664.815234,-155.488184,-379.62334,-118.762207,36.760254,4.482422,1721315248.1553,84,2,427.397168,19.310449,-196.341504,-148.579102,20.478516,58.095703,1721315248.1553,87,3,404.961328,-26.230957,-163.748145,-146.799316,34.387207,-148.64502,1721315248.1553,0,0,-1,-1,0,0,0,0,0,0,0,0,0,0,0,0,-1,29.91,-1,13.92,-1,1.69,13.0,0,0,0,0,0,0,0,1721315248167189000,1721315248173965600,827
1721315248223770800,87,0,602.865527,-158.055469,-388.553027,-129.968262,27.949219,149.919434,1721315248.1884,85,1,665.261719,-155.934668,-378.283887,-118.630371,36.936035,4.658203,1721315248.1884,84,2,427.397168,14.622363,-196.676367,-149.414062,19.138184,58.513184,1721315248.1884,87,3,405.18457,-28.909863,-162.185449,-146.733398,35.112305,-148.183594,1721315248.1884,0,0,1721315248173203600,465,0,0,0,0,0,0,0,0,0,0,0,0,-1,29.91,-1,12.66,-1,3.9,13.0,0,0,0,0,0,0,0,1721315248212773000,1721315248211108700,828
1721315248257780000,87,0,603.312012,-158.948437,-388.218164,-130.144043,27.993164,149.897461,1721315248.2215,85,1,665.931445,-156.269531,-378.060645,-118.78418,37.045898,4.570312,1721315248.2215,84,2,426.839062,11.943457,-197.457715,-149.743652,17.709961,58.754883,1721315248.2215,87,3,404.849707,-31.030664,-161.180859,-146.733398,35.15625,-147.98584,1721315248.2215,0,0,-1,-1,0,0,0,0,0,0,0,0,0,0,0,0,-2,-2,-2,-2,-2,-2,-2,-2,-2,-2,-2,-2,-2,-2,-2,1721315248240108200,829
1721315248291786400,87,0,603.200391,-161.404102,-386.990332,-130.385742,27.79541,150.117188,1721315248.2582,85,1,665.819824,-156.827637,-377.725781,-118.828125,36.89209,4.614258,1721315248.2582,84,2,426.950684,11.720215,-196.564746,-149.523926,17.490234,57.875977,1721315248.2582,87,3,404.849707,-33.374707,-160.287891,-146.711426,34.980469,-147.766113,1721315248.2582,0,0,1721315248239761800,466,0,0,0,0,0,0,0,0,0,0,0,0,-1,29.7,-1,11.78,-1,3.58,13.0,0,0,0,0,0,0,0,1721315248261762200,1721315248273728400,830
1721315248325309100,87,0,603.08877,-161.404102,-386.208984,-130.253906,27.839355,150.270996,1721315248.2913,85,1,665.931445,-156.381152,-377.279297,-118.630371,36.870117,4.724121,1721315248.2913,83,2,428.959863,9.15293,-193.774219,-150.227051,18.127441,56.381836,1721315248.2913,87,3,407.19375,-35.830371,-158.501953,-147.194824,35.48584,-148.007812,1721315248.2913,0,0,1721315248305304100,467,0,0,0,0,0,0,0,0,0,0,0,0,-1,29.91,-1,12.84,-1,8.5,13.0,0,0,0,0,0,0,0,1721315248311305300,1721315248308148300,831
1721315248359299400,87,0,603.200391,-161.515723,-385.7625,-130.36377,28.037109,150.161133,1721315248.3244,85,1,666.266309,-156.716016,-377.056055,-118.674316,37.023926,4.746094,1721315248.3244,83,2,430.522559,6.362402,-191.988281,-151.567383,18.61084,55.59082,1721315248.3244,87,3,408.309961,-36.834961,-158.836816,-148.952637,35.969238,-149.567871,1721315248.3244,0,0,-1,-1,0,0,0,0,0,0,0,0,0,0,0,0,-1,29.91,-1,13.2,-1,9.01,13.0,0,0,0,0,0,0,0,1721315248356309000,1721315248338973600,832
1721315248393324900,87,0,602.195801,-160.957617,-386.432227,-130.429688,27.751465,149.897461,1721315248.3905,85,1,666.266309,-157.497363,-376.497949,-118.828125,36.958008,4.746094,1721315248.3905,83,2,432.978223,6.697266,-191.095312,-151.633301,19.160156,57.172852,1721315248.3905,87,3,409.649414,-36.500098,-158.055469,-149.106445,36.210938,-148.820801,1721315248.3905,0,0,1721315248373302900,468,0,0,0,0,0,0,0,0,0,0,0,0,-2,-2,-2,-2,-2,-2,-2,-2,-2,-2,-2,-2,-2,-2,-2,1721315248373058200,833
1721315248427625300,87,0,602.642285,-162.29707,-385.650879,-130.627441,27.861328,150.007324,1721315248.3574,85,1,666.266309,-157.608984,-376.832812,-118.87207,37.001953,4.724121,1721315248.3574,83,2,430.410937,5.469434,-191.653418,-152.138672,18.61084,55.83252,1721315248.3574,87,3,408.533203,-37.169824,-158.725195,-149.611816,35.991211,-149.611816,1721315248.3574,0,0,-1,-1,0,0,0,0,0,0,0,0,0,0,0,0,-1,29.91,-1,12.66,-1,13.74,13.0,0,0,0,0,0,0,0,1721315248405627400,1721315248407722900,834
1721315248461625900,87,0,601.860937,-160.622754,-386.655469,-130.319824,27.817383,149.897461,1721315248.4273,85,1,666.266309,-156.604395,-376.163086,-118.652344,37.023926,4.724121,1721315248.4273,83,2,435.210645,5.915918,-190.425586,-151.347656,19.401855,58.535156,1721315248.4273,87,3,411.212109,-35.607129,-157.1625,-147.810059,36.386719,-146.99707,1721315248.4273,0,0,1721315248439618400,469,0,0,0,0,0,0,0,0,0,0,0,0,-1,29.7,-1,12.13,-1,16.85,13.0,0,0,0,0,0,0,0,1721315248454633400,1721315248440581000,835
1721315248495643600,87,0,602.08418,-161.180859,-387.101953,-130.473633,27.905273,149.80957,1721315248.4603,85,1,666.601172,-156.716016,-376.386328,-118.87207,37.199707,4.570312,1721315248.4603,83,2,435.099023,6.474023,-192.211523,-150.908203,18.69873,59.523926,1721315248.4603,87,3,410.988867,-36.053613,-157.385742,-147.150879,35.881348,-145.678711,1721315248.4603,0,0,-1,-1,0,0,0,0,0,0,0,0,0,0,0,0,-2,-2,-2,-2,-2,-2,-2,-2,-2,-2,-2,-2,-2,-2,-2,1721315248473166300,836
1721315248529070500,87,0,602.195801,-161.850586,-387.325195,-130.627441,27.79541,149.765625,1721315248.4934,85,1,666.154687,-158.390332,-375.716602,-119.069824,36.848145,4.592285,1721315248.4934,83,2,435.76875,8.706445,-193.550977,-149.941406,18.325195,60.908203,1721315248.4934,87,3,411.32373,-35.941992,-157.832227,-146.162109,35.354004,-144.162598,1721315248.4934,0,0,1721315248505976700,470,0,0,0,0,0,0,0,0,0,0,0,0,-1,29.91,-1,12.13,-1,17.23,13.0,0,0,0,0,0,0,0,1721315248503641600,1721315248508890100,837
1721315248562974100,87,0,602.08418,-160.287891,-387.994922,-130.45166,27.839355,149.677734,1721315248.5302,85,1,666.043066,-157.050879,-376.163086,-118.78418,36.738281,4.592285,1721315248.5302,84,2,437.443066,11.608594,-193.439355,-148.798828,18.566895,62.138672,1721315248.5302,87,3,413.221289,-33.151465,-157.050879,-144.404297,35.529785,-142.69043,1721315248.5302,0,0,-1,-1,0,0,0,0,0,0,0,0,0,0,0,0,-1,29.91,-1,13.02,-1,20.28,13.0,0,0,0,0,0,0,0,1721315248552972600,1721315248540090700,838
1721315248597084000,87,0,602.08418,-158.836816,-388.441406,-130.407715,27.993164,149.523926,1721315248.5632,85,1,666.601172,-156.046289,-376.832812,-118.718262,36.89209,4.504395,1721315248.5632,84,2,437.889551,10.269141,-194.443945,-149.238281,18.215332,62.600098,1721315248.5632,87,3,413.556152,-32.816602,-156.716016,-144.206543,35.441895,-142.229004,1721315248.5632,0,0,1721315248571975600,471,0,0,0,0,0,0,0,0,0,0,0,0,-2,-2,-2,-2,-2,-2,-2,-2,-2,-2,-2,-2,-2,-2,-2,1721315248572477700,839
1721315248630509200,87,0,601.972559,-158.613574,-389.111133,-130.517578,27.949219,149.39209,1721315248.5963,85,1,666.936035,-155.934668,-377.725781,-118.87207,36.848145,4.394531,1721315248.5963,84,2,437.331445,11.720215,-194.443945,-148.930664,17.797852,63.237305,1721315248.5963,87,3,413.444531,-32.146875,-156.827637,-143.898926,35.068359,-141.811523,1721315248.5963,0,0,-1,-1,0,0,0,0,0,0,0,0,0,0,0,0,-1,29.91,-1,12.31,-1,28.84,13.0,0,0,0,0,0,0,0,1721315248601986100,1721315248608479100,840
1721315248664509500,87,0,601.302832,-158.725195,-389.669238,-130.539551,27.773438,149.370117,1721315248.6294,85,1,666.489551,-155.711426,-379.065234,-118.850098,36.716309,4.328613,1721315248.6294,84,2,438.336035,14.175879,-193.997461,-148.095703,17.929688,63.720703,1721315248.6294,87,3,414.225879,-30.472559,-156.604395,-143.151855,34.936523,-141.262207,1721315248.6294,0,0,1721315248639500500,472,0,0,0,0,0,0,0,0,0,0,0,0,-1,29.91,-1,12.84,-1,30.13,13.0,0,0,0,0,0,0,0,1721315248651500100,1721315248642328800,841
1721315248698530300,87,0,601.414453,-158.16709,-390.004102,-130.341797,27.751465,149.458008,1721315248.6624,85,1,665.596582,-154.483594,-380.851172,-118.586426,36.738281,4.306641,1721315248.6624,84,2,439.229004,14.733984,-193.997461,-147.875977,17.973633,63.962402,1721315248.6624,87,3,415.676953,-28.909863,-155.488184,-142.536621,35.068359,-140.712891,1721315248.6624,0,0,-1,-1,0,0,0,0,0,0,0,0,0,0,0,0,-2,-2,-2,-2,-2,-2,-2,-2,-2,-2,-2,-2,-2,-2,-2,1721315248672779500,842
1721315248732059100,87,0,601.972559,-158.055469,-390.227344,-130.385742,27.839355,149.458008,1721315248.6992,85,1,665.708203,-155.376562,-380.962793,-118.78418,36.97998,4.350586,1721315248.6992,84,2,440.456836,13.171289,-193.774219,-148.227539,17.666016,64.709473,1721315248.6992,87,3,416.235059,-29.021484,-154.483594,-142.492676,34.892578,-140.229492,1721315248.6992,0,0,1721315248706052100,473,0,0,0,0,0,0,0,0,0,0,0,0,-1,29.91,-1,9.69,-1,29.05,13.0,0,0,0,0,0,0,0,1721315248700525500,1721315248709210600,843
1721315248765723300,87,0,601.860937,-157.832227,-390.338965,-130.45166,27.79541,149.39209,1721315248.7323,85,1,665.150098,-155.599805,-381.186035,-118.894043,36.89209,4.306641,1721315248.7323,84,2,440.90332,14.2875,-193.997461,-147.832031,17.182617,65.544434,1721315248.7323,87,3,416.569922,-29.244727,-154.371973,-142.250977,34.299316,-139.702148,1721315248.7323,0,0,-1,-1,0,0,0,0,0,0,0,0,0,0,0,0,-1,29.91,-1,9.35,-1,35.02,13.0,0,0,0,0,0,0,0,1721315248745061500,1721315248740296100,844
1721315248799626000,87,0,601.860937,-156.827637,-390.785449,-130.275879,27.773438,149.39209,1721315248.7653,85,1,664.480371,-155.041699,-381.520898,-118.718262,36.738281,4.350586,1721315248.7653,84,2,442.019531,16.519922,-193.997461,-147.194824,17.226562,65.67627,1721315248.7653,87,3,417.462891,-28.351758,-154.14873,-141.70166,34.299316,-139.614258,1721315248.7653,0,0,1721315248772614400,474,0,0,0,0,0,0,0,0,0,0,0,0,-1,29.91,-1,9.52,-1,30.35,13.0,0,0,0,0,0,0,0,1721315248794631200,1721315248775197700,845
1721315248833708100,87,0,601.860937,-156.827637,-390.562207,-130.209961,27.905273,149.501953,1721315248.7984,85,1,664.591992,-155.376562,-380.851172,-118.608398,36.804199,4.482422,1721315248.7984,84,2,442.800879,15.961816,-193.104492,-147.502441,17.358398,65.478516,1721315248.7984,87,3,418.244238,-27.905273,-153.813867,-141.723633,34.453125,-140.009766,1721315248.7984,0,0,-1,-1,0,0,0,0,0,0,0,0,0,0,0,0,-2,-2,-2,-2,-2,-2,-2,-2,-2,-2,-2,-2,-2,-2,-2,1721315248808181100,846
1721315248867709400,87,0,601.860937,-157.274121,-390.338965,-130.319824,27.949219,149.523926,1721315248.8315,85,1,664.480371,-155.599805,-380.962793,-118.718262,36.89209,4.394531,1721315248.8315,84,2,442.577637,14.622363,-192.434766,-148.183594,16.940918,65.039062,1721315248.8315,87,3,418.913965,-28.686621,-153.813867,-142.514648,34.189453,-141.086426,1721315248.8315,0,0,1721315248839702800,475,0,0,0,0,0,0,0,0,0,0,0,0,-1,29.91,-1,9.86,-1,32.77,13.0,0,0,0,0,0,0,0,1721315248843704300,1721315248841775700,847
1721315248901722600,87,0,601.749316,-157.497363,-390.115723,-130.253906,27.79541,149.567871,1721315248.8682,85,1,663.922266,-156.15791,-380.62793,-118.762207,36.738281,4.460449,1721315248.8682,84,2,442.689258,15.626953,-191.206934,-148.117676,16.940918,64.6875,1721315248.8682,87,3,420.141797,-29.133105,-152.809277,-142.734375,34.101562,-142.053223,1721315248.8682,0,0,-1,-1,0,0,0,0,0,0,0,0,0,0,0,0,-1,29.91,-1,10.38,-1,32.55,13.0,0,0,0,0,0,0,0,1721315248892732900,1721315248874316100,848
1721315248935752100,87,0,601.637695,-157.050879,-390.338965,-130.056152,27.79541,149.633789,1721315248.9013,85,1,663.922266,-156.15791,-380.181445,-118.586426,36.782227,4.614258,1721315248.9013,84,2,444.028711,15.626953,-189.86748,-148.381348,17.226562,63.874512,1721315248.9013,87,3,422.374219,-30.58418,-151.469824,-143.371582,34.343262,-143.10791,1721315248.9013,0,0,1721315248905745100,476,0,0,0,0,0,0,0,0,0,0,0,0,-2,-2,-2,-2,-2,-2,-2,-2,-2,-2,-2,-2,-2,-2,-2,1721315248909322900,849
1721315248969742900,87,0,601.972559,-157.274121,-389.89248,-130.12207,27.949219,149.633789,1721315248.9344,85,1,664.591992,-158.278711,-377.837402,-118.740234,37.089844,4.855957,1721315248.9344,84,2,444.140332,12.613184,-189.420996,-149.655762,17.050781,62.753906,1721315248.9344,87,3,422.820703,-32.370117,-152.02793,-145.019531,33.991699,-144.667969,1721315248.9344,0,0,-1,-1,0,0,0,0,0,0,0,0,0,0,0,0,-1,29.91,-1,11.43,-1,32.32,13.0,0,0,0,0,0,0,0,1721315248937752400,1721315248941304000,850
1721315249003757800,87,0,601.972559,-157.943848,-389.669238,-130.231934,27.883301,149.611816,1721315248.9675,85,1,664.815234,-160.064648,-377.167676,-119.047852,37.023926,4.899902,1721315248.9675,84,2,443.582227,12.055078,-189.086133,-149.875488,16.940918,62.687988,1721315248.9675,87,3,422.709082,-32.481738,-153.03252,-145.524902,33.310547,-145.019531,1721315248.9675,0,0,1721315248972745500,477,0,0,0,0,0,0,0,0,0,0,0,0,-1,29.91,-1,11.6,-1,32.77,13.0,0,0,0,0,0,0,0,1721315248986745400,1721315248976981400,851
1721315249037272400,87,0,601.860937,-158.16709,-389.111133,-130.166016,27.839355,149.743652,1721315249.0042,85,1,664.480371,-160.399512,-377.167676,-118.937988,36.848145,4.96582,1721315249.0042,84,2,444.363574,12.724805,-189.309375,-149.545898,17.094727,62.644043,1721315249.0042,87,3,423.825293,-32.146875,-152.697656,-145.283203,33.134766,-144.733887,1721315249.0042,0,0,-1,-1,0,0,0,0,0,0,0,0,0,0,0,0,-1,29.91,-1,11.25,-1,33.44,13.0,0,0,0,0,0,0,0,1721315249036272200,1721315247309406300,801
1721315249071359300,87,0,601.972559,-158.836816,-388.329785,-130.144043,27.949219,149.897461,1721315249.0373,85,1,664.591992,-159.841406,-377.056055,-118.806152,36.870117,4.96582,1721315249.0373,84,2,446.261133,11.720215,-188.862891,-149.765625,17.314453,62.62207,1721315249.0373,87,3,425.164746,-32.70498,-152.251172,-145.656738,32.980957,-144.821777,1721315249.0373,0,0,1721315249039272700,478,0,0,0,0,0,0,0,0,0,0,0,0,-2,-2,-2,-2,-2,-2,-2,-2,-2,-2,-2,-2,-2,-2,-2,1721315249043439200,852
1721315249104819900,87,0,602.753906,-160.399512,-387.101953,-130.385742,28.125,149.963379,1721315249.0704,85,1,665.484961,-159.394922,-376.274707,-118.78418,36.97998,4.921875,1721315249.0704,84,2,446.149512,10.827246,-190.202344,-150.249023,16.523438,62.402344,1721315249.0704,87,3,426.057715,-32.816602,-153.590625,-146.184082,31.816406,-144.799805,1721315249.0704,0,0,-1,-1,0,0,0,0,0,0,0,0,0,0,0,0,-1,29.91,-1,11.43,-1,34.34,13.0,0,0,0,0,0,0,0,1721315249085286100,-1,-1
1721315249138816500,87,0,602.753906,-160.622754,-386.878711,-130.473633,27.971191,149.963379,1721315249.1034,85,1,666.154687,-159.506543,-375.828223,-118.850098,36.826172,4.899902,1721315249.1034,84,2,446.261133,11.162109,-192.211523,-150.161133,15.754395,62.424316,1721315249.1034,87,3,427.173926,-32.70498,-153.590625,-145.766602,30.893555,-144.118652,1721315249.1034,0,0,1721315249105812200,479,0,0,0,0,0,0,0,0,0,0,0,0,-1,29.7,-1,11.43,-1,33.66,13.0,0,0,0,0,0,0,0,1721315249134809000,1721315249108852400,853
1721315249172809100,87,0,602.642285,-159.841406,-387.325195,-130.275879,27.949219,149.941406,1721315249.1365,85,1,666.043066,-158.725195,-376.274707,-118.586426,36.760254,4.921875,1721315249.1365,84,2,447.265723,12.948047,-192.434766,-149.47998,15.688477,62.600098,1721315249.1365,87,3,428.178516,-31.365527,-153.479004,-145.041504,30.432129,-144.030762,1721315249.1365,0,0,-1,-1,0,0,0,0,0,0,0,0,0,0,0,0,-2,-2,-2,-2,-2,-2,-2,-2,-2,-2,-2,-2,-2,-2,-2,1721315249141365400,854
1721315249206375300,87,0,602.530664,-159.618164,-387.436816,-130.319824,28.037109,149.875488,1721315249.1733,85,1,665.931445,-159.506543,-376.60957,-118.740234,36.848145,4.833984,1721315249.1733,84,2,447.712207,12.166699,-191.87666,-149.677734,15.688477,62.600098,1721315249.1733,87,3,428.513379,-32.593359,-154.483594,-145.59082,29.377441,-144.997559,1721315249.1733,0,0,1721315249172809100,480,0,0,0,0,0,0,0,0,0,0,0,0,-1,29.91,-1,11.95,-1,31.66,13.0,0,0,0,0,0,0,0,1721315249183817300,1721315249177597000,855
1721315249240365500,87,0,602.419043,-159.506543,-387.77168,-130.45166,27.971191,149.699707,1721315249.2063,85,1,666.266309,-160.064648,-377.502539,-119.003906,36.804199,4.614258,1721315249.2063,84,2,447.154102,12.389941,-192.211523,-149.523926,15.534668,62.86377,1721315249.2063,87,3,428.290137,-32.258496,-156.046289,-145.480957,27.399902,-145.50293,1721315249.2063,0,0,-1,-1,0,0,0,0,0,0,0,0,0,0,0,0,-1,29.91,-1,11.95,-1,33.21,13.0,0,0,0,0,0,0,0,1721315249232376900,1721315249208281900,856
1721315249274366100,87,0,602.419043,-158.725195,-388.441406,-130.385742,27.861328,149.611816,1721315249.2394,85,1,666.712793,-159.394922,-377.837402,-118.894043,36.672363,4.658203,1721315249.2394,84,2,447.712207,13.729395,-192.099902,-148.73291,16.21582,63.720703,1721315249.2394,87,3,429.406348,-30.472559,-155.823047,-144.865723,26.872559,-145.524902,1721315249.2394,0,0,1721315249239378500,481,0,0,0,0,0,0,0,0,0,0,0,0,-2,-2,-2,-2,-2,-2,-2,-2,-2,-2,-2,-2,-2,-2,-2,1721315249243999700,857
1721315249307908600,87,0,602.419043,-157.274121,-389.222754,-130.187988,27.905273,149.523926,1721315249.2725,85,1,666.601172,-158.278711,-378.730371,-118.740234,36.694336,4.63623,1721315249.2725,84,2,449.05166,12.948047,-191.765039,-148.820801,17.072754,64.072266,1721315249.2725,87,3,431.080664,-30.807422,-154.371973,-145.063477,26.740723,-145.393066,1721315249.2725,0,0,-1,-1,0,0,0,0,0,0,0,0,0,0,0,0,-1,29.91,-1,11.95,-1,30.13,13.0,0,0,0,0,0,0,0,1721315249281383800,1721315249277104300,858
1721315249341908300,87,0,602.530664,-157.832227,-389.334375,-130.297852,27.927246,149.545898,1721315249.3056,85,1,666.489551,-157.832227,-380.069824,-118.937988,36.936035,4.394531,1721315249.3056,84,2,449.274902,11.050488,-191.430176,-149.436035,17.138672,64.006348,1721315249.3056,87,3,430.969043,-32.146875,-155.376562,-146.271973,25.949707,-146.030273,1721315249.3056,0,0,1721315249305912500,482,0,0,0,0,0,0,0,0,0,0,0,0,-1,29.91,-1,11.95,-1,23.45,13.0,0,0,0,0,0,0,0,1721315249330912100,1721315249310463500,859
1721315249375901600,87,0,602.642285,-158.501953,-389.557617,-130.385742,27.729492,149.567871,1721315249.3423,85,1,665.484961,-157.050879,-381.074414,-119.179688,36.870117,4.130859,1721315249.3423,84,2,448.605176,11.162109,-192.434766,-149.699707,16.853027,63.808594,1721315249.3423,87,3,429.62959,-32.370117,-156.716016,-146.865234,25.070801,-146.184082,1721315249.3423,0,0,-1,-1,0,0,0,0,0,0,0,0,0,0,0,0,-2,-2,-2,-2,-2,-2,-2,-2,-2,-2,-2,-2,-2,-2,-2,-1,-1
1721315249409454800,87,0,602.419043,-156.939258,-390.673828,-130.056152,27.663574,149.523926,1721315249.3754,85,1,664.480371,-155.488184,-380.851172,-118.78418,36.804199,4.262695,1721315249.3754,84,2,448.270312,12.501562,-192.992871,-149.47998,16.809082,63.479004,1721315249.3754,87,3,430.299316,-31.58877,-157.1625,-146.645508,25.026855,-146.096191,1721315249.3754,0,0,1721315249372900700,483,0,0,0,0,0,0,0,0,0,0,0,0,-1,29.91,-1,11.78,-1,20.28,13.0,0,0,0,0,0,0,0,1721315249379910300,1721315249409162200,861
1721315249443458000,87,0,602.865527,-156.381152,-391.231934,-130.03418,27.861328,149.501953,1721315249.4084,85,1,664.703613,-155.041699,-380.516309,-118.630371,37.001953,4.372559,1721315249.4084,84,2,448.04707,11.496973,-193.216113,-149.919434,16.479492,62.62207,1721315249.4084,87,3,431.080664,-31.365527,-157.497363,-146.777344,25.004883,-146.315918,1721315249.4084,0,0,-1,-1,0,0,0,0,0,0,0,0,0,0,0,0,-1,29.91,-1,12.31,-1,16.85,13.0,0,0,0,0,0,0,0,1721315249429457000,1721315249377897800,860
1721315249477455400,87,0,603.423633,-157.608984,-390.89707,-130.209961,27.861328,149.589844,1721315249.4415,85,1,664.926855,-154.930078,-381.186035,-118.78418,37.111816,4.240723,1721315249.4415,84,2,445.703027,11.27373,-195.89502,-149.985352,14.743652,61.677246,1721315249.4415,87,3,431.192285,-32.035254,-159.060059,-147.216797,23.840332,-147.524414,1721315249.4415,0,0,1721315249440447500,484,0,0,0,0,0,0,0,0,0,0,0,0,-2,-2,-2,-2,-2,-2,-2,-2,-2,-2,-2,-2,-2,-2,-2,1721315249446613000,862
1721315249510993300,87,0,603.423633,-158.836816,-390.338965,-130.253906,27.663574,149.72168,1721315249.4783,85,1,664.703613,-154.595215,-381.297656,-118.78418,37.023926,4.240723,1721315249.4783,84,2,444.810059,13.394531,-197.346094,-149.194336,13.820801,61.193848,1721315249.4783,87,3,431.862012,-32.370117,-159.618164,-147.019043,22.763672,-148.974609,1721315249.4783,0,0,-1,-1,0,0,0,0,0,0,0,0,0,0,0,0,-1,29.91,-1,13.02,-1,18.36,13.0,0,0,0,0,0,0,0,1721315249478462100,1721315249510570100,863
1721315249544988900,87,0,603.200391,-158.278711,-390.004102,-130.078125,27.729492,149.765625,1721315249.5113,85,1,664.480371,-153.925488,-381.186035,-118.608398,37.067871,4.306641,1721315249.5113,84,2,444.586816,13.729395,-198.350684,-149.018555,13.205566,60.249023,1721315249.5113,87,3,432.75498,-33.486328,-160.399512,-147.480469,22.280273,-150.029297,1721315249.5113,0,0,1721315249505995500,485,0,0,0,0,0,0,0,0,0,0,0,0,-1,29.91,-1,13.02,-1,16.48,13.0,0,0,0,0,0,0,0,1721315249527985000,1721315249542829600,864
1721315249578989100,87,0,603.200391,-159.060059,-389.445996,-130.275879,27.905273,149.787598,1721315249.5444,85,1,665.37334,-154.260352,-380.069824,-118.652344,37.287598,4.460449,1721315249.5444,84,2,443.805469,10.827246,-197.792578,-149.941406,12.480469,59.589844,1721315249.5444,87,3,432.308496,-34.825781,-160.845996,-148.205566,21.818848,-150.930176,1721315249.5444,0,0,-1,-1,0,0,0,0,0,0,0,0,0,0,0,0,-1,29.91,-1,13.02,-1,15.37,13.0,0,0,0,0,0,0,0,1721315249576980600,1721315249578819500,865
1721315249612534100,87,0,602.865527,-159.953027,-388.887891,-130.473633,27.861328,149.787598,1721315249.5775,85,1,665.37334,-155.376562,-379.176855,-118.762207,37.199707,4.54834,1721315249.5775,84,2,441.796289,11.608594,-200.359863,-149.963379,11.096191,59.106445,1721315249.5775,87,3,431.750391,-36.72334,-161.738965,-148.579102,21.005859,-150.908203,1721315249.5775,0,0,1721315249573984600,486,0,0,0,0,0,0,0,0,0,0,0,0,-2,-2,-2,-2,-2,-2,-2,-2,-2,-2,-2,-2,-2,-2,-2,1721315249610427100,866
1721315249646534400,87,0,602.977148,-160.622754,-388.329785,-130.407715,27.751465,149.985352,1721315249.6106,85,1,664.815234,-156.15791,-378.395508,-118.652344,36.97998,4.724121,1721315249.6106,84,2,442.131152,13.28291,-202.145801,-149.39209,10.656738,58.623047,1721315249.6106,87,3,432.531738,-36.72334,-162.185449,-148.381348,20.939941,-150.908203,1721315249.6106,0,0,-1,-1,0,0,0,0,0,0,0,0,0,0,0,0,-1,29.91,-1,13.2,-1,14.46,13.0,0,0,0,0,0,0,0,1721315249625526200,1721315249645037400,867
1721315249680534700,87,0,602.753906,-161.069238,-387.436816,-130.36377,27.839355,150.117188,1721315249.6473,85,1,664.926855,-156.827637,-377.949023,-118.520508,37.067871,4.921875,1721315249.6473,84,2,442.800879,11.27373,-203.03877,-149.743652,10.480957,58.117676,1721315249.6473,87,3,434.429297,-37.951172,-163.413281,-148.710938,20.808105,-151.237793,1721315249.6473,0,0,1721315249639529400,487,0,0,0,0,0,0,0,0,0,0,0,0,-1,29.91,-1,13.56,-1,15.37,13.0,0,0,0,0,0,0,0,1721315249674537000,1721315249677976700,868
1721315249714058300,87,0,602.195801,-161.962207,-386.76709,-130.649414,27.949219,150.05127,1721315249.6804,85,1,664.815234,-159.060059,-377.61416,-118.87207,37.199707,4.96582,1721315249.6804,82,2,441.796289,9.15293,-204.824707,-150.029297,9.997559,57.98584,1721315249.6804,87,3,433.871191,-39.513867,-165.422461,-148.996582,20.039062,-150.974121,1721315249.6804,0,0,-1,-1,0,0,0,0,0,0,0,0,0,0,0,0,-2,-2,-2,-2,-2,-2,-2,-2,-2,-2,-2,-2,-2,-2,-2,1721315249712949300,869
1721315249748059100,87,0,601.860937,-162.185449,-386.878711,-130.759277,27.79541,150.029297,1721315249.7135,85,1,664.703613,-159.729785,-377.167676,-118.959961,37.045898,4.96582,1721315249.7135,82,2,441.461426,9.264551,-206.610645,-149.655762,9.865723,58.249512,1721315249.7135,87,3,432.75498,-39.84873,-166.538672,-148.513184,19.665527,-149.633789,1721315249.7135,0,0,1721315249707061300,488,0,0,0,0,0,0,0,0,0,0,0,0,-1,29.91,-1,13.74,-1,15.74,13.0,0,0,0,0,0,0,0,1721315249720054900,-1,-1
1721315249782050700,87,0,601.637695,-161.850586,-386.655469,-130.605469,27.773438,150.095215,1721315249.7465,85,1,665.038477,-159.394922,-376.386328,-118.718262,37.001953,5.075684,1721315249.7465,83,2,443.135742,9.934277,-208.508203,-148.886719,10.524902,58.842773,1721315249.7465,87,3,433.424707,-38.286035,-167.543262,-147.766113,19.907227,-148.73291,1721315249.7465,0,0,-1,-1,0,0,0,0,0,0,0,0,0,0,0,0,-1,29.7,-1,12.48,-1,15.74,13.0,0,0,0,0,0,0,0,1721315249769057900,1721315249781302000,870
1721315249816300200,87,0,601.749316,-161.962207,-386.655469,-130.649414,27.905273,150.073242,1721315249.7796,85,1,665.819824,-159.060059,-376.386328,-118.718262,37.243652,4.96582,1721315249.7796,83,2,443.693848,7.590234,-209.401172,-149.501953,10.83252,58.974609,1721315249.7796,87,3,433.536328,-39.179004,-168.547852,-148.205566,20.039062,-148.623047,1721315249.7796,0,0,1721315249773050300,489,0,0,0,0,0,0,0,0,0,0,0,0,-2,-2,-2,-2,-2,-2,-2,-2,-2,-2,-2,-2,-2,-2,-2,1721315249812500500,871
1721315249850299400,87,0,601.972559,-161.515723,-386.990332,-130.693359,27.883301,149.941406,1721315249.8164,85,1,666.601172,-159.17168,-377.167676,-119.003906,37.243652,4.614258,1721315249.8164,83,2,442.242773,7.925098,-210.18252,-149.304199,10.59082,59.282227,1721315249.8164,87,3,432.085254,-39.179004,-169.887305,-148.117676,19.489746,-148.205566,1721315249.8164,0,0,-1,-1,0,0,0,0,0,0,0,0,0,0,0,0,-1,29.91,-1,13.38,-1,16.11,13.0,0,0,0,0,0,0,0,1721315249818306600,1721315249846413500,872
1721315249884306300,87,0,601.860937,-161.404102,-387.213574,-130.671387,27.817383,149.919434,1721315249.8494,85,1,666.489551,-159.17168,-376.60957,-118.981934,37.045898,4.658203,1721315249.8494,84,2,442.131152,10.604004,-211.075488,-148.31543,10.854492,59.72168,1721315249.8494,87,3,432.643359,-37.951172,-169.329199,-147.414551,19.599609,-147.678223,1721315249.8494,0,0,1721315249839309800,490,0,0,0,0,0,0,0,0,0,0,0,0,-1,29.7,-1,13.56,-1,14.28,13.0,0,0,0,0,0,0,0,1721315249867299200,1721315249878124600,873
1721315249918409700,87,0,601.860937,-160.064648,-387.883301,-130.495605,27.861328,149.831543,1721315249.8825,85,1,666.043066,-157.943848,-376.944434,-118.740234,37.045898,4.592285,1721315249.8825,84,2,442.9125,12.055078,-210.852246,-147.897949,11.140137,59.875488,1721315249.8825,87,3,432.978223,-36.834961,-168.994336,-147.084961,19.731445,-147.65625,1721315249.8825,0,0,-1,-1,0,0,0,0,0,0,0,0,0,0,0,0,-1,29.91,-1,13.92,-1,15.19,13.0,0,0,0,0,0,0,0,1721315249916399000,1721315249914337600,874
1721315249952398900,87,0,602.530664,-158.390332,-388.553027,-130.45166,28.037109,149.589844,1721315249.9193,85,1,666.37793,-157.1625,-377.61416,-118.78418,37.22168,4.438477,1721315249.9193,84,2,443.247363,11.720215,-210.294141,-148.117676,11.162109,60.007324,1721315249.9193,87,3,432.531738,-36.276855,-169.217578,-147.150879,19.731445,-147.854004,1721315249.9193,0,0,1721315249906398800,491,0,0,0,0,0,0,0,0,0,0,0,0,-2,-2,-2,-2,-2,-2,-2,-2,-2,-2,-2,-2,-2,-2,-2,1721315249949028200,875
1721315249986410300,87,0,601.860937,-156.939258,-390.338965,-130.539551,27.839355,149.238281,1721315249.9523,85,1,666.601172,-157.497363,-377.502539,-118.850098,37.155762,4.460449,1721315249.9523,84,2,442.242773,13.729395,-209.959277,-147.766113,10.898438,60.380859,1721315249.9523,87,3,431.527148,-35.607129,-169.552441,-147.062988,19.423828,-147.810059,1721315249.9523,0,0,-1,-1,0,0,0,0,0,0,0,0,0,0,0,0,-1,29.91,-1,15.01,-1,16.29,13.0,0,0,0,0,0,0,0,1721315249965410200,1721315249981170200,876
1721315250019970700,87,0,601.860937,-155.041699,-390.89707,-130.209961,27.79541,149.238281,1721315249.9854,85,1,666.712793,-157.050879,-377.390918,-118.608398,37.067871,4.570312,1721315249.9854,84,2,442.577637,16.073438,-208.954687,-147.019043,11.25,60.710449,1721315249.9854,87,3,432.085254,-33.70957,-168.324609,-146.447754,19.731445,-147.612305,1721315249.9854,0,0,1721315249973400300,492,0,0,0,0,0,0,0,0,0,0,0,0,-1,29.91,-1,14.82,-1,19.51,13.0,0,0,0,0,0,0,0,1721315250014975100,1721315250014694700,877
1721315250053961400,87,0,602.195801,-154.483594,-391.231934,-130.12207,27.883301,149.216309,1721315250.0185,85,1,667.270898,-156.827637,-377.949023,-118.476562,37.133789,4.658203,1721315250.0185,84,2,442.689258,15.626953,-208.284961,-147.172852,11.315918,60.622559,1721315250.0185,87,3,432.420117,-32.928223,-166.761914,-146.425781,20.126953,-147.700195,1721315250.0185,0,0,-1,-1,0,0,0,0,0,0,0,0,0,0,0,0,-2,-2,-2,-2,-2,-2,-2,-2,-2,-2,-2,-2,-2,-2,-2,1721315250049208900,878
1721315250087970200,87,0,602.419043,-155.041699,-391.343555,-130.297852,27.883301,149.194336,1721315250.0516,85,1,667.159277,-157.608984,-378.283887,-118.652344,37.133789,4.614258,1721315250.0516,84,2,441.796289,15.626953,-207.950098,-147.282715,11.206055,60.46875,1721315250.0516,87,3,431.192285,-33.374707,-166.650293,-146.777344,19.775391,-147.700195,1721315250.0516,0,0,1721315250039963100,493,0,0,0,0,0,0,0,0,0,0,0,0,-1,29.91,-1,15.19,-1,20.67,13.0,0,0,0,0,0,0,0,1721315250063970700,1721315250078443100,879
1721315250121505300,87,0,602.419043,-155.488184,-391.566797,-130.36377,27.751465,149.194336,1721315250.0883,85,1,666.601172,-158.278711,-378.283887,-118.696289,36.914062,4.680176,1721315250.0883,84,2,440.680078,17.970996,-207.280371,-146.689453,11.293945,60.622559,1721315250.0883,87,3,430.299316,-31.253906,-165.868945,-146.184082,19.731445,-147.392578,1721315250.0883,0,0,-1,-1,0,0,0,0,0,0,0,0,0,0,0,0,-1,29.91,-1,14.82,-1,20.28,13.0,0,0,0,0,0,0,0,1721315250113499200,1721315250114919700,880
1721315250155130100,87,0,602.530664,-155.711426,-391.455176,-130.253906,27.817383,149.304199,1721315250.1214,85,1,665.931445,-157.497363,-377.837402,-118.432617,36.936035,4.812012,1721315250.1214,84,2,440.680078,18.752344,-206.387402,-146.491699,11.57959,60.776367,1721315250.1214,87,3,429.852832,-30.360937,-165.422461,-145.92041,19.973145,-147.524414,1721315250.1214,0,0,1721315250106496700,494,0,0,0,0,0,0,0,0,0,0,0,0,-2,-2,-2,-2,-2,-2,-2,-2,-2,-2,-2,-2,-2,-2,-2,1721315250145455400,881
1721315250189121800,87,0,602.977148,-156.492773,-391.343555,-130.407715,28.015137,149.348145,1721315250.1545,85,1,666.37793,-158.16709,-377.837402,-118.608398,37.22168,4.790039,1721315250.1545,84,2,440.456836,17.30127,-205.15957,-146.90918,11.66748,60.908203,1721315250.1545,87,3,428.736621,-30.472559,-164.752734,-146.118164,20.258789,-147.722168,1721315250.1545,0,0,-1,-1,0,0,0,0,0,0,0,0,0,0,0,0,-1,29.91,-1,14.28,-1,20.67,13.0,0,0,0,0,0,0,0,1721315250162128700,1721315250181942500,882
1721315250222660100,87,0,602.642285,-157.274121,-391.231934,-130.539551,27.839355,149.39209,1721315250.1875,85,1,666.266309,-158.390332,-377.949023,-118.740234,37.155762,4.724121,1721315250.1875,84,2,438.224414,17.859375,-204.824707,-146.623535,11.381836,61.391602,1721315250.1875,87,3,426.950684,-30.137695,-163.748145,-145.766602,20.039062,-147.216797,1721315250.1875,0,0,1721315250173124100,495,0,0,0,0,0,0,0,0,0,0,0,0,-1,29.91,-1,14.1,-1,21.26,13.0,0,0,0,0,0,0,0,1721315250211671600,1721315250212940800,883
1721315250256669500,87,0,602.195801,-157.1625,-391.231934,-130.45166,27.79541,149.47998,1721315250.2206,85,1,665.37334,-157.832227,-378.730371,-118.652344,37.001953,4.746094,1721315250.2206,84,2,438.559277,19.645312,-203.485254,-145.59082,12.23877,62.248535,1721315250.2206,87,3,426.950684,-28.240137,-162.520312,-144.733887,20.544434,-146.777344,1721315250.2206,0,0,-1,-1,0,0,0,0,0,0,0,0,0,0,0,0,-2,-2,-2,-2,-2,-2,-2,-2,-2,-2,-2,-2,-2,-2,-2,1721315250251309500,884
1721315250290689400,87,0,602.419043,-156.939258,-389.557617,-130.209961,28.059082,149.787598,1721315250.2573,85,1,664.703613,-155.264941,-379.62334,-118.234863,37.22168,4.702148,1721315250.2573,84,2,438.224414,18.529102,-202.369043,-145.744629,12.722168,62.336426,1721315250.2573,87,3,425.946094,-27.682031,-161.738965,-144.294434,21.42334,-146.953125,1721315250.2573,0,0,1721315250239661500,496,0,0,0,0,0,0,0,0,0,0,0,0,-1,29.7,-1,13.74,-1,21.06,13.0,0,0,0,0,0,0,0,1721315250260662600,1721315250278367800,885
1721315250324198500,87,0,602.865527,-158.16709,-388.664648,-130.36377,28.125,149.897461,1721315250.2904,85,1,665.484961,-155.934668,-379.511719,-118.322754,37.331543,4.724121,1721315250.2904,84,2,436.326855,18.41748,-201.699316,-145.986328,12.98584,62.072754,1721315250.2904,87,3,423.713672,-29.133105,-161.515723,-144.953613,21.643066,-147.194824,1721315250.2904,0,0,-1,-1,0,0,0,0,0,0,0,0,0,0,0,0,-1,29.91,-1,14.1,-1,19.51,13.0,0,0,0,0,0,0,0,1721315250310197600,1721315250317787900,886
1721315250358197600,87,0,602.307422,-159.060059,-388.77627,-130.473633,27.949219,149.897461,1721315250.3235,85,1,665.37334,-157.1625,-378.841992,-118.498535,37.243652,4.768066,1721315250.3235,84,2,434.540918,19.087207,-200.136621,-146.052246,13.623047,62.028809,1721315250.3235,87,3,421.146387,-30.026074,-161.627344,-145.26123,21.577148,-147.23877,1721315250.3235,0,0,1721315250306200700,497,0,0,0,0,0,0,0,0,0,0,0,0,-2,-2,-2,-2,-2,-2,-2,-2,-2,-2,-2,-2,-2,-2,-2,1721315250346065900,887
1721315250392203500,87,0,602.307422,-159.841406,-387.994922,-130.297852,27.883301,150.095215,1721315250.3566,85,1,665.150098,-157.497363,-378.060645,-118.388672,37.177734,4.921875,1721315250.3566,84,2,434.317676,18.752344,-198.908789,-146.206055,14.304199,61.896973,1721315250.3566,87,3,420.47666,-29.021484,-161.29248,-145.151367,22.148438,-147.436523,1721315250.3566,0,0,-1,-1,0,0,0,0,0,0,0,0,0,0,0,0,-1,29.7,-1,14.1,-1,21.46,13.0,0,0,0,0,0,0,0,1721315250359201400,1721315250384594600,888
1721315250425744900,87,0,602.642285,-160.399512,-387.101953,-130.231934,27.993164,150.205078,1721315250.3896,85,1,665.708203,-157.497363,-377.390918,-118.300781,37.287598,4.987793,1721315250.3896,84,2,433.75957,16.631543,-198.350684,-147.172852,14.458008,61.347656,1721315250.3896,87,3,420.030176,-29.691211,-161.627344,-145.986328,22.521973,-148.117676,1721315250.3896,0,0,1721315250373189700,498,0,0,0,0,0,0,0,0,0,0,0,0,-1,29.91,-1,13.56,-1,21.65,13.0,0,0,0,0,0,0,0,1721315250407736700,1721315250413468700,889
1721315250459747100,87,0,602.08418,-161.850586,-387.101953,-130.429688,27.861328,150.161133,1721315250.4264,85,1,666.043066,-160.17627,-376.274707,-118.652344,37.177734,4.96582,1721315250.4264,84,2,431.750391,16.073438,-199.02041,-147.897949,13.930664,60.622559,1721315250.4264,87,3,418.355859,-30.919043,-162.520312,-146.953125,22.478027,-148.776855,1721315250.4264,0,0,-1,-1,0,0,0,0,0,0,0,0,0,0,0,0,-1,29.7,-1,14.1,-1,21.46,13.0,0,0,0,0,0,0,0,1721315250453735900,1721315250454678700,890
1721315250493759900,87,0,601.749316,-162.073828,-386.990332,-130.36377,27.685547,150.227051,1721315250.4595,85,1,665.37334,-160.287891,-376.386328,-118.718262,37.001953,4.87793,1721315250.4595,84,2,431.63877,16.631543,-198.908789,-148.051758,13.952637,60.095215,1721315250.4595,87,3,418.132617,-31.142285,-162.185449,-147.194824,22.675781,-149.018555,1721315250.4595,0,0,1721315250439739800,499,0,0,0,0,0,0,0,0,0,0,0,0,-2,-2,-2,-2,-2,-2,-2,-2,-2,-2,-2,-2,-2,-2,-2,1721315250479710000,891
1721315250527765600,87,0,601.637695,-161.404102,-386.320605,-130.231934,27.79541,150.292969,1721315250.4925,85,1,665.37334,-159.17168,-375.939844,-118.432617,37.067871,4.921875,1721315250.4925,84,2,431.862012,15.515332,-198.239062,-148.381348,14.084473,59.699707,1721315250.4925,87,3,418.579102,-31.477148,-161.850586,-147.392578,22.895508,-149.260254,1721315250.4925,0,0,1721315250505266100,500,0,0,0,0,0,0,0,0,0,0,0,0,-1,29.91,-1,13.92,-1,19.51,13.0,0,0,0,0,0,0,0,1721315250502755800,1721315250519457300,892
1721315250561765500,87,0,602.08418,-161.29248,-385.7625,-130.36377,28.015137,150.183105,1721315250.5256,85,1,665.931445,-159.283301,-376.386328,-118.520508,37.287598,4.812012,1721315250.5256,84,2,431.973633,13.729395,-197.680957,-149.128418,13.952637,59.282227,1721315250.5256,87,3,419.137207,-32.928223,-161.850586,-147.98584,22.983398,-149.567871,1721315250.5256,0,0,-1,-1,0,0,0,0,0,0,0,0,0,0,0,0,-1,29.91,-1,14.46,-1,18.74,13.0,0,0,0,0,0,0,0,1721315250551773300,1721315250545979000,893
1721315250595765900,87,0,602.195801,-161.627344,-385.874121,-130.517578,27.839355,150.073242,1721315250.5624,85,1,665.484961,-159.953027,-376.60957,-118.762207,37.155762,4.702148,1721315250.5624,84,2,430.969043,14.064258,-198.908789,-149.172363,13.31543,59.084473,1721315250.5624,87,3,419.025586,-33.70957,-161.962207,-148.337402,22.807617,-149.545898,1721315250.5624,0,0,1721315250572761700,501,0,0,0,0,0,0,0,0,0,0,0,0,-2,-2,-2,-2,-2,-2,-2,-2,-2,-2,-2,-2,-2,-2,-2,1721315250585710000,894
1721315250629286400,87,0,602.195801,-160.17627,-386.878711,-130.275879,27.79541,149.963379,1721315250.5954,85,1,665.150098,-159.17168,-377.279297,-118.652344,37.067871,4.658203,1721315250.5954,84,2,431.973633,14.845605,-199.355273,-148.886719,13.40332,59.106445,1721315250.5954,87,3,419.47207,-33.821191,-161.627344,-148.249512,22.939453,-149.304199,1721315250.5954,0,0,-1,-1,0,0,0,0,0,0,0,0,0,0,0,0,-1,29.91,-1,14.46,-1,18.74,13.0,0,0,0,0,0,0,0,1721315250600771800,1721315250614230300,895
1721315250663832800,87,0,602.08418,-159.506543,-387.325195,-130.231934,27.883301,149.897461,1721315250.6285,85,1,665.261719,-158.836816,-377.279297,-118.520508,37.067871,4.614258,1721315250.6285,84,2,432.978223,14.399121,-198.908789,-148.974609,13.623047,59.194336,1721315250.6285,87,3,420.030176,-33.70957,-161.29248,-148.183594,23.203125,-149.216309,1721315250.6285,0,0,1721315250639290500,502,0,0,0,0,0,0,0,0,0,0,0,0,-1,29.91,-1,14.64,-1,22.65,13.0,0,0,0,0,0,0,0,1721315250650286900,1721315250652596800,896
1721315250697837700,87,0,602.195801,-159.394922,-388.218164,-130.385742,27.905273,149.72168,1721315250.6616,85,1,665.931445,-158.390332,-377.61416,-118.586426,37.067871,4.482422,1721315250.6616,84,2,433.536328,13.952637,-198.685547,-149.040527,13.513184,59.370117,1721315250.6616,87,3,420.253418,-33.486328,-161.29248,-148.161621,23.291016,-149.194336,1721315250.6616,0,0,-1,-1,0,0,0,0,0,0,0,0,0,0,0,0,-2,-2,-2,-2,-2,-2,-2,-2,-2,-2,-2,-2,-2,-2,-2,-1,-1
1721315250731893500,87,0,602.195801,-157.608984,-390.562207,-130.297852,27.729492,149.458008,1721315250.6983,85,1,665.596582,-157.943848,-378.283887,-118.630371,36.914062,4.394531,1721315250.6983,84,2,433.313086,15.626953,-199.355273,-148.579102,13.117676,59.523926,1721315250.6983,87,3,420.47666,-33.151465,-161.069238,-148.051758,23.269043,-149.128418,1721315250.6983,0,0,1721315250705899300,503,0,0,0,0,0,0,0,0,0,0,0,0,-1,29.7,-1,16.67,-1,31.88,13.0,0,0,0,0,0,0,0,1721315250698842700,1721315250719305900,897
1721315250765893700,87,0,602.753906,-155.711426,-390.785449,-129.880371,27.79541,149.545898,1721315250.7314,85,1,665.484961,-157.1625,-378.507129,-118.366699,36.89209,4.482422,1721315250.7314,84,2,433.75957,16.408301,-198.797168,-148.381348,13.227539,59.545898,1721315250.7314,87,3,420.923145,-32.816602,-160.622754,-147.897949,23.378906,-149.106445,1721315250.7314,0,0,-1,-1,0,0,0,0,0,0,0,0,0,0,0,0,-1,29.91,-1,17.42,-1,31.22,13.0,0,0,0,0,0,0,0,1721315250747899600,1721315250747216600,898
1721315250799919700,87,0,602.977148,-155.599805,-390.673828,-129.946289,27.949219,149.47998,1721315250.7645,85,1,666.043066,-156.492773,-378.395508,-118.366699,37.111816,4.460449,1721315250.7645,84,2,434.540918,15.180469,-197.792578,-148.996582,13.007812,59.194336,1721315250.7645,87,3,421.816113,-32.816602,-160.064648,-148.249512,23.48877,-149.655762,1721315250.7645,0,0,1721315250771885400,504,0,0,0,0,0,0,0,0,0,0,0,0,-1,29.91,-1,17.98,-1,31.22,13.0,0,0,0,0,0,0,0,1721315250796920100,1721315250783168100,899
1721315250833979600,87,0,602.530664,-155.934668,-391.120312,-130.187988,27.905273,149.348145,1721315250.7976,85,1,665.708203,-156.827637,-378.953613,-118.608398,37.111816,4.328613,1721315250.7976,84,2,433.313086,14.957227,-197.680957,-149.567871,12.194824,58.579102,1721315250.7976,87,3,421.704492,-33.151465,-159.618164,-149.040527,22.983398,-150.622559,1721315250.7976,0,0,-1,-1,0,0,0,0,0,0,0,0,0,0,0,0,-2,-2,-2,-2,-2,-2,-2,-2,-2,-2,-2,-2,-2,-2,-2,1721315250814235200,900
1721315250867980800,87,0,601.749316,-154.483594,-391.790039,-129.990234,27.79541,149.304199,1721315250.8343,85,1,664.815234,-156.046289,-379.958203,-118.54248,37.023926,4.240723,1721315250.8343,84,2,434.206055,16.29668,-196.676367,-149.39209,12.23877,58.183594,1721315250.8343,87,3,423.378809,-31.812012,-158.613574,-148.754883,23.005371,-150.908203,1721315250.8343,0,0,1721315250838976600,505,0,0,0,0,0,0,0,0,0,0,0,0,-1,29.91,-1,18.36,-1,30.57,13.0,0,0,0,0,0,0,0,1721315250845972800,1721315250852855800,901
1721315250901997800,87,0,601.302832,-153.925488,-391.790039,-129.880371,27.883301,149.370117,1721315250.8674,85,1,664.257129,-155.376562,-379.62334,-118.388672,37.111816,4.328613,1721315250.8674,84,2,434.875781,14.733984,-195.560156,-150.183105,12.172852,57.700195,1721315250.8674,87,3,424.383398,-32.593359,-158.501953,-149.47998,22.895508,-151.54541,1721315250.8674,0,0,-1,-1,0,0,0,0,0,0,0,0,0,0,0,0,-1,29.7,-1,17.79,-1,25.07,13.0,0,0,0,0,0,0,0,1721315250895999800,1721315250881196500,902
1721315250935515600,87,0,601.526074,-155.15332,-391.455176,-130.078125,27.971191,149.436035,1721315250.9005,85,1,664.480371,-155.599805,-380.069824,-118.476562,37.22168,4.306641,1721315250.9005,84,2,434.76416,14.2875,-195.671777,-150.842285,11.381836,57.062988,1721315250.9005,87,3,424.718262,-33.70957,-159.841406,-150.556641,21.884766,-152.314453,1721315250.9005,0,0,1721315250905502800,506,0,0,0,0,0,0,0,0,0,0,0,0,-2,-2,-2,-2,-2,-2,-2,-2,-2,-2,-2,-2,-2,-2,-2,1721315250918776600,903
1721315250969507600,87,0,601.191211,-156.381152,-391.231934,-130.253906,27.861328,149.501953,1721315250.9335,85,1,664.36875,-155.934668,-379.846582,-118.520508,37.067871,4.328613,1721315250.9335,84,2,433.089844,15.738574,-196.899609,-150.688477,10.17334,56.074219,1721315250.9335,87,3,425.387988,-33.374707,-159.953027,-150.930176,20.500488,-153.259277,1721315250.9335,0,0,-1,-1,0,0,0,0,0,0,0,0,0,0,0,0,-1,29.91,-1,17.79,-1,25.9,13.0,0,0,0,0,0,0,0,1721315250944512600,1721315250947643900,904
1721315251003622800,87,0,601.191211,-156.15791,-391.343555,-130.100098,27.883301,149.589844,1721315250.9703,85,1,664.033887,-154.818457,-379.734961,-118.190918,37.001953,4.394531,1721315250.9703,83,2,432.531738,17.859375,-198.350684,-150.512695,8.657227,53.986816,1721315250.9703,87,3,427.397168,-32.593359,-159.506543,-151.171875,19.709473,-155.148926,1721315250.9703,0,0,1721315250972509900,507,0,0,0,0,0,0,0,0,0,0,0,0,-1,29.7,-1,17.79,-1,22.45,13.0,0,0,0,0,0,0,0,1721315250993595400,1721315250987154900,905
1721315251037158300,87,0,601.637695,-156.716016,-390.338965,-130.100098,28.081055,149.743652,1721315251.0033,85,1,664.703613,-154.595215,-379.62334,-118.103027,37.111816,4.394531,1721315251.0033,83,2,430.410937,17.636133,-199.913379,-150.842285,6.591797,52.229004,1721315251.0033,87,3,428.290137,-34.267676,-160.17627,-152.182617,18.500977,-156.906738,1721315251.0033,0,0,-1,-1,0,0,0,0,0,0,0,0,0,0,0,0,-2,-2,-2,-2,-2,-2,-2,-2,-2,-2,-2,-2,-2,-2,-2,1721315251015315300,906
1721315251071166300,87,0,601.749316,-158.16709,-389.445996,-130.253906,28.037109,149.875488,1721315251.0364,85,1,664.926855,-155.264941,-379.62334,-118.234863,37.023926,4.350586,1721315251.0364,83,2,427.508789,19.868555,-200.917969,-150.446777,4.899902,51.635742,1721315251.0364,87,3,427.843652,-36.500098,-161.180859,-152.86377,17.028809,-157.587891,1721315251.0364,0,0,1721315251039159100,508,0,0,0,0,0,0,0,0,0,0,0,0,-1,29.91,-1,17.79,-1,20.48,13.0,0,0,0,0,0,0,0,1721315251043158400,1721315251054418200,907
1721315251105178000,87,0,601.526074,-158.501953,-389.445996,-130.209961,27.927246,149.919434,1721315251.0695,85,1,664.703613,-156.046289,-378.953613,-118.212891,36.870117,4.438477,1721315251.0695,83,2,427.732031,21.766113,-201.699316,-149.941406,4.350586,51.61377,1721315251.0695,87,3,429.294727,-34.379297,-161.515723,-152.248535,16.699219,-157.873535,1721315251.0695,0,0,-1,-1,0,0,0,0,0,0,0,0,0,0,0,0,-1,30.13,-1,17.98,-1,18.17,13.0,0,0,0,0,0,0,0,1721315251092186200,1721315251081355800,908
1721315251139394700,87,0,601.302832,-157.385742,-389.445996,-129.968262,27.927246,149.897461,1721315251.1026,85,1,664.480371,-155.934668,-378.395508,-118.015137,36.848145,4.592285,1721315251.1026,83,2,428.401758,21.542871,-201.587695,-150.007324,4.372559,51.635742,1721315251.1026,87,3,430.410937,-33.597949,-161.627344,-152.29248,16.699219,-158.225098,1721315251.1026,0,0,1721315251105178000,509,0,0,0,0,0,0,0,0,0,0,0,0,-2,-2,-2,-2,-2,-2,-2,-2,-2,-2,-2,-2,-2,-2,-2,1721315251120568300,909
1721315251173323200,87,0,601.637695,-158.055469,-389.111133,-130.03418,27.971191,149.875488,1721315251.1393,85,1,665.150098,-157.385742,-377.949023,-118.168945,37.001953,4.63623,1721315251.1393,83,2,428.848242,19.756934,-201.476074,-150.710449,4.130859,51.811523,1721315251.1393,87,3,430.187695,-34.71416,-162.408691,-153.017578,16.259766,-158.444824,1721315251.1393,0,0,-1,-1,0,0,0,0,0,0,0,0,0,0,0,0,-1,29.91,-1,17.6,-1,21.65,13.0,0,0,0,0,0,0,0,1721315251141311000,1721315251147975400,910
1721315251206880300,87,0,601.637695,-159.060059,-388.887891,-130.187988,27.883301,149.919434,1721315251.1724,85,1,664.926855,-158.948437,-377.502539,-118.410645,36.870117,4.63623,1721315251.1724,83,2,429.294727,19.533691,-201.587695,-151.105957,3.735352,52.294922,1721315251.1724,87,3,430.745801,-35.495508,-161.850586,-153.632812,15.842285,-158.225098,1721315251.1724,0,0,1721315251172315200,510,0,0,0,0,0,0,0,0,0,0,0,0,-1,29.7,-1,18.36,-1,30.78,13.0,0,0,0,0,0,0,0,1721315251190322200,1721315251187239700,911
1721315251240879800,87,0,602.08418,-158.055469,-388.664648,-129.968262,27.905273,149.985352,1721315251.2055,85,1,664.815234,-158.390332,-377.502539,-118.278809,36.870117,4.658203,1721315251.2055,83,2,430.522559,21.096387,-201.252832,-150.88623,3.88916,52.316895,1721315251.2055,87,3,432.196875,-33.70957,-160.957617,-153.369141,15.996094,-158.312988,1721315251.2055,0,0,-1,-1,0,0,0,0,0,0,0,0,0,0,0,0,-1,29.91,-1,18.36,-1,38.27,13.0,0,0,0,0,0,0,0,1721315251235879500,1721315251215511400,912
1721315251274880300,87,0,602.195801,-158.055469,-387.883301,-129.946289,28.103027,150.05127,1721315251.2385,85,1,664.926855,-157.943848,-377.279297,-118.168945,37.001953,4.680176,1721315251.2385,83,2,431.303906,19.533691,-200.471484,-151.721191,3.80127,51.921387,1721315251.2385,87,3,433.536328,-34.602539,-161.29248,-154.313965,15.864258,-159.213867,1721315251.2385,0,0,1721315251238886700,511,0,0,0,0,0,0,0,0,0,0,0,0,-2,-2,-2,-2,-2,-2,-2,-2,-2,-2,-2,-2,-2,-2,-2,1721315251254284000,913
1721315251308436100,87,0,602.307422,-159.506543,-387.883301,-130.187988,28.125,150.073242,1721315251.2753,85,1,665.931445,-159.618164,-377.390918,-118.564453,37.133789,4.504395,1721315251.2753,83,2,431.192285,18.41748,-201.699316,-152.62207,2.834473,51.459961,1721315251.2753,87,3,433.647949,-36.500098,-161.850586,-155.192871,15.117188,-159.719238,1721315251.2753,0,0,-1,-1,0,0,0,0,0,0,0,0,0,0,0,0,-1,29.91,-1,19.12,-1,34.57,13.0,0,0,0,0,0,0,0,1721315251284881200,1721315251282312100,914
1721315251342437000,87,0,602.08418,-159.953027,-387.994922,-130.253906,27.993164,150.05127,1721315251.3084,85,1,665.484961,-160.734375,-377.056055,-118.608398,36.826172,4.592285,1721315251.3084,83,2,431.415527,19.645312,-201.587695,-152.556152,2.504883,51.108398,1721315251.3084,87,3,435.099023,-36.165234,-161.850586,-155.412598,15.029297,-160.268555,1721315251.3084,0,0,1721315251305416000,512,0,0,0,0,0,0,0,0,0,0,0,0,-1,29.91,-1,19.12,-1,32.99,14.0,0,0,0,0,0,0,0,1721315251333446200,1721315251319923600,915
1721315251376434900,87,0,602.195801,-158.948437,-388.329785,-130.100098,28.015137,150.029297,1721315251.3414,85,1,665.596582,-159.618164,-376.944434,-118.322754,36.848145,4.658203,1721315251.3414,83,2,432.643359,19.42207,-200.025,-153.061523,2.724609,50.493164,1721315251.3414,87,3,437.331445,-36.053613,-160.845996,-155.983887,15.358887,-161.125488,1721315251.3414,0,0,-1,-1,0,0,0,0,0,0,0,0,0,0,0,0,-2,-2,-2,-2,-2,-2,-2,-2,-2,-2,-2,-2,-2,-2,-2,1721315251348872400,916
1721315251409983500,87,0,602.307422,-158.501953,-388.218164,-130.12207,28.125,149.941406,1721315251.3745,85,1,666.489551,-159.394922,-376.721191,-118.300781,37.045898,4.680176,1721315251.3745,83,2,433.424707,15.626953,-198.239062,-154.775391,2.790527,49.614258,1721315251.3745,87,3,438.001172,-37.504687,-161.627344,-157.192383,15.13916,-161.982422,1721315251.3745,0,0,1721315251372426500,513,0,0,0,0,0,0,0,0,0,0,0,0,-1,29.91,-1,18.93,-1,31.88,13.0,0,0,0,0,0,0,0,1721315251383437200,1721315251388112800,917
1721315251443983200,87,0,602.753906,-158.278711,-388.887891,-130.253906,28.059082,149.80957,1721315251.4076,85,1,666.936035,-160.17627,-376.944434,-118.498535,36.97998,4.63623,1721315251.4076,83,2,433.089844,14.2875,-198.797168,-155.258789,2.438965,49.724121,1721315251.4076,87,3,437.219824,-39.513867,-161.404102,-157.697754,14.897461,-161.499023,1721315251.4076,0,0,-1,-1,0,0,0,0,0,0,0,0,0,0,0,0,-1,29.91,-1,18.93,-1,27.78,13.0,0,0,0,0,0,0,0,1721315251431986500,1721315251415524600,918
1721315251477982600,87,0,602.977148,-155.823047,-390.89707,-129.990234,27.949219,149.611816,1721315251.4443,85,1,666.37793,-160.17627,-377.056055,-118.45459,36.826172,4.658203,1721315251.4443,83,2,433.75957,14.064258,-198.797168,-155.148926,2.702637,49.87793,1721315251.4443,87,3,437.666309,-39.402246,-160.511133,-157.280273,15.270996,-160.72998,1721315251.4443,0,0,1721315251438988800,514,0,0,0,0,0,0,0,0,0,0,0,0,-2,-2,-2,-2,-2,-2,-2,-2,-2,-2,-2,-2,-2,-2,-2,1721315251453795300,919
1721315251511705100,87,0,602.865527,-155.15332,-391.008691,-129.880371,28.037109,149.611816,1721315251.4774,85,1,665.931445,-159.618164,-377.502539,-118.366699,36.826172,4.614258,1721315251.4774,83,2,436.326855,12.501562,-197.792578,-155.390625,3.625488,50.405273,1721315251.4774,87,3,438.670898,-39.84873,-158.948437,-157.126465,16.237793,-159.389648,1721315251.4774,0,0,-1,-1,0,0,0,0,0,0,0,0,0,0,0,0,-1,29.91,-1,18.74,-1,22.85,13.0,0,0,0,0,0,0,0,1721315251480979000,1721315251482590800,920
1721315251545705200,87,0,603.08877,-155.15332,-391.120312,-129.968262,28.103027,149.545898,1721315251.5105,85,1,666.266309,-159.394922,-378.507129,-118.476562,36.936035,4.460449,1721315251.5105,83,2,437.443066,10.045898,-197.904199,-155.939941,4.108887,51.262207,1721315251.5105,87,3,437.666309,-41.076562,-159.060059,-157.434082,16.12793,-157.807617,1721315251.5105,0,0,1721315251505656000,515,0,0,0,0,0,0,0,0,0,0,0,0,-1,29.91,-1,18.93,-1,33.44,13.0,0,0,0,0,0,0,0,1721315251530699600,-1,-1
1721315251579696800,87,0,602.977148,-156.269531,-391.120312,-130.166016,27.971191,149.567871,1721315251.5436,85,1,666.043066,-159.953027,-378.841992,-118.718262,36.848145,4.394531,1721315251.5436,83,2,436.884961,10.380762,-198.350684,-155.830078,4.196777,51.70166,1721315251.5436,87,3,437.443066,-41.299805,-159.394922,-157.302246,16.193848,-156.599121,1721315251.5436,0,0,-1,-1,0,0,0,0,0,0,0,0,0,0,0,0,-1,29.7,-1,18.93,-1,31.0,13.0,0,0,0,0,0,0,0,1721315251579696800,1721315251552365800,921
1721315251613267300,87,0,602.865527,-155.488184,-391.008691,-129.968262,27.949219,149.589844,1721315251.5803,85,1,665.261719,-158.725195,-379.065234,-118.476562,36.804199,4.372559,1721315251.5803,83,2,437.331445,12.389941,-198.573926,-155.236816,4.262695,51.723633,1721315251.5803,87,3,438.78252,-38.397656,-159.17168,-156.313477,16.721191,-156.225586,1721315251.5803,0,0,1721315251571699400,516,0,0,0,0,0,0,0,0,0,0,0,0,-2,-2,-2,-2,-2,-2,-2,-2,-2,-2,-2,-2,-2,-2,-2,1721315251588627600,922
1721315251647265900,87,0,602.865527,-155.376562,-390.89707,-129.968262,28.015137,149.589844,1721315251.6134,85,1,665.150098,-158.836816,-378.953613,-118.476562,36.936035,4.416504,1721315251.6134,83,2,437.331445,11.720215,-198.462305,-155.324707,4.174805,51.745605,1721315251.6134,87,3,438.559277,-39.290625,-159.060059,-156.599121,16.699219,-156.379395,1721315251.6134,0,0,-1,-1,0,0,0,0,0,0,0,0,0,0,0,0,-1,29.91,-1,19.12,-1,23.65,13.0,0,0,0,0,0,0,0,1721315251629285100,1721315251617413400,923
1721315251681264900,87,0,602.865527,-156.269531,-390.785449,-130.12207,27.971191,149.633789,1721315251.6465,85,1,665.038477,-159.506543,-378.841992,-118.630371,36.936035,4.394531,1721315251.6465,83,2,435.545508,10.715625,-199.466895,-155.236816,3.14209,51.811523,1721315251.6465,87,3,437.889551,-39.737109,-159.618164,-156.577148,16.105957,-156.445312,1721315251.6465,0,0,1721315251638269500,517,0,0,0,0,0,0,0,0,0,0,0,0,-1,29.91,-1,18.93,-1,20.09,13.0,0,0,0,0,0,0,0,1721315251678256900,1721315251653968500,924
1721315251714830400,87,0,602.530664,-157.1625,-390.338965,-130.100098,27.773438,149.831543,1721315251.6795,85,1,664.36875,-159.953027,-378.507129,-118.652344,36.804199,4.438477,1721315251.6795,83,2,434.76416,13.617773,-200.917969,-154.27002,2.438965,51.459961,1721315251.6795,87,3,438.224414,-37.951172,-161.180859,-155.742188,14.919434,-157.104492,1721315251.6795,0,0,-1,-1,0,0,0,0,0,0,0,0,0,0,0,0,-2,-2,-2,-2,-2,-2,-2,-2,-2,-2,-2,-2,-2,-2,-2,1721315251685477000,925
1721315251748819700,87,0,601.860937,-156.381152,-390.450586,-129.836426,27.751465,149.875488,1721315251.7126,85,1,664.033887,-158.948437,-378.507129,-118.278809,36.782227,4.54834,1721315251.7126,83,2,434.652539,14.622363,-201.699316,-153.896484,1.889648,50.646973,1721315251.7126,87,3,439.452246,-38.062793,-160.845996,-155.786133,14.436035,-158.137207,1721315251.7126,0,0,1721315251704284100,518,0,0,0,0,0,0,0,0,0,0,0,0,-1,29.91,-1,18.93,-1,17.04,13.0,0,0,0,0,0,0,0,1721315251726825800,1721315251720820900,926
1721315251782821900,87,0,601.637695,-158.16709,-389.669238,-130.12207,27.839355,149.963379,1721315251.7494,85,1,664.815234,-159.506543,-377.725781,-118.366699,37.023926,4.54834,1721315251.7494,84,2,432.196875,13.952637,-203.03877,-153.94043,-0.043945,49.416504,1721315251.7494,87,3,438.447656,-40.518457,-161.962207,-156.687012,12.854004,-159.587402,1721315251.7494,0,0,-1,-1,0,0,0,0,0,0,0,0,0,0,0,0,-1,29.91,-1,18.93,-1,19.12,13.0,0,0,0,0,0,0,0,1721315251775826300,1721315251752307400,927
1721315251816355000,87,0,601.749316,-159.394922,-388.77627,-130.231934,27.685547,150.05127,1721315251.7824,85,1,664.36875,-160.622754,-377.390918,-118.520508,36.89209,4.570312,1721315251.7824,84,2,429.741211,15.180469,-205.717676,-153.237305,-2.175293,48.317871,1721315251.7824,87,3,438.447656,-41.188184,-163.636523,-156.75293,11.030273,-160.905762,1721315251.7824,0,0,1721315251771835200,519,0,0,0,0,0,0,0,0,0,0,0,0,-2,-2,-2,-2,-2,-2,-2,-2,-2,-2,-2,-2,-2,-2,-2,1721315251787696900,928
1721315251850356000,87,0,601.191211,-158.948437,-388.218164,-129.946289,27.597656,150.161133,1721315251.8155,85,1,663.922266,-160.511133,-376.832812,-118.322754,36.760254,4.724121,1721315251.8155,84,2,428.848242,19.087207,-208.284961,-151.677246,-3.933105,46.450195,1721315251.8155,86,3,441.573047,-39.625488,-163.524902,-155.895996,9.865723,-162.114258,1721315251.8155,0,0,-1,-1,0,0,0,0,0,0,0,0,0,0,0,0,-1,29.91,-1,18.55,-1,19.7,13.0,0,0,0,0,0,0,0,1721315251825370300,1721315251825414600,929
1721315251884353300,87,0,602.307422,-158.613574,-387.436816,-129.924316,27.905273,150.13916,1721315251.8816,85,1,665.150098,-160.957617,-375.716602,-118.212891,36.97998,4.899902,1721315251.8816,84,2,423.378809,19.310449,-213.866016,-150.79834,-8.920898,44.099121,1721315251.8816,86,3,441.461426,-43.197363,-165.199219,-156.796875,6.767578,-163.762207,1721315251.8816,0,0,1721315251838361800,520,0,0,0,0,0,0,0,0,0,0,0,0,-1,29.91,-1,17.42,-1,19.12,13.0,0,0,0,0,0,0,0,1721315251874353300,1721315251853539500,930
1721315251917887500,87,0,602.307422,-158.725195,-387.436816,-129.946289,27.905273,150.13916,1721315251.8853,85,1,665.150098,-161.069238,-375.60498,-118.234863,36.97998,4.899902,1721315251.8853,84,2,423.043945,19.310449,-214.089258,-150.776367,-9.140625,44.077148,1721315251.8853,86,3,441.349805,-43.308984,-165.31084,-156.774902,6.591797,-163.78418,1721315251.8853,0,0,-1,-1,0,0,0,0,0,0,0,0,0,0,0,0,-2,-2,-2,-2,-2,-2,-2,-2,-2,-2,-2,-2,-2,-2,-2,1721315251886223800,931
1721315251951895800,87,0,601.860937,-159.841406,-387.325195,-130.144043,27.773438,150.13916,1721315251.9184,85,1,664.815234,-161.738965,-375.381738,-118.388672,36.936035,4.899902,1721315251.9184,85,2,422.150977,20.315039,-216.32168,-150.227051,-10.458984,43.637695,1721315251.9184,86,3,442.242773,-42.081152,-167.208398,-156.379395,5.690918,-164.421387,1721315251.9184,0,0,1721315251904374600,521,0,0,0,0,0,0,0,0,0,0,0,0,-1,29.91,-1,17.6,-1,13.38,14.0,0,0,0,0,0,0,0,1721315251923886100,1721315251921762900,932
1721315251985889400,87,0,601.749316,-159.618164,-387.325195,-130.056152,27.79541,150.161133,1721315251.9515,85,1,664.815234,-160.957617,-375.158496,-118.212891,36.97998,4.899902,1721315251.9515,85,2,421.258008,21.877734,-216.879785,-149.699707,-11.184082,43.088379,1721315251.9515,86,3,443.135742,-42.081152,-166.538672,-156.401367,5.405273,-165.058594,1721315251.9515,0,0,-1,-1,0,0,0,0,0,0,0,0,0,0,0,0,-1,29.91,-1,17.79,-1,12.66,13.0,0,0,0,0,0,0,0,1721315251968885100,1721315251952418800,933
1721315252019444300,87,0,602.08418,-159.729785,-387.213574,-130.166016,27.971191,150.117188,1721315251.9845,85,1,665.261719,-161.069238,-375.046875,-118.278809,37.111816,4.855957,1721315251.9845,85,2,420.253418,19.42207,-217.437891,-150.556641,-12.150879,42.1875,1721315251.9845,86,3,443.024121,-44.090332,-166.092187,-157.302246,4.96582,-166.003418,1721315251.9845,0,0,1721315251972887200,522,0,0,0,0,0,0,0,0,0,0,0,0,-1,29.91,-1,17.6,-1,9.18,13.0,0,0,0,0,0,0,0,1721315252017436000,1721315251988519900,934
1721315252053436900,87,0,601.860937,-159.841406,-386.990332,-130.385742,27.883301,150.029297,1721315252.0507,85,1,664.926855,-159.841406,-376.60957,-118.45459,36.914062,4.460449,1721315252.0507,85,2,419.248828,20.984766,-217.549512,-150.227051,-12.568359,41.813965,1721315252.0507,86,3,442.131152,-44.425195,-167.766504,-157.543945,4.130859,-166.530762,1721315252.0507,0,0,-1,-1,0,0,0,0,0,0,0,0,0,0,0,0,-2,-2,-2,-2,-2,-2,-2,-2,-2,-2,-2,-2,-2,-2,-2,1721315252025212300,935
1721315252087446200,87,0,602.08418,-159.618164,-387.436816,-130.45166,28.037109,149.919434,1721315252.0176,85,1,665.37334,-160.399512,-376.163086,-118.54248,37.155762,4.526367,1721315252.0176,85,2,419.025586,19.980176,-217.995996,-150.512695,-12.788086,41.85791,1721315252.0176,86,3,441.90791,-44.983301,-167.543262,-157.785645,4.086914,-166.442871,1721315252.0176,0,0,1721315252038439600,523,0,0,0,0,0,0,0,0,0,0,0,0,-1,29.91,-1,17.79,-1,2.47,13.0,0,0,0,0,0,0,0,1721315252066439200,1721315252086543300,937
1721315252120981400,87,0,602.08418,-159.394922,-387.101953,-130.253906,27.905273,150.05127,1721315252.0874,85,1,664.815234,-159.060059,-376.721191,-118.278809,36.958008,4.482422,1721315252.0874,85,2,419.806934,21.208008,-217.214648,-150.205078,-12.260742,41.638184,1721315252.0874,86,3,442.354395,-44.313574,-167.766504,-157.478027,4.262695,-166.662598,1721315252.0874,0,0,-1,-1,0,0,0,0,0,0,0,0,0,0,0,0,-1,29.91,-1,17.98,-1,2.0,13.0,0,0,0,0,0,0,0,1721315252115974000,1721315252055019000,936
1721315252154980700,87,0,602.08418,-159.506543,-387.548437,-130.36377,27.993164,149.919434,1721315252.1205,85,1,664.926855,-159.060059,-377.390918,-118.432617,37.067871,4.350586,1721315252.1205,85,2,419.248828,19.42207,-217.437891,-150.842285,-12.436523,41.176758,1721315252.1205,86,3,441.796289,-45.429785,-168.771094,-158.093262,4.042969,-167.431641,1721315252.1205,0,0,1721315252104462200,524,0,0,0,0,0,0,0,0,0,0,0,0,-2,-2,-2,-2,-2,-2,-2,-2,-2,-2,-2,-2,-2,-2,-2,1721315252153148200,939
1721315252188980900,87,0,601.972559,-159.283301,-388.329785,-130.45166,27.883301,149.80957,1721315252.1536,85,1,665.038477,-158.725195,-377.502539,-118.45459,36.958008,4.262695,1721315252.1536,85,2,418.132617,19.645312,-217.772754,-150.908203,-12.810059,41.000977,1721315252.1536,86,3,440.345215,-45.318164,-169.664062,-158.312988,3.581543,-167.717285,1721315252.1536,0,0,-1,-1,0,0,0,0,0,0,0,0,0,0,0,0,-1,29.91,-1,17.6,-1,2.0,14.0,0,0,0,0,0,0,0,1721315252160999900,1721315252187582300,940
1721315252222527300,87,0,601.637695,-158.055469,-389.557617,-130.275879,27.817383,149.743652,1721315252.1867,85,1,665.484961,-157.497363,-377.167676,-118.190918,36.914062,4.350586,1721315252.1867,85,2,418.020996,20.984766,-217.884375,-150.600586,-12.700195,40.737305,1721315252.1867,86,3,440.568457,-44.87168,-169.664062,-158.15918,3.603516,-167.871094,1721315252.1867,0,0,1721315252171988500,525,0,0,0,0,0,0,0,0,0,0,0,0,-1,29.91,-1,17.98,-1,-1,13.0,0,0,0,0,0,0,0,1721315252197978600,1721315252122029600,938
1721315252256529900,87,0,601.749316,-158.501953,-390.004102,-130.36377,27.883301,149.743652,1721315252.2234,85,1,665.931445,-157.050879,-377.837402,-118.234863,37.067871,4.262695,1721315252.2234,85,2,418.46748,20.203418,-217.772754,-150.996094,-12.590332,40.231934,1721315252.2234,86,3,441.126562,-46.099512,-170.110547,-158.664551,3.537598,-168.618164,1721315252.2234,0,0,-1,-1,0,0,0,0,0,0,0,0,0,0,0,0,-1,29.91,-1,18.17,-1,-1,13.0,0,0,0,0,0,0,0,1721315252234527900,1721315252256027000,942
1721315252290039600,87,0,601.860937,-159.060059,-390.450586,-130.539551,27.839355,149.677734,1721315252.2565,85,1,666.043066,-156.827637,-378.283887,-118.366699,37.111816,4.130859,1721315252.2565,85,2,416.904785,19.198828,-218.330859,-151.347656,-13.095703,40.100098,1721315252.2565,86,3,439.563867,-46.99248,-172.119727,-158.994141,2.48291,-168.881836,1721315252.2565,0,0,1721315252238522200,526,0,0,0,0,0,0,0,0,0,0,0,0,-1,29.91,-1,17.6,-1,-1,13.0,0,0,0,0,0,0,0,1721315252272032700,1721315252286885600,943
1721315252324145200,87,0,601.526074,-159.618164,-390.450586,-130.583496,27.641602,149.72168,1721315252.2896,85,1,665.819824,-156.046289,-378.283887,-118.278809,36.958008,4.152832,1721315252.2896,85,2,416.123437,19.42207,-218.554102,-151.303711,-13.139648,40.187988,1721315252.2896,86,3,439.787109,-46.545996,-172.231348,-158.708496,2.285156,-168.859863,1721315252.2896,0,0,-1,-1,0,0,0,0,0,0,0,0,0,0,0,0,-1,29.91,-1,17.79,-1,-1,13.0,0,0,0,0,0,0,0,1721315252309135900,1721315252225350000,941
1721315252358145000,87,0,601.526074,-157.943848,-390.785449,-130.253906,27.641602,149.72168,1721315252.3226,85,1,665.819824,-154.483594,-378.953613,-117.927246,36.958008,4.174805,1721315252.3226,85,2,416.569922,20.649902,-218.330859,-151.12793,-12.502441,40.297852,1721315252.3226,86,3,440.345215,-45.541406,-172.231348,-158.356934,2.373047,-168.925781,1721315252.3226,0,0,1721315252305058600,527,0,0,0,0,0,0,0,0,0,0,0,0,-1,29.91,-1,17.98,-1,-1,13.0,0,0,0,0,0,0,0,1721315252345146000,1721315252353715100,945
1721315252392163000,87,0,601.972559,-156.939258,-390.673828,-130.12207,27.79541,149.677734,1721315252.3557,85,1,666.266309,-154.818457,-379.065234,-117.971191,37.067871,4.174805,1721315252.3557,85,2,416.569922,19.087207,-218.107617,-151.875,-12.062988,40.737305,1721315252.3557,86,3,440.233594,-45.987891,-172.119727,-158.57666,2.351074,-169.035645,1721315252.3557,0,0,-1,-1,0,0,0,0,0,0,0,0,0,0,0,0,-1,29.91,-1,16.85,-1,-1,13.0,0,0,0,0,0,0,0,1721315252382139600,1721315252390315500,946
1721315252425688700,87,0,601.749316,-156.716016,-390.673828,-130.187988,27.729492,149.589844,1721315252.3925,85,1,666.043066,-155.823047,-378.953613,-118.190918,36.936035,4.108887,1721315252.3925,85,2,416.123437,18.752344,-218.888965,-152.072754,-12.260742,41.132812,1721315252.3925,86,3,439.005762,-47.662207,-173.012695,-159.169922,1.801758,-168.728027,1721315252.3925,0,0,1721315252372141100,528,0,0,0,0,0,0,0,0,0,0,0,0,-1,29.91,-1,16.48,-1,-1,13.0,0,0,0,0,0,0,0,1721315252415682000,1721315252324704800,944
1721315252459688800,87,0,601.302832,-156.381152,-390.785449,-130.078125,27.663574,149.655762,1721315252.4255,85,1,665.708203,-156.381152,-377.725781,-117.971191,36.760254,4.350586,1721315252.4255,85,2,417.686133,20.203418,-218.219238,-151.523438,-11.601562,41.418457,1721315252.4255,86,3,439.005762,-46.769238,-172.789453,-158.818359,1.999512,-168.376465,1721315252.4255,0,0,1721315252438683100,529,0,0,0,0,0,0,0,0,0,0,0,0,-1,29.91,-1,16.67,-1,-1,13.0,0,0,0,0,0,0,0,1721315252451680800,1721315252456042800,948
1721315252493706800,87,0,601.526074,-156.939258,-390.450586,-129.990234,27.70752,149.787598,1721315252.4586,85,1,665.819824,-156.716016,-376.051465,-117.79541,36.89209,4.63623,1721315252.4586,85,2,418.46748,19.533691,-217.437891,-151.633301,-11.271973,41.396484,1721315252.4586,86,3,439.89873,-46.322754,-172.342969,-158.57666,2.460938,-168.156738,1721315252.4586,0,0,-1,-1,0,0,0,0,0,0,0,0,0,0,0,0,-1,29.91,-1,17.42,-1,-1,13.0,0,0,0,0,0,0,0,1721315252488688900,1721315252488252600,949
1721315252527206300,87,0,601.972559,-158.613574,-390.115723,-130.209961,27.773438,149.831543,1721315252.4917,85,1,665.931445,-158.278711,-375.493359,-118.059082,36.97998,4.614258,1721315252.4917,85,2,418.132617,18.752344,-217.772754,-151.787109,-11.491699,41.286621,1721315252.4917,86,3,439.563867,-46.99248,-172.789453,-158.840332,2.39502,-168.134766,1721315252.4917,0,0,-1,-1,0,0,0,0,0,0,0,0,0,0,0,0,-1,29.91,-1,18.17,-1,-1,13.0,0,0,0,0,0,0,0,1721315252525205800,1721315252525920700,950
1721315252560940400,87,0,602.195801,-159.618164,-389.89248,-130.319824,27.663574,149.919434,1721315252.5248,85,1,665.150098,-158.948437,-375.939844,-118.212891,36.782227,4.526367,1721315252.5248,85,2,417.35127,18.752344,-217.995996,-151.699219,-11.755371,41.264648,1721315252.5248,86,3,439.117383,-47.215723,-172.901074,-158.840332,2.351074,-167.893066,1721315252.5248,0,0,1721315252504695800,530,0,0,0,0,0,0,0,0,0,0,0,0,-2,-2,-2,-2,-2,-2,-2,-2,-2,-2,-2,-2,-2,-2,-2,1721315252556230500,951
1721315252595045400,87,0,602.419043,-159.506543,-389.445996,-130.12207,27.663574,150.029297,1721315252.5615,85,1,664.703613,-158.16709,-376.051465,-117.993164,36.716309,4.570312,1721315252.5615,85,2,417.462891,19.645312,-217.995996,-151.413574,-11.66748,41.220703,1721315252.5615,86,3,439.787109,-45.764648,-172.677832,-158.269043,2.614746,-167.783203,1721315252.5615,0,0,-1,-1,0,0,0,0,0,0,0,0,0,0,0,0,-1,29.91,-1,18.17,-1,-1,13.0,0,0,0,0,0,0,0,1721315252562940200,1721315252591494800,952
1721315252629183200,87,0,602.530664,-159.283301,-388.887891,-130.166016,27.927246,149.941406,1721315252.5946,85,1,664.815234,-157.943848,-376.497949,-118.081055,36.936035,4.460449,1721315252.5946,85,2,417.686133,19.310449,-217.995996,-151.479492,-11.623535,41.176758,1721315252.5946,86,3,440.121973,-46.211133,-172.677832,-158.422852,2.702637,-168.046875,1721315252.5946,0,0,1721315252572037500,531,0,0,0,0,0,0,0,0,0,0,0,0,-1,30.13,-1,21.85,-1,-1,13.0,0,0,0,0,0,0,0,1721315252599191200,1721315252444576500,947
1721315252663303100,87,0,602.08418,-159.394922,-388.441406,-130.407715,27.971191,149.765625,1721315252.6276,85,1,665.150098,-158.278711,-376.944434,-118.322754,36.97998,4.284668,1721315252.6276,85,2,417.462891,18.863965,-218.107617,-151.677246,-11.843262,41.19873,1721315252.6276,86,3,439.229004,-47.550586,-173.124316,-158.972168,2.329102,-168.464355,1721315252.6276,0,0,1721315252639182900,532,0,0,0,0,0,0,0,0,0,0,0,0,-1,29.91,-1,163.99,-1,-1,13.0,0,0,0,0,0,0,0,1721315252636183100,1721315252659870400,954
1721315252696667200,87,0,601.637695,-160.17627,-388.441406,-130.473633,27.839355,149.831543,1721315252.6607,85,1,665.150098,-157.832227,-376.832812,-118.344727,37.001953,4.240723,1721315252.6607,85,2,417.239648,19.533691,-217.995996,-151.699219,-11.711426,41.308594,1721315252.6607,86,3,439.452246,-46.99248,-173.235937,-158.840332,2.197266,-168.640137,1721315252.6607,0,0,-1,-1,0,0,0,0,0,0,0,0,0,0,0,0,-1,29.91,-1,1023.21,-1,-1,13.0,0,0,0,0,0,0,0,1721315252673299600,1721315252690532700,955
1721315252730184700,87,0,601.414453,-159.729785,-388.106543,-130.341797,27.861328,149.875488,1721315252.6938,85,1,665.37334,-156.827637,-376.721191,-118.125,37.045898,4.262695,1721315252.6938,85,2,418.690723,19.198828,-215.540332,-152.358398,-10.129395,41.879883,1721315252.6938,86,3,441.573047,-46.322754,-173.682422,-158.664551,1.713867,-169.299316,1721315252.6938,0,0,1721315252706178100,533,0,0,0,0,0,0,0,0,0,0,0,0,-1,29.91,-1,1738.89,-1,-1,13.0,0,0,0,0,0,0,0,1721315252714183300,1721315252643276300,953
1721315252764382300,87,0,602.195801,-160.287891,-387.77168,-130.385742,27.949219,149.897461,1721315252.7305,85,1,666.154687,-157.943848,-376.832812,-118.300781,37.133789,4.196777,1721315252.7305,84,2,419.248828,15.850195,-213.419531,-153.69873,-9.118652,42.583008,1721315252.7305,86,3,440.90332,-48.666797,-174.352148,-159.411621,0.527344,-169.82666,1721315252.7305,0,0,-1,-1,0,0,0,0,0,0,0,0,0,0,0,0,-1,29.91,-1,2085.76,-1,-1,13.0,0,0,0,0,0,0,0,1721315252751384300,1721315252756846200,957
1721315252798403700,87,0,602.307422,-160.622754,-388.218164,-130.517578,27.70752,149.80957,1721315252.7636,85,1,665.931445,-159.283301,-377.279297,-118.696289,37.023926,4.020996,1721315252.7636,84,2,419.137207,16.185059,-214.089258,-153.94043,-8.986816,42.824707,1721315252.7636,87,3,439.89873,-48.443555,-175.356738,-159.477539,-0.197754,-169.716797,1721315252.7636,0,0,1721315252772372500,534,0,0,0,0,0,0,0,0,0,0,0,0,-1,29.91,-1,2255.55,-1,-1,13.0,0,0,0,0,0,0,0,1721315252791394300,1721315252793451100,958
1721315252831912000,87,0,602.753906,-160.17627,-388.106543,-130.297852,27.619629,149.919434,1721315252.7967,85,1,665.708203,-158.836816,-377.502539,-118.564453,36.914062,4.064941,1721315252.7967,84,2,420.141797,17.970996,-213.531152,-153.522949,-8.349609,42.714844,1721315252.7967,86,3,440.233594,-47.215723,-175.021875,-159.169922,0.0,-169.672852,1721315252.7967,0,0,-1,-1,0,0,0,0,0,0,0,0,0,0,0,0,-1,29.91,-1,2255.55,-1,-1,13.0,0,0,0,0,0,0,0,1721315252828907500,1721315252743149100,956
1721315252865952300,87,0,602.977148,-159.841406,-388.329785,-130.253906,27.70752,149.897461,1721315252.8298,85,1,666.043066,-157.943848,-377.725781,-118.476562,37.089844,4.020996,1721315252.8298,84,2,420.699902,17.636133,-213.084668,-153.69873,-8.041992,42.561035,1721315252.8298,86,3,440.345215,-47.327344,-174.798633,-159.169922,0.065918,-169.716797,1721315252.8298,0,0,1721315252838908700,535,0,0,0,0,0,0,0,0,0,0,0,0,-1,29.91,-1,2184.64,-1,-1,13.0,0,0,0,0,0,0,0,1721315252865952300,1721315252859537500,960
1721315252900035600,87,0,602.753906,-159.841406,-388.77627,-130.407715,27.729492,149.743652,1721315252.8665,85,1,666.712793,-157.943848,-378.172266,-118.652344,37.22168,3.867188,1721315252.8665,84,2,420.253418,16.408301,-213.419531,-154.182129,-8.195801,42.561035,1721315252.8665,87,3,439.675488,-48.108691,-175.691602,-159.521484,-0.197754,-169.914551,1721315252.8665,0,0,-1,-1,0,0,0,0,0,0,0,0,0,0,0,0,-2,-2,-2,-2,-2,-2,-2,-2,-2,-2,-2,-2,-2,-2,-2,1721315252844697300,959
1721315252933476800,87,0,602.865527,-159.17168,-389.445996,-130.407715,27.619629,149.655762,1721315252.8996,85,1,666.712793,-157.720605,-378.283887,-118.652344,37.023926,3.845215,1721315252.8996,84,2,419.806934,16.966406,-213.977637,-154.182129,-8.217773,42.648926,1721315252.8996,87,3,439.452246,-48.220312,-176.361328,-159.56543,-0.439453,-169.914551,1721315252.8996,0,0,1721315252904956500,536,0,0,0,0,0,0,0,0,0,0,0,0,-1,29.91,-1,2024.35,-1,-1,13.0,0,0,0,0,0,0,0,1721315252906463400,1721315252923886600,961
1721315252967476700,87,0,603.08877,-158.16709,-390.004102,-130.209961,27.619629,149.72168,1721315252.9327,85,1,666.601172,-157.050879,-377.949023,-118.45459,37.001953,3.955078,1721315252.9327,84,2,420.811523,17.30127,-213.531152,-154.27002,-7.668457,42.670898,1721315252.9327,87,3,439.787109,-47.99707,-176.361328,-159.521484,-0.41748,-169.958496,1721315252.9327,0,0,-1,-1,0,0,0,0,0,0,0,0,0,0,0,0,-1,29.91,-1,1911.11,-1,-1,13.0,0,0,0,0,0,0,0,1721315252943470200,1721315252955734500,962
1721315253001472200,87,0,603.200391,-158.501953,-390.227344,-130.297852,27.70752,149.72168,1721315252.9657,85,1,666.936035,-157.832227,-378.283887,-118.54248,37.089844,3.999023,1721315252.9657,84,2,421.592871,15.738574,-213.196289,-155.01709,-7.382812,42.670898,1721315252.9657,87,3,440.010352,-48.108691,-176.361328,-159.829102,-0.32959,-170.397949,1721315252.9657,0,0,1721315252972468900,537,0,0,0,0,0,0,0,0,0,0,0,0,-1,29.91,-1,1884.62,-1,-1,13.0,0,0,0,0,0,0,0,1721315252984469000,1721315252990776400,963
1721315253035024900,87,0,602.865527,-158.501953,-390.785449,-130.429688,27.597656,149.611816,1721315252.9988,85,1,666.601172,-159.060059,-377.949023,-118.652344,36.914062,4.086914,1721315252.9988,84,2,420.365039,15.068848,-213.30791,-155.390625,-7.624512,42.758789,1721315252.9988,87,3,439.229004,-49.113281,-176.807812,-160.290527,-0.637207,-170.332031,1721315252.9988,0,0,-1,-1,0,0,0,0,0,0,0,0,0,0,0,0,-1,29.91,-1,1938.3,-1,-1,13.0,0,0,0,0,0,0,0,1721315253021018200,-1,-1
1721315253069027200,87,0,602.307422,-158.278711,-391.120312,-130.341797,27.443848,149.633789,1721315253.0319,85,1,666.043066,-158.613574,-377.949023,-118.54248,36.804199,4.108887,1721315253.0319,84,2,420.811523,15.850195,-212.638184,-155.148926,-7.229004,42.780762,1721315253.0319,87,3,439.452246,-48.890039,-176.696191,-160.202637,-0.571289,-170.222168,1721315253.0319,0,0,1721315253039019400,538,0,0,0,0,0,0,0,0,0,0,0,0,-1,29.91,-1,1938.3,-1,-1,13.0,0,0,0,0,0,0,0,1721315253058025800,1721315253058204700,965
1721315253103041400,87,0,602.08418,-157.832227,-390.673828,-130.253906,27.575684,149.699707,1721315253.0686,85,1,665.708203,-155.711426,-378.283887,-118.190918,36.958008,3.999023,1721315253.0686,84,2,421.48125,15.850195,-212.080078,-155.170898,-6.943359,42.626953,1721315253.0686,87,3,440.233594,-48.555176,-176.249707,-160.070801,-0.219727,-170.266113,1721315253.0686,0,0,-1,-1,0,0,0,0,0,0,0,0,0,0,0,0,-1,29.91,-1,1994.9,-1,-1,13.0,0,0,0,0,0,0,0,1721315253099041700,1721315253089927300,966
1721315253136581600,87,0,602.307422,-158.055469,-390.450586,-130.341797,27.619629,149.699707,1721315253.1017,85,1,665.931445,-155.599805,-378.395508,-118.256836,37.045898,3.911133,1721315253.1017,84,2,421.369629,14.845605,-212.080078,-155.522461,-7.053223,42.60498,1721315253.1017,87,3,440.233594,-48.555176,-176.026465,-160.136719,-0.175781,-170.332031,1721315253.1017,0,0,1721315253106562100,539,0,0,0,0,0,0,0,0,0,0,0,0,-1,29.91,-1,2024.35,-1,-1,13.0,0,0,0,0,0,0,0,1721315253135580700,1721315253044231200,964
1721315253169996400,87,0,602.195801,-158.055469,-390.562207,-130.36377,27.509766,149.677734,1721315253.1348,85,1,666.043066,-155.823047,-378.283887,-118.322754,36.958008,3.933105,1721315253.1348,84,2,420.811523,14.845605,-212.414941,-155.522461,-7.250977,42.626953,1721315253.1348,87,3,440.010352,-48.555176,-176.138086,-160.136719,-0.241699,-170.288086,1721315253.1348,0,0,-1,-1,0,0,0,0,0,0,0,0,0,0,0,0,-2,-2,-2,-2,-2,-2,-2,-2,-2,-2,-2,-2,-2,-2,-2,1721315253155079700,968
1721315253204019000,87,0,602.195801,-157.497363,-390.450586,-130.100098,27.531738,149.831543,1721315253.1679,85,1,665.708203,-155.041699,-378.507129,-118.103027,36.89209,3.999023,1721315253.1679,84,2,421.034766,15.515332,-212.30332,-155.302734,-7.119141,42.626953,1721315253.1679,87,3,440.121973,-47.662207,-175.914844,-159.807129,-0.109863,-170.15625,1721315253.1679,0,0,1721315253171999600,540,0,0,0,0,0,0,0,0,0,0,0,0,-1,29.7,-1,2117.78,-1,-1,13.0,0,0,0,0,0,0,0,1721315253177015600,1721315253191303200,969
1721315253237542400,87,0,601.972559,-158.055469,-389.89248,-130.187988,27.70752,149.875488,1721315253.2046,85,1,665.596582,-155.376562,-378.730371,-118.146973,37.001953,3.999023,1721315253.2046,84,2,421.258008,15.626953,-211.856836,-155.302734,-7.009277,42.561035,1721315253.2046,86,3,440.345215,-47.885449,-175.57998,-159.851074,0.021973,-170.200195,1721315253.2046,0,0,-1,-1,0,0,0,0,0,0,0,0,0,0,0,0,-1,29.7,-1,2184.64,-1,-1,13.0,0,0,0,0,0,0,0,1721315253213554700,1721315253142178000,967
1721315253271544300,87,0,601.972559,-159.17168,-389.557617,-130.385742,27.619629,149.875488,1721315253.2377,85,1,665.596582,-156.604395,-378.060645,-118.322754,36.97998,4.042969,1721315253.2377,84,2,420.811523,15.515332,-211.856836,-155.390625,-7.141113,42.539062,1721315253.2377,87,3,440.010352,-48.331934,-175.803223,-160.004883,-0.109863,-170.244141,1721315253.2377,0,0,1721315253238539000,541,0,0,0,0,0,0,0,0,0,0,0,0,-1,29.91,-1,2184.64,-1,-1,13.0,0,0,0,0,0,0,0,1721315253250538100,1721315253258056500,971
1721315253305564200,87,0,602.08418,-159.618164,-389.669238,-130.385742,27.509766,149.919434,1721315253.2708,85,1,665.596582,-156.939258,-377.61416,-118.278809,36.848145,4.130859,1721315253.2708,84,2,420.699902,15.626953,-211.745215,-155.34668,-7.119141,42.583008,1721315253.2708,87,3,439.787109,-48.443555,-175.803223,-160.004883,-0.175781,-170.200195,1721315253.2708,0,0,-1,-1,0,0,0,0,0,0,0,0,0,0,0,0,-1,29.91,-1,2292.65,-1,-1,13.0,0,0,0,0,0,0,0,1721315253291551900,1721315253290184700,972
1721315253339084800,87,0,602.307422,-159.060059,-389.557617,-130.209961,27.553711,149.941406,1721315253.3038,85,1,665.261719,-156.15791,-377.725781,-118.125,36.870117,4.108887,1721315253.3038,84,2,421.034766,15.515332,-211.410352,-155.34668,-6.987305,42.583008,1721315253.3038,87,3,439.89873,-48.331934,-175.691602,-159.960938,-0.109863,-170.200195,1721315253.3038,0,0,1721315253305564200,542,0,0,0,0,0,0,0,0,0,0,0,0,-1,29.7,-1,2411.11,-1,-1,13.0,0,0,0,0,0,0,0,1721315253328081900,1721315253242892200,970
1721315253373075500,87,0,602.195801,-159.283301,-389.222754,-130.297852,27.619629,149.853516,1721315253.3369,85,1,665.819824,-156.716016,-377.61416,-118.278809,37.045898,4.020996,1721315253.3369,84,2,421.704492,14.399121,-210.852246,-155.67627,-6.833496,42.407227,1721315253.3369,86,3,440.345215,-48.778418,-175.691602,-160.114746,0.043945,-170.332031,1721315253.3369,0,0,-1,-1,0,0,0,0,0,0,0,0,0,0,0,0,-1,29.91,-1,2453.19,-1,-1,13.0,0,0,0,0,0,0,0,1721315253369082800,1721315253356597700,974
1721315253406604400,87,0,601.637695,-159.953027,-389.222754,-130.495605,27.46582,149.72168,1721315253.3737,85,1,666.154687,-158.390332,-376.274707,-118.476562,36.914062,4.108887,1721315253.3737,84,2,421.034766,14.175879,-210.963867,-155.742188,-7.053223,42.429199,1721315253.3737,87,3,439.89873,-49.113281,-176.026465,-160.224609,-0.065918,-170.310059,1721315253.3737,0,0,1721315253372074400,543,0,0,0,0,0,0,0,0,0,0,0,0,-1,29.91,-1,2411.11,-1,-1,13.0,0,0,0,0,0,0,0,1721315253406604400,1721315253392521500,975
1721315253440621600,87,0,601.749316,-158.836816,-389.557617,-130.297852,27.46582,149.743652,1721315253.4067,85,1,665.819824,-158.501953,-375.939844,-118.388672,36.848145,4.174805,1721315253.4067,84,2,421.146387,14.399121,-211.075488,-155.632324,-7.03125,42.429199,1721315253.4067,86,3,440.010352,-48.778418,-175.691602,-160.092773,0.043945,-170.244141,1721315253.4067,0,0,-1,-1,0,0,0,0,0,0,0,0,0,0,0,0,-2,-2,-2,-2,-2,-2,-2,-2,-2,-2,-2,-2,-2,-2,-2,1721315253342256500,973
1721315253474613800,87,0,602.195801,-158.501953,-389.222754,-130.275879,27.663574,149.787598,1721315253.4398,85,1,666.043066,-158.613574,-376.051465,-118.366699,36.914062,4.152832,1721315253.4398,84,2,421.592871,14.175879,-211.29873,-155.67627,-6.987305,42.341309,1721315253.4398,86,3,440.233594,-48.555176,-175.468359,-160.070801,0.241699,-170.354004,1721315253.4398,0,0,1721315253438617500,544,0,0,0,0,0,0,0,0,0,0,0,0,-1,29.91,-1,2292.65,-1,-1,13.0,0,0,0,0,0,0,0,1721315253443613300,1721315253458171400,977
1721315253508741300,87,0,602.195801,-158.390332,-388.77627,-130.407715,27.729492,149.699707,1721315253.4729,85,1,666.712793,-159.060059,-377.056055,-118.740234,37.023926,3.823242,1721315253.4729,84,2,421.704492,14.175879,-211.521973,-155.742188,-7.075195,42.275391,1721315253.4729,86,3,440.121973,-48.443555,-175.468359,-160.136719,0.219727,-170.375977,1721315253.4729,0,0,-1,-1,0,0,0,0,0,0,0,0,0,0,0,0,-1,29.7,-1,2255.55,-1,-1,13.0,0,0,0,0,0,0,0,1721315253483620100,1721315253490428500,978
1721315253542741300,87,0,601.749316,-158.613574,-388.664648,-130.517578,27.597656,149.677734,1721315253.5096,85,1,666.37793,-157.385742,-377.502539,-118.828125,37.023926,3.625488,1721315253.5096,84,2,421.146387,14.957227,-211.745215,-155.588379,-7.185059,42.253418,1721315253.5096,86,3,440.010352,-48.443555,-175.914844,-160.158691,0.065918,-170.178223,1721315253.5096,0,0,1721315253505202100,545,0,0,0,0,0,0,0,0,0,0,0,0,-1,29.91,-1,2330.9,-1,-1,13.0,0,0,0,0,0,0,0,1721315253520750100,1721315253541674300,979
1721315253576738300,87,0,601.972559,-157.720605,-389.557617,-130.341797,27.597656,149.611816,1721315253.5427,85,1,666.154687,-155.711426,-377.837402,-118.564453,37.045898,3.581543,1721315253.5427,84,2,421.369629,15.626953,-211.745215,-155.43457,-7.119141,42.209473,1721315253.5427,86,3,440.456836,-48.108691,-175.803223,-160.026855,0.197754,-170.200195,1721315253.5427,0,0,-1,-1,0,0,0,0,0,0,0,0,0,0,0,0,-1,29.7,-1,2496.67,-1,-1,13.0,0,0,0,0,0,0,0,1721315253561736700,1721315253560185000,980
1721315253610423400,87,0,602.08418,-156.492773,-391.343555,-130.407715,27.685547,149.260254,1721315253.5758,85,1,666.712793,-154.930078,-378.283887,-118.520508,37.133789,3.493652,1721315253.5758,84,2,421.258008,15.403711,-211.633594,-155.522461,-7.119141,42.165527,1721315253.5758,86,3,440.456836,-48.331934,-176.026465,-160.180664,0.241699,-170.463867,1721315253.5758,0,0,1721315253572738900,546,0,0,0,0,0,0,0,0,0,0,0,0,-1,29.7,-1,2992.7,-1,-1,13.0,0,0,0,0,0,0,0,1721315253598819500,1721315253596098900,981
1721315253644430600,87,0,601.414453,-156.604395,-393.129492,-130.715332,27.443848,148.930664,1721315253.6088,85,1,666.712793,-155.041699,-378.507129,-118.652344,37.089844,3.383789,1721315253.6088,84,2,420.141797,14.733984,-211.745215,-155.852051,-7.338867,42.143555,1721315253.6088,87,3,439.563867,-47.99707,-176.696191,-160.378418,-0.021973,-170.727539,1721315253.6088,0,0,-1,-1,0,0,0,0,0,0,0,0,0,0,0,0,-1,29.91,-1,4064.44,-1,-1,13.0,0,0,0,1,0,0,0,1721315253635422500,1721315253643594900,982
1721315253678432700,87,0,601.302832,-156.15791,-393.129492,-130.583496,27.355957,148.996582,1721315253.6419,85,1,666.824414,-153.144141,-378.61875,-118.366699,36.97998,3.405762,1721315253.6419,84,2,420.253418,15.850195,-211.745215,-155.632324,-7.272949,42.143555,1721315253.6419,87,3,439.563867,-47.550586,-176.807812,-160.268555,-0.021973,-170.639648,1721315253.6419,0,0,1721315253639435000,547,0,0,0,0,0,0,0,0,0,0,0,0,-1,29.91,-1,4684.79,-1,-1,13.0,0,0,0,1,0,0,0,1721315253676433800,1721315253659363800,983
1721315253711991400,87,0,601.191211,-155.599805,-393.017871,-130.473633,27.421875,148.996582,1721315253.6787,85,1,666.601172,-151.581445,-379.288477,-118.125,37.045898,3.383789,1721315253.6787,84,2,420.47666,16.073438,-211.745215,-155.566406,-7.207031,42.121582,1721315253.6787,86,3,440.010352,-47.662207,-176.58457,-160.246582,0.241699,-170.639648,1721315253.6787,0,0,-1,-1,0,0,0,0,0,0,0,0,0,0,0,0,-2,-2,-2,-2,-2,-2,-2,-2,-2,-2,-2,-2,-2,-2,-2,1721315253691214000,984
1721315253745991200,87,0,601.302832,-156.046289,-393.129492,-130.605469,27.487793,148.974609,1721315253.7117,85,1,666.37793,-152.362793,-379.734961,-118.322754,37.089844,3.339844,1721315253.7117,84,2,420.699902,15.850195,-211.968457,-155.632324,-7.250977,42.121582,1721315253.7117,86,3,440.010352,-48.331934,-176.696191,-160.488281,0.219727,-170.661621,1721315253.7117,0,0,1721315253705458700,548,0,0,0,0,0,0,0,0,0,0,0,0,-1,29.7,-1,5643.86,-1,-1,13.0,0,0,0,1,0,0,0,1721315253712984700,1721315253741796000,985
1721315253779985700,87,0,601.302832,-156.269531,-392.571387,-130.627441,27.421875,149.084473,1721315253.7448,85,1,665.819824,-152.920898,-380.293066,-118.410645,36.870117,3.295898,1721315253.7448,84,2,420.47666,15.738574,-212.191699,-155.654297,-7.36084,42.1875,1721315253.7448,86,3,439.675488,-48.555176,-177.031055,-160.532227,0.087891,-170.617676,1721315253.7448,0,0,-1,-1,0,0,0,0,0,0,0,0,0,0,0,0,-1,29.91,-1,6102.12,-1,-1,14.0,0,0,0,1,0,0,0,1721315253753982700,1721315253758083800,986
1721315253814207700,87,0,601.749316,-154.483594,-392.459766,-130.166016,27.46582,149.282227,1721315253.7779,85,1,665.596582,-151.804688,-380.739551,-118.081055,36.760254,3.361816,1721315253.7779,84,2,420.699902,16.29668,-212.30332,-155.456543,-7.294922,42.319336,1721315253.7779,86,3,439.89873,-47.773828,-177.142676,-160.224609,0.175781,-170.48584,1721315253.7779,0,0,1721315253772003300,549,0,0,0,0,0,0,0,0,0,0,0,0,-1,29.7,-1,6614.24,-1,-1,13.0,0,0,0,1,0,0,0,1721315253790986900,1721315253792216100,987
1721315253848119700,87,0,602.419043,-154.14873,-392.794629,-130.100098,27.685547,149.282227,1721315253.8146,85,1,666.043066,-152.697656,-380.293066,-118.081055,36.89209,3.493652,1721315253.8146,84,2,420.811523,15.738574,-212.080078,-155.588379,-7.272949,42.319336,1721315253.8146,86,3,440.121973,-47.773828,-176.919434,-160.246582,0.285645,-170.57373,1721315253.8146,0,0,-1,-1,0,0,0,0,0,0,0,0,0,0,0,0,-1,29.27,-1,7506.36,-1,-1,14.0,0,0,0,1,0,0,0,1721315253828127400,1721315253842091000,988
1721315253882118200,87,0,602.530664,-155.041699,-392.794629,-130.253906,27.619629,149.282227,1721315253.8477,85,1,666.37793,-154.260352,-380.069824,-118.278809,36.826172,3.581543,1721315253.8477,84,2,420.588281,15.403711,-212.191699,-155.67627,-7.36084,42.341309,1721315253.8477,86,3,439.675488,-47.885449,-177.142676,-160.3125,0.153809,-170.617676,1721315253.8477,0,0,1721315253839116500,550,0,0,0,0,0,0,0,0,0,0,0,0,-1,29.7,-1,8203.64,-1,0.46,13.0,0,0,0,1,0,0,0,1721315253881125700,1721315253860376100,989
1721315253915474300,87,0,602.419043,-155.823047,-392.236523,-130.231934,27.531738,149.414062,1721315253.8808,85,1,665.819824,-155.15332,-379.62334,-118.300781,36.672363,3.647461,1721315253.8808,84,2,420.47666,15.515332,-212.30332,-155.610352,-7.404785,42.385254,1721315253.8808,87,3,439.452246,-47.885449,-177.700781,-160.268555,-0.021973,-170.595703,1721315253.8808,0,0,-1,-1,0,0,0,0,0,0,0,0,0,0,0,0,-2,-2,-2,-2,-2,-2,-2,-2,-2,-2,-2,-2,-2,-2,-2,1721315253892331000,990
1721315253949475100,87,0,602.195801,-156.939258,-391.120312,-130.209961,27.619629,149.611816,1721315253.9139,85,1,665.37334,-155.823047,-379.176855,-118.234863,36.694336,3.735352,1721315253.9139,84,2,420.588281,15.738574,-211.856836,-155.544434,-7.207031,42.385254,1721315253.9139,86,3,439.452246,-47.773828,-177.477539,-160.202637,0.043945,-170.57373,1721315253.9139,0,0,1721315253905138700,551,0,0,0,0,0,0,0,0,0,0,0,0,-1,30.13,-1,7843.39,-1,-1,13.0,0,0,0,1,0,0,0,1721315253918472700,1721315253941050100,991
1721315253983473600,87,0,602.419043,-159.060059,-390.004102,-130.539551,27.817383,149.677734,1721315253.9469,85,1,666.043066,-156.381152,-379.176855,-118.410645,36.936035,3.647461,1721315253.9469,84,2,420.699902,15.180469,-211.187109,-155.76416,-7.097168,42.385254,1721315253.9469,86,3,439.563867,-48.890039,-176.807812,-160.466309,0.131836,-170.859375,1721315253.9469,0,0,-1,-1,0,0,0,0,0,0,0,0,0,0,0,0,-1,29.7,-1,8203.64,-1,-1,13.0,0,0,0,1,0,0,0,1721315253955488000,1721315253959118400,992
1721315254016995100,87,0,601.972559,-160.957617,-389.445996,-130.803223,27.619629,149.72168,1721315253.9837,85,1,665.931445,-157.050879,-378.395508,-118.586426,36.89209,3.647461,1721315253.9837,84,2,420.141797,14.622363,-210.963867,-155.983887,-7.119141,42.60498,1721315253.9837,87,3,439.563867,-49.559766,-176.696191,-160.64209,-0.043945,-171.013184,1721315253.9837,0,0,1721315253972473100,552,0,0,0,0,0,0,0,0,0,0,0,0,-1,29.7,-1,8589.65,-1,-1,13.0,0,0,0,1,0,0,0,1721315253996477300,1721315253994087600,993
1721315254050996200,87,0,602.419043,-161.069238,-389.111133,-130.583496,27.597656,149.919434,1721315254.0168,85,1,666.043066,-156.827637,-378.395508,-118.388672,36.826172,3.713379,1721315254.0168,84,2,420.699902,15.515332,-210.517383,-155.852051,-6.745605,42.780762,1721315254.0168,86,3,439.89873,-48.778418,-176.696191,-160.422363,0.021973,-171.013184,1721315254.0168,0,0,-1,-1,0,0,0,0,0,0,0,0,0,0,0,0,-1,29.91,-1,9004.22,-1,-1,13.0,0,0,0,1,0,0,0,1721315254032986500,1721315254042080000,994
1721315254084994500,87,0,603.08877,-161.850586,-388.106543,-130.583496,27.729492,150.117188,1721315254.0498,85,1,666.043066,-157.385742,-378.172266,-118.432617,36.914062,3.735352,1721315254.0498,84,2,421.48125,13.729395,-210.18252,-156.489258,-6.503906,42.802734,1721315254.0498,86,3,440.233594,-49.894629,-176.249707,-160.686035,0.197754,-171.210938,1721315254.0498,0,0,1721315254038986700,553,0,0,0,0,0,0,0,0,0,0,0,0,-1,29.91,-1,9004.22,-1,-1,14.0,0,0,0,1,0,0,0,1721315254069997200,1721315254059542400,995
1721315254118505300,87,0,603.646875,-162.408691,-387.660059,-130.737305,27.79541,150.117188,1721315254.0829,85,1,666.043066,-159.060059,-378.507129,-118.850098,36.936035,3.537598,1721315254.0829,84,2,421.369629,11.831836,-209.959277,-157.346191,-6.437988,42.978516,1721315254.0829,87,3,439.117383,-52.238672,-177.031055,-161.367188,-0.32959,-171.496582,1721315254.0829,0,0,-1,-1,0,0,0,0,0,0,0,0,0,0,0,0,-1,29.7,-1,8203.64,-1,-1,13.0,0,0,0,1,0,0,0,1721315254110497500,1721315254092351300,996
1721315254152499900,87,0,603.535254,-162.631934,-387.436816,-130.715332,27.685547,150.161133,1721315254.116,85,1,666.043066,-158.836816,-378.395508,-118.828125,36.782227,3.47168,1721315254.116,84,2,421.48125,11.720215,-207.838477,-157.895508,-5.603027,43.242188,1721315254.116,87,3,438.112793,-49.783008,-178.928613,-160.97168,-1.010742,-172.111816,1721315254.116,0,0,1721315254105005100,554,0,0,0,0,0,0,0,0,0,0,0,0,-2,-2,-2,-2,-2,-2,-2,-2,-2,-2,-2,-2,-2,-2,-2,1721315254140953300,997
1721315254186505600,87,0,603.200391,-161.404102,-387.994922,-130.517578,27.685547,150.05127,1721315254.1527,85,1,666.154687,-157.832227,-378.395508,-118.608398,36.804199,3.493652,1721315254.1527,84,2,424.160156,11.608594,-206.052539,-158.686523,-3.999023,42.868652,1721315254.1527,87,3,439.675488,-50.117871,-178.59375,-161.367188,-1.252441,-173.100586,1721315254.1527,0,0,-1,-1,0,0,0,0,0,0,0,0,0,0,0,0,-1,29.7,-1,6614.24,0.15,-1,13.0,0,0,0,1,0,0,0,1721315254159498400,1721315254161206100,998
1721315254220227800,87,0,603.200391,-160.957617,-387.994922,-130.583496,27.79541,149.941406,1721315254.1858,85,1,666.712793,-157.943848,-378.172266,-118.630371,36.914062,3.515625,1721315254.1858,83,2,431.192285,5.692676,-205.15957,-161.367188,-2.131348,42.956543,1721315254.1858,87,3,437.331445,-48.108691,-180.937793,-161.608887,-3.032227,-174.572754,1721315254.1858,0,0,1721315254172500100,555,0,0,0,0,0,0,0,0,0,0,0,0,-1,29.7,-1,5866.79,-1,-1,13.0,0,0,0,1,0,0,0,1721315254196507900,1721315254194491100,999
1721315254253749800,87,0,602.753906,-161.515723,-387.883301,-130.825195,27.619629,149.897461,1721315254.2189,85,1,667.159277,-158.725195,-377.837402,-118.806152,36.782227,3.515625,1721315254.2189,83,2,425.834473,6.250781,-202.703906,-161.872559,-1.494141,43.17627,1721315254.2189,87,3,438.336035,-52.238672,-180.60293,-162.839355,-3.47168,-174.155273,1721315254.2189,0,0,-1,-1,0,0,0,0,0,0,0,0,0,0,0,0,-1,30.13,-1,3423.23,-1,0.61,13.0,0,0,0,1,0,0,0,1721315254249755300,1721315254241758600,1000
1721315254287747800,87,0,602.753906,-160.064648,-387.994922,-130.517578,27.487793,149.963379,1721315254.285,85,1,667.494141,-156.939258,-377.949023,-118.366699,36.694336,3.603516,1721315254.285,82,2,426.280957,5.804297,-199.913379,-162.399902,0.791016,43.26416,1721315254.285,87,3,437.77793,-50.341113,-179.59834,-162.641602,-2.416992,-174.331055,1721315254.285,0,0,1721315254239739100,556,0,0,0,0,0,0,0,0,0,0,0,0,-1,29.7,-1,1193.03,-1,-1,13.0,0,0,0,0,0,0,0,1721315254286749200,1721315254261970800,1001
1721315254321749100,87,0,602.307422,-161.069238,-387.77168,-130.671387,27.421875,149.985352,1721315254.2519,85,1,667.270898,-157.497363,-377.949023,-118.498535,36.606445,3.55957,1721315254.2519,83,2,425.164746,7.813477,-201.252832,-161.542969,-0.351562,43.286133,1721315254.2519,87,3,438.224414,-51.457324,-180.268066,-162.641602,-3.14209,-174.111328,1721315254.2519,0,0,-1,-1,0,0,0,0,0,0,0,0,0,0,0,0,-2,-2,-2,-2,-2,-2,-2,-2,-2,-2,-2,-2,-2,-2,-2,1721315254293303300,1002
1721315254355756800,87,0,603.08877,-159.506543,-388.77627,-130.583496,27.553711,149.80957,1721315254.3218,85,1,667.605762,-156.939258,-378.283887,-118.564453,36.870117,3.515625,1721315254.3218,82,2,425.053125,3.906738,-199.578516,-163.300781,1.252441,43.286133,1721315254.3218,87,3,434.987402,-52.796777,-180.491309,-163.828125,-2.438965,-174.265137,1721315254.3218,0,0,1721315254305746600,557,0,0,0,0,0,0,0,0,0,0,0,0,-1,29.7,-1,616.94,-1,9.52,13.0,0,0,0,0,0,0,0,1721315254335749000,1721315254341090700,1003
1721315254389761200,87,0,602.977148,-159.17168,-389.780859,-130.693359,27.421875,149.677734,1721315254.3548,85,1,667.270898,-157.720605,-378.172266,-118.740234,36.782227,3.537598,1721315254.3548,82,2,423.713672,3.683496,-199.690137,-163.388672,1.560059,43.132324,1721315254.3548,87,3,433.089844,-53.578125,-181.161035,-164.047852,-2.373047,-173.95752,1721315254.3548,0,0,-1,-1,0,0,0,0,0,0,0,0,0,0,0,0,-1,29.91,-1,88.51,-1,12.84,13.0,0,0,0,0,0,0,0,1721315254385756900,1721315254360468800,1004
1721315254423289200,87,0,603.200391,-157.385742,-391.231934,-130.36377,27.399902,149.677734,1721315254.3879,85,1,666.936035,-156.827637,-378.61875,-118.564453,36.738281,3.537598,1721315254.3879,82,2,423.825293,5.915918,-200.025,-162.443848,2.329102,42.51709,1721315254.3879,87,3,433.424707,-50.229492,-182.054004,-162.949219,-1.582031,-173.759766,1721315254.3879,0,0,1721315254371755500,558,0,0,0,0,0,0,0,0,0,0,0,0,-2,-2,-2,-2,-2,-2,-2,-2,-2,-2,-2,-2,-2,-2,-2,1721315254396274000,1005
1721315254457283600,87,0,603.981738,-157.1625,-390.785449,-130.275879,27.553711,149.787598,1721315254.421,85,1,667.047656,-155.599805,-379.400098,-118.520508,36.936035,3.449707,1721315254.421,82,2,422.932324,3.348633,-199.578516,-162.927246,2.790527,42.692871,1721315254.421,87,3,432.531738,-54.247852,-181.161035,-163.806152,-1.340332,-172.814941,1721315254.421,0,0,-1,-1,0,0,0,0,0,0,0,0,0,0,0,0,-1,29.7,-1,33.66,-1,8.33,13.0,0,0,0,0,0,0,0,1721315254434288300,1721315254442593300,1006
1721315254491292400,87,0,604.316602,-157.608984,-390.562207,-130.517578,27.575684,149.72168,1721315254.4577,85,1,666.936035,-155.823047,-380.069824,-118.828125,37.067871,3.295898,1721315254.4577,82,2,421.704492,3.01377,-200.694727,-162.619629,3.076172,44.230957,1721315254.4577,87,3,430.187695,-53.131641,-181.272656,-162.883301,-1.384277,-171.672363,1721315254.4577,0,0,1721315254439280800,559,0,0,0,0,0,0,0,0,0,0,0,0,-1,29.7,-1,30.78,-1,6.0,13.0,0,0,0,0,0,0,0,1721315254479287800,1721315254461536900,1007
1721315254524849500,87,0,604.20498,-159.060059,-389.89248,-130.869141,27.421875,149.787598,1721315254.4908,85,1,665.708203,-155.264941,-378.841992,-118.806152,37.089844,3.405762,1721315254.4908,82,2,423.49043,3.795117,-200.025,-162.312012,4.87793,46.208496,1721315254.4908,87,3,431.415527,-52.350293,-180.937793,-162.553711,-0.351562,-170.354004,1721315254.4908,0,0,-1,-1,0,0,0,0,0,0,0,0,0,0,0,0,-2,-2,-2,-2,-2,-2,-2,-2,-2,-2,-2,-2,-2,-2,-2,1721315254493910900,1008
1721315254558849100,87,0,604.093359,-158.725195,-389.89248,-131.000977,27.619629,149.699707,1721315254.5239,85,1,665.37334,-154.595215,-376.60957,-118.806152,37.683105,3.537598,1721315254.5239,82,2,427.285547,1.227832,-196.787988,-163.54248,7.470703,47.944336,1721315254.5239,86,3,429.517969,-50.229492,-180.268066,-163.410645,1.010742,-168.837891,1721315254.5239,0,0,1721315254505306100,560,0,0,0,0,0,0,0,0,0,0,0,0,-1,29.7,-1,24.66,-1,6.33,13.0,0,0,0,0,0,0,0,1721315254528849800,1721315254541921700,1009
1721315254592845200,87,0,603.312012,-162.520312,-388.441406,-132.407227,28.256836,149.238281,1721315254.557,85,1,665.484961,-158.390332,-373.707422,-119.772949,38.452148,3.405762,1721315254.557,83,2,431.080664,-0.558105,-195.783398,-164.311523,9.84375,50.053711,1721315254.557,86,3,429.852832,-50.229492,-179.59834,-164.11377,2.724609,-166.838379,1721315254.557,0,0,1721315254571852800,561,0,0,0,0,0,0,0,0,0,0,0,0,-1,29.7,-1,21.26,-1,-1,13.0,0,0,0,0,0,0,0,1721315254565842000,1721315254560204500,1010
1721315254626366300,87,0,601.414453,-165.31084,-388.218164,-133.154297,27.993164,148.996582,1721315254.59,85,1,664.815234,-158.613574,-374.935254,-120.168457,38.29834,3.054199,1721315254.59,84,2,434.317676,-0.111621,-193.439355,-164.157715,12.612305,52.602539,1721315254.59,86,3,429.741211,-51.345703,-176.919434,-164.575195,4.768066,-164.11377,1721315254.59,0,0,-1,-1,0,0,0,0,0,0,0,0,0,0,0,0,-1,29.7,-1,21.46,-1,-1,13.0,0,0,0,0,0,0,0,1721315254601845900,1721315254594759200,1011
1721315254660370200,87,0,600.856348,-164.529492,-387.660059,-132.780762,27.993164,149.172363,1721315254.6268,85,1,664.480371,-157.385742,-375.381738,-119.882812,38.210449,3.032227,1721315254.6268,83,2,440.345215,0.446484,-191.541797,-164.289551,15.578613,54.316406,1721315254.6268,86,3,431.973633,-42.750879,-177.365918,-163.212891,6.877441,-162.092285,1721315254.6268,0,0,1721315254638366300,562,0,0,0,0,0,0,0,0,0,0,0,0,-1,29.7,-1,16.85,-1,-1,13.0,0,0,0,0,0,0,0,1721315254639370400,1721315254642969900,1012
1721315254694378400,87,0,601.526074,-165.868945,-386.320605,-132.429199,28.256836,149.589844,1721315254.6599,85,1,664.591992,-156.604395,-375.270117,-119.575195,38.342285,3.186035,1721315254.6599,84,2,444.92168,-2.902148,-189.532617,-165.651855,17.226562,55.349121,1721315254.6599,86,3,436.326855,-38.286035,-175.57998,-163.190918,8.789062,-161.367188,1721315254.6599,0,0,-1,-1,0,0,0,0,0,0,0,0,0,0,0,0,-1,29.91,-1,22.25,-1,-1,13.0,0,0,0,0,0,0,0,1721315254676366900,1721315254662848800,1013
1721315254727907800,87,0,602.08418,-166.538672,-386.320605,-132.363281,28.344727,149.677734,1721315254.6929,85,1,665.150098,-157.1625,-375.046875,-119.575195,38.430176,3.273926,1721315254.6929,84,2,445.256543,-1.562695,-190.425586,-165.827637,17.226562,56.184082,1721315254.6929,86,3,435.76875,-39.513867,-175.468359,-163.630371,8.613281,-160.400391,1721315254.6929,0,0,-1,-1,0,0,0,0,0,0,0,0,0,0,0,0,-1,29.7,-1,23.65,-1,-1,13.0,0,0,0,0,0,0,0,1721315254708906800,1721315254694775600,1014
1721315254761907700,87,0,601.972559,-166.092187,-386.432227,-132.253418,28.234863,149.72168,1721315254.726,85,1,665.261719,-157.720605,-374.600391,-119.53125,38.29834,3.405762,1721315254.726,83,2,446.595996,1.897559,-190.648828,-165.27832,17.182617,56.689453,1721315254.726,86,3,437.331445,-37.393066,-174.575391,-163.146973,8.701172,-159.960938,1721315254.726,0,0,1721315254705372200,563,0,0,0,0,0,0,0,0,0,0,0,0,-1,29.91,-1,22.25,-1,-1,13.0,0,0,0,0,0,0,0,1721315254745901400,1721315254761091600,1016
1721315254795950000,87,0,602.08418,-162.631934,-386.878711,-131.572266,28.278809,149.699707,1721315254.7591,85,1,665.37334,-156.604395,-374.042285,-119.11377,38.29834,3.537598,1721315254.7591,83,2,449.05166,5.246191,-189.532617,-164.597168,17.248535,57.041016,1721315254.7591,86,3,440.456836,-34.71416,-173.45918,-162.619629,8.898926,-159.829102,1721315254.7591,0,0,1721315254771900000,564,0,0,0,0,0,0,0,0,0,0,0,0,-1,29.91,-1,22.85,-1,13.38,13.0,0,0,0,0,0,0,0,1721315254794936800,1721315254741079500,1015
1721315254829455700,87,0,602.307422,-161.738965,-386.990332,-131.572266,28.476562,149.655762,1721315254.7958,85,1,666.154687,-156.939258,-373.595801,-118.981934,38.430176,3.669434,1721315254.7958,83,2,451.395703,5.804297,-188.974512,-164.772949,16.809082,57.524414,1721315254.7958,86,3,442.800879,-34.267676,-173.905664,-162.971191,8.393555,-160.070801,1721315254.7958,0,0,-1,-1,0,0,0,0,0,0,0,0,0,0,0,0,-2,-2,-2,-2,-2,-2,-2,-2,-2,-2,-2,-2,-2,-2,-2,1721315254796177600,1017
1721315254863455800,87,0,601.860937,-162.408691,-387.325195,-131.791992,28.366699,149.589844,1721315254.8289,85,1,666.154687,-157.385742,-374.600391,-119.135742,38.254395,3.493652,1721315254.8289,83,2,451.395703,9.711035,-189.420996,-163.87207,16.325684,58.381348,1721315254.8289,86,3,443.693848,-32.70498,-174.46377,-162.641602,7.954102,-159.433594,1721315254.8289,0,0,-1,-1,0,0,0,0,0,0,0,0,0,0,0,0,-1,29.7,-1,24.26,-1,19.32,13.0,0,0,0,0,0,0,0,1721315254844454500,1721315254861937600,1019
1721315254897462500,87,0,601.414453,-163.748145,-386.655469,-131.704102,28.037109,149.853516,1721315254.862,85,1,665.261719,-157.1625,-375.493359,-118.937988,37.814941,3.493652,1721315254.862,84,2,453.181641,14.622363,-188.193164,-162.685547,17.072754,58.64502,1721315254.862,86,3,445.814648,-28.686621,-173.012695,-161.455078,8.701172,-159.060059,1721315254.862,0,0,1721315254838446800,565,0,0,0,0,0,0,0,0,0,0,0,0,-1,29.7,-1,27.36,-1,22.65,13.0,0,0,0,0,0,0,0,1721315254893466000,1721315254896002200,1020
1721315254930986800,87,0,601.749316,-163.859766,-385.985742,-131.550293,28.125,150.029297,1721315254.8951,85,1,665.261719,-156.604395,-374.935254,-118.608398,37.924805,3.735352,1721315254.8951,84,2,455.748926,16.073438,-186.853711,-162.509766,18.193359,58.996582,1721315254.8951,87,3,448.605176,-24.668262,-171.784863,-160.817871,10.019531,-158.928223,1721315254.8951,0,0,1721315254905465500,566,0,0,0,0,0,0,0,0,0,0,0,0,-2,-2,-2,-2,-2,-2,-2,-2,-2,-2,-2,-2,-2,-2,-2,1721315254842981600,1018
1721315254964984800,87,0,601.860937,-164.417871,-386.208984,-131.77002,28.322754,150.029297,1721315254.9281,85,1,665.819824,-157.497363,-374.377148,-118.78418,38.232422,3.911133,1721315254.9281,84,2,457.423242,16.408301,-185.960742,-162.443848,19.401855,60.05127,1721315254.9281,87,3,448.04707,-21.654492,-167.766504,-160.136719,11.228027,-157.697754,1721315254.9281,0,0,-1,-1,0,0,0,0,0,0,0,0,0,0,0,0,-1,29.91,-1,22.85,-1,22.65,13.0,0,0,0,0,0,0,0,1721315254941984200,1721315254961448700,1022
1721315254999008400,87,0,601.972559,-163.190039,-386.543848,-132.011719,28.806152,150.600586,1721315254.9649,85,1,665.819824,-158.055469,-373.930664,-118.916016,38.29834,4.21875,1721315254.9649,84,2,459.655664,19.980176,-182.72373,-161.05957,21.577148,62.094727,1721315254.9649,87,3,447.154102,-18.975586,-162.631934,-159.301758,13.293457,-155.588379,1721315254.9649,0,0,1721315254971979700,567,0,0,0,0,0,0,0,0,0,0,0,0,-1,29.91,-1,24.46,-1,29.05,13.0,0,0,0,0,0,0,0,1721315254990980300,1721315254996477000,1023
1721315255032539000,87,0,600.856348,-159.060059,-389.669238,-131.396484,29.641113,150.930176,1721315254.998,85,1,664.926855,-151.358203,-374.377148,-117.883301,39.133301,4.592285,1721315254.998,84,2,461.999707,23.886914,-180.379687,-159.521484,23.554688,63.435059,1721315254.998,87,3,446.707617,-12.27832,-163.190039,-157.368164,14.523926,-154.35791,1721315254.998,0,0,-1,-1,0,0,0,0,0,0,0,0,0,0,0,0,-2,-2,-2,-2,-2,-2,-2,-2,-2,-2,-2,-2,-2,-2,-2,1721315254940528700,1021
1721315255066538800,87,0,599.963379,-157.832227,-392.236523,-132.077637,30.212402,150.161133,1721315255.031,85,1,665.150098,-148.679297,-374.823633,-118.366699,40.649414,4.680176,1721315255.031,84,2,462.222949,23.663672,-178.147266,-159.191895,24.938965,64.401855,1721315255.031,87,3,446.595996,-10.938867,-162.966797,-157.302246,15.732422,-153.325195,1721315255.031,0,0,1721315255039531700,568,0,0,0,0,0,0,0,0,0,0,0,0,-1,29.91,-1,22.65,-1,32.77,13.0,0,0,0,0,0,0,0,1721315255040530600,1721315255063113300,1025
1721315255100560000,87,0,599.07041,-162.408691,-390.89707,-132.912598,30.058594,150.073242,1721315255.0641,85,1,666.489551,-152.251172,-372.814453,-119.157715,40.869141,4.833984,1721315255.0641,84,2,460.548633,26.789062,-177.58916,-157.675781,25.422363,65.808105,1721315255.0641,87,3,442.689258,-12.27832,-162.073828,-156.687012,15.754395,-151.303711,1721315255.0641,0,0,-1,-1,0,0,0,0,0,0,0,0,0,0,0,0,-1,29.7,-1,23.25,-1,39.94,13.0,0,0,0,0,0,0,0,1721315255089530600,1721315255097179500,1026
1721315255134611400,87,0,598.177441,-166.203809,-390.115723,-133.659668,29.794922,150.117188,1721315255.1008,85,1,665.819824,-153.255762,-373.260937,-119.443359,40.825195,4.921875,1721315255.1008,84,2,460.325391,32.258496,-176.696191,-155.10498,26.586914,67.5,1721315255.1008,86,3,441.796289,-9.15293,-160.399512,-154.907227,16.699219,-149.523926,1721315255.1008,0,0,1721315255105550600,569,0,0,0,0,0,0,0,0,0,0,0,0,-2,-2,-2,-2,-2,-2,-2,-2,-2,-2,-2,-2,-2,-2,-2,1721315255043008800,1024
1721315255168608400,87,0,598.177441,-164.975977,-389.669238,-133.879395,30.168457,149.875488,1721315255.1339,85,1,664.926855,-149.572266,-375.828223,-119.355469,41.19873,4.328613,1721315255.1339,84,2,460.995117,33.932812,-176.472949,-153.742676,27.070312,68.840332,1721315255.1339,86,3,440.791699,-5.469434,-159.506543,-153.369141,17.138672,-148.337402,1721315255.1339,0,0,-1,-1,0,0,0,0,0,0,0,0,0,0,0,0,-1,29.7,-1,17.98,-1,34.11,13.0,0,0,0,0,0,0,0,1721315255138608000,1721315255162462300,1028
1721315255202138300,87,0,598.847168,-168.771094,-387.548437,-135.549316,30.9375,149.282227,1721315255.167,85,1,666.154687,-151.02334,-375.60498,-120.168457,41.835938,3.88916,1721315255.167,84,2,459.655664,35.160645,-177.254297,-152.731934,26.938477,69.741211,1721315255.167,86,3,439.005762,-4.576465,-159.17168,-152.490234,17.050781,-147.32666,1721315255.167,0,0,1721315255171617800,570,0,0,0,0,0,0,0,0,0,0,0,0,-1,29.91,-1,18.93,-1,39.7,13.0,0,0,0,0,0,0,0,1721315255188130500,1721315255195721700,1029
1721315255235671300,87,0,598.289062,-171.45,-386.543848,-136.560059,30.629883,148.996582,1721315255.2001,85,1,665.261719,-152.02793,-373.707422,-120.9375,41.791992,3.537598,1721315255.2001,84,2,457.088379,38.397656,-180.937793,-150.776367,26.103516,71.235352,1721315255.2001,86,3,437.554688,-3.125391,-160.734375,-151.281738,16.501465,-146.140137,1721315255.2001,0,0,-1,-1,0,0,0,0,0,0,0,0,0,0,0,0,-2,-2,-2,-2,-2,-2,-2,-2,-2,-2,-2,-2,-2,-2,-2,1721315255141788300,1027
1721315255269682200,87,0,598.958789,-171.45,-384.981152,-136.340332,30.651855,149.282227,1721315255.2331,85,1,664.703613,-153.367383,-370.135547,-120.60791,41.748047,4.086914,1721315255.2331,84,2,458.539453,42.639258,-182.500488,-148.601074,26.433105,72.509766,1721315255.2331,85,3,438.001172,2.902148,-161.850586,-148.842773,16.699219,-145.151367,1721315255.2331,0,0,1721315255238676500,571,0,0,0,0,0,0,0,0,0,0,0,0,-1,29.7,-1,18.17,-1,40.66,13.0,0,0,0,0,0,0,0,1721315255236672200,1721315255263205100,1031
1721315255303695500,87,0,600.633105,-170.780273,-382.190625,-136.340332,31.245117,149.304199,1721315255.2699,85,1,665.150098,-151.134961,-368.684473,-120.629883,42.780762,3.779297,1721315255.2699,84,2,458.20459,42.527637,-184.956152,-148.07373,26.191406,72.993164,1721315255.2699,85,3,438.336035,3.01377,-163.30166,-148.359375,16.633301,-144.602051,1721315255.2699,0,0,-1,-1,0,0,0,0,0,0,0,0,0,0,0,0,-1,29.7,-1,15.74,-1,36.4,13.0,0,0,0,0,0,0,0,1721315255286678300,1721315255295846800,1032
1721315255337207500,87,0,601.302832,-170.44541,-379.734961,-137.39502,31.860352,148.601074,1721315255.303,85,1,667.717383,-151.804688,-366.34043,-121.486816,43.637695,3.22998,1721315255.303,84,2,456.418652,42.527637,-188.304785,-147.65625,25.400391,73.476562,1721315255.303,85,3,436.550098,2.120801,-165.422461,-148.31543,15.776367,-143.76709,1721315255.303,0,0,1721315255304709500,572,0,0,0,0,0,0,0,0,0,0,0,0,-1,29.91,-1,13.92,-1,45.12,14.0,0,0,0,0,0,0,0,1721315255335209400,1721315255242546800,1030
1721315255370771900,87,0,601.191211,-171.338379,-378.953613,-137.922363,31.750488,148.40332,1721315255.336,85,1,667.159277,-152.920898,-364.219629,-121.970215,43.659668,3.339844,1721315255.336,84,2,455.079199,46.657617,-190.983691,-146.337891,25.246582,74.157715,1721315255.336,85,3,435.657129,4.12998,-167.766504,-147.568359,15.46875,-142.866211,1721315255.336,0,0,-1,-1,0,0,0,0,0,0,0,0,0,0,0,0,-2,-2,-2,-2,-2,-2,-2,-2,-2,-2,-2,-2,-2,-2,-2,1721315255364180900,1034
1721315255404795600,87,0,600.967969,-171.338379,-378.953613,-138.208008,32.01416,148.117676,1721315255.3691,85,1,665.484961,-152.02793,-362.656934,-122.102051,44.143066,3.22998,1721315255.3691,84,2,456.083789,49.336523,-192.992871,-145.568848,25.510254,74.509277,1721315255.3691,85,3,436.326855,5.692676,-168.659473,-147.216797,15.754395,-142.624512,1721315255.3691,0,0,1721315255371775100,573,0,0,0,0,0,0,0,0,0,0,0,0,-1,29.91,-1,13.92,-1,46.9,13.0,0,0,0,0,0,0,0,1721315255380773100,1721315255397126600,1035
1721315255438334600,87,0,599.628516,-172.008105,-378.172266,-140.185547,33.024902,146.733398,1721315255.4022,85,1,666.154687,-149.795508,-360.759375,-123.574219,45.703125,1.82373,1721315255.4022,84,2,456.641895,48.443555,-194.443945,-146.162109,25.378418,74.465332,1721315255.4022,85,3,436.438477,5.581055,-170.557031,-147.700195,15.688477,-142.822266,1721315255.4022,0,0,-1,-1,0,0,0,0,0,0,0,0,0,0,0,0,-1,29.91,-1,15.01,-1,49.78,13.0,0,0,0,0,0,0,0,1721315255429331600,1721315255342326900,1033
1721315255472339300,87,0,597.172852,-175.021875,-377.502539,-142.163086,32.67334,145.305176,1721315255.4389,85,1,663.36416,-149.683887,-357.857227,-124.848633,45.74707,0.856934,1721315255.4389,84,2,454.521094,48.666797,-197.457715,-146.359863,24.389648,74.772949,1721315255.4389,85,3,434.76416,5.022949,-173.794043,-148.095703,14.677734,-142.69043,1721315255.4389,0,0,1721315255438334600,574,0,0,0,0,0,0,0,0,0,0,0,0,-2,-2,-2,-2,-2,-2,-2,-2,-2,-2,-2,-2,-2,-2,-2,1721315255464185200,1037
1721315255506364600,87,0,597.172852,-173.124316,-377.056055,-142.075195,32.717285,144.997559,1721315255.472,85,1,661.466602,-151.469824,-354.620215,-124.914551,45.593262,1.098633,1721315255.472,84,2,455.079199,49.336523,-198.573926,-146.184082,24.477539,74.794922,1721315255.472,85,3,436.103613,6.027539,-174.687012,-147.766113,14.765625,-142.602539,1721315255.472,0,0,-1,-1,0,0,0,0,0,0,0,0,0,0,0,0,-1,29.7,-1,16.48,-1,47.94,13.0,0,0,0,0,0,0,0,1721315255478339700,1721315255497726300,1038
1721315255539887100,87,0,597.954199,-171.45,-377.056055,-141.855469,32.937012,144.821777,1721315255.5051,85,1,661.801465,-149.907129,-352.945898,-124.519043,46.054688,0.98877,1721315255.5051,84,2,455.860547,49.224902,-199.466895,-146.293945,24.455566,74.597168,1721315255.5051,85,3,437.219824,6.250781,-175.803223,-147.875977,14.787598,-142.866211,1721315255.5051,0,0,1721315255504354300,575,0,0,0,0,0,0,0,0,0,0,0,0,-1,29.91,-1,13.74,-1,48.72,13.0,0,0,0,0,0,0,0,1721315255527878000,1721315255443004300,1036
1721315255573878100,87,0,599.963379,-174.575391,-375.381738,-142.536621,33.266602,144.84375,1721315255.5382,85,1,662.582812,-151.02334,-352.834277,-125.046387,46.516113,0.65918,1721315255.5382,84,2,455.972168,48.443555,-202.03418,-146.90918,23.884277,74.289551,1721315255.5382,85,3,437.108203,5.692676,-177.58916,-148.579102,14.348145,-143.217773,1721315255.5382,0,0,-1,-1,0,0,0,0,0,0,0,0,0,0,0,0,-2,-2,-2,-2,-2,-2,-2,-2,-2,-2,-2,-2,-2,-2,-2,1721315255564284400,1040
1721315255607887900,87,0,599.182031,-173.794043,-376.60957,-142.954102,32.980957,144.42627,1721315255.5712,85,1,661.913086,-151.02334,-353.727246,-125.48584,46.428223,0.307617,1721315255.5712,84,2,454.855957,49.336523,-205.271191,-146.843262,23.049316,74.333496,1721315255.5712,85,3,437.108203,6.920508,-179.263477,-148.469238,13.820801,-143.085938,1721315255.5712,0,0,1721315255571880100,576,0,0,0,0,0,0,0,0,0,0,0,0,-1,29.91,-1,14.1,-1,48.72,13.0,0,0,0,0,0,0,0,1721315255576891600,1721315255599474700,1041
1721315255641396800,87,0,599.07041,-171.561621,-377.390918,-142.800293,33.024902,144.118652,1721315255.608,85,1,662.471191,-150.01875,-353.727246,-125.48584,46.560059,0.197754,1721315255.608,84,2,456.530273,51.568945,-205.494434,-146.447754,23.444824,74.289551,1721315255.608,85,3,438.670898,8.14834,-179.151855,-148.051758,14.238281,-142.866211,1721315255.608,0,0,-1,-1,0,0,0,0,0,0,0,0,0,0,0,0,-1,29.91,-1,15.92,-1,46.65,13.0,0,0,0,0,0,0,0,1721315255626396700,1721315255542166200,1039
1721315255675395400,87,0,599.628516,-169.552441,-375.60498,-143.327637,33.552246,143.349609,1721315255.6411,86,1,665.261719,-147.116602,-353.615625,-126.013184,47.460938,-0.615234,1721315255.6411,84,2,457.646484,50.229492,-206.16416,-147.019043,23.48877,74.20166,1721315255.6411,85,3,439.452246,7.478613,-180.491309,-148.601074,14.260254,-143.239746,1721315255.6411,0,0,1721315255638408500,577,0,0,0,0,0,0,0,0,0,0,0,0,-2,-2,-2,-2,-2,-2,-2,-2,-2,-2,-2,-2,-2,-2,-2,1721315255664620500,1043
1721315255708953600,87,0,598.177441,-171.115137,-374.265527,-144.689941,33.42041,142.338867,1721315255.6741,86,1,665.261719,-147.674707,-352.945898,-127.353516,47.8125,-1.73584,1721315255.6741,84,2,457.088379,48.443555,-208.061719,-147.700195,22.741699,74.20166,1721315255.6741,85,3,439.005762,6.808887,-183.505078,-149.128418,13.40332,-143.591309,1721315255.6741,0,0,-1,-1,0,0,0,0,0,0,0,0,0,0,0,0,-1,29.91,-1,12.84,-1,48.46,13.0,0,0,0,0,0,0,0,1721315255675395400,1721315255698000000,1044
1721315255742950900,87,0,597.619336,-170.668652,-376.721191,-144.711914,33.024902,142.119141,1721315255.7072,86,1,663.922266,-147.116602,-353.504004,-127.507324,47.548828,-1.977539,1721315255.7072,84,2,457.311621,49.783008,-208.284961,-147.524414,22.609863,74.025879,1721315255.7072,85,3,440.121973,6.808887,-184.844531,-149.040527,13.051758,-143.723145,1721315255.7072,0,0,1721315255704415500,578,0,0,0,0,0,0,0,0,0,0,0,0,-1,29.7,-1,13.2,-1,36.17,13.0,0,0,0,0,0,0,0,1721315255724944700,1721315255741750800,1045
1721315255776951800,87,0,598.177441,-169.998926,-377.390918,-144.42627,33.09082,142.185059,1721315255.7403,86,1,663.475781,-145.777148,-353.615625,-127.177734,47.504883,-1.977539,1721315255.7403,84,2,456.976758,49.671387,-209.17793,-147.941895,22.192383,73.081055,1721315255.7403,85,3,441.684668,5.246191,-187.635059,-150.073242,12.788086,-145.217285,1721315255.7403,0,0,-1,-1,0,0,0,0,0,0,0,0,0,0,0,0,-1,29.7,-1,12.13,-1,39.7,13.0,0,0,0,0,0,0,0,1721315255773955200,1721315255765959800,1046
1721315255810495700,87,0,600.186621,-171.115137,-376.832812,-144.162598,33.354492,142.69043,1721315255.777,86,1,664.145508,-145.553906,-353.727246,-127.023926,47.592773,-1.911621,1721315255.777,84,2,457.534863,43.532227,-208.061719,-150.688477,21.137695,70.532227,1721315255.777,86,3,441.126562,-1.562695,-187.858301,-152.731934,12.260742,-147.172852,1721315255.777,0,0,1721315255771955600,579,0,0,0,0,0,0,0,0,0,0,0,0,-2,-2,-2,-2,-2,-2,-2,-2,-2,-2,-2,-2,-2,-2,-2,1721315255799148600,1047
1721315255844496800,87,0,600.633105,-170.44541,-376.832812,-143.789062,33.09082,143.041992,1721315255.8101,86,1,664.480371,-145.88877,-353.950488,-126.89209,47.373047,-1.779785,1721315255.8101,84,2,454.855957,40.741699,-206.833887,-151.984863,20.126953,68.950195,1721315255.8101,86,3,442.354395,-1.00459,-184.398047,-152.490234,12.370605,-148.227539,1721315255.8101,0,0,-1,-1,0,0,0,0,0,0,0,0,0,0,0,0,-1,29.48,-1,13.92,-1,33.21,13.0,0,0,0,0,0,0,0,1721315255822495800,1721315255842318100,1048
1721315255878497100,87,0,601.637695,-168.212988,-378.172266,-142.69043,32.76123,143.745117,1721315255.8432,86,1,663.810645,-146.112012,-354.843457,-126.14502,46.757812,-1.186523,1721315255.8432,84,2,454.855957,37.616309,-206.387402,-153.720703,19.907227,66.313477,1721315255.8432,86,3,444.028711,-3.906738,-182.500488,-153.149414,13.40332,-149.47998,1721315255.8432,0,0,1721315255838501700,580,0,0,0,0,0,0,0,0,0,0,0,0,-1,29.7,-1,15.92,-1,29.7,13.0,0,0,0,0,0,0,0,1721315255872500000,1721315255866047800,1049
1721315255912017900,87,0,601.860937,-167.766504,-377.502539,-142.316895,32.980957,144.030762,1721315255.8762,86,1,664.815234,-144.88418,-354.955078,-125.529785,46.779785,-0.944824,1721315255.8762,84,2,455.972168,31.142285,-204.15498,-156.42334,19.841309,64.313965,1721315255.8762,87,3,441.573047,-11.831836,-185.514258,-155.808105,13.271484,-151.171875,1721315255.8762,0,0,-1,-1,0,0,0,0,0,0,0,0,0,0,0,0,-2,-2,-2,-2,-2,-2,-2,-2,-2,-2,-2,-2,-2,-2,-2,1721315255899031500,1050
1721315255946026100,87,0,602.195801,-168.101367,-378.172266,-142.492676,33.024902,143.920898,1721315255.9093,86,1,665.931445,-145.107422,-355.624805,-125.639648,46.801758,-1.07666,1721315255.9093,84,2,454.855957,25.672852,-201.476074,-158.15918,19.973145,63.522949,1721315255.9093,87,3,439.563867,-14.957227,-184.73291,-157.126465,13.535156,-152.62207,1721315255.9093,0,0,1721315255905505700,581,0,0,0,0,0,0,0,0,0,0,0,0,-1,29.91,-1,15.01,-1,30.78,13.0,0,0,0,0,0,0,0,1721315255921020900,1721315255940106800,1051
1721315255980017400,87,0,601.749316,-168.994336,-378.283887,-142.646484,32.849121,143.898926,1721315255.9461,86,1,665.261719,-145.553906,-356.629395,-125.881348,46.428223,-1.318359,1721315255.9461,84,2,453.851367,20.42666,-201.364453,-159.65332,20.456543,62.402344,1721315255.9461,87,3,439.452246,-18.640723,-183.616699,-157.851562,14.216309,-153.962402,1721315255.9461,0,0,-1,-1,0,0,0,0,0,0,0,0,0,0,0,0,-1,29.91,-1,16.67,-1,27.15,13.0,0,0,0,0,0,0,0,1721315255970018400,1721315255965839500,1052
1721315256013573000,87,0,601.749316,-168.43623,-378.283887,-142.44873,32.805176,143.920898,1721315255.9791,86,1,665.038477,-144.660937,-356.741016,-125.551758,46.274414,-1.230469,1721315255.9791,84,2,454.521094,13.617773,-198.239062,-161.828613,22.631836,60.930176,1721315255.9791,87,3,438.001172,-22.100977,-182.388867,-159.016113,15.776367,-155.456543,1721315255.9791,0,0,1721315255972025700,582,0,0,0,0,0,0,0,0,0,0,0,0,-2,-2,-2,-2,-2,-2,-2,-2,-2,-2,-2,-2,-2,-2,-2,1721315255998705300,1053
1721315256047571800,87,0,602.195801,-167.766504,-377.949023,-142.36084,32.937012,143.85498,1721315256.0122,86,1,665.484961,-144.995801,-356.517773,-125.419922,46.318359,-1.142578,1721315256.0122,83,2,456.641895,5.692676,-192.546387,-164.707031,25.532227,59.194336,1721315256.0122,87,3,436.438477,-30.249316,-178.59375,-161.608887,17.687988,-156.203613,1721315256.0122,0,0,-1,-1,0,0,0,0,0,0,0,0,0,0,0,0,-1,29.91,-1,17.23,-1,27.99,13.0,0,0,0,0,0,0,0,1721315256019576700,1721315256042028000,1054
1721315256081564600,87,0,602.195801,-169.105957,-376.832812,-142.580566,32.915039,143.898926,1721315256.0453,86,1,665.596582,-145.777148,-356.071289,-125.57373,46.318359,-1.208496,1721315256.0453,84,2,455.302441,-0.558105,-189.309375,-166.728516,27.443848,58.491211,1721315256.0453,87,3,430.63418,-33.70957,-178.59375,-163.059082,18.479004,-156.665039,1721315256.0453,0,0,1721315256038564300,583,0,0,0,0,0,0,0,0,0,0,0,0,-1,29.91,-1,15.56,-1,26.94,13.0,0,0,0,0,0,0,0,1721315256068575000,1721315256067207100,1055
1721315256115097800,87,0,601.526074,-169.105957,-376.386328,-142.492676,32.76123,143.964844,1721315256.082,86,1,665.261719,-146.223633,-355.848047,-125.595703,46.208496,-1.142578,1721315256.082,84,2,457.088379,-1.674316,-184.398047,-167.453613,30.871582,57.480469,1721315256.082,87,3,432.420117,-33.039844,-176.919434,-163.850098,21.335449,-157.280273,1721315256.082,0,0,-1,-1,0,0,0,0,0,0,0,0,0,0,0,0,-2,-2,-2,-2,-2,-2,-2,-2,-2,-2,-2,-2,-2,-2,-2,1721315256099817500,1056
1721315256149086400,87,0,601.302832,-168.101367,-376.274707,-142.163086,32.783203,144.052734,1721315256.1151,86,1,665.150098,-145.777148,-355.401562,-125.332031,46.186523,-1.010742,1721315256.1151,84,2,458.316211,-6.585645,-180.268066,-169.387207,32.827148,56.008301,1721315256.1151,87,3,430.969043,-33.821191,-172.789453,-164.816895,23.334961,-158.115234,1721315256.1151,0,0,1721315256104573600,584,0,0,0,0,0,0,0,0,0,0,0,0,-1,29.91,-1,13.92,-1,22.85,13.0,0,0,0,0,0,0,0,1721315256118088900,1721315256141967600,1057
1721315256183096400,87,0,601.526074,-167.878125,-375.939844,-142.141113,32.980957,144.030762,1721315256.1482,86,1,665.596582,-146.670117,-355.17832,-125.419922,46.252441,-1.010742,1721315256.1482,85,2,457.981348,-11.162109,-175.691602,-171.166992,33.859863,54.777832,1721315256.1482,87,3,430.076074,-37.281445,-170.222168,-165.981445,23.884277,-158.730469,1721315256.1482,0,0,-1,-1,0,0,0,0,0,0,0,0,0,0,0,0,-1,29.7,-1,14.64,-1,24.87,13.0,0,0,0,0,0,0,0,1721315256163086900,1721315256166282700,1058
1721315256216626900,87,0,601.191211,-168.547852,-375.381738,-142.141113,32.849121,144.18457,1721315256.1813,86,1,665.150098,-147.786328,-355.289941,-125.551758,45.98877,-1.07666,1721315256.1813,85,2,456.307031,-13.171289,-172.008105,-172.089844,34.035645,53.964844,1721315256.1813,87,3,428.178516,-38.955762,-167.989746,-166.508789,23.774414,-159.060059,1721315256.1813,0,0,1721315256171086500,585,0,0,0,0,0,0,0,0,0,0,0,0,-1,29.91,-1,13.92,-1,24.26,13.0,0,0,0,0,0,0,0,1721315256211629900,1721315256200434300,1059
1721315256250628100,87,0,600.967969,-168.43623,-375.381738,-141.833496,32.783203,144.42627,1721315256.2143,86,1,665.37334,-147.563086,-355.289941,-125.112305,45.769043,-0.900879,1721315256.2143,85,2,457.2,-11.27373,-167.878125,-171.804199,34.475098,53.063965,1721315256.2143,87,3,428.959863,-37.504687,-163.413281,-165.849609,24.279785,-159.477539,1721315256.2143,0,0,-1,-1,0,0,0,0,0,0,0,0,0,0,0,0,-2,-2,-2,-2,-2,-2,-2,-2,-2,-2,-2,-2,-2,-2,-2,1721315256243309900,1060
1721315256284626900,87,0,601.526074,-168.659473,-375.046875,-141.657715,33.09082,144.580078,1721315256.2511,86,1,665.931445,-147.228223,-354.620215,-124.848633,46.032715,-0.834961,1721315256.2511,85,2,457.2,-11.608594,-162.631934,-172.265625,34.431152,52.229004,1721315256.2511,87,3,429.62959,-37.839551,-158.613574,-165.981445,24.23584,-160.422363,1721315256.2511,0,0,1721315256238634800,586,0,0,0,0,0,0,0,0,0,0,0,0,-1,29.7,-1,13.2,-1,30.57,13.0,0,0,0,0,0,0,0,1721315256261619500,1721315256266623200,1061
1721315256318173000,87,0,601.972559,-169.552441,-374.935254,-141.745605,33.134766,144.602051,1721315256.2842,86,1,667.159277,-148.344434,-354.843457,-125.024414,46.098633,-0.878906,1721315256.2842,85,2,455.525684,-10.15752,-160.064648,-171.804199,33.684082,52.470703,1721315256.2842,87,3,428.848242,-37.72793,-155.823047,-165.673828,23.510742,-160.532227,1721315256.2842,0,0,-1,-1,0,0,0,0,0,0,0,0,0,0,0,0,-1,29.91,-1,12.13,-1,36.4,13.0,0,0,0,0,0,0,0,1721315256310164700,1721315256300112700,1062
1721315256352169600,87,0,601.637695,-169.329199,-375.828223,-141.723633,32.958984,144.558105,1721315256.3172,86,1,666.936035,-147.116602,-356.18291,-125.046387,45.900879,-1.098633,1721315256.3172,84,2,455.079199,-7.14375,-158.278711,-170.683594,33.112793,53.085938,1721315256.3172,87,3,429.62959,-35.160645,-153.367383,-164.53125,23.225098,-160.356445,1721315256.3172,0,0,1721315256305131300,587,0,0,0,0,0,0,0,0,0,0,0,0,-2,-2,-2,-2,-2,-2,-2,-2,-2,-2,-2,-2,-2,-2,-2,1721315256341731900,1063
1721315256386164600,87,0,600.967969,-167.766504,-376.832812,-141.328125,32.871094,144.558105,1721315256.3503,86,1,666.489551,-144.549316,-357.1875,-124.628906,45.900879,-1.120605,1721315256.3503,84,2,456.418652,-3.795117,-154.483594,-169.892578,33.288574,53.085938,1721315256.3503,87,3,430.969043,-33.374707,-150.800098,-164.091797,23.225098,-160.510254,1721315256.3503,0,0,-1,-1,0,0,0,0,0,0,0,0,0,0,0,0,-1,29.91,-1,12.48,-1,36.17,13.0,0,0,0,0,0,0,0,1721315256359169200,1721315256367745900,1064
1721315256419718500,87,0,600.967969,-165.980566,-378.172266,-141.218262,32.937012,144.294434,1721315256.3834,86,1,667.270898,-143.433105,-357.299121,-124.519043,46.07666,-1.208496,1721315256.3834,84,2,455.748926,-2.790527,-151.804688,-170.112305,32.739258,52.580566,1721315256.3834,87,3,431.415527,-32.70498,-148.902539,-164.267578,22.653809,-161.191406,1721315256.3834,0,0,1721315256371178900,588,0,0,0,0,0,0,0,0,0,0,0,0,-1,29.91,-1,13.56,-1,44.36,13.0,0,0,0,0,0,0,0,1721315256408705800,1721315256400949300,1065
1721315256453723700,87,0,600.633105,-165.645703,-379.846582,-141.37207,32.695312,144.09668,1721315256.4201,86,1,667.047656,-143.87959,-357.522363,-124.73877,46.032715,-1.340332,1721315256.4201,84,2,453.293262,-0.111621,-152.139551,-169.628906,31.025391,52.470703,1721315256.4201,87,3,430.187695,-32.370117,-148.232812,-164.11377,21.181641,-161.696777,1721315256.4201,0,0,-1,-1,0,0,0,0,0,0,0,0,0,0,0,0,-2,-2,-2,-2,-2,-2,-2,-2,-2,-2,-2,-2,-2,-2,-2,1721315256442755300,1066
1721315256487725400,87,0,599.182031,-164.529492,-382.971973,-141.196289,32.277832,143.942871,1721315256.4532,86,1,666.601172,-144.102832,-357.968848,-124.694824,45.878906,-1.318359,1721315256.4532,83,2,453.628125,4.464844,-150.130371,-168.706055,30.498047,51.61377,1721315256.4532,87,3,432.308496,-30.026074,-146.223633,-163.300781,20.742188,-162.46582,1721315256.4532,0,0,1721315256438709600,589,0,0,0,0,0,0,0,0,0,0,0,0,-1,29.91,-1,14.28,-1,53.83,13.0,0,0,0,0,0,0,0,1721315256457719800,1721315256468424900,1067
1721315256521234900,87,0,599.07041,-164.083008,-383.976562,-141.064453,32.299805,143.920898,1721315256.4863,86,1,666.601172,-143.656348,-358.526953,-124.541016,45.878906,-1.296387,1721315256.4863,83,2,451.730566,5.13457,-148.456055,-169.387207,28.850098,49.592285,1721315256.4863,87,3,432.75498,-29.914453,-145.88877,-164.069824,19.445801,-164.597168,1721315256.4863,0,0,-1,-1,0,0,0,0,0,0,0,0,0,0,0,0,-1,29.91,-1,14.64,-1,64.85,13.0,0,0,0,0,0,0,0,1721315256506714700,1721315256500956400,1068
1721315256555237100,87,0,599.851758,-164.529492,-383.641699,-141.196289,32.409668,143.920898,1721315256.5194,86,1,666.824414,-143.767969,-359.19668,-124.606934,45.966797,-1.428223,1721315256.5194,83,2,448.493555,7.14375,-149.01416,-169.584961,26.169434,47.746582,1721315256.5194,87,3,432.420117,-30.695801,-145.665527,-164.421387,17.512207,-166.420898,1721315256.5194,0,0,1721315256504715600,590,0,0,0,0,0,0,0,0,0,0,0,0,-2,-2,-2,-2,-2,-2,-2,-2,-2,-2,-2,-2,-2,-2,-2,1721315256542071300,1069
1721315256589233300,87,0,600.298242,-165.534082,-382.860352,-141.240234,32.277832,144.09668,1721315256.5524,86,1,666.601172,-144.214453,-358.861816,-124.628906,45.812988,-1.362305,1721315256.5524,84,2,444.475195,11.496973,-150.241992,-168.618164,23.093262,46.384277,1721315256.5524,87,3,431.415527,-29.802832,-145.88877,-163.806152,15.446777,-168.354492,1721315256.5524,0,0,-1,-1,0,0,0,0,0,0,0,0,0,0,0,0,-1,30.13,-1,15.19,-1,67.95,13.0,0,0,0,0,0,0,0,1721315256556228100,1721315255644194600,1042
1721315256622791400,87,0,600.967969,-164.864355,-382.971973,-140.888672,32.255859,144.294434,1721315256.5892,86,1,665.931445,-143.767969,-359.419922,-124.321289,45.593262,-1.208496,1721315256.5892,84,2,442.9125,15.29209,-149.907129,-167.827148,20.522461,44.143066,1721315256.5892,87,3,433.647949,-27.905273,-144.772559,-162.993164,14.304199,-171.013184,1721315256.5892,0,0,1721315256572225300,591,0,0,0,0,0,0,0,0,0,0,0,0,-1,29.91,-1,16.11,-1,60.95,13.0,0,0,0,0,0,0,0,1721315256605255500,1721315256601222700,1070
1721315256656777300,87,0,601.191211,-164.641113,-382.860352,-140.822754,32.365723,144.316406,1721315256.6223,86,1,665.484961,-144.102832,-359.754785,-124.299316,45.637207,-1.230469,1721315256.6223,84,2,440.010352,15.29209,-151.358203,-168.398438,17.578125,41.726074,1721315256.6223,87,3,434.206055,-28.351758,-147.451465,-163.674316,12.282715,-174.111328,1721315256.6223,0,0,-1,-1,0,0,0,0,0,0,0,0,0,0,0,0,-1,29.91,-1,17.23,-1,43.11,13.0,0,0,0,0,0,0,0,1721315256654777700,1721315256642210400,1071
1721315256690852700,87,0,601.637695,-165.199219,-382.637109,-140.910645,32.365723,144.338379,1721315256.6553,86,1,665.819824,-145.665527,-359.978027,-124.519043,45.615234,-1.252441,1721315256.6553,84,2,435.099023,15.626953,-152.920898,-168.684082,14.853516,40.187988,1721315256.6553,86,3,433.424707,-29.021484,-150.465234,-164.091797,9.909668,-176.506348,1721315256.6553,0,0,1721315256637786800,592,0,0,0,0,0,0,0,0,0,0,0,0,-2,-2,-2,-2,-2,-2,-2,-2,-2,-2,-2,-2,-2,-2,-2,1721315256668557100,1072
1721315256724326100,87,0,601.302832,-166.092187,-382.190625,-140.95459,32.233887,144.42627,1721315256.6884,86,1,665.708203,-146.558496,-359.754785,-124.628906,45.483398,-1.230469,1721315256.6884,84,2,434.206055,18.640723,-153.590625,-168.156738,13.820801,38.781738,1721315256.6884,86,3,434.540918,-29.802832,-149.795508,-164.377441,9.074707,-178.110352,1721315256.6884,0,0,1721315256704822500,593,0,0,0,0,0,0,0,0,0,0,0,0,-1,29.91,-1,16.85,-1,37.33,13.0,0,0,0,0,0,0,0,1721315256703821300,1721315256701945100,1073
1721315256758325700,87,0,600.967969,-165.980566,-381.63252,-140.822754,32.277832,144.536133,1721315256.7215,86,1,664.926855,-146.335254,-359.643164,-124.387207,45.373535,-1.164551,1721315256.7215,84,2,435.322266,18.082617,-152.02793,-168.728027,14.0625,37.573242,1721315256.7215,86,3,435.657129,-30.919043,-150.01875,-165.366211,8.76709,-179.648438,1721315256.7215,0,0,-1,-1,0,0,0,0,0,0,0,0,0,0,0,0,-1,29.91,-1,17.6,-1,56.06,13.0,0,0,0,0,0,0,0,1721315256752330900,1721315256741969500,1074
1721315256792318400,87,0,601.526074,-166.873535,-380.293066,-140.888672,32.453613,144.624023,1721315256.7582,86,1,665.038477,-147.563086,-358.303711,-124.40918,45.527344,-1.142578,1721315256.7582,84,2,435.433887,16.408301,-151.246582,-169.672852,14.128418,36.936035,1721315256.7582,85,3,435.76875,-31.812012,-150.353613,-166.201172,8.525391,179.494629,1721315256.7582,0,0,1721315256771321500,594,0,0,0,0,0,0,0,0,0,0,0,0,-2,-2,-2,-2,-2,-2,-2,-2,-2,-2,-2,-2,-2,-2,-2,1721315256768736300,1075
1721315256825887300,87,0,601.414453,-169.552441,-378.841992,-141.152344,32.299805,144.865723,1721315256.7913,86,1,664.033887,-149.460645,-357.299121,-124.694824,45.373535,-1.186523,1721315256.7913,84,2,435.210645,15.961816,-151.358203,-169.936523,14.216309,37.001953,1721315256.7913,85,3,435.210645,-32.258496,-150.688477,-166.530762,8.283691,179.604492,1721315256.7913,0,0,-1,-1,0,0,0,0,0,0,0,0,0,0,0,0,-1,29.91,-1,15.74,-1,64.85,13.0,0,0,0,0,0,0,0,1721315256801359800,1721315256802606100,1076
1721315256859882100,87,0,601.07959,-170.110547,-378.395508,-140.95459,32.211914,145.063477,1721315256.8244,86,1,663.475781,-149.460645,-357.745605,-124.453125,45.197754,-1.07666,1721315256.8244,84,2,436.661719,17.970996,-151.469824,-169.562988,14.831543,36.958008,1721315256.8244,85,3,436.103613,-31.253906,-150.688477,-166.245117,8.547363,179.846191,1721315256.8244,0,0,1721315256837897200,595,0,0,0,0,0,0,0,0,0,0,0,0,-1,29.91,-1,15.92,-1,67.01,13.0,0,0,0,0,0,0,0,1721315256850889300,1721315256842393600,1077
1721315256893896700,87,0,601.07959,-169.887305,-377.837402,-140.559082,32.34375,145.305176,1721315256.8574,86,1,663.475781,-148.00957,-358.638574,-123.793945,45.153809,-0.966797,1721315256.8574,84,2,439.452246,17.747754,-149.349023,-170.134277,16.303711,36.738281,1721315256.8574,85,3,438.78252,-30.249316,-150.130371,-166.35498,9.602051,179.846191,1721315256.8574,0,0,-1,-1,0,0,0,0,0,0,0,0,0,0,0,0,-2,-2,-2,-2,-2,-2,-2,-2,-2,-2,-2,-2,-2,-2,-2,1721315256868875000,1078
1721315256927407200,87,0,601.07959,-170.780273,-378.172266,-140.581055,32.453613,145.305176,1721315256.8942,86,1,663.587402,-149.572266,-359.754785,-123.947754,45.065918,-1.032715,1721315256.8942,84,2,440.680078,15.403711,-149.237402,-171.298828,16.743164,36.97998,1721315256.8942,85,3,439.005762,-30.472559,-150.241992,-166.992188,9.777832,179.934082,1721315256.8942,0,0,1721315256904887600,596,0,0,0,0,0,0,0,0,0,0,0,0,-1,29.91,-1,27.78,-1,67.01,13.0,0,0,0,0,0,0,0,1721315256895885400,1721315256901465200,1079
1721315256961381000,87,0,600.298242,-171.45,-378.395508,-140.537109,32.255859,145.415039,1721315256.9273,86,1,662.917676,-152.697656,-359.866406,-123.947754,44.516602,-0.703125,1721315256.9273,84,2,442.354395,16.185059,-147.563086,-171.408691,17.666016,37.485352,1721315256.9273,87,3,440.010352,-28.575,-148.902539,-166.794434,10.26123,-179.165039,1721315256.9273,0,0,-1,-1,0,0,0,0,0,0,0,0,0,0,0,0,-1,29.7,-1,32.55,-1,117.87,13.0,0,0,0,0,0,0,0,1721315256950409500,1721315256941972200,1080
1721315256995394900,87,0,599.405273,-168.771094,-379.62334,-139.658203,32.233887,145.634766,1721315256.9603,86,1,663.252539,-151.693066,-360.20127,-123.310547,44.450684,-0.41748,1721315256.9603,84,2,446.372754,18.752344,-145.553906,-170.925293,19.02832,38.012695,1721315256.9603,87,3,442.9125,-26.007715,-147.674707,-166.420898,11.381836,-178.483887,1721315256.9603,0,0,1721315256971377000,597,0,0,0,0,0,0,0,0,0,0,0,0,-2,-2,-2,-2,-2,-2,-2,-2,-2,-2,-2,-2,-2,-2,-2,1721315253443504700,976
1721315257028913200,87,0,599.07041,-167.766504,-380.62793,-139.592285,32.387695,145.393066,1721315256.9934,86,1,663.810645,-150.241992,-360.759375,-123.244629,44.780273,-0.527344,1721315256.9934,84,2,448.04707,17.412891,-143.991211,-171.628418,19.599609,38.38623,1721315256.9934,87,3,443.358984,-26.342578,-146.446875,-166.92627,11.90918,-178.17627,1721315256.9934,0,0,-1,-1,0,0,0,0,0,0,0,0,0,0,0,0,-1,29.91,-1,29.7,-1,116.47,13.0,0,0,0,0,0,0,0,1721315256998407500,1721315257002647300,1081
1721315257062912300,87,0,599.07041,-168.43623,-381.297656,-139.812012,32.299805,145.283203,1721315257.0265,86,1,664.480371,-149.795508,-361.205859,-123.442383,44.846191,-0.74707,1721315257.0265,84,2,447.488965,17.970996,-144.326074,-171.672363,19.819336,39.418945,1721315257.0265,87,3,443.135742,-25.672852,-145.88877,-166.992188,11.99707,-177.077637,1721315257.0265,0,0,1721315257037913500,598,0,0,0,0,0,0,0,0,0,0,0,0,-1,29.91,-1,32.99,-1,116.93,13.0,0,0,0,0,0,0,0,1721315257047914500,1721315257043564500,1082
1721315257096925900,87,0,598.847168,-168.994336,-381.520898,-139.812012,32.167969,145.371094,1721315257.0596,86,1,664.703613,-150.01875,-361.094238,-123.398438,44.67041,-0.681152,1721315257.0596,84,2,449.833008,21.542871,-144.995801,-170.617676,20.742188,40.429688,1721315257.0596,87,3,444.810059,-20.42666,-146.446875,-165.827637,12.941895,-176.088867,1721315257.0596,0,0,-1,-1,0,0,0,0,0,0,0,0,0,0,0,0,-1,29.91,-1,27.57,-1,84.83,13.0,0,0,0,0,0,0,0,1721315257096925900,-1,-1
1721315257130436200,87,0,598.958789,-168.212988,-381.520898,-139.63623,32.211914,145.437012,1721315257.0963,86,1,664.815234,-149.795508,-360.647754,-123.178711,44.714355,-0.527344,1721315257.0963,84,2,451.953809,22.882324,-143.656348,-170.529785,22.346191,41.506348,1721315257.0963,87,3,444.363574,-19.310449,-144.772559,-165.871582,14.523926,-175.187988,1721315257.0963,0,0,1721315257104920300,599,0,0,0,0,0,0,0,0,0,0,0,0,-2,-2,-2,-2,-2,-2,-2,-2,-2,-2,-2,-2,-2,-2,-2,1721315257102539900,1083
1721315257164436500,87,0,599.628516,-167.766504,-381.63252,-139.658203,32.299805,145.349121,1721315257.1294,86,1,665.150098,-149.795508,-360.870996,-123.266602,44.824219,-0.615234,1721315257.1294,84,2,452.400293,23.552051,-144.214453,-170.244141,23.554688,43.17627,1721315257.1294,87,3,442.689258,-18.305859,-145.777148,-165.585938,15.183105,-173.540039,1721315257.1294,0,0,-1,-1,0,0,0,0,0,0,0,0,0,0,0,0,-1,29.91,-1,33.21,-1,82.67,13.0,0,0,0,0,0,0,0,1721315257145436000,1721315257141842100,1084
1721315257198460900,87,0,599.628516,-168.212988,-381.744141,-139.790039,32.167969,145.327148,1721315257.1625,86,1,664.926855,-150.353613,-361.094238,-123.398438,44.714355,-0.681152,1721315257.1625,84,2,452.623535,26.454199,-145.219043,-169.101562,25.004883,45.0,1721315257.1625,87,3,441.796289,-15.068848,-146.112012,-164.553223,16.391602,-171.452637,1721315257.1625,0,0,1721315257172428000,600,0,0,0,0,0,0,0,0,0,0,0,0,-1,29.91,-1,32.1,-1,78.81,13.0,0,0,0,0,0,0,0,1721315257195453700,1721315257170776400,1085
1721315257231984100,87,0,599.405273,-168.101367,-382.190625,-139.702148,32.080078,145.349121,1721315257.1955,86,1,664.815234,-149.795508,-361.652344,-123.244629,44.626465,-0.681152,1721315257.1955,84,2,454.409473,30.807422,-146.670117,-167.651367,26.520996,46.384277,1721315257.1955,87,3,441.90791,-10.604004,-145.88877,-162.971191,17.797852,-169.650879,1721315257.1955,0,0,-1,-1,0,0,0,0,0,0,0,0,0,0,0,0,-2,-2,-2,-2,-2,-2,-2,-2,-2,-2,-2,-2,-2,-2,-2,1721315257203156000,1086
1721315257265997400,87,0,599.740137,-167.654883,-382.413867,-139.614258,32.167969,145.305176,1721315257.2323,86,1,665.038477,-149.237402,-362.433691,-123.200684,44.692383,-0.74707,1721315257.2323,84,2,454.409473,29.244727,-147.339844,-168.024902,27.399902,47.307129,1721315257.2323,87,3,439.675488,-10.938867,-147.451465,-163.037109,18.237305,-168.354492,1721315257.2323,0,0,1721315257237978300,601,0,0,0,0,0,0,0,0,0,0,0,0,-1,29.91,-1,29.27,-1,81.96,13.0,0,0,0,0,0,0,0,1721315257243975600,1721315257244607700,1087
1721315257300007300,87,0,599.516895,-167.654883,-382.413867,-139.724121,32.145996,145.239258,1721315257.2654,86,1,665.038477,-149.237402,-363.103418,-123.464355,44.802246,-0.944824,1721315257.2654,84,2,452.288672,30.58418,-149.572266,-166.904297,27.312012,48.933105,1721315257.2654,87,3,438.112793,-10.380762,-149.683887,-162.597656,17.907715,-166.772461,1721315257.2654,0,0,-1,-1,0,0,0,0,0,0,0,0,0,0,0,0,-1,29.91,-1,30.13,-1,86.66,13.0,0,0,0,0,0,0,0,1721315257292994300,1721315257271045700,1088
1721315257333534200,87,0,599.293652,-168.324609,-382.079004,-139.790039,32.036133,145.349121,1721315257.2984,86,1,664.480371,-149.460645,-362.991797,-123.464355,44.626465,-0.878906,1721315257.2984,84,2,451.507324,35.495508,-151.134961,-164.904785,27.333984,50.075684,1721315257.2984,86,3,438.112793,-7.366992,-150.353613,-161.037598,17.841797,-165.432129,1721315257.2984,0,0,1721315257304999100,602,0,0,0,0,0,0,0,0,0,0,0,0,-2,-2,-2,-2,-2,-2,-2,-2,-2,-2,-2,-2,-2,-2,-2,1721315257304562000,1089
1721315257367533900,87,0,599.405273,-168.43623,-381.855762,-139.658203,32.01416,145.480957,1721315257.3315,86,1,664.145508,-148.344434,-362.880176,-123.068848,44.516602,-0.74707,1721315257.3315,84,2,451.730566,38.397656,-152.474414,-163.740234,27.333984,50.646973,1721315257.3315,86,3,438.894141,-5.357812,-149.795508,-159.873047,18.061523,-164.553223,1721315257.3315,0,0,-1,-1,0,0,0,0,0,0,0,0,0,0,0,0,-1,29.91,-1,26.52,-1,80.9,13.0,0,0,0,0,0,0,0,1721315257342527900,1721315257342718700,1090
1721315257401553000,87,0,599.293652,-169.217578,-381.63252,-139.768066,32.058105,145.524902,1721315257.3646,86,1,664.480371,-148.679297,-362.656934,-123.046875,44.58252,-0.703125,1721315257.3646,84,2,451.284082,37.281445,-153.702246,-163.78418,26.938477,51.04248,1721315257.3646,86,3,438.78252,-4.464844,-150.911719,-159.56543,17.666016,-164.333496,1721315257.3646,0,0,1721315257371525100,603,0,0,0,0,0,0,0,0,0,0,0,0,-1,29.7,-1,20.09,-1,76.42,13.0,0,0,0,0,0,0,0,1721315257391525400,1721315257370815800,1091
1721315257435058400,87,0,599.182031,-169.44082,-381.967383,-139.87793,31.948242,145.458984,1721315257.4013,86,1,664.480371,-149.907129,-362.433691,-123.222656,44.516602,-0.703125,1721315257.4013,84,2,449.05166,40.741699,-157.1625,-161.916504,25.949707,52.822266,1721315257.4013,86,3,435.657129,-3.683496,-152.474414,-158.532715,16.699219,-162.883301,1721315257.4013,0,0,-1,-1,0,0,0,0,0,0,0,0,0,0,0,0,-2,-2,-2,-2,-2,-2,-2,-2,-2,-2,-2,-2,-2,-2,-2,1721315257404342400,1092
1721315257469058800,87,0,599.182031,-169.775684,-381.63252,-139.746094,31.882324,145.634766,1721315257.4344,86,1,663.922266,-150.01875,-362.433691,-123.112793,44.450684,-0.615234,1721315257.4344,84,2,449.833008,44.760059,-158.836816,-159.938965,26.103516,53.964844,1721315257.4344,86,3,436.77334,-0.223242,-152.697656,-156.774902,16.875,-161.696777,1721315257.4344,0,0,1721315257438059300,604,0,0,0,0,0,0,0,0,0,0,0,0,-1,29.91,-1,17.42,-1,63.64,13.0,0,0,0,0,0,0,0,1721315257441060100,1721315257443944400,1093
1721315257502536800,87,0,599.405273,-170.44541,-380.851172,-139.54834,31.970215,145.854492,1721315257.4675,86,1,663.475781,-149.01416,-362.32207,-122.980957,44.58252,-0.681152,1721315257.4675,84,2,449.944629,44.313574,-159.394922,-159.785156,26.103516,54.448242,1721315257.4675,85,3,437.219824,0.334863,-152.920898,-156.555176,16.765137,-161.279297,1721315257.4675,0,0,-1,-1,0,0,0,0,0,0,0,0,0,0,0,0,-1,29.91,-1,15.01,-1,59.78,13.0,0,0,0,0,0,0,0,1721315257485524400,1721315257470533700,1094
1721315257536056000,87,0,599.182031,-170.891895,-380.62793,-139.702148,32.058105,145.678711,1721315257.5005,86,1,664.36875,-149.460645,-361.31748,-123.09082,44.824219,-0.65918,1721315257.5005,84,2,448.605176,44.760059,-161.850586,-159.433594,25.158691,55.283203,1721315257.5005,85,3,435.880371,0.0,-154.483594,-156.51123,15.666504,-160.554199,1721315257.5005,0,0,1721315257504540800,605,0,0,0,0,0,0,0,0,0,0,0,0,-1,29.91,-1,16.48,-1,59.78,13.0,0,0,0,0,0,0,0,1721315257535066600,1721315257505010800,1095
1721315257570058100,87,0,598.958789,-170.891895,-381.074414,-139.812012,31.948242,145.568848,1721315257.5336,86,1,664.257129,-150.130371,-361.094238,-123.200684,44.714355,-0.637207,1721315257.5336,84,2,446.149512,46.880859,-165.868945,-158.48877,23.312988,56.074219,1721315257.5336,85,3,435.545508,0.223242,-156.939258,-156.09375,14.106445,-160.026855,1721315257.5336,0,0,-1,-1,0,0,0,0,0,0,0,0,0,0,0,0,-2,-2,-2,-2,-2,-2,-2,-2,-2,-2,-2,-2,-2,-2,-2,1721315257541811800,1096
1721315257604068600,87,0,599.293652,-170.110547,-380.962793,-139.570312,31.948242,145.656738,1721315257.5704,86,1,663.699023,-149.907129,-360.982617,-122.980957,44.626465,-0.571289,1721315257.5704,84,2,445.591406,49.671387,-169.664062,-157.609863,21.379395,55.634766,1721315257.5704,85,3,436.661719,1.451074,-159.060059,-155.478516,12.634277,-160.839844,1721315257.5704,0,0,1721315257571059300,606,0,0,0,0,0,0,0,0,0,0,0,0,-1,29.91,-1,15.37,-1,47.16,13.0,0,0,0,0,0,0,0,1721315257584068100,1721315257571673700,1097
1721315257637600700,87,0,599.628516,-169.998926,-380.404687,-139.54834,32.080078,145.678711,1721315257.6034,86,1,663.922266,-150.241992,-360.759375,-122.958984,44.736328,-0.549316,1721315257.6034,84,2,443.693848,47.773828,-172.45459,-158.312988,18.654785,54.140625,1721315257.6034,86,3,436.103613,-0.334863,-162.29707,-156.071777,10.700684,-163.081055,1721315257.6034,0,0,-1,-1,0,0,0,0,0,0,0,0,0,0,0,0,-1,29.91,-1,14.82,-1,51.92,13.0,0,0,0,0,0,0,0,1721315257633602000,1721315257604311200,1098
1721315257671676600,87,0,599.516895,-169.887305,-380.516309,-139.658203,32.080078,145.568848,1721315257.6365,86,1,664.257129,-150.576855,-360.870996,-123.156738,44.824219,-0.703125,1721315257.6365,84,2,439.89873,47.99707,-177.142676,-157.851562,15.996094,53.063965,1721315257.6365,85,3,438.001172,-3.125391,-165.757324,-156.181641,9.140625,-164.772949,1721315257.6365,0,0,1721315257637600700,607,0,0,0,0,0,0,0,0,0,0,0,0,-2,-2,-2,-2,-2,-2,-2,-2,-2,-2,-2,-2,-2,-2,-2,1721315257642827100,1099
1721315257705608100,87,0,599.740137,-168.994336,-380.62793,-139.54834,32.080078,145.524902,1721315257.7027,86,1,664.257129,-150.688477,-360.647754,-123.046875,44.736328,-0.65918,1721315257.7027,84,2,441.573047,45.318164,-178.59375,-158.708496,16.12793,51.61377,1721315257.7027,85,3,439.787109,-7.032129,-167.543262,-157.192383,9.755859,-166.464844,1721315257.7027,0,0,-1,-1,0,0,0,0,0,0,0,0,0,0,0,0,-1,29.91,-1,14.82,-1,52.46,13.0,0,0,0,0,0,0,0,1721315257682601600,1721315257705326700,1101
1721315257739133500,87,0,599.740137,-168.882715,-380.62793,-139.54834,32.102051,145.50293,1721315257.7063,86,1,664.36875,-150.800098,-360.536133,-123.046875,44.736328,-0.637207,1721315257.7063,84,2,441.796289,44.313574,-178.482129,-159.038086,16.237793,51.481934,1721315257.7063,85,3,439.787109,-7.366992,-167.654883,-157.324219,9.84375,-166.552734,1721315257.7063,0,0,1721315257704597900,608,0,0,0,0,0,0,0,0,0,0,0,0,-1,29.91,-1,15.37,-1,53.01,13.0,0,0,0,0,0,0,0,1721315257731130400,1721315257672202200,1100
1721315257773131000,87,0,599.963379,-168.324609,-380.62793,-139.63623,32.211914,145.371094,1721315257.7394,86,1,665.596582,-152.474414,-359.643164,-123.244629,44.890137,-0.593262,1721315257.7394,84,2,442.689258,36.611719,-178.258887,-161.872559,17.248535,50.537109,1721315257.7394,87,3,438.894141,-11.050488,-168.882715,-158.994141,10.524902,-167.01416,1721315257.7394,0,0,-1,-1,0,0,0,0,0,0,0,0,0,0,0,0,-2,-2,-2,-2,-2,-2,-2,-2,-2,-2,-2,-2,-2,-2,-2,1721315257742677000,1102
1721315257807150400,87,0,599.851758,-167.431641,-381.186035,-139.658203,32.124023,145.217285,1721315257.7725,86,1,666.489551,-152.586035,-359.866406,-123.398438,44.692383,-0.681152,1721315257.7725,84,2,443.247363,32.928223,-177.58916,-163.300781,18.852539,50.119629,1721315257.7725,87,3,436.996582,-14.845605,-169.664062,-160.466309,11.689453,-166.882324,1721315257.7725,0,0,1721315257771124100,609,0,0,0,0,0,0,0,0,0,0,0,0,-1,29.91,-1,14.46,-1,47.42,13.0,0,0,0,0,0,0,0,1721315257781122300,1721315257805093700,1104
1721315257840662300,87,0,599.740137,-166.985156,-381.297656,-139.526367,32.080078,145.26123,1721315257.8056,86,1,666.601172,-151.469824,-360.089648,-123.024902,44.494629,-0.549316,1721315257.8056,84,2,445.92627,29.914453,-176.472949,-164.597168,21.09375,48.999023,1721315257.8056,87,3,436.996582,-16.631543,-169.887305,-161.367188,13.535156,-167.277832,1721315257.8056,0,0,-1,-1,0,0,0,0,0,0,0,0,0,0,0,0,-1,29.91,-1,15.92,-1,44.11,13.0,0,0,0,0,0,0,0,1721315257829673100,1721315257774075700,1103
1721315257874662800,87,0,599.516895,-166.650293,-381.63252,-139.526367,32.145996,145.217285,1721315257.8386,86,1,666.601172,-151.246582,-360.536133,-123.00293,44.538574,-0.615234,1721315257.8386,84,2,447.265723,19.756934,-174.352148,-167.849121,22.543945,47.351074,1721315257.8386,87,3,436.103613,-21.542871,-169.998926,-163.410645,14.80957,-168.596191,1721315257.8386,0,0,1721315257838666300,610,0,0,0,0,0,0,0,0,0,0,0,0,-2,-2,-2,-2,-2,-2,-2,-2,-2,-2,-2,-2,-2,-2,-2,1721315257872120700,1106
1721315257908697500,87,0,599.405273,-166.985156,-382.079004,-139.702148,32.124023,145.085449,1721315257.8717,86,1,666.712793,-150.911719,-360.647754,-123.134766,44.626465,-0.74707,1721315257.8717,84,2,445.591406,14.510742,-173.905664,-169.475098,22.82959,46.032715,1721315257.8717,87,3,433.201465,-26.119336,-170.891895,-164.816895,14.985352,-169.189453,1721315257.8717,0,0,-1,-1,0,0,0,0,0,0,0,0,0,0,0,0,-1,29.7,-1,15.37,-1,32.1,13.0,0,0,0,0,0,0,0,1721315257878666500,1721315257904964300,1107
1721315257942210000,87,0,598.623926,-167.766504,-383.083594,-139.812012,31.816406,145.063477,1721315257.9085,86,1,665.931445,-150.130371,-360.870996,-123.222656,44.560547,-0.878906,1721315257.9085,84,2,445.591406,10.938867,-171.896484,-170.705566,23.752441,44.34082,1721315257.9085,87,3,431.862012,-28.909863,-170.222168,-165.629883,15.820312,-170.112305,1721315257.9085,0,0,1721315257904680300,611,0,0,0,0,0,0,0,0,0,0,0,0,-1,29.91,-1,15.56,-1,31.44,13.0,0,0,0,0,0,0,0,1721315257928211300,1721315257941858500,1108
1721315257976218500,87,0,598.177441,-167.431641,-383.641699,-139.614258,31.750488,145.107422,1721315257.9415,86,1,665.038477,-148.567676,-360.982617,-122.937012,44.538574,-0.856934,1721315257.9415,83,2,447.265723,6.697266,-169.552441,-172.441406,24.477539,42.473145,1721315257.9415,87,3,432.085254,-32.146875,-169.44082,-166.750488,16.54541,-171.14502,1721315257.9415,0,0,-1,-1,0,0,0,0,0,0,0,0,0,0,0,0,-2,-2,-2,-2,-2,-2,-2,-2,-2,-2,-2,-2,-2,-2,-2,1721315257972287900,1109
1721315258009762700,87,0,598.400684,-167.878125,-383.418457,-139.702148,31.816406,145.151367,1721315257.9746,86,1,665.37334,-148.790918,-360.870996,-122.958984,44.67041,-0.834961,1721315257.9746,84,2,446.707617,-0.558105,-165.980566,-175.12207,24.89502,40.847168,1721315257.9746,87,3,431.080664,-35.941992,-168.43623,-168.508301,16.809082,-172.089844,1721315257.9746,0,0,1721315257971214900,612,0,0,0,0,0,0,0,0,0,0,0,0,-1,29.91,-1,13.92,-1,46.13,13.0,0,0,0,0,0,0,0,1721315257977211700,1721315258005310400,1110
1721315258043757500,87,0,598.177441,-167.766504,-383.306836,-139.812012,31.794434,145.085449,1721315258.0077,86,1,665.37334,-148.902539,-360.982617,-123.068848,44.67041,-0.900879,1721315258.0077,84,2,445.256543,-3.237012,-165.199219,-176.154785,24.829102,40.495605,1721315258.0077,87,3,429.852832,-37.951172,-167.543262,-169.40918,16.699219,-171.89209,1721315258.0077,0,0,-1,-1,0,0,0,0,0,0,0,0,0,0,0,0,-1,29.91,-1,13.2,-1,44.86,13.0,0,0,0,0,0,0,0,1721315258026763300,1721315258041425000,1111
1721315258077759600,87,0,598.289062,-167.654883,-383.195215,-139.768066,31.772461,145.151367,1721315258.0408,86,1,664.815234,-149.01416,-361.094238,-123.068848,44.560547,-0.878906,1721315258.0408,84,2,446.261133,-3.906738,-162.855176,-176.506348,25.510254,40.231934,1721315258.0408,87,3,430.299316,-37.951172,-165.534082,-169.49707,17.270508,-171.738281,1721315258.0408,0,0,1721315258038759500,613,0,0,0,0,0,0,0,0,0,0,0,0,-1,29.91,-1,11.6,-1,32.32,13.0,0,0,0,0,0,0,0,1721315258075760000,1721315258073465400,1112
1721315258111305300,87,0,599.182031,-167.878125,-382.302246,-139.592285,31.904297,145.327148,1721315258.0775,86,1,665.038477,-149.125781,-360.647754,-122.871094,44.604492,-0.725098,1721315258.0775,84,2,448.04707,-3.906738,-159.729785,-176.660156,26.30127,39.858398,1721315258.0775,87,3,430.857422,-37.72793,-163.190039,-169.584961,17.775879,-171.936035,1721315258.0775,0,0,-1,-1,0,0,0,0,0,0,0,0,0,0,0,0,-2,-2,-2,-2,-2,-2,-2,-2,-2,-2,-2,-2,-2,-2,-2,1721315258108964400,1113
1721315258145305900,87,0,600.186621,-170.110547,-380.404687,-139.790039,32.102051,145.546875,1721315258.1106,86,1,665.484961,-149.907129,-360.759375,-123.024902,44.758301,-0.791016,1721315258.1106,84,2,448.04707,-5.022949,-157.943848,-177.121582,26.257324,39.70459,1721315258.1106,87,3,430.522559,-38.844141,-161.404102,-169.914551,17.666016,-171.914062,1721315258.1106,0,0,1721315258105778100,614,0,0,0,0,0,0,0,0,0,0,0,0,-1,29.91,-1,10.9,-1,31.22,13.0,0,0,0,0,0,0,0,1721315258124296500,1721315258141016200,1114
1721315258179596300,87,0,599.851758,-170.891895,-379.734961,-139.87793,31.992188,145.634766,1721315258.1437,86,1,665.261719,-150.130371,-361.205859,-123.156738,44.67041,-0.922852,1721315258.1437,84,2,447.154102,-3.795117,-157.1625,-176.660156,26.037598,40.100098,1721315258.1437,87,3,430.410937,-37.72793,-159.618164,-169.387207,17.556152,-171.386719,1721315258.1437,0,0,-1,-1,0,0,0,0,0,0,0,0,0,0,0,0,-1,29.7,-1,11.95,-1,32.1,13.0,0,0,0,0,0,0,0,1721315258173589600,1721315258175641700,1115
1721315258213128800,87,0,599.740137,-170.110547,-379.176855,-139.54834,32.01416,145.810547,1721315258.1767,86,1,664.033887,-149.907129,-361.652344,-122.958984,44.494629,-0.922852,1721315258.1767,83,2,447.712207,0.0,-154.818457,-175.209961,26.455078,40.737305,1721315258.1767,87,3,431.63877,-35.160645,-156.604395,-168.288574,18.061523,-170.90332,1721315258.1767,0,0,1721315258172589500,615,0,0,0,0,0,0,0,0,0,0,0,0,-2,-2,-2,-2,-2,-2,-2,-2,-2,-2,-2,-2,-2,-2,-2,1721315258206786900,1116
1721315258247128600,87,0,599.851758,-170.780273,-378.283887,-139.54834,32.233887,145.964355,1721315258.2135,86,1,663.36416,-150.688477,-361.987207,-123.00293,44.626465,-0.98877,1721315258.2135,83,2,448.158691,1.339453,-152.474414,-174.594727,26.71875,41.44043,1721315258.2135,87,3,432.308496,-34.379297,-153.813867,-167.893066,18.413086,-170.793457,1721315258.2135,0,0,-1,-1,0,0,0,0,0,0,0,0,0,0,0,0,-1,29.27,-1,12.48,-1,31.88,13.0,0,0,0,0,0,0,0,1721315258223123400,1721315258242104500,1117
1721315258281128000,87,0,599.963379,-172.008105,-377.725781,-139.768066,32.255859,145.942383,1721315258.2466,86,1,663.252539,-152.02793,-361.875586,-123.156738,44.538574,-1.010742,1721315258.2466,83,2,446.707617,4.688086,-151.469824,-173.518066,26.38916,42.451172,1721315258.2466,87,3,431.080664,-32.481738,-153.144141,-167.34375,17.973633,-170.354004,1721315258.2466,0,0,1721315258238136800,616,0,0,0,0,0,0,0,0,0,0,0,0,-1,29.27,-1,12.13,-1,30.35,13.0,0,0,0,0,0,0,0,1721315258268136000,1721315257843022000,1105
1721315258314662500,87,0,599.851758,-172.342969,-377.502539,-139.746094,32.167969,146.008301,1721315258.2796,86,1,662.917676,-151.693066,-361.763965,-123.112793,44.450684,-1.010742,1721315258.2796,83,2,447.377344,9.822656,-149.460645,-171.914062,27.092285,43.066406,1721315258.2796,87,3,431.303906,-29.244727,-151.693066,-166.135254,18.347168,-169.82666,1721315258.2796,0,0,-1,-1,0,0,0,0,0,0,0,0,0,0,0,0,-2,-2,-2,-2,-2,-2,-2,-2,-2,-2,-2,-2,-2,-2,-2,1721315258310149100,1118
1721315258348654600,87,0,599.740137,-171.673242,-377.502539,-139.592285,32.211914,146.008301,1721315258.3127,86,1,662.917676,-151.134961,-361.540723,-122.980957,44.538574,-0.966797,1721315258.3127,84,2,447.823828,12.836426,-147.674707,-171.166992,27.663574,43.374023,1721315258.3127,87,3,431.862012,-26.230957,-149.907129,-165.322266,18.896484,-169.804688,1721315258.3127,0,0,1721315258305150300,617,0,0,0,0,0,0,0,0,0,0,0,0,-1,29.27,-1,13.38,-1,46.9,13.0,0,0,0,0,0,0,0,1721315258317653900,1721315258341553600,1119
1721315258382656700,87,0,599.740137,-171.784863,-377.390918,-139.702148,32.321777,145.92041,1721315258.3458,86,1,663.699023,-152.809277,-361.094238,-123.178711,44.67041,-0.900879,1721315258.3458,84,2,447.154102,13.617773,-145.665527,-171.210938,28.059082,43.637695,1721315258.3458,87,3,431.192285,-24.333398,-148.121191,-165.124512,19.248047,-169.782715,1721315258.3458,0,0,-1,-1,0,0,0,0,0,0,0,0,0,0,0,0,-1,29.27,-1,12.13,-1,54.38,13.0,0,0,0,0,0,0,0,1721315258366658700,1721315258377527200,1120
1721315258416208400,87,0,598.735547,-173.570801,-377.502539,-140.075684,31.992188,145.83252,1721315258.3825,86,1,664.145508,-154.706836,-360.20127,-123.442383,44.604492,-0.812988,1721315258.3825,84,2,445.591406,17.189648,-144.995801,-170.024414,28.45459,44.824219,1721315258.3825,87,3,429.62959,-22.100977,-147.116602,-164.443359,19.35791,-168.793945,1721315258.3825,0,0,1721315258372655500,618,0,0,0,0,0,0,0,0,0,0,0,0,-1,29.27,-1,11.78,-1,56.91,13.0,0,0,0,0,0,0,0,1721315258415194900,1721315258407986800,1121
1721315258450202000,87,0,598.623926,-174.017285,-377.167676,-139.943848,31.838379,145.986328,1721315258.4156,86,1,664.145508,-154.14873,-359.978027,-123.33252,44.626465,-0.769043,1721315258.4156,84,2,446.930859,22.324219,-143.321484,-168.464355,29.641113,45.461426,1721315258.4156,87,3,430.299316,-17.747754,-143.544727,-163.168945,20.67627,-168.046875,1721315258.4156,0,0,-1,-1,0,0,0,0,0,0,0,0,0,0,0,0,-2,-2,-2,-2,-2,-2,-2,-2,-2,-2,-2,-2,-2,-2,-2,1721315258443148400,1122
1721315258484521600,87,0,599.07041,-173.012695,-377.502539,-139.833984,31.948242,145.898438,1721315258.4487,86,1,664.703613,-153.03252,-360.20127,-123.222656,44.758301,-0.856934,1721315258.4487,84,2,446.930859,23.217187,-141.312305,-168.398438,30.454102,45.725098,1721315258.4487,87,3,429.406348,-16.073438,-142.875,-163.015137,21.137695,-167.893066,1721315258.4487,0,0,1721315258439195000,619,0,0,0,0,0,0,0,0,0,0,0,0,-1,29.27,-1,12.66,-1,57.19,13.0,0,0,0,0,0,0,0,1721315258464202400,1721315258474812400,1123
1721315258518058100,87,0,598.958789,-172.901074,-378.730371,-140.097656,31.92627,145.634766,1721315258.4817,86,1,665.038477,-152.586035,-360.759375,-123.354492,44.824219,-1.054688,1721315258.4817,84,2,445.479785,24.110156,-140.86582,-168.046875,30.52002,46.450195,1721315258.4817,87,3,427.508789,-15.068848,-143.209863,-162.751465,20.852051,-167.167969,1721315258.4817,0,0,-1,-1,0,0,0,0,0,0,0,0,0,0,0,0,-1,29.27,-1,11.78,-1,55.5,13.0,0,0,0,0,0,0,0,1721315258514042500,1721315258510668700,1124
1721315258552049500,87,0,598.735547,-171.896484,-380.293066,-140.185547,31.618652,145.393066,1721315258.5148,86,1,665.484961,-151.693066,-360.312891,-123.354492,44.736328,-1.032715,1721315258.5148,84,2,444.810059,28.016895,-140.977441,-166.728516,30.805664,47.329102,1721315258.5148,87,3,427.508789,-13.617773,-141.982031,-161.916504,21.115723,-166.047363,1721315258.5148,0,0,1721315258505527600,620,0,0,0,0,0,0,0,0,0,0,0,0,-2,-2,-2,-2,-2,-2,-2,-2,-2,-2,-2,-2,-2,-2,-2,1721315258542409100,1125
1721315258586041300,87,0,599.07041,-170.222168,-380.62793,-139.833984,31.59668,145.415039,1721315258.5516,86,1,665.819824,-150.130371,-358.973437,-122.827148,44.780273,-0.681152,1721315258.5516,84,2,445.033301,31.58877,-140.419336,-165.60791,31.311035,47.680664,1721315258.5516,87,3,428.290137,-10.492383,-140.419336,-160.927734,21.730957,-165.563965,1721315258.5516,0,0,-1,-1,0,0,0,0,0,0,0,0,0,0,0,0,-1,29.27,-1,11.6,-1,56.62,14.0,0,0,0,0,0,0,0,1721315258563045000,-1,-1
1721315258619607100,87,0,599.182031,-170.333789,-380.739551,-139.899902,31.706543,145.415039,1721315258.5846,86,1,665.819824,-150.01875,-359.308301,-122.958984,44.934082,-0.791016,1721315258.5846,84,2,444.810059,32.370117,-140.977441,-165.52002,31.157227,47.746582,1721315258.5846,86,3,427.508789,-8.929688,-140.977441,-160.72998,21.555176,-165.629883,1721315258.5846,0,0,1721315258571052700,621,0,0,0,0,0,0,0,0,0,0,0,0,-1,29.05,-1,18.17,-1,58.05,13.0,0,0,0,0,0,0,0,1721315258611607600,1721315258608757200,1127
1721315258653607500,87,0,599.07041,-169.998926,-381.074414,-139.987793,31.640625,145.327148,1721315258.6177,86,1,665.261719,-150.353613,-360.089648,-123.244629,44.890137,-1.010742,1721315258.6177,84,2,442.466016,35.495508,-142.763379,-164.53125,30.454102,48.581543,1721315258.6177,86,3,425.499609,-6.697266,-141.982031,-159.938965,20.698242,-164.707031,1721315258.6177,0,0,-1,-1,0,0,0,0,0,0,0,0,0,0,0,0,-2,-2,-2,-2,-2,-2,-2,-2,-2,-2,-2,-2,-2,-2,-2,1721315258651742700,1128
1721315258687607800,87,0,598.06582,-169.329199,-382.302246,-139.96582,31.398926,145.239258,1721315258.6508,86,1,664.815234,-150.353613,-360.982617,-123.288574,44.736328,-1.054688,1721315258.6508,84,2,443.135742,40.630078,-143.098242,-162.79541,30.783691,49.460449,1721315258.6508,86,3,426.61582,-3.348633,-141.535547,-158.730469,21.115723,-163.87207,1721315258.6508,0,0,1721315258638616600,622,0,0,0,0,0,0,0,0,0,0,0,0,-1,29.27,-1,21.06,-1,60.07,13.0,0,0,0,0,0,0,0,1721315258661609400,1721315258586487700,1126
1721315258721141800,87,0,597.619336,-168.547852,-382.74873,-139.855957,31.420898,145.151367,1721315258.6875,86,1,664.145508,-149.460645,-361.987207,-123.178711,44.802246,-1.142578,1721315258.6875,84,2,444.028711,41.411426,-143.544727,-162.619629,30.849609,49.87793,1721315258.6875,86,3,426.950684,-2.00918,-142.093652,-158.48877,21.181641,-163.696289,1721315258.6875,0,0,-1,-1,0,0,0,0,0,0,0,0,0,0,0,0,-1,29.48,-1,19.12,-1,58.62,13.0,0,0,0,0,0,0,0,1721315258710128100,1721315258711891800,1129
1721315258755136900,87,0,598.177441,-168.882715,-382.860352,-139.96582,31.530762,145.151367,1721315258.7206,86,1,664.591992,-149.572266,-362.433691,-123.266602,44.868164,-1.186523,1721315258.7206,84,2,443.024121,42.8625,-145.88877,-162.114258,30.19043,50.866699,1721315258.7206,86,3,426.392578,-1.00459,-143.656348,-158.312988,20.76416,-163.410645,1721315258.7206,0,0,1721315258705618900,623,0,0,0,0,0,0,0,0,0,0,0,0,-2,-2,-2,-2,-2,-2,-2,-2,-2,-2,-2,-2,-2,-2,-2,1721315258743717500,1130
1721315258789136500,87,0,598.400684,-169.105957,-383.306836,-140.031738,31.442871,145.17334,1721315258.7537,86,1,664.591992,-149.907129,-362.768555,-123.354492,44.758301,-1.186523,1721315258.7537,84,2,442.689258,46.099512,-148.567676,-160.817871,29.553223,52.207031,1721315258.7537,85,3,426.61582,1.00459,-145.777148,-157.434082,20.192871,-162.685547,1721315258.7537,0,0,-1,-1,0,0,0,0,0,0,0,0,0,0,0,0,-1,29.27,-1,15.01,-1,60.36,14.0,0,0,0,0,0,0,0,1721315258759131700,1721315258778561200,1131
1721315258822682900,87,0,597.954199,-168.324609,-383.418457,-139.746094,31.398926,145.305176,1721315258.7868,86,1,664.145508,-149.349023,-362.768555,-123.09082,44.692383,-1.054688,1721315258.7868,84,2,443.805469,47.99707,-150.01875,-160.026855,29.553223,52.712402,1721315258.7868,85,3,427.732031,2.902148,-146.112012,-156.643066,20.368652,-162.553711,1721315258.7868,0,0,1721315258772130400,624,0,0,0,0,0,0,0,0,0,0,0,0,-1,29.27,-1,12.13,-1,55.22,14.0,0,0,0,0,0,0,0,1721315258808670700,1721315258809397600,1132
1721315258856686300,87,0,598.400684,-167.431641,-382.971973,-139.592285,31.574707,145.283203,1721315258.8198,86,1,664.480371,-147.786328,-363.103418,-122.849121,44.846191,-1.120605,1721315258.8198,84,2,443.135742,46.99248,-152.139551,-160.334473,28.850098,52.69043,1721315258.8198,85,3,427.732031,2.455664,-147.339844,-156.84082,20.061035,-162.861328,1721315258.8198,0,0,-1,-1,0,0,0,0,0,0,0,0,0,0,0,0,-2,-2,-2,-2,-2,-2,-2,-2,-2,-2,-2,-2,-2,-2,-2,1721315258845886500,1133
1721315258890683700,87,0,598.735547,-168.212988,-382.74873,-139.746094,31.618652,145.305176,1721315258.8566,86,1,664.815234,-147.897949,-362.880176,-122.980957,44.868164,-1.208496,1721315258.8566,84,2,441.014941,45.764648,-157.385742,-160.444336,27.004395,53.063965,1721315258.8566,86,3,426.727441,-0.223242,-152.697656,-157.478027,18.325195,-163.256836,1721315258.8566,0,0,1721315258840674800,625,0,0,0,0,0,0,0,0,0,0,0,0,-1,29.27,-1,11.25,-1,59.78,13.0,0,0,0,0,0,0,0,1721315258857689300,1721315258876286900,1134
1721315258924237300,87,0,598.623926,-168.659473,-382.637109,-139.746094,31.552734,145.371094,1721315258.8897,86,1,664.591992,-148.679297,-362.098828,-122.937012,44.736328,-1.054688,1721315258.8897,84,2,441.90791,46.545996,-160.287891,-159.89502,26.542969,53.10791,1721315258.8897,85,3,428.290137,0.334863,-155.15332,-156.796875,17.995605,-163.256836,1721315258.8897,0,0,-1,-1,0,0,0,0,0,0,0,0,0,0,0,0,-1,29.27,-1,10.9,-1,55.5,13.0,0,0,0,0,0,0,0,1721315258906704200,1721315258913237800,1135
1721315258958235900,87,0,598.623926,-168.659473,-382.079004,-139.614258,31.618652,145.480957,1721315258.9227,86,1,664.591992,-149.349023,-360.982617,-122.67334,44.736328,-0.725098,1721315258.9227,84,2,442.800879,44.090332,-162.966797,-160.466309,26.213379,52.470703,1721315258.9227,86,3,429.183105,-1.674316,-157.720605,-157.302246,17.775879,-163.916016,1721315258.9227,0,0,1721315258905702600,626,0,0,0,0,0,0,0,0,0,0,0,0,-1,29.27,-1,13.38,-1,54.66,14.0,0,0,0,0,0,0,0,1721315258956233000,1721315258943236400,1136
1721315258992463900,87,0,598.958789,-168.994336,-381.855762,-139.702148,31.728516,145.458984,1721315258.9558,86,1,664.926855,-151.469824,-360.089648,-122.915039,44.956055,-0.681152,1721315258.9558,84,2,442.689258,38.509277,-166.538672,-161.872559,25.598145,51.70166,1721315258.9558,86,3,428.848242,-5.692676,-161.180859,-158.269043,17.20459,-164.553223,1721315258.9558,0,0,1721315258972229300,627,0,0,0,0,0,0,0,0,0,0,0,0,-2,-2,-2,-2,-2,-2,-2,-2,-2,-2,-2,-2,-2,-2,-2,1721315258979027300,1137
1721315259025996700,87,0,598.623926,-170.333789,-380.851172,-139.833984,31.68457,145.546875,1721315258.9926,86,1,664.257129,-151.916309,-359.643164,-123.134766,44.846191,-0.791016,1721315258.9926,84,2,441.684668,35.272266,-169.552441,-162.290039,25.246582,51.37207,1721315258.9926,86,3,428.066895,-9.264551,-164.529492,-158.620605,16.699219,-164.443359,1721315258.9926,0,0,-1,-1,0,0,0,0,0,0,0,0,0,0,0,0,-1,29.27,-1,13.2,-1,49.25,13.0,0,0,0,0,0,0,0,1721315259001468800,1721315259010082600,1138
1721315259059678700,87,0,598.735547,-170.110547,-380.069824,-139.680176,31.728516,145.656738,1721315259.0256,86,1,664.033887,-150.911719,-359.754785,-122.958984,44.868164,-0.791016,1721315259.0256,84,2,443.91709,31.812012,-171.226758,-162.641602,25.905762,50.515137,1721315259.0256,87,3,429.852832,-12.389941,-165.980566,-158.686523,17.380371,-164.707031,1721315259.0256,0,0,1721315259039671900,628,0,0,0,0,0,0,0,0,0,0,0,0,-1,29.27,-1,12.66,-1,48.72,13.0,0,0,0,0,0,0,0,1721315259050671800,1721315259046072600,1139
1721315259093679900,87,0,598.847168,-170.333789,-379.62334,-139.658203,31.882324,145.700684,1721315259.0587,86,1,664.815234,-150.576855,-358.638574,-122.739258,45.219727,-0.769043,1721315259.0587,84,2,444.028711,25.003125,-173.012695,-164.377441,25.664062,49.438477,1721315259.0587,87,3,429.964453,-17.412891,-167.766504,-160.004883,17.424316,-165.739746,1721315259.0587,0,0,-1,-1,0,0,0,0,0,0,0,0,0,0,0,0,-2,-2,-2,-2,-2,-2,-2,-2,-2,-2,-2,-2,-2,-2,-2,1721315259076352500,1140
1721315259127239100,87,0,599.516895,-171.226758,-380.293066,-139.899902,31.948242,145.546875,1721315259.0918,86,1,666.936035,-152.362793,-357.745605,-122.893066,45.461426,-0.725098,1721315259.0918,84,2,442.800879,20.538281,-174.352148,-164.970703,25.246582,49.174805,1721315259.0918,87,3,428.401758,-22.770703,-169.664062,-160.861816,16.962891,-166.135254,1721315259.0918,0,0,1721315259105690500,629,0,0,0,0,0,0,0,0,0,0,0,0,-1,29.27,-1,11.6,-1,32.99,14.0,0,0,0,0,0,0,0,1721315259099696400,1721315259114502800,1141
1721315259161232800,87,0,599.628516,-171.003516,-380.62793,-139.87793,31.882324,145.480957,1721315259.1248,86,1,666.266309,-151.916309,-358.415332,-122.980957,45.373535,-0.834961,1721315259.1248,84,2,443.024121,17.747754,-175.468359,-165.080566,25.422363,48.164062,1721315259.1248,87,3,428.401758,-25.784473,-170.44541,-160.861816,17.006836,-166.508789,1721315259.1248,0,0,-1,-1,0,0,0,0,0,0,0,0,0,0,0,0,-1,29.27,-1,11.25,-1,30.13,14.0,0,0,0,0,0,0,0,1721315259148233100,1721315259142025300,1142
1721315259195323200,87,0,599.516895,-169.105957,-381.074414,-139.592285,31.992188,145.393066,1721315259.1616,86,1,665.819824,-151.246582,-359.19668,-122.739258,45.373535,-0.74707,1721315259.1616,84,2,443.470605,11.385352,-174.352148,-166.464844,25.817871,46.428223,1721315259.1616,87,3,428.625,-30.919043,-170.780273,-161.608887,17.446289,-167.299805,1721315259.1616,0,0,1721315259172224600,630,0,0,0,0,0,0,0,0,0,0,0,0,-2,-2,-2,-2,-2,-2,-2,-2,-2,-2,-2,-2,-2,-2,-2,1721315259182738700,1143
1721315259228755900,87,0,599.963379,-167.32002,-381.297656,-139.746094,32.453613,145.107422,1721315259.1947,86,1,665.931445,-151.916309,-359.419922,-122.827148,45.615234,-0.593262,1721315259.1947,83,2,442.577637,6.362402,-173.905664,-167.563477,25.773926,45.373535,1721315259.1947,87,3,427.508789,-35.160645,-170.780273,-162.597656,17.512207,-168.024902,1721315259.1947,0,0,-1,-1,0,0,0,0,0,0,0,0,0,0,0,0,-1,29.05,-1,12.84,-1,17.98,13.0,0,0,0,0,0,0,0,1721315259198233000,1721315259211601800,1144
1721315259262760600,87,0,599.07041,-168.212988,-381.297656,-140.251465,32.365723,145.151367,1721315259.2277,86,1,664.703613,-152.697656,-359.308301,-123.09082,45.461426,-0.439453,1721315259.2277,83,2,441.014941,3.125391,-175.356738,-167.695312,25.158691,45.197754,1721315259.2277,87,3,425.61123,-38.73252,-171.003516,-163.037109,17.20459,-168.046875,1721315259.2277,0,0,1721315259238750100,631,0,0,0,0,0,0,0,0,0,0,0,0,-1,29.05,-1,12.31,-1,15.19,14.0,0,0,0,0,0,0,0,1721315259246757100,1721315259249444900,1145
1721315259296772100,87,0,598.400684,-166.427051,-381.63252,-139.987793,32.167969,145.371094,1721315259.2608,85,1,664.703613,-149.572266,-359.866406,-122.409668,45.087891,0.153809,1721315259.2608,83,2,440.791699,2.232422,-175.691602,-166.706543,24.938965,45.109863,1721315259.2608,87,3,426.727441,-41.299805,-170.110547,-162.443848,17.95166,-167.76123,1721315259.2608,0,0,-1,-1,0,0,0,0,0,0,0,0,0,0,0,0,-1,29.27,-1,12.31,-1,16.11,13.0,0,0,0,0,0,0,0,1721315259295775400,1721315259277101400,1146
1721315259330391800,87,0,599.516895,-160.734375,-378.841992,-139.394531,32.783203,145.744629,1721315259.2939,85,1,667.940625,-145.219043,-359.419922,-121.530762,45.0,0.593262,1721315259.2939,84,2,440.791699,-2.00918,-174.910254,-166.838379,24.499512,44.912109,1721315259.2939,87,3,426.169336,-43.532227,-169.552441,-162.663574,18.215332,-167.915039,1721315259.2939,0,0,1721315259304764800,632,0,0,0,0,0,0,0,0,0,0,0,0,-2,-2,-2,-2,-2,-2,-2,-2,-2,-2,-2,-2,-2,-2,-2,1721315259315556500,1147
1721315259364450600,87,0,600.521484,-162.185449,-379.288477,-139.438477,32.607422,145.83252,1721315259.327,85,1,670.061426,-148.344434,-365.224219,-123.354492,43.110352,0.043945,1721315259.327,84,2,439.675488,-4.911328,-176.919434,-166.68457,23.24707,44.604492,1721315259.327,87,3,424.718262,-45.653027,-169.552441,-162.817383,18.215332,-167.607422,1721315259.327,0,0,-1,-1,0,0,0,0,0,0,0,0,0,0,0,0,-1,29.27,-1,11.25,-1,17.04,13.0,0,0,0,0,0,0,0,1721315259345450800,1721315259346043500,1148
1721315259398480000,87,0,590.92207,-146.446875,-390.673828,-136.472168,29.663086,144.536133,1721315259.3637,86,1,667.605762,-142.540137,-383.976562,-124.628906,37.397461,-2.548828,1721315259.3637,84,2,434.652539,-2.902148,-179.709961,-164.794922,21.137695,44.25293,1721315259.3637,87,3,421.258008,-48.778418,-168.659473,-162.004395,18.654785,-166.157227,1721315259.3637,0,0,1721315259372450000,633,0,0,0,0,0,0,0,0,0,0,0,0,-1,29.27,-1,11.43,-1,17.42,13.0,0,0,0,0,0,0,0,1721315259394456900,1721315259383196700,1149
1721315259432579000,87,0,591.703418,-141.87041,-392.348145,-133.154297,28.608398,145.327148,1721315259.3968,86,1,667.605762,-139.972852,-391.90166,-122.519531,34.475098,-0.834961,1721315259.3968,84,2,435.099023,-3.125391,-180.937793,-163.608398,20.324707,44.692383,1721315259.3968,87,3,422.374219,-48.890039,-168.994336,-161.015625,18.588867,-166.047363,1721315259.3968,0,0,-1,-1,0,0,0,0,0,0,0,0,0,0,0,0,-2,-2,-2,-2,-2,-2,-2,-2,-2,-2,-2,-2,-2,-2,-2,1721315259411628200,1150
1721315259466577400,87,0,599.740137,-152.920898,-388.329785,-133.286133,28.850098,147.436523,1721315259.4299,85,1,679.995703,-149.460645,-382.860352,-122.321777,33.398438,1.142578,1721315259.4299,84,2,434.652539,-5.246191,-182.612109,-163.410645,18.874512,44.626465,1721315259.4299,87,3,423.602051,-49.671387,-168.43623,-161.279297,18.544922,-166.706543,1721315259.4299,0,0,1721315259438575300,634,0,0,0,0,0,0,0,0,0,0,0,0,-1,29.27,-1,10.9,-1,20.09,13.0,0,0,0,0,0,0,0,1721315259443570300,1721315259449753200,1151
1721315259500557700,87,0,605.879297,-161.515723,-384.75791,-133.044434,28.234863,148.930664,1721315259.4666,85,1,685.688379,-152.02793,-382.413867,-122.255859,29.750977,0.922852,1721315259.4666,84,2,430.969043,-5.022949,-184.509668,-162.597656,16.853027,44.560547,1721315259.4666,87,3,421.927734,-50.117871,-169.775684,-160.532227,17.797852,-167.145996,1721315259.4666,0,0,-1,-1,0,0,0,0,0,0,0,0,0,0,0,0,-1,29.27,-1,11.08,-1,18.17,13.0,0,0,0,0,0,0,0,1721315259492551200,1721315259478278500,1152
1721315259534038700,87,0,608.669824,-170.668652,-382.302246,-132.385254,27.443848,150.292969,1721315259.4997,85,1,688.367285,-148.679297,-383.864941,-121.530762,28.015137,1.142578,1721315259.4997,84,2,430.857422,-2.567285,-186.295605,-161.411133,15.974121,44.384766,1721315259.4997,87,3,422.48584,-51.345703,-169.105957,-160.158691,18.061523,-167.036133,1721315259.4997,0,0,1721315259505557300,635,0,0,0,0,0,0,0,0,0,0,0,0,-1,29.27,-1,10.9,-1,-1,14.0,0,0,0,0,0,0,0,1721315259530029400,1721315259516400200,1153
1721315259568028400,87,0,609.562793,-167.096777,-384.981152,-131.77002,27.79541,150.161133,1721315259.5328,85,1,688.367285,-150.688477,-386.320605,-122.036133,26.960449,1.274414,1721315259.5328,84,2,431.63877,-3.683496,-186.072363,-161.38916,15.842285,44.560547,1721315259.5328,87,3,422.597461,-52.908398,-168.994336,-160.488281,18.215332,-167.321777,1721315259.5328,0,0,-1,-1,0,0,0,0,0,0,0,0,0,0,0,0,-1,29.27,-1,10.73,-1,-1,14.0,0,0,0,0,0,0,0,1721315259566024600,1721315259544595200,1154
1721315259602036500,87,0,612.576562,-161.29248,-392.571387,-131.52832,28.366699,149.348145,1721315259.5989,85,1,693.055371,-161.515723,-389.669238,-125.090332,23.181152,0.461426,1721315259.5989,84,2,430.187695,-6.250781,-186.965332,-161.542969,15.073242,45.549316,1721315259.5989,87,3,421.592871,-56.257031,-169.664062,-161.30127,18.039551,-167.827148,1721315259.5989,0,0,1721315259572020800,636,0,0,0,0,0,0,0,0,0,0,0,0,-2,-2,-2,-2,-2,-2,-2,-2,-2,-2,-2,-2,-2,-2,-2,1721315259581010800,1155
1721315259635564400,87,0,611.125488,-159.618164,-391.678418,-131.726074,28.718262,148.952637,1721315259.5658,85,1,693.836719,-155.041699,-388.664648,-123.640137,25.664062,0.703125,1721315259.5658,84,2,431.527148,-5.469434,-185.7375,-161.652832,15.644531,44.956055,1721315259.5658,87,3,422.150977,-54.694336,-169.329199,-161.037598,18.149414,-167.915039,1721315259.5658,0,0,-1,-1,0,0,0,0,0,0,0,0,0,0,0,0,-1,29.27,-1,10.73,-1,-1,14.0,0,0,0,0,0,0,0,1721315259603037600,1721315259612242500,1156
1721315259669555700,87,0,615.925195,-161.180859,-390.562207,-128.649902,28.322754,150.776367,1721315259.6357,85,1,694.729687,-159.17168,-396.031641,-122.937012,21.269531,1.296387,1721315259.6357,84,2,430.299316,-5.357812,-187.74668,-160.817871,14.80957,45.812988,1721315259.6357,87,3,421.816113,-56.926758,-169.552441,-160.97168,18.676758,-167.67334,1721315259.6357,0,0,1721315259638563800,637,0,0,0,0,0,0,0,0,0,0,0,0,-1,29.27,-1,10.55,-1,-1,13.0,0,0,0,0,0,0,0,1721315259636557800,1721315259649166200,1157
1721315259703570800,87,0,619.720312,-159.283301,-395.696777,-125.375977,28.234863,151.633301,1721315259.6687,85,1,696.069141,-168.43623,-397.594336,-122.321777,19.863281,2.043457,1721315259.6687,84,2,429.62959,-7.255371,-187.74668,-161.103516,14.39209,45.307617,1721315259.6687,87,3,420.365039,-59.494043,-169.105957,-161.674805,19.489746,-168.310547,1721315259.6687,0,0,-1,-1,0,0,0,0,0,0,0,0,0,0,0,0,-1,29.27,-1,10.38,-1,-1,13.0,0,0,0,0,0,0,0,1721315259672558100,1721315259678413600,1158
1721315259737688400,87,0,622.064355,-162.966797,-396.589746,-123.662109,26.542969,152.885742,1721315259.7018,85,1,702.208301,-178.035645,-400.05,-121.728516,18.127441,2.988281,1721315259.7018,85,2,426.392578,-10.380762,-190.090723,-161.652832,13.051758,44.099121,1721315259.7018,87,3,418.913965,-61.503223,-170.110547,-162.224121,19.291992,-168.771973,1721315259.7018,0,0,1721315259704569500,638,0,0,0,0,0,0,0,0,0,0,0,0,-1,29.27,-1,10.9,-1,9.69,13.0,0,0,0,0,0,0,0,1721315259721678700,1721315259715800800,1159
1721315259771681500,87,0,622.399219,-163.078418,-398.822168,-121.135254,23.972168,154.401855,1721315259.7349,85,1,704.440723,-178.370508,-397.929199,-118.937988,15.05127,4.746094,1721315259.7349,85,2,424.718262,-11.608594,-190.313965,-161.542969,13.249512,43.308105,1721315259.7349,87,3,418.020996,-63.512402,-171.226758,-162.487793,19.094238,-169.145508,1721315259.7349,0,0,-1,-1,0,0,0,0,0,0,0,0,0,0,0,0,-1,29.27,-1,10.21,-1,20.67,13.0,0,0,0,0,0,0,0,1721315259771681500,1721315259744867300,1160
1721315259805684400,87,0,626.305957,-155.376562,-403.175391,-118.520508,23.005371,155.170898,1721315259.7716,85,1,705.22207,-175.245117,-404.961328,-116.235352,13.974609,4.921875,1721315259.7716,85,2,425.276367,-14.399121,-188.639648,-161.894531,14.765625,42.253418,1721315259.7716,87,3,416.793164,-65.633203,-171.226758,-162.37793,19.291992,-169.431152,1721315259.7716,0,0,1721315259771681500,639,0,0,0,0,0,0,0,0,0,0,0,0,-2,-2,-2,-2,-2,-2,-2,-2,-2,-2,-2,-2,-2,-2,-2,1721315259784707300,1161
1721315259839296400,87,0,627.980273,-156.604395,-404.849707,-119.025879,22.346191,154.555664,1721315259.8047,85,1,705.891797,-179.263477,-409.761035,-116.784668,14.501953,4.196777,1721315259.8047,85,2,424.941504,-17.412891,-187.74668,-162.751465,15.424805,41.330566,1721315259.8047,87,3,415.230469,-66.749414,-171.896484,-162.773438,19.116211,-170.332031,1721315259.8047,0,0,-1,-1,0,0,0,0,0,0,0,0,0,0,0,0,-1,29.27,-1,10.73,-1,10.55,13.0,0,0,0,0,0,0,0,1721315259820217400,1721315259814140700,1162
1721315259873223900,87,0,629.877832,-157.608984,-412.105078,-120.300293,19.313965,152.424316,1721315259.8378,85,1,711.584473,-184.621289,-415.007227,-118.300781,12.612305,3.054199,1721315259.8378,85,2,423.49043,-18.752344,-187.411816,-163.168945,15.688477,41.154785,1721315259.8378,87,3,413.667773,-68.088867,-172.008105,-163.059082,18.852539,-170.354004,1721315259.8378,0,0,1721315259838309500,640,0,0,0,0,0,0,0,0,0,0,0,0,-1,29.05,-1,10.9,-1,-1,13.0,0,0,0,0,0,0,0,1721315259857215400,1721315259849303000,1163
1721315259907233500,87,0,634.454297,-152.251172,-421.48125,-121.816406,17.644043,149.611816,1721315259.9039,85,1,713.705273,-183.839941,-419.918555,-120.102539,10.964355,2.087402,1721315259.9039,85,2,424.49502,-19.645312,-185.067773,-163.498535,17.644043,41.132812,1721315259.9039,87,3,412.551562,-69.651562,-170.557031,-163.388672,19.907227,-169.980469,1721315259.9039,0,0,-1,-1,0,0,0,0,0,0,0,0,0,0,0,0,-1,29.27,-1,10.73,-1,-1,13.0,0,0,0,0,0,0,0,1721315259894223500,1721315259879738400,1164
1721315259940750100,87,0,631.105664,-149.125781,-420.030176,-120.080566,18.039551,150.446777,1721315259.8709,85,1,711.472852,-181.830762,-415.453711,-118.740234,11.315918,2.614746,1721315259.8709,85,2,423.825293,-18.640723,-186.518848,-163.037109,16.633301,41.154785,1721315259.8709,87,3,413.221289,-67.865625,-171.784863,-162.927246,19.182129,-170.244141,1721315259.8709,0,0,1721315259904232800,641,0,0,0,0,0,0,0,0,0,0,0,0,-1,29.05,-1,9.86,-1,1.69,13.0,0,0,0,0,0,0,0,1721315259938750900,1721315259918445100,1165
1721315259974742500,87,0,639.588867,-152.02793,-424.383398,-124.584961,16.655273,148.139648,1721315259.9407,85,1,719.286328,-180.379687,-425.387988,-122.453613,10.898438,0.681152,1721315259.9407,85,2,424.048535,-19.533691,-184.956152,-163.674316,17.775879,41.44043,1721315259.9407,87,3,411.32373,-69.539941,-170.780273,-163.366699,19.951172,-169.716797,1721315259.9407,0,0,-1,-1,0,0,0,0,0,0,0,0,0,0,0,0,-2,-2,-2,-2,-2,-2,-2,-2,-2,-2,-2,-2,-2,-2,-2,1721315259946100100,1166
1721315260008761600,87,0,638.026172,-152.586035,-424.718262,-126.057129,14.589844,147.875977,1721315259.9737,85,1,716.38418,-177.477539,-416.793164,-124.365234,10.305176,0.703125,1721315259.9737,85,2,423.155566,-17.636133,-185.7375,-163.059082,17.600098,42.1875,1721315259.9737,87,3,411.100488,-67.642383,-170.891895,-162.729492,19.995117,-169.387207,1721315259.9737,0,0,1721315259971741300,642,0,0,0,0,0,0,0,0,0,0,0,0,-1,29.05,-1,9.69,-1,12.13,13.0,0,0,0,0,0,0,0,1721315259988744500,1721315259986266400,1167
1721315260042757000,87,0,642.491016,-144.214453,-425.387988,-125.661621,14.589844,147.788086,1721315260.0068,85,1,718.616602,-173.235937,-421.592871,-124.07959,10.722656,0.395508,1721315260.0068,85,2,423.936914,-14.957227,-184.956152,-162.004395,17.885742,42.561035,1721315260.0068,87,3,411.993457,-65.409961,-169.887305,-161.696777,20.368652,-169.277344,1721315260.0068,0,0,-1,-1,0,0,0,0,0,0,0,0,0,0,0,0,-1,29.27,-1,10.04,-1,29.91,14.0,0,0,0,0,0,0,0,1721315260037755400,1721315260014647200,1168
1721315260076762900,87,0,647.179102,-148.344434,-423.49043,-127.749023,14.611816,147.348633,1721315260.0399,86,1,722.52334,-177.365918,-423.49043,-125.48584,11.557617,-0.241699,1721315260.0399,85,2,423.825293,-15.626953,-184.174805,-162.180176,17.907715,42.473145,1721315260.0399,87,3,412.216699,-65.856445,-168.994336,-161.806641,20.478516,-169.562988,1721315260.0399,0,0,1721315260038750000,643,0,0,0,0,0,0,0,0,0,0,0,0,-2,-2,-2,-2,-2,-2,-2,-2,-2,-2,-2,-2,-2,-2,-2,1721315260053370900,1169
1721315260110307400,87,0,646.509375,-153.590625,-427.732031,-130.825195,13.271484,145.568848,1721315260.0766,86,1,726.430078,-177.812402,-426.280957,-128.671875,12.304688,-2.39502,1721315260.0766,85,2,422.709082,-17.189648,-183.505078,-162.663574,17.446289,42.451172,1721315260.0766,87,3,411.770215,-66.079687,-169.105957,-161.916504,19.929199,-169.936523,1721315260.0766,0,0,-1,-1,0,0,0,0,0,0,0,0,0,0,0,0,-1,29.27,-1,10.38,-1,61.54,13.0,0,0,0,0,0,0,0,1721315260086753100,1721315260087201800,1170
1721315260144312200,87,0,646.286133,-154.483594,-426.61582,-131.704102,12.172852,145.327148,1721315260.1097,86,1,726.095215,-175.803223,-421.369629,-129.221191,11.821289,-2.526855,1721315260.1097,85,2,422.374219,-16.631543,-182.946973,-162.399902,17.358398,42.60498,1721315260.1097,87,3,411.770215,-65.075098,-168.547852,-161.520996,19.907227,-169.936523,1721315260.1097,0,0,1721315260104771800,644,0,0,0,0,0,0,0,0,0,0,0,0,-1,29.27,-1,10.73,-1,60.07,13.0,0,0,0,0,0,0,0,1721315260135321500,1721315260118816900,1171
1721315260178312100,87,0,650.750977,-149.125781,-426.504199,-131.967773,12.854004,144.711914,1721315260.1428,86,1,726.318457,-171.226758,-423.155566,-129.221191,12.172852,-3.186035,1721315260.1428,85,2,423.155566,-16.073438,-182.72373,-162.13623,17.556152,42.670898,1721315260.1428,87,3,412.105078,-64.516992,-168.101367,-161.257324,20.10498,-169.936523,1721315260.1428,0,0,-1,-1,0,0,0,0,0,0,0,0,0,0,0,0,-2,-2,-2,-2,-2,-2,-2,-2,-2,-2,-2,-2,-2,-2,-2,1721315260148883700,1172
1721315260211832800,87,0,654.992578,-153.813867,-423.378809,-134.230957,13.425293,143.76709,1721315260.1759,86,1,729.220605,-170.557031,-421.592871,-130.979004,13.447266,-4.746094,1721315260.1759,85,2,423.49043,-17.078027,-182.72373,-162.355957,17.600098,42.670898,1721315260.1759,87,3,412.105078,-65.744824,-167.766504,-161.652832,20.148926,-170.068359,1721315260.1759,0,0,1721315260172313700,645,0,0,0,0,0,0,0,0,0,0,0,0,-1,29.27,-1,10.21,-1,62.73,13.0,0,0,0,0,0,0,0,1721315260181312500,1721315260187863800,1173
1721315260245833100,87,0,657.001758,-157.274121,-422.262598,-135.439453,12.23877,143.261719,1721315260.2089,86,1,730.001953,-168.43623,-421.927734,-132.033691,12.612305,-5.756836,1721315260.2089,85,2,423.267187,-17.636133,-183.058594,-162.46582,17.446289,42.780762,1721315260.2089,87,3,411.658594,-66.637793,-168.212988,-161.872559,19.885254,-169.980469,1721315260.2089,0,0,-1,-1,0,0,0,0,0,0,0,0,0,0,0,0,-1,29.48,-1,9.52,-1,60.66,14.0,0,0,0,0,0,0,0,1721315260229831800,1721315260215816700,1174
1721315260279336300,87,0,658.787695,-152.809277,-423.825293,-134.934082,12.106934,142.932129,1721315260.2457,86,1,729.66709,-167.543262,-419.918555,-131.835938,12.32666,-5.471191,1721315260.2457,85,2,423.043945,-16.854785,-183.951562,-162.158203,17.29248,42.780762,1721315260.2457,87,3,412.105078,-66.526172,-168.547852,-161.71875,19.841309,-169.914551,1721315260.2457,0,0,1721315260238833400,646,0,0,0,0,0,0,0,0,0,0,0,0,-1,29.27,-1,10.73,-1,61.25,13.0,0,0,0,0,0,0,0,1721315260279336300,1721315260257936200,1175
1721315260313130000,87,0,659.680664,-152.809277,-422.932324,-135.351562,12.502441,142.558594,1721315260.2788,86,1,730.783301,-168.324609,-417.574512,-132.209473,12.766113,-5.668945,1721315260.2788,85,2,423.825293,-17.30127,-183.839941,-162.333984,17.380371,42.539062,1721315260.2788,87,3,412.998047,-66.30293,-168.659473,-161.740723,19.951172,-170.090332,1721315260.2788,0,0,-1,-1,0,0,0,0,0,0,0,0,0,0,0,0,-2,-2,-2,-2,-2,-2,-2,-2,-2,-2,-2,-2,-2,-2,-2,1721315260283155300,1176
1721315260346751500,87,0,662.247949,-154.037109,-420.141797,-136.274414,12.875977,142.009277,1721315260.3118,86,1,735.80625,-166.985156,-416.123437,-132.802734,13.293457,-6.591797,1721315260.3118,85,2,423.936914,-18.305859,-183.170215,-162.79541,17.226562,42.385254,1721315260.3118,87,3,412.774805,-67.30752,-169.329199,-162.224121,19.599609,-170.288086,1721315260.3118,0,0,1721315260305816400,647,0,0,0,0,0,0,0,0,0,0,0,0,-1,29.27,-1,10.55,-1,61.25,14.0,0,0,0,0,0,0,0,1721315260328612400,1721315260322863600,1177
1721315260380127100,87,0,661.578223,-159.283301,-419.806934,-137.06543,12.150879,141.833496,1721315260.3449,86,1,735.359766,-164.417871,-415.453711,-132.868652,13.007812,-7.229004,1721315260.3449,85,2,423.825293,-18.082617,-183.505078,-162.729492,17.028809,42.561035,1721315260.3449,87,3,413.109668,-67.530762,-169.105957,-162.158203,19.489746,-170.024414,1721315260.3449,0,0,-1,-1,0,0,0,0,0,0,0,0,0,0,0,0,-1,29.27,-1,10.9,-1,61.25,13.0,0,0,0,0,0,0,0,1721315260379619000,1721315260379165900,1178
1721315260413676800,87,0,661.35498,-157.943848,-419.806934,-136.691895,12.106934,141.943359,1721315260.378,86,1,734.578418,-162.855176,-414.895605,-132.363281,13.095703,-7.097168,1721315260.378,85,2,424.49502,-17.524512,-183.951562,-162.443848,17.072754,42.60498,1721315260.378,87,3,413.891016,-66.972656,-168.882715,-161.872559,19.621582,-169.936523,1721315260.378,0,0,1721315260371620000,648,0,0,0,0,0,0,0,0,0,0,0,0,-2,-2,-2,-2,-2,-2,-2,-2,-2,-2,-2,-2,-2,-2,-2,1721315260389523900,1179
1721315260447356600,87,0,662.471191,-157.832227,-418.913965,-136.713867,12.216797,142.03125,1721315260.4111,86,1,736.364355,-165.087598,-413.221289,-132.60498,13.666992,-6.921387,1721315260.4111,85,2,425.276367,-18.194238,-183.839941,-162.619629,17.138672,42.60498,1721315260.4111,87,3,414.449121,-67.084277,-168.659473,-161.982422,19.753418,-170.112305,1721315260.4111,0,0,-1,-1,0,0,0,0,0,0,0,0,0,0,0,0,-1,29.27,-1,11.43,-1,62.14,13.0,0,0,0,0,0,0,0,1721315260426738000,1721315260415914900,1180
1721315260481335600,87,0,663.36416,-160.287891,-416.793164,-137.373047,12.041016,142.119141,1721315260.4441,86,1,739.154883,-168.212988,-411.658594,-133.066406,14.150391,-6.789551,1721315260.4441,85,2,424.941504,-18.752344,-183.951562,-162.79541,16.853027,42.692871,1721315260.4441,87,3,414.225879,-67.977246,-169.217578,-162.333984,19.401855,-170.15625,1721315260.4441,0,0,1721315260438133500,649,0,0,0,0,0,0,0,0,0,0,0,0,-1,29.27,-1,11.6,-1,78.12,13.0,0,0,0,0,0,0,0,1721315260476165700,1721315260453814300,1181
1721315260515637800,87,0,663.029297,-153.479004,-419.248828,-136.691895,11.315918,142.207031,1721315260.4809,86,1,739.824609,-168.659473,-410.095898,-133.022461,14.194336,-6.525879,1721315260.4809,85,2,425.387988,-17.859375,-183.951562,-162.487793,16.853027,42.736816,1721315260.4809,87,3,414.672363,-67.642383,-169.329199,-162.13623,19.35791,-169.980469,1721315260.4809,0,0,-1,-1,0,0,0,0,0,0,0,0,0,0,0,0,-2,-2,-2,-2,-2,-2,-2,-2,-2,-2,-2,-2,-2,-2,-2,1721315260482231000,1182
1721315260549721400,87,0,662.35957,-144.214453,-424.048535,-135.791016,11.381836,141.635742,1721315260.514,86,1,741.164062,-168.101367,-407.640234,-132.824707,14.655762,-6.306152,1721315260.514,85,2,425.834473,-17.636133,-183.72832,-162.399902,16.962891,42.648926,1721315260.514,87,3,415.230469,-67.642383,-169.217578,-162.026367,19.445801,-169.980469,1721315260.514,0,0,1721315260505196200,650,0,0,0,0,0,0,0,0,0,0,0,0,-1,29.27,-1,10.55,-1,103.62,14.0,0,0,0,0,0,0,0,1721315260524706500,1721315260548646100,1184
1721315260583707200,87,0,662.35957,-141.423926,-425.946094,-135.834961,11.469727,141.130371,1721315260.547,86,1,741.833789,-168.994336,-406.412402,-133.330078,15.402832,-6.591797,1721315260.547,85,2,426.280957,-19.198828,-183.951562,-162.839355,16.853027,42.51709,1721315260.547,87,3,415.676953,-68.088867,-169.664062,-162.246094,19.335938,-170.244141,1721315260.547,0,0,-1,-1,0,0,0,0,0,0,0,0,0,0,0,0,-1,29.27,-1,10.04,-1,93.87,14.0,0,0,0,0,0,0,0,1721315260573707500,1721315260521749300,1183
1721315260617245800,87,0,662.694434,-142.651758,-425.946094,-135.922852,10.656738,141.240234,1721315260.5838,86,1,741.387305,-167.766504,-407.975098,-133.417969,15.292969,-6.855469,1721315260.5838,85,2,425.499609,-18.863965,-184.844531,-162.773438,16.435547,42.60498,1721315260.5838,87,3,415.565332,-67.642383,-170.110547,-162.13623,19.050293,-170.178223,1721315260.5838,0,0,1721315260570709700,651,0,0,0,0,0,0,0,0,0,0,0,0,-2,-2,-2,-2,-2,-2,-2,-2,-2,-2,-2,-2,-2,-2,-2,1721315260615487200,1186
1721315260651254500,87,0,662.35957,-141.423926,-425.276367,-135.571289,10.524902,141.416016,1721315260.6169,86,1,740.717578,-166.203809,-408.868066,-133.17627,15.227051,-6.921387,1721315260.6169,85,2,425.946094,-17.636133,-185.291016,-162.443848,16.479492,42.51709,1721315260.6169,87,3,416.34668,-66.749414,-169.887305,-161.784668,19.204102,-170.134277,1721315260.6169,0,0,-1,-1,0,0,0,0,0,0,0,0,0,0,0,0,-1,29.27,-1,11.43,-1,94.26,14.0,0,0,0,0,0,0,0,1721315260623262100,1721315260587172200,1185
1721315260685255000,87,0,663.922266,-141.312305,-424.383398,-135.593262,10.766602,141.481934,1721315260.6499,86,1,740.382715,-164.529492,-409.872656,-133.132324,15.46875,-7.163086,1721315260.6499,85,2,426.950684,-18.529102,-185.402637,-162.729492,16.589355,42.297363,1721315260.6499,87,3,416.904785,-66.861035,-170.110547,-161.894531,19.291992,-170.266113,1721315260.6499,0,0,1721315260637244600,652,0,0,0,0,0,0,0,0,0,0,0,0,-1,29.27,-1,11.6,-1,81.25,14.0,0,0,0,0,0,0,0,1721315260672246900,1721315260682549600,1188
1721315260718792000,87,0,664.703613,-140.642578,-424.271777,-135.505371,10.678711,141.328125,1721315260.683,86,1,740.047852,-162.185449,-411.435352,-133.000488,15.490723,-7.470703,1721315260.683,85,2,426.504199,-18.752344,-185.849121,-162.993164,16.325684,42.209473,1721315260.683,87,3,416.569922,-67.754004,-170.557031,-162.312012,19.006348,-170.332031,1721315260.683,0,0,-1,-1,0,0,0,0,0,0,0,0,0,0,0,0,-2,-2,-2,-2,-2,-2,-2,-2,-2,-2,-2,-2,-2,-2,-2,1721315260653255300,1187
1721315260752806100,87,0,664.033887,-137.852051,-425.722852,-134.978027,10.305176,140.866699,1721315260.7161,86,1,737.368945,-159.953027,-413.444531,-132.60498,14.963379,-7.800293,1721315260.7161,85,2,426.169336,-17.859375,-186.072363,-162.79541,16.193848,42.341309,1721315260.7161,87,3,416.458301,-67.865625,-171.115137,-162.312012,18.852539,-170.266113,1721315260.7161,0,0,1721315260704273600,653,0,0,0,0,0,0,0,0,0,0,0,0,-1,29.27,-1,11.43,-1,80.2,14.0,0,0,0,0,0,0,0,1721315260721792100,1721315260722016600,1189
1721315260786498100,87,0,662.247949,-134.056934,-426.057715,-133.813477,10.546875,140.273438,1721315260.7528,86,1,734.355176,-157.832227,-413.33291,-131.726074,14.743652,-7.844238,1721315260.7528,85,2,426.392578,-17.412891,-185.960742,-162.619629,16.281738,42.341309,1721315260.7528,87,3,416.793164,-67.642383,-171.115137,-162.180176,18.94043,-170.266113,1721315260.7528,0,0,-1,-1,0,0,0,0,0,0,0,0,0,0,0,0,-1,29.27,-1,11.08,-1,78.46,14.0,0,0,0,0,0,0,0,1721315260770853400,1721315260778584300,1190
1721315260820240900,87,0,662.917676,-136.624219,-425.722852,-134.033203,10.876465,139.855957,1721315260.7859,86,1,735.024902,-160.511133,-414.114258,-131.989746,14.699707,-7.932129,1721315260.7859,85,2,426.839062,-18.082617,-185.7375,-162.817383,16.347656,42.297363,1721315260.7859,87,3,417.016406,-67.977246,-170.780273,-162.355957,19.02832,-170.397949,1721315260.7859,0,0,1721315260771358900,654,0,0,0,0,0,0,0,0,0,0,0,0,-1,29.27,-1,11.6,-1,59.49,13.0,0,0,0,0,0,0,0,1721315260820240900,1721315260817405700,1192
1721315260853680000,87,0,661.913086,-136.959082,-426.504199,-133.92334,10.437012,139.658203,1721315260.819,86,1,733.462207,-161.515723,-415.788574,-132.011719,14.128418,-8.063965,1721315260.819,85,2,426.504199,-18.640723,-186.183984,-163.015137,16.105957,42.275391,1721315260.819,87,3,416.458301,-68.200488,-170.891895,-162.46582,18.830566,-170.441895,1721315260.819,0,0,-1,-1,0,0,0,0,0,0,0,0,0,0,0,0,-2,-2,-2,-2,-2,-2,-2,-2,-2,-2,-2,-2,-2,-2,-2,1721315260788331100,1191
1721315260887684300,87,0,660.796875,-135.842871,-425.946094,-133.439941,10.26123,139.768066,1721315260.852,86,1,730.336816,-161.962207,-416.235059,-131.52832,13.425293,-7.77832,1721315260.852,85,2,426.61582,-18.529102,-186.295605,-162.949219,16.105957,42.297363,1721315260.852,87,3,416.569922,-67.642383,-171.003516,-162.312012,18.808594,-170.441895,1721315260.852,0,0,1721315260837526500,655,0,0,0,0,0,0,0,0,0,0,0,0,-1,29.27,-1,11.6,-1,47.16,14.0,0,0,0,0,0,0,0,1721315260868684800,1721315260882367400,1194
1721315260921225800,87,0,661.578223,-134.72666,-424.271777,-133.000488,10.415039,139.899902,1721315260.8851,86,1,730.560059,-160.064648,-415.788574,-130.869141,13.447266,-7.44873,1721315260.8851,85,2,426.727441,-18.529102,-186.072363,-162.971191,16.171875,42.253418,1721315260.8851,87,3,416.904785,-67.30752,-170.780273,-162.246094,18.918457,-170.551758,1721315260.8851,0,0,-1,-1,0,0,0,0,0,0,0,0,0,0,0,0,-1,29.27,-1,11.6,-1,55.5,14.0,0,0,0,0,0,0,0,1721315260918208600,1721315260854681800,1193
1721315260955216900,87,0,662.471191,-135.508008,-423.49043,-133.044434,10.349121,139.921875,1721315260.9182,86,1,731.118164,-161.962207,-415.007227,-131.022949,13.535156,-7.316895,1721315260.9182,85,2,426.61582,-19.310449,-185.291016,-163.300781,16.237793,42.055664,1721315260.9182,87,3,417.016406,-67.30752,-170.557031,-162.46582,18.94043,-170.81543,1721315260.9182,0,0,1721315260904681600,656,0,0,0,0,0,0,0,0,0,0,0,0,-2,-2,-2,-2,-2,-2,-2,-2,-2,-2,-2,-2,-2,-2,-2,1721315260922279500,1195
1721315260988702200,86,0,661.243359,-135.173145,-424.606641,-133.110352,9.84375,139.855957,1721315260.9549,86,1,730.225195,-163.078418,-415.453711,-131.11084,13.337402,-7.250977,1721315260.9549,85,2,426.392578,-18.975586,-185.514258,-163.278809,16.105957,42.033691,1721315260.9549,87,3,416.793164,-67.419141,-170.668652,-162.509766,18.786621,-170.749512,1721315260.9549,0,0,-1,-1,0,0,0,0,0,0,0,0,0,0,0,0,-1,29.27,-1,12.48,-1,68.26,14.0,0,0,0,0,0,0,0,1721315260963220700,1721315260987880600,1197
1721315261022156800,86,0,660.573633,-134.280176,-423.602051,-132.890625,9.536133,140.163574,1721315260.988,86,1,729.108984,-161.627344,-415.676953,-130.649414,13.205566,-7.141113,1721315260.988,85,2,426.504199,-18.640723,-185.402637,-163.146973,16.171875,42.077637,1721315260.988,87,3,416.904785,-67.419141,-170.557031,-162.443848,18.830566,-170.727539,1721315260.988,0,0,1721315260971265000,657,0,0,0,0,0,0,0,0,0,0,0,0,-1,29.27,-1,12.31,-1,90.78,14.0,0,0,0,0,0,0,0,1721315261012604200,1721315261019228200,1198
1721315261055903700,86,0,661.020117,-134.72666,-423.378809,-133.110352,9.558105,140.075684,1721315261.0211,86,1,729.443848,-160.511133,-415.788574,-130.737305,13.688965,-7.36084,1721315261.0211,85,2,426.839062,-18.863965,-185.179395,-163.168945,16.21582,42.099609,1721315261.0211,87,3,417.128027,-67.865625,-170.333789,-162.553711,18.984375,-170.793457,1721315261.0211,0,0,-1,-1,0,0,0,0,0,0,0,0,0,0,0,0,-2,-2,-2,-2,-2,-2,-2,-2,-2,-2,-2,-2,-2,-2,-2,1721315261055960300,1199
1721315261089449900,86,0,662.35957,-135.173145,-422.820703,-133.527832,9.316406,139.746094,1721315261.0542,86,1,728.997363,-160.845996,-415.453711,-131.242676,13.886719,-7.734375,1721315261.0542,85,2,426.727441,-19.087207,-185.067773,-163.212891,16.193848,42.143555,1721315261.0542,87,3,416.904785,-68.535352,-170.222168,-162.685547,18.962402,-170.727539,1721315261.0542,0,0,1721315261038282100,658,0,0,0,0,0,0,0,0,0,0,0,0,-1,29.27,-1,12.31,-1,116.93,14.0,0,0,0,0,0,0,0,1721315261066011300,1721315261084823600,1200
1721315261122861900,86,0,663.252539,-136.177734,-422.820703,-134.01123,8.745117,139.504395,1721315261.0872,86,1,727.992773,-160.399512,-412.663184,-131.945801,14.128418,-8.283691,1721315261.0872,85,2,426.61582,-19.42207,-185.179395,-163.125,16.149902,42.407227,1721315261.0872,87,3,416.904785,-68.42373,-170.333789,-162.619629,18.918457,-170.661621,1721315261.0872,0,0,-1,-1,0,0,0,0,0,0,0,0,0,0,0,0,-1,29.27,-1,11.95,-1,131.69,14.0,0,0,0,0,0,0,0,1721315261114862000,1721315260977746400,1196
1721315261156860700,86,0,664.145508,-132.494238,-422.597461,-133.791504,8.942871,139.108887,1721315261.1203,86,1,728.550879,-154.930078,-411.770215,-131.572266,14.436035,-8.679199,1721315261.1203,85,2,426.727441,-19.310449,-185.179395,-163.015137,16.193848,42.429199,1721315261.1203,87,3,417.128027,-68.088867,-169.998926,-162.421875,19.072266,-170.57373,1721315261.1203,0,0,1721315261104336600,659,0,0,0,0,0,0,0,0,0,0,0,0,-2,-2,-2,-2,-2,-2,-2,-2,-2,-2,-2,-2,-2,-2,-2,1721315261152818100,1201
1721315261190479200,86,0,666.936035,-132.270996,-422.597461,-134.780273,9.008789,138.076172,1721315261.1571,86,1,734.243555,-155.264941,-409.091309,-132.473145,14.919434,-9.09668,1721315261.1571,85,2,426.727441,-19.533691,-185.179395,-163.059082,16.171875,42.385254,1721315261.1571,87,3,417.239648,-68.312109,-169.887305,-162.487793,19.116211,-170.595703,1721315261.1571,0,0,-1,-1,0,0,0,0,0,0,0,0,0,0,0,0,-1,29.27,-1,11.95,-1,128.61,14.0,0,0,0,0,0,0,0,1721315261163748400,1721315261186966400,1202
1721315261224154600,86,0,668.052246,-134.72666,-421.704492,-135.878906,8.283691,137.834473,1721315261.1901,86,1,735.583008,-159.17168,-409.426172,-133.725586,14.194336,-9.470215,1721315261.1901,85,2,426.280957,-19.42207,-185.402637,-163.103027,16.040039,42.363281,1721315261.1901,87,3,417.128027,-68.42373,-170.110547,-162.509766,18.962402,-170.529785,1721315261.1901,0,0,1721315261170875700,660,0,0,0,0,0,0,0,0,0,0,0,0,-1,29.48,-1,12.48,-1,117.87,14.0,0,0,0,0,0,0,0,1721315261212713900,1721315261220157800,1203
1721315261257493200,86,0,668.945215,-131.824512,-422.150977,-135.65918,8.327637,137.8125,1721315261.2232,86,1,735.136523,-155.376562,-408.086719,-133.527832,14.040527,-9.558105,1721315261.2232,85,2,426.504199,-18.975586,-185.291016,-162.949219,16.149902,42.363281,1721315261.2232,87,3,417.462891,-68.088867,-169.998926,-162.268066,19.02832,-170.441895,1721315261.2232,0,0,-1,-1,0,0,0,0,0,0,0,0,0,0,0,0,-2,-2,-2,-2,-2,-2,-2,-2,-2,-2,-2,-2,-2,-2,-2,1721315261255731700,1204
1721315261291225200,86,0,670.061426,-129.926953,-422.597461,-135.681152,8.503418,137.416992,1721315261.2563,86,1,737.592187,-152.02793,-407.19375,-133.549805,14.523926,-9.975586,1721315261.2563,85,2,426.950684,-18.975586,-185.179395,-162.927246,16.281738,42.341309,1721315261.2563,87,3,417.686133,-68.088867,-169.775684,-162.268066,19.138184,-170.48584,1721315261.2563,0,0,1721315261237804800,661,0,0,0,0,0,0,0,0,0,0,0,0,-1,29.05,-1,12.48,-1,95.05,14.0,0,0,0,0,0,0,0,1721315261262591600,1721315261286063100,1205
1721315261324896300,86,0,672.740332,-128.475879,-421.48125,-136.186523,8.283691,136.82373,1721315261.2894,87,1,740.605957,-151.469824,-407.082129,-134.494629,14.39209,-10.722656,1721315261.2894,85,2,427.062305,-19.087207,-185.402637,-163.059082,16.21582,42.275391,1721315261.2894,87,3,417.686133,-68.42373,-170.110547,-162.487793,19.006348,-170.617676,1721315261.2894,0,0,-1,-1,0,0,0,0,0,0,0,0,0,0,0,0,-1,29.05,-1,11.95,-1,76.42,14.0,0,0,0,0,0,0,0,1721315261311515200,1721315261323442200,1206
1721315261358328200,86,0,674.414648,-125.015625,-421.927734,-136.274414,7.470703,136.494141,1721315261.3224,87,1,741.610547,-145.330664,-410.319141,-134.714355,13.31543,-11.337891,1721315261.3224,85,2,427.062305,-18.752344,-186.072363,-162.993164,16.062012,42.319336,1721315261.3224,87,3,417.462891,-68.42373,-170.668652,-162.46582,18.786621,-170.595703,1721315261.3224,0,0,1721315261304418100,662,0,0,0,0,0,0,0,0,0,0,0,0,-2,-2,-2,-2,-2,-2,-2,-2,-2,-2,-2,-2,-2,-2,-2,-1,-1
1721315261391742700,86,0,677.540039,-123.45293,-421.146387,-136.098633,7.624512,136.40625,1721315261.3886,87,1,743.284863,-140.86582,-412.32832,-134.099121,13.183594,-11.601562,1721315261.3886,85,2,427.843652,-18.41748,-186.295605,-162.839355,16.193848,42.253418,1721315261.3886,87,3,418.020996,-68.088867,-170.557031,-162.399902,18.984375,-170.639648,1721315261.3886,0,0,1721315261371386400,663,0,0,0,0,0,0,0,0,0,0,0,0,-1,29.27,-1,10.73,-1,46.65,14.0,0,0,0,0,0,0,0,1721315261360876200,1721315261387123000,1208
1721315261426069800,86,0,675.977344,-124.122656,-420.699902,-135.944824,7.404785,136.757812,1721315261.3555,87,1,741.94541,-140.86582,-411.546973,-133.901367,12.963867,-11.25,1721315261.3555,85,2,427.508789,-17.859375,-186.518848,-162.685547,16.105957,42.319336,1721315261.3555,87,3,417.686133,-68.088867,-170.44541,-162.333984,18.896484,-170.507812,1721315261.3555,0,0,-1,-1,0,0,0,0,0,0,0,0,0,0,0,0,-1,29.27,-1,11.08,-1,19.89,14.0,0,0,0,0,0,0,0,1721315261409676300,1721315261420740400,1209
1721315261459570900,86,0,679.437598,-125.127246,-422.150977,-136.647949,6.987305,136.032715,1721315261.4253,87,1,744.95918,-142.316895,-410.542383,-134.692383,13.029785,-11.755371,1721315261.4253,85,2,427.508789,-18.975586,-186.295605,-163.103027,16.062012,42.253418,1721315261.4253,87,3,417.686133,-68.42373,-171.115137,-162.685547,18.764648,-170.793457,1721315261.4253,0,0,1721315261437263500,664,0,0,0,0,0,0,0,0,0,0,0,0,-1,29.48,-1,11.25,-1,4.22,14.0,0,0,0,0,0,0,0,1721315261459050300,1721315261456005100,1210
1721315261493186700,86,0,680.888672,-125.015625,-422.150977,-136.582031,6.437988,136.208496,1721315261.4584,87,1,746.298633,-140.419336,-410.095898,-134.538574,12.810059,-11.66748,1721315261.4584,85,2,427.62041,-18.752344,-186.407227,-163.059082,16.062012,42.341309,1721315261.4584,87,3,417.909375,-68.42373,-171.226758,-162.619629,18.720703,-170.705566,1721315261.4584,0,0,-1,-1,0,0,0,0,0,0,0,0,0,0,0,0,-1,29.27,-1,11.6,-1,-1,13.0,0,0,0,0,0,0,0,1721315261491060400,1721315261486931700,1211
1721315261527064700,86,0,680.888672,-124.122656,-421.816113,-136.428223,6.481934,136.208496,1721315261.4915,87,1,746.521875,-138.633398,-409.649414,-134.274902,12.919922,-11.755371,1721315261.4915,85,2,427.732031,-18.529102,-186.295605,-163.015137,16.105957,42.297363,1721315261.4915,87,3,418.132617,-68.42373,-171.115137,-162.597656,18.808594,-170.727539,1721315261.4915,0,0,1721315261504422100,665,0,0,0,0,0,0,0,0,0,0,0,0,-2,-2,-2,-2,-2,-2,-2,-2,-2,-2,-2,-2,-2,-2,-2,1721315261521055600,1212
1721315261561065100,86,0,682.004883,-125.015625,-421.369629,-136.691895,6.437988,136.208496,1721315261.5246,87,1,748.642676,-139.414746,-409.091309,-134.516602,13.161621,-11.931152,1721315261.5246,85,2,427.955273,-19.198828,-185.960742,-163.234863,16.171875,42.253418,1721315261.5246,87,3,418.244238,-68.758594,-171.115137,-162.79541,18.874512,-170.881348,1721315261.5246,0,0,-1,-1,0,0,0,0,0,0,0,0,0,0,0,0,-1,29.27,-1,12.31,-1,-1,13.0,0,0,0,0,0,0,0,1721315261528061400,1721315261377463100,1207
1721315261595567600,86,0,684.907031,-129.257227,-417.574512,-137.636719,5.361328,137.109375,1721315261.5613,87,1,749.08916,-145.553906,-407.416992,-135.0,12.98584,-11.601562,1721315261.5613,85,2,427.508789,-19.980176,-186.630469,-163.432617,15.79834,42.363281,1721315261.5613,87,3,417.797754,-69.316699,-171.896484,-162.971191,18.500977,-170.793457,1721315261.5613,0,0,1721315261570475800,666,0,0,0,0,0,0,0,0,0,0,0,0,-1,29.27,-1,11.95,-1,-1,13.0,0,0,0,0,0,0,0,1721315261565396300,1721315261588059000,1214
1721315261629322900,86,0,686.246484,-129.145605,-412.439941,-137.460938,5.20752,139.372559,1721315261.5944,87,1,750.316992,-144.214453,-401.835938,-134.824219,13.842773,-11.184082,1721315261.5944,85,2,427.843652,-19.645312,-186.853711,-163.278809,15.842285,42.385254,1721315261.5944,87,3,418.244238,-68.646973,-171.896484,-162.729492,18.566895,-170.705566,1721315261.5944,0,0,-1,-1,0,0,0,0,0,0,0,0,0,0,0,0,-1,29.27,-1,12.66,-1,-1,13.0,0,0,0,0,0,0,0,1721315261601749700,1721315261620293600,1215
1721315261662760700,86,0,683.455957,-128.475879,-415.565332,-137.219238,4.592285,139.570312,1721315261.6274,87,1,748.754297,-139.191504,-402.170801,-134.714355,15.46875,-11.90918,1721315261.6274,85,2,428.178516,-19.980176,-186.630469,-163.366699,15.930176,42.363281,1721315261.6274,87,3,418.579102,-68.758594,-171.784863,-162.773438,18.654785,-170.793457,1721315261.6274,0,0,1721315261637477300,667,0,0,0,0,0,0,0,0,0,0,0,0,-1,29.27,-1,12.13,-1,-1,13.0,0,0,0,0,0,0,0,1721315261638492000,1721315261576818800,1213
1721315261696528100,86,0,679.102734,-127.248047,-424.718262,-137.373047,3.251953,139.152832,1721315261.6605,87,1,749.312402,-139.526367,-401.277832,-135.175781,16.413574,-12.392578,1721315261.6605,85,2,428.290137,-20.761523,-186.630469,-163.586426,15.754395,42.341309,1721315261.6605,87,3,418.579102,-68.981836,-171.784863,-162.927246,18.588867,-170.90332,1721315261.6605,0,0,-1,-1,0,0,0,0,0,0,0,0,0,0,0,0,-1,29.27,-1,11.95,-1,3.74,13.0,0,0,0,0,0,0,0,1721315261687971400,1721315261687298000,1217
1721315261731005100,86,0,668.945215,-102.356543,-426.839062,-136.142578,3.164062,138.208008,1721315261.6936,87,1,746.410254,-133.052344,-405.631055,-134.538574,16.677246,-13.337402,1721315261.6936,85,2,427.843652,-20.315039,-187.076953,-163.476562,15.512695,42.429199,1721315261.6936,87,3,418.579102,-69.093457,-171.896484,-162.905273,18.435059,-170.793457,1721315261.6936,0,0,1721315261704736700,668,0,0,0,0,0,0,0,0,0,0,0,0,-2,-2,-2,-2,-2,-2,-2,-2,-2,-2,-2,-2,-2,-2,-2,1721315261723518400,1218
1721315261764723600,86,0,670.954395,-108.16084,-422.48584,-136.252441,2.922363,139.372559,1721315261.7303,87,1,741.387305,-121.555371,-405.854297,-132.670898,17.358398,-14.545898,1721315261.7303,85,2,428.178516,-19.980176,-187.076953,-163.344727,15.578613,42.407227,1721315261.7303,87,3,419.025586,-69.093457,-171.673242,-162.79541,18.522949,-170.749512,1721315261.7303,0,0,-1,-1,0,0,0,0,0,0,0,0,0,0,0,0,-1,29.27,-1,12.48,-1,11.78,13.0,0,0,0,0,0,0,0,1721315261737260900,1721315261675415100,1216
1721315261798420800,86,0,677.205176,-119.881055,-421.592871,-137.307129,2.351074,139.768066,1721315261.7634,87,1,745.628906,-135.396387,-402.952148,-134.604492,18.215332,-14.677734,1721315261.7634,85,2,428.736621,-21.096387,-186.74209,-163.674316,15.622559,42.297363,1721315261.7634,87,3,419.248828,-69.539941,-171.673242,-162.993164,18.522949,-170.859375,1721315261.7634,0,0,1721315261771173100,669,0,0,0,0,0,0,0,0,0,0,0,0,-1,29.27,-1,12.66,-1,22.25,13.0,0,0,0,0,0,0,0,1721315261786694300,1721315261789917500,1220
1721315261832226500,86,0,678.65625,-128.922363,-420.47666,-138.076172,0.900879,140.053711,1721315261.7965,87,1,746.075391,-140.084473,-401.05459,-135.219727,17.95166,-14.436035,1721315261.7965,85,2,428.178516,-22.100977,-186.853711,-163.916016,15.336914,42.385254,1721315261.7965,87,3,418.690723,-70.544531,-172.231348,-163.388672,18.061523,-170.837402,1721315261.7965,0,0,-1,-1,0,0,0,0,0,0,0,0,0,0,0,0,-1,29.27,-1,12.48,-1,21.65,14.0,0,0,0,0,0,0,0,1721315261831712700,1721315261821067400,1221
1721315261866331000,86,0,679.884082,-125.908594,-420.47666,-137.39502,0.812988,140.163574,1721315261.8296,87,1,746.187012,-139.972852,-400.608105,-135.131836,17.819824,-14.348145,1721315261.8296,85,2,428.401758,-20.984766,-187.300195,-163.564453,15.270996,42.407227,1721315261.8296,87,3,418.913965,-69.874805,-172.45459,-163.081055,18.061523,-170.727539,1721315261.8296,0,0,1721315261837849600,670,0,0,0,0,0,0,0,0,0,0,0,0,-2,-2,-2,-2,-2,-2,-2,-2,-2,-2,-2,-2,-2,-2,-2,1721315261777789500,1219
1721315261900018000,86,0,681.893262,-126.020215,-418.690723,-137.15332,1.164551,140.20752,1721315261.8663,87,1,745.96377,-140.642578,-399.268652,-135.021973,17.907715,-14.326172,1721315261.8663,85,2,429.071484,-20.649902,-187.188574,-163.476562,15.402832,42.297363,1721315261.8663,87,3,419.695312,-69.763184,-172.008105,-163.015137,18.237305,-170.793457,1721315261.8663,0,0,-1,-1,0,0,0,0,0,0,0,0,0,0,0,0,-1,29.27,-1,13.02,-1,22.25,13.0,0,0,0,0,0,0,0,1721315261880734700,1721315261887168400,1223
1721315261933738000,86,0,683.121094,-121.666992,-416.904785,-136.999512,1.977539,139.394531,1721315261.8994,87,1,749.982129,-144.214453,-396.254883,-135.285645,17.995605,-14.304199,1721315261.8994,85,2,429.071484,-20.761523,-187.076953,-163.630371,15.292969,42.143555,1721315261.8994,87,3,420.141797,-70.209668,-172.008105,-163.256836,18.237305,-170.991211,1721315261.8994,0,0,1721315261904599000,671,0,0,0,0,0,0,0,0,0,0,0,0,-1,29.27,-1,13.2,-1,22.25,13.0,0,0,0,0,0,0,0,1721315261929524500,1721315261924175800,1224
1721315261967137200,86,0,684.683789,-119.211328,-412.663184,-136.889648,2.922363,138.427734,1721315261.9325,87,1,751.09834,-142.205273,-396.924609,-135.0,17.468262,-14.370117,1721315261.9325,85,2,428.513379,-20.203418,-187.858301,-163.520508,15.05127,42.143555,1721315261.9325,87,3,419.918555,-70.321289,-172.566211,-163.300781,17.995605,-170.947266,1721315261.9325,0,0,-1,-1,0,0,0,0,0,0,0,0,0,0,0,0,-2,-2,-2,-2,-2,-2,-2,-2,-2,-2,-2,-2,-2,-2,-2,1721315261876255300,1222
1721315262000638900,86,0,669.838184,-109.053809,-427.843652,-133.659668,2.48291,135.593262,1721315261.9655,87,1,745.628906,-126.466699,-406.970508,-133.439941,16.611328,-15.666504,1721315261.9655,85,2,428.848242,-19.756934,-187.969922,-163.344727,15.161133,42.143555,1721315261.9655,87,3,420.365039,-69.763184,-172.45459,-163.059082,18.127441,-170.881348,1721315261.9655,0,0,1721315261971332500,672,0,0,0,0,0,0,0,0,0,0,0,0,-1,29.27,-1,14.1,-1,16.48,14.0,0,0,0,0,0,0,0,1721315261979178700,1721315261989969300,1226
1721315262034459100,85,0,659.010937,-80.255566,-449.609766,-131.77002,4.790039,129.616699,1721315261.9986,87,1,752.326172,-109.500293,-412.439941,-132.648926,15.996094,-18.237305,1721315261.9986,85,2,429.517969,-19.980176,-187.635059,-163.432617,15.292969,42.055664,1721315261.9986,87,3,420.699902,-69.651562,-172.231348,-163.059082,18.237305,-170.947266,1721315261.9986,0,0,-1,-1,0,0,0,0,0,0,0,0,0,0,0,0,-1,29.27,-1,13.56,-1,15.01,13.0,0,0,0,0,0,0,0,1721315262028187900,1721315262021391300,1227
1721315262068645400,86,0,672.51709,-110.17002,-433.871191,-135.219727,5.822754,132.363281,1721315262.0317,87,1,753.442383,-122.894824,-406.747266,-133.747559,15.578613,-17.138672,1721315262.0317,85,2,429.406348,-20.203418,-187.74668,-163.608398,15.205078,41.967773,1721315262.0317,87,3,420.588281,-69.874805,-172.231348,-163.168945,18.171387,-170.969238,1721315262.0317,0,0,1721315262038020200,673,0,0,0,0,0,0,0,0,0,0,0,0,-2,-2,-2,-2,-2,-2,-2,-2,-2,-2,-2,-2,-2,-2,-2,1721315261975933000,1225
1721315262102479000,86,0,678.65625,-117.760254,-426.61582,-135.219727,7.119141,133.439941,1721315262.0684,87,1,750.316992,-135.396387,-404.17998,-133.703613,14.963379,-15.270996,1721315262.0684,85,2,429.294727,-19.756934,-187.969922,-163.54248,15.13916,41.923828,1721315262.0684,87,3,420.47666,-69.986426,-172.566211,-163.168945,18.039551,-170.925293,1721315262.0684,0,0,-1,-1,0,0,0,0,0,0,0,0,0,0,0,0,-1,29.27,-1,14.28,-1,16.67,13.0,0,0,0,0,0,0,0,1721315262077474900,1721315262088314300,1229
1721315262136804800,86,0,679.214355,-117.090527,-423.825293,-134.626465,8.459473,132.868652,1721315262.1015,87,1,747.07998,-138.968262,-402.728906,-132.539062,14.47998,-14.106445,1721315262.1015,85,2,429.406348,-19.645312,-187.969922,-163.520508,15.161133,41.835938,1721315262.1015,87,3,420.588281,-69.651562,-172.566211,-163.103027,18.105469,-170.969238,1721315262.1015,0,0,1721315262104503600,674,0,0,0,0,0,0,0,0,0,0,0,0,-1,29.48,-1,14.46,-1,17.6,13.0,0,0,0,0,0,0,0,1721315262126406700,1721315262123998100,1230
1721315262170591000,86,0,679.66084,-121.778613,-423.378809,-135.175781,9.118652,132.055664,1721315262.1346,87,1,745.96377,-138.298535,-405.18457,-132.561035,14.655762,-14.589844,1721315262.1346,85,2,429.62959,-20.42666,-187.74668,-163.87207,15.183105,41.506348,1721315262.1346,87,3,420.699902,-69.651562,-172.566211,-163.234863,18.127441,-171.123047,1721315262.1346,0,0,-1,-1,0,0,0,0,0,0,0,0,0,0,0,0,-2,-2,-2,-2,-2,-2,-2,-2,-2,-2,-2,-2,-2,-2,-2,1721315262076607900,1228
1721315262204183200,86,0,679.214355,-122.559961,-421.816113,-135.021973,8.76709,132.253418,1721315262.1677,87,1,744.066211,-139.191504,-405.965918,-132.626953,14.282227,-14.567871,1721315262.1677,85,2,428.959863,-20.538281,-187.523438,-164.003906,15.007324,41.44043,1721315262.1677,87,3,420.141797,-69.651562,-172.789453,-163.498535,17.885742,-171.298828,1721315262.1677,0,0,1721315262171094100,675,0,0,0,0,0,0,0,0,0,0,0,0,-1,29.27,-1,14.64,-1,12.66,14.0,0,0,0,0,0,0,0,1721315262175118600,1721315262191086700,1232
1721315262238151700,86,0,679.325977,-121.44375,-421.258008,-134.143066,8.635254,132.84668,1721315262.2044,87,1,737.257324,-141.535547,-410.095898,-131.704102,13.139648,-13.710938,1721315262.2044,85,2,428.959863,-19.756934,-187.411816,-163.762207,15.095215,41.396484,1721315262.2044,87,3,420.253418,-68.981836,-172.677832,-163.278809,17.907715,-171.320801,1721315262.2044,0,0,-1,-1,0,0,0,0,0,0,0,0,0,0,0,0,-1,29.27,-1,15.01,-1,10.38,13.0,0,0,0,0,0,0,0,1721315262224839400,1721315262223053100,1233
1721315262271747000,86,0,678.098145,-121.44375,-420.923145,-133.110352,9.206543,133.154297,1721315262.2375,87,1,733.462207,-145.553906,-412.439941,-131.330566,12.963867,-13.798828,1721315262.2375,85,2,429.294727,-20.538281,-186.518848,-164.047852,15.314941,41.154785,1721315262.2375,87,3,420.47666,-69.205078,-172.45459,-163.344727,18.061523,-171.584473,1721315262.2375,0,0,1721315262237145900,676,0,0,0,0,0,0,0,0,0,0,0,0,-1,29.27,-1,15.01,-1,-1,13.0,0,0,0,0,0,0,0,1721315262262029200,1721315262175531100,1231
1721315262305081300,86,0,676.312207,-121.778613,-423.155566,-132.297363,8.986816,132.978516,1721315262.2706,87,1,733.908691,-149.349023,-412.216699,-131.418457,12.722168,-13.710938,1721315262.2706,85,2,428.848242,-21.208008,-186.407227,-164.245605,15.161133,41.19873,1721315262.2706,87,3,420.141797,-69.986426,-172.45459,-163.630371,17.907715,-171.716309,1721315262.2706,0,0,-1,-1,0,0,0,0,0,0,0,0,0,0,0,0,-1,29.05,-1,15.19,-1,-1,13.0,0,0,0,0,0,0,0,1721315262298836100,1721315262288837500,1235
1721315262338755100,86,0,671.735742,-121.332129,-426.280957,-131.000977,8.635254,133.022461,1721315262.3036,87,1,730.225195,-157.385742,-412.105078,-131.154785,11.799316,-13.007812,1721315262.3036,85,2,428.401758,-21.096387,-186.407227,-164.157715,15.007324,41.264648,1721315262.3036,87,3,420.030176,-70.098047,-172.566211,-163.608398,17.775879,-171.650391,1721315262.3036,0,0,1721315262304070400,677,0,0,0,0,0,0,0,0,0,0,0,0,-1,29.27,-1,15.19,-1,-1,13.0,0,0,0,0,0,0,0,1721315262335685100,1721315262323719100,1236
1721315262372844500,86,0,670.842773,-118.206738,-428.625,-128.71582,9.18457,133.374023,1721315262.3367,87,1,727.65791,-158.501953,-414.002637,-128.803711,11.228027,-11.931152,1721315262.3367,85,2,428.513379,-20.091797,-186.407227,-163.87207,15.073242,41.220703,1721315262.3367,87,3,420.47666,-69.651562,-172.231348,-163.366699,17.95166,-171.628418,1721315262.3367,0,0,-1,-1,0,0,0,0,0,0,0,0,0,0,0,0,-1,29.27,-1,14.82,-1,-1,13.0,0,0,0,0,0,0,0,1721315262371788500,1721315262275857100,1234
                                                                                                                                                                                                                                                                                                                                                                                                                                                                                                                                                                                                                                                                                                                                                                                                                                                                                                                                                                                                                                                                                                                                                                                                                                                                                                                                                                                                                                                                                                                                                                                                                                                                                                                                                                                                                                                                                                                                                                                                                                                                                                                                                                                                                                                                                                                                                                                                                                                                                                                                                                                                                                                                                                                                                                                                                                                                                                                                                                                                                                                                                                                                                                                                                                                                                                                                                                                                                                                                                                                                                                                                                                                                                                                                                                                                                                                                                                                                                                                                                                                                                                                                                                                                                                                                                                                                                                                                                                                                                                                                                                                                                                                                                                                                                                                                                                                                                                                                                                                                                                                                                                                                                                                                                                                                                                                                                                                                                                                                                                                                                                                                                                                                                                                                                                                                                                                                                                                                                                                                                                                                                                                                                                                                                                                                                                                                                                                                                                                                                                                                                                                                                                                                                                                                                                                                                                                                                                                                                                                                                                                                                                                                                                                                                                                                                                                                                                                                                                                                                                                                                                                                                                                                                                                                                                                                                                                                                                                                                                                                                                                                                                                                                                                                                                                                                                                                                                                                                                                                                                                                                                                                                                                                                                                                                                                                                                                                                                                                                                                                                                                                                                                                                                                                                                                                                                                                                                                                                                                                                                                                                                                                                                                                                                                                                                                                                                                                                                                                                                                                                                                                                                                                                                                                                                                                                                                                                                                                                                                                                                                                                                                                                                                                                                                                                                                                                                                                                                                                                                                                                                                                                                                                                                                                                                                                                                                                                                                                                                                                                                                                                                                                                                                                                                                                                                                                                                                                                                                                                                                                                                                                                                                                                                                                                                                                                                                                                                                                                                                                                                                                                                                                                                                                                                                                                                                                                                                                                                                                                                                                                                                                                                                                                                                                                                                                                                                                                                                                                                                                                                                                                                                                                                                                                                                                                                                                                                                                                                                                                                                                                                                                                                                                                                                                                                                                                                                                                                                                                                                                                                                                                                                                                                                                                                                                                                                                                                                                                                                                                                                                                                                                                                                                                                                                                                                                                                                                                                                                                                                                                                                                                                                                                                                                                                                                                                                                                                                                                                                                                                                                                                                                                                                                                                                                                                                                                                                                                                                                                                                                                                                                                                                                                                                                                                                                                                                                                                                                                                                                                                                                                                                                                                                                                                                                                                                                                                                                                                                                                                                                                                                                                                                                                                                                                                                                                                                                                                                                                                                                                                                                                                                                                                                                                                                                                                                                                                                                                                                                                                                                                                                                                                                                                                                                                                                                                                                                                                                                                                                                                                                                                                                                                                                                                                                                                                                                                                                                                                                                                                                                                                                                                                                                                                                                                                                                                                                                                                                                                                                                                                                                                                                                                                                                                                                                                                                                                                                                                                                                                                                                                                                                                                                                                                                                                                                                                                                                                                                                                                                                                                                                                                                                                                                                                                                                                                                                                                                                                                                                                                                                                                                                                                                                                                                                                                                                                                                                                                                                                                                                                                                                                                                                                                                                                                                                                                                                                                                                                                                                                                                                                                                                                                                                                                                                                                                                                                                                                                                                                                                                                                                                                                                                                                                                                                                                                                                                                                                                                                                                                                                                                                                                                                                                                                                                                                                                                                                                                                                                                                                                                                                                                                                                                                                                                                                                                                                                                                                                                                                                                                                                                                                                                                                                                                                                                                                                                                                                                                                                                                                                                                                                                                                                                                                                                                                                                                                                                                                                                                                                                                                                                                                                                                                                                                                                                                                                                                                                                                                                                                                                                                                                                                                                                                                                                                                                                                                                                                                                                                                                                                                                                                                                                                                                                                                                                                                                                                                                                                                                                                                                                                                                                                                                                                                                                                                                                                                                                                                                                                                                                                                                                                                                                                                                                                                                                                                                                                                                                                                                                                                                                                                                                                                                                                                                                                                                                                                                                                                                                                                                                                                                                                                                                                                                                                                                                                                                                                                                                                                                                                                                                                                                                                                                                                                                                                                                                                                                                                                                                                                                                                                                                                                                                                                                                                                                                                                                                                                                                                                                                                                                                                                                                                                                                                                                                                                                                                                                                                                                                                                                                                                                                                                                                                                                                                                                                                                                                                                                                                                                                                                                                                                                                                                                                                                                                                                                                                                                                                                                                                                                                                                                                                                                                                                                                                                                                                                                                                                                                                                                                                                                                                                                                                                                                                                                                                                                                                                                                                                                                                                                                                                                                                                                                                                                                                                                                                                                                                                                                                                                                                                                                                                                                                                                                                                                                                                                                                                                                                                                                                                                                                                                                                                                                                                                                                                                                                                                                                                                                                                                                                                                                                                                                                                                                                                                                                                                                                                                                                                                                                                                                                                                                                                                                                                                                                                                                                                                                                                                                                                                                                                                                                                                                                                                                                                                                                                                                                                                                                                                                                                                                                                                                                                                                                                                                                                                                                                                                                                                                                                                                                                                                                                                                                                                                                                                                                                                                                                                                                                                                                                                                                                                                                                                                                                                                                                                                                                                                                                                                                                                                                                                                                                                                                                                                                                                                                                                                                                                                                                                                                                                                                                                                                                                                                                                                                                                                                                                                                                                                                                                                                                                                                                                                                                                                                                                                                                                                                                                                                                                                                                                                                                                                                                                                                                                                                                                                                                                                                                                                                                                                                                                                                                                                                                                                                                                                                                                                                                                                                                                                                                                                                                                                                                                                                                                                                                                                                                                                                                                                                                                                                                                                                                                                                                                                                                                                                                                                                                                                                                                                                                                                                                                                                                                                                                                                                                                                                                                                                                                                                                                                                                                                                                                                                                                                                                                                                                                                                                                                                                                                                                                                                                                                                                                                                                                                                                                                                                                                                                                                                                                                                                                                                                                                                                                                                                                                                                                                                                                                                                                                                                                                                                                                                                                                                                                                                                                                                                                                                                                                                                                                                                                                                                                                                                                                                                                                                                                                                                                                                                                                                                                                                                                                                                                                                                                                                                                                                                                                                                                                                                                                                                                                                                                                                                                                                                                                                                                                                                                                                                                                                                                                                                                                                                                                                                                                                                                                                                                                                                                                                                                                                                                                                                                                                                                                                                                                                                                                                                                                                                                                                                                                                                                                                                                                                                                                                                                                                                                                                                                                                                                                                                                                                                                                                                                                                                                                                                                                                                                                                                                                                                                                                                                                                                                                                                                                                                                                                                                                                                                                                                                                                                                                                                                                                                                                                                                                                                                                                                                                                                                                                                                                                                                                                                                                                                                                                                                                                                                                                                                                                                                                                                                                                                                                                                                                                                                                                                                                                                                                                                                                                                                                                                                                                                                                                                                                                                                                                                                                                                                                                                                                                                                                                                                                                                                                                                                                                                                                                                                                                                                                                                                                                                                                                                                                                                                                                                                                                                                                                                                                                                                                                                                                                                                                                                                                                                                                                                                                                                                                                                                                                                                                                                                                                                                                                                                                                                                                                                                                                                                                                                                                                                                                                                                                                                                                                                                                                                                                                                                                                                                                                                                                                                                                                                                                                                                                                                                                                                                                                                                                                                                                                                                                                                                                                                                                                                                                                                                                                                                                                                                                                                                                                                                                                                                                                                                                                                                                                                                                                                                                                                                                                                                                                                                                                                                                                                                                                                                                                                                                                                                                                                                                                                                                                                                                                                                                                                                                                                                                                                                                                                                                                                                                                                                                                                                                                                                                                                                                                                                                                                                                                                                                                                                                                                                                                                                                                                                                                                                                                                                                                                                                                                                                                                                                                                                                                                                                                                                                                                                                                                                                                                                                                                                                                                                                                                                                                                                                                                                                                                                                                                                                                                                                                                                                                                                                                                                                                                                                                                                                                                                                                                                                                                                                                                                                                                                                                                                                                                                                                                                                                                                                                                                                                                                                                                                                                                                                                                                                                                                                                                                                                                                                                                                                                                                                                                                                                                                                                                                                                                                                                                                                                                                                                                                                                                                                                                                                                                                                                                                                                                                                                                                                                                                                                                                                                                                                                                                                                                                                                                                                                                                                                                                                                                                                                                                                                                                                                                                                                                                                                                                                                                                                                                                                                                                                                                                                                                                                                                                                                                                                                                                                                                                                                                                                                                                                                                                                                                                                                                                                                                                                                                                                                                                                                                                                                                                                                                                                                                                                                                                                                                                                                                                                                                                                                                                                                                                                                                                                                                                                                                                                                                                                                                                                                                                                                                                                                                                                                                                                                                                                                                                                                                                                                                                                                                                                                                                                                                                                                                                                                                                                                                                                                                                                                                                                                                                                                                                                                                                                                                                                                                                                                                                                                                                                                                                                                                                                                                                                                                                                                                                                                                                                                                                                                                                                                                                                                                                                                                                                                                                                                                                                                                                                                                                                                                                                                                                                                                                                                                                                                                                                                                                                                                                                                                                                                                                                                                                                                                                                                                                                                                                                                                                                                                                                                                                                                                                                                                    